"element","image"
"2_1_1","3_0_0"
"2_1_2","3_0_1"
"2_1_3","3_0_2"
"2_1_4","3_0_3"
"2_1_5","3_0_4"
"2_1_6","3_0_5"
"2_1_7","3_0_6"
"2_1_8","3_0_7"
"2_1_9","3_0_8"
"2_1_10","3_0_9"
"2_1_11","3_0_10"
"2_1_12","3_0_11"
"2_1_13","3_0_12"
"2_1_14","3_0_13"
"2_1_15","3_0_14"
"2_1_16","3_0_15"
"2_1_17","3_0_16"
"2_1_18","3_0_17"
"2_1_19","3_0_18"
"2_1_20","3_0_19"
"2_1_21","3_0_20"
"2_1_22","3_0_21"
"2_1_23","3_0_22"
"2_1_24","3_0_23"
"2_1_25","3_0_24"
"2_1_26","3_0_25"
"2_1_27","3_0_26"
"2_1_28","3_0_27"
"2_1_29","3_0_28"
"2_1_30","3_0_29"
"2_1_31","3_0_30"
"2_1_32","3_0_31"
"2_1_33","3_0_32"
"2_1_34","3_0_33"
"2_1_35","3_0_34"
"2_1_36","3_0_35"
"2_1_37","3_0_36"
"2_1_38","3_0_37"
"2_1_39","3_0_38"
"2_1_40","3_0_39"
"2_1_41","3_0_40"
"2_1_42","3_0_41"
"2_1_43","3_0_42"
"2_1_44","3_0_43"
"2_1_45","3_0_44"
"2_1_46","3_0_45"
"2_1_47","3_0_46"
"2_1_48","3_0_47"
"2_1_49","3_0_48"
"2_1_50","3_0_49"
"2_1_51","3_0_50"
"2_1_52","3_0_51"
"2_1_53","3_0_52"
"2_1_54","3_0_53"
"2_1_55","3_0_54"
"2_1_56","3_0_55"
"2_1_57","3_0_56"
"2_1_58","3_0_57"
"2_1_59","3_0_58"
"2_1_60","3_0_59"
"2_1_61","3_0_60"
"2_1_62","3_0_61"
"2_1_63","3_0_62"
"2_1_64","3_0_63"
"2_1_65","3_0_64"
"2_1_66","3_0_65"
"2_1_67","3_0_66"
"2_1_68","3_0_67"
"2_1_69","3_0_68"
"2_1_70","3_0_69"
"2_1_71","3_0_70"
"2_1_72","3_0_71"
"2_1_73","3_0_72"
"2_1_74","3_0_73"
"2_1_75","3_0_74"
"2_1_76","3_0_75"
"2_1_77","3_0_76"
"2_1_78","3_0_77"
"2_1_79","3_0_78"
"2_1_80","3_0_79"
"2_1_81","3_0_80"
"2_1_82","3_0_81"
"2_1_83","3_0_82"
"2_1_84","3_0_83"
"2_1_85","3_0_84"
"2_1_86","3_0_85"
"2_1_87","3_0_86"
"2_1_88","3_0_87"
"2_1_89","3_0_88"
"2_1_90","3_0_89"
"2_1_91","3_0_90"
"2_1_92","3_0_91"
"2_1_93","3_0_92"
"2_1_94","3_0_93"
"2_1_95","3_0_94"
"2_1_96","3_0_95"
"2_1_97","3_0_96"
"2_1_98","3_0_97"
"2_1_99","3_0_98"
"2_2_2","3_1_1"
"4_3_1","7_0_0"
"3_3_2","5_1_1"
"4_3_2_0","0"
"4_3_2_1","7_0_1"
"2_3_3","3_2_2"
"4_3_3_0","0"
"4_3_3_1","7_0_2"
"4_3_4","7_0_3"
"4_3_5","7_0_4"
"4_3_6","7_0_5"
"4_3_7","7_0_6"
"4_3_8","7_0_7"
"4_3_9","7_0_8"
"4_3_10","7_0_9"
"4_3_11","7_0_10"
"4_3_12","7_0_11"
"4_3_13","7_0_12"
"4_3_14","7_0_13"
"4_3_15","7_0_14"
"4_3_16","7_0_15"
"4_3_17","7_0_16"
"4_3_18","7_0_17"
"4_3_19","7_0_18"
"4_3_20","7_0_19"
"4_3_21","7_0_20"
"4_3_22","7_0_21"
"4_3_23","7_0_22"
"4_3_24","7_0_23"
"4_3_25","7_0_24"
"4_3_26","7_0_25"
"4_3_27","7_0_26"
"4_3_28","7_0_27"
"4_3_29","7_0_28"
"4_3_30","7_0_29"
"4_3_31","7_0_30"
"4_3_32","7_0_31"
"4_3_33","7_0_32"
"4_3_34","7_0_33"
"4_3_35","7_0_34"
"4_3_36","7_0_35"
"4_3_37","7_0_36"
"4_3_38","7_0_37"
"4_3_39","7_0_38"
"4_3_40","7_0_39"
"4_3_41","7_0_40"
"4_3_42","7_0_41"
"4_3_43","7_0_42"
"4_3_44","7_0_43"
"4_3_45","7_0_44"
"4_3_46","7_0_45"
"4_3_47","7_0_46"
"4_3_48","7_0_47"
"4_3_49","7_0_48"
"4_3_50","7_0_49"
"4_3_51","7_0_50"
"4_3_52","7_0_51"
"4_3_53","7_0_52"
"4_3_54","7_0_53"
"4_3_55","7_0_54"
"4_3_56","7_0_55"
"4_3_57","7_0_56"
"4_3_58","7_0_57"
"4_3_59","7_0_58"
"4_3_60","7_0_59"
"4_3_61","7_0_60"
"4_3_62","7_0_61"
"4_3_63","7_0_62"
"4_3_64","7_0_63"
"4_3_65","7_0_64"
"4_3_66","7_0_65"
"4_3_67","7_0_66"
"4_3_68","7_0_67"
"4_3_69","7_0_68"
"4_3_70","7_0_69"
"4_3_71","7_0_70"
"4_3_72","7_0_71"
"4_3_73","7_0_72"
"4_3_74","7_0_73"
"4_3_75","7_0_74"
"4_3_76","7_0_75"
"4_3_77","7_0_76"
"4_3_78","7_0_77"
"4_3_79","7_0_78"
"4_3_80","7_0_79"
"4_3_81","7_0_80"
"4_3_82","7_0_81"
"4_3_83","7_0_82"
"4_3_84","7_0_83"
"4_3_85","7_0_84"
"4_3_86","7_0_85"
"4_3_87","7_0_86"
"4_3_88","7_0_87"
"4_3_89","7_0_88"
"4_3_90","7_0_89"
"4_3_91","7_0_90"
"4_3_92","7_0_91"
"4_3_93","7_0_92"
"4_3_94","7_0_93"
"4_3_95","7_0_94"
"4_3_96","7_0_95"
"4_3_97","7_0_96"
"4_4_2","7_1_1"
"2_4_3","3_3_2"
"3_4_3","5_2_2"
"2_4_4","3_3_3"
"6_5_2","11_0_1"
"4_5_3","7_2_2"
"6_5_3","11_0_2"
"2_5_4","3_4_3"
"3_5_4","5_3_3"
"6_5_4","11_0_3"
"6_5_5","11_0_4"
"6_5_6","11_0_5"
"6_5_7","11_0_6"
"6_5_8","11_0_7"
"6_5_9","11_0_8"
"6_5_10","11_0_9"
"6_5_11","11_0_10"
"6_5_12","11_0_11"
"6_5_13","11_0_12"
"6_5_14","11_0_13"
"6_5_15","11_0_14"
"6_5_16","11_0_15"
"6_5_17","11_0_16"
"6_5_18","11_0_17"
"6_5_19","11_0_18"
"6_5_20","11_0_19"
"6_5_21","11_0_20"
"6_5_22","11_0_21"
"6_5_23","11_0_22"
"6_5_24","11_0_23"
"6_5_25","11_0_24"
"6_5_26","11_0_25"
"6_5_27","11_0_26"
"6_5_28","11_0_27"
"6_5_29","11_0_28"
"6_5_30","11_0_29"
"6_5_31","11_0_30"
"6_5_32","11_0_31"
"6_5_33","11_0_32"
"6_5_34","11_0_33"
"6_5_35","11_0_34"
"6_5_36","11_0_35"
"6_5_37","11_0_36"
"6_5_38","11_0_37"
"6_5_39","11_0_38"
"6_5_40","11_0_39"
"6_5_41","11_0_40"
"6_5_42","11_0_41"
"6_5_43","11_0_42"
"6_5_44","11_0_43"
"6_5_45","11_0_44"
"6_5_46","11_0_45"
"6_5_47","11_0_46"
"6_5_48","11_0_47"
"6_5_49","11_0_48"
"6_5_50","11_0_49"
"6_5_51","11_0_50"
"6_5_52","11_0_51"
"6_5_53","11_0_52"
"6_5_54","11_0_53"
"6_5_55","11_0_54"
"6_5_56","11_0_55"
"6_5_57","11_0_56"
"6_5_58","11_0_57"
"6_5_59","11_0_58"
"6_5_60","11_0_59"
"6_5_61","11_0_60"
"6_5_62","11_0_61"
"6_5_63","11_0_62"
"6_5_64","11_0_63"
"6_5_65","11_0_64"
"6_5_66","11_0_65"
"6_5_67","11_0_66"
"6_5_68","11_0_67"
"6_5_69","11_0_68"
"6_5_70","11_0_69"
"6_5_71","11_0_70"
"6_5_72","11_0_71"
"6_5_73","11_0_72"
"6_5_74","11_0_73"
"6_5_75","11_0_74"
"6_5_76","11_0_75"
"6_5_77","11_0_76"
"6_5_78","11_0_77"
"6_5_79","11_0_78"
"6_5_80","11_0_79"
"6_5_81","11_0_80"
"6_5_82","11_0_81"
"6_5_83","11_0_82"
"6_5_84","11_0_83"
"6_5_85","11_0_84"
"6_5_86","11_0_85"
"6_5_87","11_0_86"
"6_5_88","11_0_87"
"6_5_89","11_0_88"
"6_5_90","11_0_89"
"6_5_91","11_0_90"
"6_5_92","11_0_91"
"6_5_93","11_0_92"
"6_5_94","11_0_93"
"6_5_95","11_0_94"
"4_6_2","7_3_1"
"4_6_3","7_3_2"
"4_6_4","7_3_3"
"2_6_5","3_5_4"
"8_7_1","15_0_0"
"7_7_2","13_1_1"
"8_7_2_0","0"
"8_7_2_1","15_0_1"
"6_7_3","11_2_2"
"8_7_3_0","0"
"8_7_3_1","15_0_2"
"5_7_4","9_3_3"
"8_7_4_0","0"
"8_7_4_1","15_0_3"
"8_7_5","15_0_4"
"8_7_6","15_0_5"
"8_7_7","15_0_6"
"8_7_8","15_0_7"
"8_7_9","15_0_8"
"8_7_10","15_0_9"
"8_7_11","15_0_10"
"8_7_12","15_0_11"
"8_7_13","15_0_12"
"8_7_14","15_0_13"
"8_7_15","15_0_14"
"8_7_16","15_0_15"
"8_7_17","15_0_16"
"8_7_18","15_0_17"
"8_7_19","15_0_18"
"8_7_20","15_0_19"
"8_7_21","15_0_20"
"8_7_22","15_0_21"
"8_7_23","15_0_22"
"8_7_24","15_0_23"
"8_7_25","15_0_24"
"8_7_26","15_0_25"
"8_7_27","15_0_26"
"8_7_28","15_0_27"
"8_7_29","15_0_28"
"8_7_30","15_0_29"
"8_7_31","15_0_30"
"8_7_32","15_0_31"
"8_7_33","15_0_32"
"8_7_34","15_0_33"
"8_7_35","15_0_34"
"8_7_36","15_0_35"
"8_7_37","15_0_36"
"8_7_38","15_0_37"
"8_7_39","15_0_38"
"8_7_40","15_0_39"
"8_7_41","15_0_40"
"8_7_42","15_0_41"
"8_7_43","15_0_42"
"8_7_44","15_0_43"
"8_7_45","15_0_44"
"8_7_46","15_0_45"
"8_7_47","15_0_46"
"8_7_48","15_0_47"
"8_7_49","15_0_48"
"8_7_50","15_0_49"
"8_7_51","15_0_50"
"8_7_52","15_0_51"
"8_7_53","15_0_52"
"8_7_54","15_0_53"
"8_7_55","15_0_54"
"8_7_56","15_0_55"
"8_7_57","15_0_56"
"8_7_58","15_0_57"
"8_7_59","15_0_58"
"8_7_60","15_0_59"
"8_7_61","15_0_60"
"8_7_62","15_0_61"
"8_7_63","15_0_62"
"8_7_64","15_0_63"
"8_7_65","15_0_64"
"8_7_66","15_0_65"
"8_7_67","15_0_66"
"8_7_68","15_0_67"
"8_7_69","15_0_68"
"8_7_70","15_0_69"
"8_7_71","15_0_70"
"8_7_72","15_0_71"
"8_7_73","15_0_72"
"8_7_74","15_0_73"
"8_7_75","15_0_74"
"8_7_76","15_0_75"
"8_7_77","15_0_76"
"8_7_78","15_0_77"
"8_7_79","15_0_78"
"8_7_80","15_0_79"
"8_7_81","15_0_80"
"8_7_82","15_0_81"
"8_7_83","15_0_82"
"8_7_84","15_0_83"
"8_7_85","15_0_84"
"8_7_86","15_0_85"
"8_7_87","15_0_86"
"8_7_88","15_0_87"
"8_7_89","15_0_88"
"8_7_90","15_0_89"
"8_7_91","15_0_90"
"8_7_92","15_0_91"
"8_7_93","15_0_92"
"6_8_2","11_3_1"
"8_8_2_0","0"
"8_8_2_1","15_1_1"
"3_8_3","5_6_2"
"6_8_3_0","0"
"6_8_3_1","11_3_2"
"7_8_3_0","0"
"7_8_3_1","13_2_2"
"6_8_4","11_3_3"
"10_9_2","19_0_1"
"4_9_3","7_6_2"
"8_9_3_0","0"
"8_9_3_1","15_2_2"
"10_9_3_0","0"
"10_9_3_1","19_0_2"
"2_9_4","3_8_3"
"7_9_4_0","0"
"7_9_4_1","13_3_3"
"10_9_4_0","0"
"10_9_4_1","19_0_3"
"3_9_5","5_7_4"
"10_9_5_0","0"
"10_9_5_1","19_0_4"
"10_9_6","19_0_5"
"10_9_7","19_0_6"
"10_9_8","19_0_7"
"10_9_9","19_0_8"
"10_9_10","19_0_9"
"10_9_11","19_0_10"
"10_9_12","19_0_11"
"10_9_13","19_0_12"
"10_9_14","19_0_13"
"10_9_15","19_0_14"
"10_9_16","19_0_15"
"10_9_17","19_0_16"
"10_9_18","19_0_17"
"10_9_19","19_0_18"
"10_9_20","19_0_19"
"10_9_21","19_0_20"
"10_9_22","19_0_21"
"10_9_23","19_0_22"
"10_9_24","19_0_23"
"10_9_25","19_0_24"
"10_9_26","19_0_25"
"10_9_27","19_0_26"
"10_9_28","19_0_27"
"10_9_29","19_0_28"
"10_9_30","19_0_29"
"10_9_31","19_0_30"
"10_9_32","19_0_31"
"10_9_33","19_0_32"
"10_9_34","19_0_33"
"10_9_35","19_0_34"
"10_9_36","19_0_35"
"10_9_37","19_0_36"
"10_9_38","19_0_37"
"10_9_39","19_0_38"
"10_9_40","19_0_39"
"10_9_41","19_0_40"
"10_9_42","19_0_41"
"10_9_43","19_0_42"
"10_9_44","19_0_43"
"10_9_45","19_0_44"
"10_9_46","19_0_45"
"10_9_47","19_0_46"
"10_9_48","19_0_47"
"10_9_49","19_0_48"
"10_9_50","19_0_49"
"10_9_51","19_0_50"
"10_9_52","19_0_51"
"10_9_53","19_0_52"
"10_9_54","19_0_53"
"10_9_55","19_0_54"
"10_9_56","19_0_55"
"10_9_57","19_0_56"
"10_9_58","19_0_57"
"10_9_59","19_0_58"
"10_9_60","19_0_59"
"10_9_61","19_0_60"
"10_9_62","19_0_61"
"10_9_63","19_0_62"
"10_9_64","19_0_63"
"10_9_65","19_0_64"
"10_9_66","19_0_65"
"10_9_67","19_0_66"
"10_9_68","19_0_67"
"10_9_69","19_0_68"
"10_9_70","19_0_69"
"10_9_71","19_0_70"
"10_9_72","19_0_71"
"10_9_73","19_0_72"
"10_9_74","19_0_73"
"10_9_75","19_0_74"
"10_9_76","19_0_75"
"10_9_77","19_0_76"
"10_9_78","19_0_77"
"10_9_79","19_0_78"
"10_9_80","19_0_79"
"10_9_81","19_0_80"
"10_9_82","19_0_81"
"10_9_83","19_0_82"
"10_9_84","19_0_83"
"10_9_85","19_0_84"
"10_9_86","19_0_85"
"10_9_87","19_0_86"
"10_9_88","19_0_87"
"10_9_89","19_0_88"
"10_9_90","19_0_89"
"10_9_91","19_0_90"
"8_10_2","15_3_1"
"4_10_3","7_7_2"
"5_10_3","9_6_2"
"8_10_3_0","0"
"8_10_3_1","15_3_2"
"3_10_4","5_8_3"
"4_10_4_0","0"
"4_10_4_1","7_7_3"
"8_10_4_0","0"
"8_10_4_1","15_3_3"
"2_10_5","3_9_4"
"4_10_5_0","0"
"4_10_5_1","7_7_4"
"2_10_6","3_9_5"
"12_11_2","23_0_1"
"4_11_3","7_8_2"
"6_11_3","11_6_2"
"12_11_3","23_0_2"
"3_11_4","5_9_3"
"4_11_4_0","0"
"4_11_4_1","7_8_3_1"
"4_11_4_2","7_8_3_0"
"12_11_4","23_0_3"
"2_11_5","3_10_4"
"3_11_5","5_9_4"
"5_11_5","9_7_4"
"12_11_5_0","0"
"12_11_5_1","23_0_4"
"2_11_6","3_10_5"
"3_11_6","5_9_5"
"12_11_6_0","0"
"12_11_6_1","23_0_5"
"2_11_7","3_10_6"
"12_11_7_0","0"
"12_11_7_1","23_0_6"
"12_11_8","23_0_7"
"12_11_9","23_0_8"
"12_11_10","23_0_9"
"12_11_11","23_0_10"
"12_11_12","23_0_11"
"12_11_13","23_0_12"
"12_11_14","23_0_13"
"12_11_15","23_0_14"
"12_11_16","23_0_15"
"12_11_17","23_0_16"
"12_11_18","23_0_17"
"12_11_19","23_0_18"
"12_11_20","23_0_19"
"12_11_21","23_0_20"
"12_11_22","23_0_21"
"12_11_23","23_0_22"
"12_11_24","23_0_23"
"12_11_25","23_0_24"
"12_11_26","23_0_25"
"12_11_27","23_0_26"
"12_11_28","23_0_27"
"12_11_29","23_0_28"
"12_11_30","23_0_29"
"12_11_31","23_0_30"
"12_11_32","23_0_31"
"12_11_33","23_0_32"
"12_11_34","23_0_33"
"12_11_35","23_0_34"
"12_11_36","23_0_35"
"12_11_37","23_0_36"
"12_11_38","23_0_37"
"12_11_39","23_0_38"
"12_11_40","23_0_39"
"12_11_41","23_0_40"
"12_11_42","23_0_41"
"12_11_43","23_0_42"
"12_11_44","23_0_43"
"12_11_45","23_0_44"
"12_11_46","23_0_45"
"12_11_47","23_0_46"
"12_11_48","23_0_47"
"12_11_49","23_0_48"
"12_11_50","23_0_49"
"12_11_51","23_0_50"
"12_11_52","23_0_51"
"12_11_53","23_0_52"
"12_11_54","23_0_53"
"12_11_55","23_0_54"
"12_11_56","23_0_55"
"12_11_57","23_0_56"
"12_11_58","23_0_57"
"12_11_59","23_0_58"
"12_11_60","23_0_59"
"12_11_61","23_0_60"
"12_11_62","23_0_61"
"12_11_63","23_0_62"
"12_11_64","23_0_63"
"12_11_65","23_0_64"
"12_11_66","23_0_65"
"12_11_67","23_0_66"
"12_11_68","23_0_67"
"12_11_69","23_0_68"
"12_11_70","23_0_69"
"12_11_71","23_0_70"
"12_11_72","23_0_71"
"12_11_73","23_0_72"
"12_11_74","23_0_73"
"12_11_75","23_0_74"
"12_11_76","23_0_75"
"12_11_77","23_0_76"
"12_11_78","23_0_77"
"12_11_79","23_0_78"
"12_11_80","23_0_79"
"12_11_81","23_0_80"
"12_11_82","23_0_81"
"12_11_83","23_0_82"
"12_11_84","23_0_83"
"12_11_85","23_0_84"
"12_11_86","23_0_85"
"12_11_87","23_0_86"
"12_11_88","23_0_87"
"12_11_89","23_0_88"
"12_12_2","23_1_1"
"6_12_3","11_7_2"
"10_12_3","19_3_2"
"11_12_3","21_2_2"
"4_12_4","7_9_3"
"6_12_4","11_7_3"
"10_12_4","19_3_3"
"2_12_5","3_11_4"
"4_12_5_0","7_9_4_1"
"4_12_5_1","7_9_4_0"
"6_12_5","11_7_4"
"2_12_6","3_11_5"
"3_12_6","5_10_5"
"4_12_6_0","0"
"4_12_6_1","7_9_5"
"2_12_7","3_11_6"
"3_12_7","5_10_6"
"2_12_8","3_11_7"
"14_13_2","27_0_1"
"8_13_3","15_6_2"
"12_13_3","23_2_2"
"14_13_3","27_0_2"
"4_13_4","7_10_3"
"5_13_4","9_9_3_0"
"11_13_4","21_3_3"
"14_13_4","27_0_3"
"4_13_5","7_10_4"
"14_13_5","27_0_4"
"4_13_6","7_10_5"
"14_13_6","27_0_5"
"2_13_7","3_12_6"
"4_13_7","7_10_6"
"14_13_7","27_0_6"
"2_13_8","3_12_7"
"3_13_8","5_11_7"
"14_13_8","27_0_7"
"14_13_9","27_0_8"
"14_13_10","27_0_9"
"14_13_11","27_0_10"
"14_13_12","27_0_11"
"14_13_13","27_0_12"
"14_13_14","27_0_13"
"14_13_15","27_0_14"
"14_13_16","27_0_15"
"14_13_17","27_0_16"
"14_13_18","27_0_17"
"14_13_19","27_0_18"
"14_13_20","27_0_19"
"14_13_21","27_0_20"
"14_13_22","27_0_21"
"14_13_23","27_0_22"
"14_13_24","27_0_23"
"14_13_25","27_0_24"
"14_13_26","27_0_25"
"14_13_27","27_0_26"
"14_13_28","27_0_27"
"14_13_29","27_0_28"
"14_13_30","27_0_29"
"14_13_31","27_0_30"
"14_13_32","27_0_31"
"14_13_33","27_0_32"
"14_13_34","27_0_33"
"14_13_35","27_0_34"
"14_13_36","27_0_35"
"14_13_37","27_0_36"
"14_13_38","27_0_37"
"14_13_39","27_0_38"
"14_13_40","27_0_39"
"14_13_41","27_0_40"
"14_13_42","27_0_41"
"14_13_43","27_0_42"
"14_13_44","27_0_43"
"14_13_45","27_0_44"
"14_13_46","27_0_45"
"14_13_47","27_0_46"
"14_13_48","27_0_47"
"14_13_49","27_0_48"
"14_13_50","27_0_49"
"14_13_51","27_0_50"
"14_13_52","27_0_51"
"14_13_53","27_0_52"
"14_13_54","27_0_53"
"14_13_55","27_0_54"
"14_13_56","27_0_55"
"14_13_57","27_0_56"
"14_13_58","27_0_57"
"14_13_59","27_0_58"
"14_13_60","27_0_59"
"14_13_61","27_0_60"
"14_13_62","27_0_61"
"14_13_63","27_0_62"
"14_13_64","27_0_63"
"14_13_65","27_0_64"
"14_13_66","27_0_65"
"14_13_67","27_0_66"
"14_13_68","27_0_67"
"14_13_69","27_0_68"
"14_13_70","27_0_69"
"14_13_71","27_0_70"
"14_13_72","27_0_71"
"14_13_73","27_0_72"
"14_13_74","27_0_73"
"14_13_75","27_0_74"
"14_13_76","27_0_75"
"14_13_77","27_0_76"
"14_13_78","27_0_77"
"14_13_79","27_0_78"
"14_13_80","27_0_79"
"14_13_81","27_0_80"
"14_13_82","27_0_81"
"14_13_83","27_0_82"
"14_13_84","27_0_83"
"14_13_85","27_0_84"
"14_13_86","27_0_85"
"14_13_87","27_0_86"
"8_14_2","15_7_1"
"7_14_3","13_8_2"
"8_14_3_0","0"
"8_14_3_1","15_7_2"
"12_14_3_0","0"
"12_14_3_1","23_3_2"
"4_14_4","7_11_3"
"6_14_4","11_9_3"
"7_14_4_0","0"
"7_14_4_1","13_8_3"
"8_14_4_0","0"
"8_14_4_1","0"
"8_14_4_2","15_7_3"
"12_14_4_0","0"
"12_14_4_1","23_3_3"
"3_14_5","5_12_4"
"6_14_5","11_9_4"
"8_14_5_0","0"
"8_14_5_1","15_7_4"
"4_14_6","7_11_5"
"4_14_7","7_11_6"
"4_14_8","7_11_7"
"2_14_9","3_13_8"
"16_15_1","31_0_0"
"15_15_2","29_1_1"
"16_15_2_0","0"
"16_15_2_1","31_0_1"
"8_15_3","15_8_2"
"14_15_3","27_2_2"
"16_15_3_0","0"
"16_15_3_1","31_0_2"
"7_15_4","13_9_3"
"8_15_4_0","0"
"8_15_4_1","15_8_3"
"13_15_4","25_3_3"
"16_15_4_0","0"
"16_15_4_1","31_0_3"
"3_15_5","5_13_4"
"7_15_5_0","0"
"7_15_5_1","13_9_4"
"9_15_5_0","0"
"9_15_5_1","17_7_4"
"16_15_5_0","0"
"16_15_5_1","0"
"16_15_5_2","31_0_4"
"2_15_6","3_14_5"
"7_15_6","13_9_5"
"16_15_6_0","0"
"16_15_6_1","31_0_5"
"6_15_7","11_10_6"
"16_15_7_0","0"
"16_15_7_1","31_0_6"
"5_15_8","9_11_7"
"16_15_8_0","0"
"16_15_8_1","31_0_7"
"16_15_9","31_0_8"
"16_15_10","31_0_9"
"16_15_11","31_0_10"
"16_15_12","31_0_11"
"16_15_13","31_0_12"
"16_15_14","31_0_13"
"16_15_15","31_0_14"
"16_15_16","31_0_15"
"16_15_17","31_0_16"
"16_15_18","31_0_17"
"16_15_19","31_0_18"
"16_15_20","31_0_19"
"16_15_21","31_0_20"
"16_15_22","31_0_21"
"16_15_23","31_0_22"
"16_15_24","31_0_23"
"16_15_25","31_0_24"
"16_15_26","31_0_25"
"16_15_27","31_0_26"
"16_15_28","31_0_27"
"16_15_29","31_0_28"
"16_15_30","31_0_29"
"16_15_31","31_0_30"
"16_15_32","31_0_31"
"16_15_33","31_0_32"
"16_15_34","31_0_33"
"16_15_35","31_0_34"
"16_15_36","31_0_35"
"16_15_37","31_0_36"
"16_15_38","31_0_37"
"16_15_39","31_0_38"
"16_15_40","31_0_39"
"16_15_41","31_0_40"
"16_15_42","31_0_41"
"16_15_43","31_0_42"
"16_15_44","31_0_43"
"16_15_45","31_0_44"
"16_15_46","31_0_45"
"16_15_47","31_0_46"
"16_15_48","31_0_47"
"16_15_49","31_0_48"
"16_15_50","31_0_49"
"16_15_51","31_0_50"
"16_15_52","31_0_51"
"16_15_53","31_0_52"
"16_15_54","31_0_53"
"16_15_55","31_0_54"
"16_15_56","31_0_55"
"16_15_57","31_0_56"
"16_15_58","31_0_57"
"16_15_59","31_0_58"
"16_15_60","31_0_59"
"16_15_61","31_0_60"
"16_15_62","31_0_61"
"16_15_63","31_0_62"
"16_15_64","31_0_63"
"16_15_65","31_0_64"
"16_15_66","31_0_65"
"16_15_67","31_0_66"
"16_15_68","31_0_67"
"16_15_69","31_0_68"
"16_15_70","31_0_69"
"16_15_71","31_0_70"
"16_15_72","31_0_71"
"16_15_73","31_0_72"
"16_15_74","31_0_73"
"16_15_75","31_0_74"
"16_15_76","31_0_75"
"16_15_77","31_0_76"
"16_15_78","31_0_77"
"16_15_79","31_0_78"
"16_15_80","31_0_79"
"16_15_81","31_0_80"
"16_15_82","31_0_81"
"16_15_83","31_0_82"
"16_15_84","31_0_83"
"16_15_85","31_0_84"
"14_16_2","27_3_1"
"16_16_2_0","0"
"16_16_2_1","31_1_1"
"10_16_3","19_7_2"
"14_16_3","27_3_2"
"15_16_3","29_2_2"
"8_16_4","15_9_3"
"10_16_4","19_7_3"
"14_16_4","27_3_3"
"4_16_5","7_13_4"
"8_16_5","15_9_4"
"10_16_5","19_7_4"
"2_16_6","3_15_5"
"6_16_6_0","0"
"6_16_6_1","11_11_5"
"8_16_6_0","0"
"8_16_6_1","0"
"8_16_6_2","15_9_5"
"3_16_7","5_14_6"
"6_16_7_0","0"
"6_16_7_1","11_11_6"
"7_16_7_0","0"
"7_16_7_1","13_10_6"
"6_16_8","11_11_7"
"18_17_2","35_0_1"
"12_17_3","23_6_2"
"16_17_3_0","0"
"16_17_3_1","31_2_2"
"18_17_3_0","0"
"18_17_3_1","35_0_2"
"4_17_4","7_14_3"
"6_17_4","11_12_3"
"9_17_4","17_9_3"
"15_17_4_0","0"
"15_17_4_1","29_3_3"
"18_17_4_0","0"
"18_17_4_1","35_0_3"
"4_17_5_0","7_14_4_0"
"4_17_5_1","7_14_4_0 + 7_14_4_1"
"18_17_5_0","0"
"18_17_5_1","35_0_4"
"3_17_6","5_15_5"
"4_17_6_0","0"
"4_17_6_1","7_14_5"
"18_17_6_0","0"
"18_17_6_1","35_0_5"
"2_17_7","3_16_6"
"4_17_7_0","0"
"4_17_7_1","7_14_6"
"8_17_7_0","0"
"8_17_7_1","15_10_6"
"18_17_7_0","0"
"18_17_7_1","35_0_6"
"2_17_8","3_16_7"
"7_17_8_0","0"
"7_17_8_1","13_11_7"
"18_17_8_0","0"
"18_17_8_1","35_0_7"
"3_17_9","5_15_8"
"18_17_9_0","0"
"18_17_9_1","35_0_8"
"18_17_10","35_0_9"
"18_17_11","35_0_10"
"18_17_12","35_0_11"
"18_17_13","35_0_12"
"18_17_14","35_0_13"
"18_17_15","35_0_14"
"18_17_16","35_0_15"
"18_17_17","35_0_16"
"18_17_18","35_0_17"
"18_17_19","35_0_18"
"18_17_20","35_0_19"
"18_17_21","35_0_20"
"18_17_22","35_0_21"
"18_17_23","35_0_22"
"18_17_24","35_0_23"
"18_17_25","35_0_24"
"18_17_26","35_0_25"
"18_17_27","35_0_26"
"18_17_28","35_0_27"
"18_17_29","35_0_28"
"18_17_30","35_0_29"
"18_17_31","35_0_30"
"18_17_32","35_0_31"
"18_17_33","35_0_32"
"18_17_34","35_0_33"
"18_17_35","35_0_34"
"18_17_36","35_0_35"
"18_17_37","35_0_36"
"18_17_38","35_0_37"
"18_17_39","35_0_38"
"18_17_40","35_0_39"
"18_17_41","35_0_40"
"18_17_42","35_0_41"
"18_17_43","35_0_42"
"18_17_44","35_0_43"
"18_17_45","35_0_44"
"18_17_46","35_0_45"
"18_17_47","35_0_46"
"18_17_48","35_0_47"
"18_17_49","35_0_48"
"18_17_50","35_0_49"
"18_17_51","35_0_50"
"18_17_52","35_0_51"
"18_17_53","35_0_52"
"18_17_54","35_0_53"
"18_17_55","35_0_54"
"18_17_56","35_0_55"
"18_17_57","35_0_56"
"18_17_58","35_0_57"
"18_17_59","35_0_58"
"18_17_60","35_0_59"
"18_17_61","35_0_60"
"18_17_62","35_0_61"
"18_17_63","35_0_62"
"18_17_64","35_0_63"
"18_17_65","35_0_64"
"18_17_66","35_0_65"
"18_17_67","35_0_66"
"18_17_68","35_0_67"
"18_17_69","35_0_68"
"18_17_70","35_0_69"
"18_17_71","35_0_70"
"18_17_72","35_0_71"
"18_17_73","35_0_72"
"18_17_74","35_0_73"
"18_17_75","35_0_74"
"18_17_76","35_0_75"
"18_17_77","35_0_76"
"18_17_78","35_0_77"
"18_17_79","35_0_78"
"18_17_80","35_0_79"
"18_17_81","35_0_80"
"18_17_82","35_0_81"
"18_17_83","35_0_82"
"12_18_2","23_7_1"
"16_18_2_0","0"
"16_18_2_1","31_3_1"
"11_18_3","21_8_2"
"12_18_3_0","0"
"12_18_3_1","23_7_2"
"13_18_3_0","0"
"13_18_3_1","25_6_2"
"16_18_3_0","0"
"16_18_3_1","0"
"16_18_3_2","31_3_2"
"6_18_4","11_13_3"
"10_18_4_0","0"
"10_18_4_1","19_9_3"
"11_18_4_0","0"
"11_18_4_1","0"
"11_18_4_2","21_8_3"
"12_18_4_0","0"
"12_18_4_1","0"
"12_18_4_2","0"
"12_18_4_3","23_7_3"
"16_18_4_0","0"
"16_18_4_1","0"
"16_18_4_2","0"
"16_18_4_3","31_3_3"
"4_18_5","7_15_4"
"5_18_5","9_14_4_0"
"6_18_5_0","0"
"6_18_5_1","11_13_4"
"10_18_5_0","0"
"10_18_5_1","19_9_4"
"12_18_5_0","0"
"12_18_5_1","0"
"12_18_5_2","23_7_4"
"4_18_6_0","7_15_5_1"
"4_18_6_1","7_15_5_0"
"8_18_6","15_11_5"
"2_18_7","3_17_6"
"3_18_7","5_16_6"
"4_18_7_0","0"
"4_18_7_1","7_15_6"
"5_18_7","9_14_6"
"8_18_7_0","0"
"8_18_7_1","15_11_6"
"2_18_8","3_17_7"
"3_18_8","5_16_7"
"4_18_8_0","0"
"4_18_8_1","7_15_7"
"8_18_8_0","0"
"8_18_8_1","15_11_7"
"2_18_9","3_17_8"
"4_18_9_0","0"
"4_18_9_1","7_15_8"
"2_18_10","3_17_9"
"20_19_2","39_0_1"
"6_19_3","11_14_2"
"12_19_3_0","0"
"12_19_3_1","23_8_2"
"14_19_3_0","0"
"14_19_3_1","27_6_2"
"20_19_3_0","0"
"20_19_3_1","39_0_2"
"6_19_4","11_14_3"
"11_19_4","21_9_3"
"12_19_4_0","0"
"12_19_4_1","23_8_3"
"20_19_4","39_0_3"
"11_19_5","21_9_4"
"20_19_5","39_0_4"
"6_19_6","11_14_5"
"20_19_6","39_0_5"
"4_19_7_0","7_16_6_1"
"4_19_7_1","7_16_6_0"
"6_19_7","11_14_6"
"20_19_7","39_0_6"
"2_19_8","3_18_7"
"3_19_8","5_17_7"
"4_19_8_0","0"
"4_19_8_1","7_16_7_1"
"4_19_8_2","7_16_7_0"
"20_19_8","39_0_7"
"2_19_9","3_18_8"
"3_19_9","5_17_8"
"5_19_9","9_15_8"
"20_19_9_0","0"
"20_19_9_1","39_0_8"
"2_19_10","3_18_9"
"3_19_10","5_17_9"
"20_19_10_0","0"
"20_19_10_1","39_0_9"
"2_19_11","3_18_10"
"20_19_11_0","0"
"20_19_11_1","39_0_10"
"20_19_12","39_0_11"
"20_19_13","39_0_12"
"20_19_14","39_0_13"
"20_19_15","39_0_14"
"20_19_16","39_0_15"
"20_19_17","39_0_16"
"20_19_18","39_0_17"
"20_19_19","39_0_18"
"20_19_20","39_0_19"
"20_19_21","39_0_20"
"20_19_22","39_0_21"
"20_19_23","39_0_22"
"20_19_24","39_0_23"
"20_19_25","39_0_24"
"20_19_26","39_0_25"
"20_19_27","39_0_26"
"20_19_28","39_0_27"
"20_19_29","39_0_28"
"20_19_30","39_0_29"
"20_19_31","39_0_30"
"20_19_32","39_0_31"
"20_19_33","39_0_32"
"20_19_34","39_0_33"
"20_19_35","39_0_34"
"20_19_36","39_0_35"
"20_19_37","39_0_36"
"20_19_38","39_0_37"
"20_19_39","39_0_38"
"20_19_40","39_0_39"
"20_19_41","39_0_40"
"20_19_42","39_0_41"
"20_19_43","39_0_42"
"20_19_44","39_0_43"
"20_19_45","39_0_44"
"20_19_46","39_0_45"
"20_19_47","39_0_46"
"20_19_48","39_0_47"
"20_19_49","39_0_48"
"20_19_50","39_0_49"
"20_19_51","39_0_50"
"20_19_52","39_0_51"
"20_19_53","39_0_52"
"20_19_54","39_0_53"
"20_19_55","39_0_54"
"20_19_56","39_0_55"
"20_19_57","39_0_56"
"20_19_58","39_0_57"
"20_19_59","39_0_58"
"20_19_60","39_0_59"
"20_19_61","39_0_60"
"20_19_62","39_0_61"
"20_19_63","39_0_62"
"20_19_64","39_0_63"
"20_19_65","39_0_64"
"20_19_66","39_0_65"
"20_19_67","39_0_66"
"20_19_68","39_0_67"
"20_19_69","39_0_68"
"20_19_70","39_0_69"
"20_19_71","39_0_70"
"20_19_72","39_0_71"
"20_19_73","39_0_72"
"20_19_74","39_0_73"
"20_19_75","39_0_74"
"20_19_76","39_0_75"
"20_19_77","39_0_76"
"20_19_78","39_0_77"
"20_19_79","39_0_78"
"20_19_80","39_0_79"
"20_19_81","39_0_80"
"20_20_2","39_1_1"
"14_20_3","27_7_2"
"18_20_3","35_3_2"
"19_20_3","37_2_2"
"7_20_4","13_14_3"
"12_20_4_0","0"
"12_20_4_1","23_9_3"
"14_20_4_0","0"
"14_20_4_1","27_7_3"
"18_20_4_0","0"
"18_20_4_1","35_3_3"
"5_20_5","9_16_4"
"12_20_5_0","0"
"12_20_5_1","23_9_4"
"14_20_5_0","0"
"14_20_5_1","27_7_4"
"3_20_6","5_18_5"
"4_20_6_0","0"
"4_20_6_1","7_17_5"
"6_20_6_0","0"
"6_20_6_1","11_15_5_0 + 11_15_5_1"
"10_20_6_0","0"
"10_20_6_1","19_11_5"
"12_20_6_0","0"
"12_20_6_1","0"
"12_20_6_2","23_9_5"
"4_20_7","7_17_6"
"6_20_7","11_15_6"
"10_20_7","19_11_6"
"11_20_7","21_10_6"
"4_20_8","7_17_7"
"6_20_8","11_15_7"
"10_20_8","19_11_7"
"2_20_9","3_19_8"
"4_20_9_0","7_17_8_1"
"4_20_9_1","7_17_8_0"
"6_20_9","11_15_8"
"2_20_10","3_19_9"
"3_20_10","5_18_9"
"4_20_10_0","0"
"4_20_10_1","7_17_9"
"2_20_11","3_19_10"
"3_20_11","5_18_10"
"2_20_12","3_19_11"
"22_21_2","43_0_1"
"8_21_3","15_14_2"
"16_21_3_0","0"
"16_21_3_1","31_6_2"
"20_21_3_0","0"
"20_21_3_1","39_2_2"
"22_21_3_0","0"
"22_21_3_1","43_0_2"
"8_21_4","15_14_3"
"13_21_4","25_9_3"
"19_21_4","37_3_3"
"22_21_4","43_0_3"
"4_21_5","7_18_4"
"8_21_5_0","0"
"8_21_5_1","15_14_4"
"22_21_5_0","0"
"22_21_5_1","43_0_4"
"4_21_6","7_18_5"
"7_21_6","13_15_5_0"
"8_21_6_0","0"
"8_21_6_1","15_14_5"
"22_21_6","43_0_5"
"2_21_7","3_20_6"
"6_21_7","11_16_6"
"8_21_7_0","0"
"8_21_7_1","15_14_6"
"12_21_7","23_10_6"
"22_21_7","43_0_6"
"4_21_8","7_18_7"
"5_21_8","9_17_7_0"
"11_21_8","21_11_7"
"22_21_8","43_0_7"
"4_21_9","7_18_8"
"22_21_9","43_0_8"
"4_21_10","7_18_9"
"22_21_10","43_0_9"
"2_21_11","3_20_10"
"4_21_11","7_18_10"
"22_21_11","43_0_10"
"2_21_12","3_20_11"
"3_21_12","5_19_11"
"22_21_12","43_0_11"
"22_21_13","43_0_12"
"22_21_14","43_0_13"
"22_21_15","43_0_14"
"22_21_16","43_0_15"
"22_21_17","43_0_16"
"22_21_18","43_0_17"
"22_21_19","43_0_18"
"22_21_20","43_0_19"
"22_21_21","43_0_20"
"22_21_22","43_0_21"
"22_21_23","43_0_22"
"22_21_24","43_0_23"
"22_21_25","43_0_24"
"22_21_26","43_0_25"
"22_21_27","43_0_26"
"22_21_28","43_0_27"
"22_21_29","43_0_28"
"22_21_30","43_0_29"
"22_21_31","43_0_30"
"22_21_32","43_0_31"
"22_21_33","43_0_32"
"22_21_34","43_0_33"
"22_21_35","43_0_34"
"22_21_36","43_0_35"
"22_21_37","43_0_36"
"22_21_38","43_0_37"
"22_21_39","43_0_38"
"22_21_40","43_0_39"
"22_21_41","43_0_40"
"22_21_42","43_0_41"
"22_21_43","43_0_42"
"22_21_44","43_0_43"
"22_21_45","43_0_44"
"22_21_46","43_0_45"
"22_21_47","43_0_46"
"22_21_48","43_0_47"
"22_21_49","43_0_48"
"22_21_50","43_0_49"
"22_21_51","43_0_50"
"22_21_52","43_0_51"
"22_21_53","43_0_52"
"22_21_54","43_0_53"
"22_21_55","43_0_54"
"22_21_56","43_0_55"
"22_21_57","43_0_56"
"22_21_58","43_0_57"
"22_21_59","43_0_58"
"22_21_60","43_0_59"
"22_21_61","43_0_60"
"22_21_62","43_0_61"
"22_21_63","43_0_62"
"22_21_64","43_0_63"
"22_21_65","43_0_64"
"22_21_66","43_0_65"
"22_21_67","43_0_66"
"22_21_68","43_0_67"
"22_21_69","43_0_68"
"22_21_70","43_0_69"
"22_21_71","43_0_70"
"22_21_72","43_0_71"
"22_21_73","43_0_72"
"22_21_74","43_0_73"
"22_21_75","43_0_74"
"22_21_76","43_0_75"
"22_21_77","43_0_76"
"22_21_78","43_0_77"
"22_21_79","43_0_78"
"16_22_2","31_7_1"
"8_22_3","15_15_2"
"15_22_3","29_8_2"
"16_22_3_0","0"
"16_22_3_1","31_7_2"
"20_22_3_0","0"
"20_22_3_1","39_3_2"
"4_22_4","7_19_3"
"8_22_4_0","0"
"8_22_4_1","15_15_3"
"9_22_4_0","0"
"9_22_4_1","17_14_3"
"14_22_4_0","0"
"14_22_4_1","0"
"14_22_4_2","27_9_3"
"16_22_4_0","0"
"16_22_4_1","0"
"16_22_4_2","0"
"16_22_4_3","31_7_3"
"20_22_4_0","0"
"20_22_4_1","0"
"20_22_4_2","39_3_3"
"6_22_5","11_17_4"
"8_22_5_0","0"
"8_22_5_1","15_15_4"
"16_22_5_0","0"
"16_22_5_1","31_7_4"
"5_22_6","9_18_5"
"6_22_6_0","0"
"6_22_6_1","11_17_5"
"8_22_6_0","0"
"8_22_6_1","15_15_5_0 + 15_15_5_1"
"8_22_6_2","15_15_5_0"
"3_22_7","5_20_6"
"6_22_7_0","0"
"6_22_7_1","11_17_6"
"7_22_7_0","0"
"7_22_7_1","13_16_6"
"8_22_7_0","0"
"8_22_7_1","0"
"8_22_7_2","15_15_6"
"12_22_7_0","0"
"12_22_7_1","23_11_6"
"6_22_8","11_17_7"
"7_22_8","13_16_7"
"8_22_8_0","0"
"8_22_8_1","15_15_7"
"12_22_8_0","0"
"12_22_8_1","23_11_7"
"6_22_9","11_17_8"
"8_22_9_0","0"
"8_22_9_1","15_15_8"
"4_22_10","7_19_9"
"4_22_11","7_19_10"
"4_22_12","7_19_11"
"2_22_13","3_21_12"
"24_23_2","47_0_1"
"8_23_3","15_16_2"
"10_23_3","19_14_2"
"16_23_3_0","0"
"16_23_3_1","31_8_2"
"24_23_3","47_0_2"
"5_23_4","9_19_3"
"6_23_4_0","0"
"6_23_4_1","11_18_3"
"7_23_4_0","0"
"7_23_4_1","13_17_3"
"8_23_4_0","0"
"8_23_4_1","0"
"8_23_4_2","15_16_3"
"10_23_4_0","0"
"10_23_4_1","19_14_3"
"15_23_4_0","0"
"15_23_4_1","29_9_3"
"16_23_4_0","0"
"16_23_4_1","0"
"16_23_4_2","31_8_3"
"24_23_4_0","0"
"24_23_4_1","47_0_3"
"4_23_5","7_20_4"
"6_23_5_0","0"
"6_23_5_1","11_18_4_1"
"6_23_5_2","11_18_4_2"
"6_23_5_3","11_18_4_0"
"15_23_5_0","0"
"15_23_5_1","29_9_4"
"24_23_5_0","0"
"24_23_5_1","47_0_4"
"3_23_6","5_21_5"
"4_23_6_0","0"
"4_23_6_1","7_20_5"
"6_23_6_0","0"
"6_23_6_1","11_18_5_0"
"6_23_6_2","11_18_5_0 + 11_18_5_1"
"10_23_6_0","0"
"10_23_6_1","19_14_5"
"24_23_6_0","0"
"24_23_6_1","47_0_5"
"4_23_7","7_20_6"
"6_23_7","11_18_6"
"8_23_7","15_16_6"
"10_23_7","19_14_6"
"14_23_7","27_10_6"
"24_23_7_0","0"
"24_23_7_1","47_0_6"
"2_23_8","3_22_7"
"7_23_8","13_17_7"
"8_23_8_0","0"
"8_23_8_1","15_16_7"
"13_23_8","25_11_7"
"24_23_8_0","0"
"24_23_8_1","47_0_7"
"3_23_9","5_21_8"
"7_23_9_0","0"
"7_23_9_1","13_17_8"
"9_23_9_0","0"
"9_23_9_1","17_15_8"
"24_23_9_0","0"
"24_23_9_1","0"
"24_23_9_2","47_0_8"
"7_23_10","13_17_9"
"24_23_10_0","0"
"24_23_10_1","47_0_9"
"6_23_11","11_18_10"
"24_23_11_0","0"
"24_23_11_1","47_0_10"
"5_23_12","9_19_11"
"24_23_12_0","0"
"24_23_12_1","47_0_11"
"24_23_13","47_0_12"
"24_23_14","47_0_13"
"24_23_15","47_0_14"
"24_23_16","47_0_15"
"24_23_17","47_0_16"
"24_23_18","47_0_17"
"24_23_19","47_0_18"
"24_23_20","47_0_19"
"24_23_21","47_0_20"
"24_23_22","47_0_21"
"24_23_23","47_0_22"
"24_23_24","47_0_23"
"24_23_25","47_0_24"
"24_23_26","47_0_25"
"24_23_27","47_0_26"
"24_23_28","47_0_27"
"24_23_29","47_0_28"
"24_23_30","47_0_29"
"24_23_31","47_0_30"
"24_23_32","47_0_31"
"24_23_33","47_0_32"
"24_23_34","47_0_33"
"24_23_35","47_0_34"
"24_23_36","47_0_35"
"24_23_37","47_0_36"
"24_23_38","47_0_37"
"24_23_39","47_0_38"
"24_23_40","47_0_39"
"24_23_41","47_0_40"
"24_23_42","47_0_41"
"24_23_43","47_0_42"
"24_23_44","47_0_43"
"24_23_45","47_0_44"
"24_23_46","47_0_45"
"24_23_47","47_0_46"
"24_23_48","47_0_47"
"24_23_49","47_0_48"
"24_23_50","47_0_49"
"24_23_51","47_0_50"
"24_23_52","47_0_51"
"24_23_53","47_0_52"
"24_23_54","47_0_53"
"24_23_55","47_0_54"
"24_23_56","47_0_55"
"24_23_57","47_0_56"
"24_23_58","47_0_57"
"24_23_59","47_0_58"
"24_23_60","47_0_59"
"24_23_61","47_0_60"
"24_23_62","47_0_61"
"24_23_63","47_0_62"
"24_23_64","47_0_63"
"24_23_65","47_0_64"
"24_23_66","47_0_65"
"24_23_67","47_0_66"
"24_23_68","47_0_67"
"24_23_69","47_0_68"
"24_23_70","47_0_69"
"24_23_71","47_0_70"
"24_23_72","47_0_71"
"24_23_73","47_0_72"
"24_23_74","47_0_73"
"24_23_75","47_0_74"
"24_23_76","47_0_75"
"24_23_77","47_0_76"
"24_24_2","47_1_1"
"10_24_3","19_15_2"
"18_24_3","35_7_2"
"22_24_3","43_3_2"
"23_24_3","45_2_2"
"6_24_4","11_19_3"
"8_24_4_0","0"
"8_24_4_1","15_17_3"
"10_24_4_0","0"
"10_24_4_1","19_15_3"
"16_24_4_0","0"
"16_24_4_1","31_9_3"
"18_24_4_0","0"
"18_24_4_1","35_7_3"
"22_24_4","43_3_3"
"3_24_5","5_22_4"
"6_24_5_0","0"
"6_24_5_1","11_19_4"
"7_24_5_0","0"
"7_24_5_1","13_18_4_1"
"8_24_5_0","0"
"8_24_5_1","0"
"8_24_5_2","15_17_4_1"
"8_24_5_3","15_17_4_0"
"10_24_5_0","0"
"10_24_5_1","0"
"10_24_5_2","19_15_4"
"16_24_5_0","0"
"16_24_5_1","0"
"16_24_5_2","31_9_4"
"18_24_5_0","0"
"18_24_5_1","35_7_4"
"4_24_6","7_21_5"
"6_24_6","11_19_5"
"7_24_6","13_18_5_0"
"8_24_6_0","0"
"8_24_6_1","15_17_5"
"10_24_6_0","0"
"10_24_6_1","19_15_5_0 + 19_15_5_1"
"14_24_6","27_11_5"
"16_24_6_0","0"
"16_24_6_1","31_9_5"
"2_24_7","3_23_6"
"4_24_7","7_21_6"
"5_24_7","9_20_6"
"8_24_7_0","0"
"8_24_7_1","15_17_6"
"10_24_7_0","0"
"10_24_7_1","19_15_6"
"14_24_7","27_11_6"
"15_24_7","29_10_6"
"3_24_8","5_22_7"
"4_24_8_0","0"
"4_24_8_1","7_21_7"
"8_24_8_0","0"
"8_24_8_1","15_17_7"
"10_24_8","19_15_7"
"14_24_8","27_11_7"
"4_24_9","7_21_8"
"8_24_9","15_17_8"
"10_24_9","19_15_8"
"2_24_10","3_23_9"
"6_24_10_0","0"
"6_24_10_1","11_19_9"
"8_24_10_0","0"
"8_24_10_1","0"
"8_24_10_2","15_17_9"
"3_24_11","5_22_10"
"6_24_11_0","0"
"6_24_11_1","11_19_10"
"7_24_11_0","0"
"7_24_11_1","13_18_10"
"6_24_12","11_19_11"
"26_25_2","51_0_1"
"8_25_3","15_18_2"
"12_25_3","23_14_2"
"24_25_3","47_2_2"
"26_25_3","51_0_2"
"5_25_4","9_21_3"
"7_25_4_0","0"
"7_25_4_1","13_19_3_0"
"8_25_4_0","0"
"8_25_4_1","0"
"8_25_4_2","15_18_3_0"
"8_25_4_3","15_18_3_1"
"12_25_4_0","0"
"12_25_4_1","23_14_3"
"23_25_4","45_3_3"
"26_25_4","51_0_3"
"3_25_5","5_23_4"
"4_25_5_0","0"
"4_25_5_1","7_22_4"
"8_25_5_0","0"
"8_25_5_1","0"
"8_25_5_2","15_18_4_2"
"8_25_5_3","15_18_4_1 + 15_18_4_2"
"8_25_5_4","15_18_4_0 + 15_18_4_2"
"26_25_5","51_0_4"
"2_25_6","3_24_5"
"4_25_6_0","0"
"4_25_6_1","7_22_5"
"5_25_6_0","0"
"5_25_6_1","9_21_5_0"
"6_25_6_0","0"
"6_25_6_1","0"
"6_25_6_2","11_20_5"
"8_25_6_0","0"
"8_25_6_1","0"
"8_25_6_2","15_18_5_0"
"8_25_6_3","15_18_5_1"
"12_25_6","23_14_5"
"26_25_6","51_0_5"
"3_25_7","5_23_6"
"4_25_7_0","0"
"4_25_7_1","7_22_6"
"6_25_7_0","0"
"6_25_7_1","11_20_6_1"
"6_25_7_2","11_20_6_0"
"12_25_7","23_14_6"
"16_25_7","31_10_6"
"26_25_7","51_0_6"
"4_25_8_0","7_22_7_0"
"4_25_8_1","7_22_7_0 + 7_22_7_1"
"6_25_8","11_20_7"
"9_25_8","17_17_7"
"15_25_8_0","0"
"15_25_8_1","29_11_7"
"26_25_8_0","0"
"26_25_8_1","51_0_7"
"2_25_9","3_24_8"
"4_25_9","7_22_8"
"26_25_9_0","0"
"26_25_9_1","51_0_8"
"3_25_10","5_23_9"
"4_25_10_0","0"
"4_25_10_1","7_22_9"
"26_25_10_0","0"
"26_25_10_1","51_0_9"
"2_25_11","3_24_10"
"4_25_11_0","0"
"4_25_11_1","7_22_10"
"8_25_11_0","0"
"8_25_11_1","15_18_10"
"26_25_11_0","0"
"26_25_11_1","51_0_10"
"2_25_12","3_24_11"
"7_25_12_0","0"
"7_25_12_1","13_19_11"
"26_25_12_0","0"
"26_25_12_1","51_0_11"
"3_25_13","5_23_12"
"26_25_13_0","0"
"26_25_13_1","51_0_12"
"26_25_14","51_0_13"
"26_25_15","51_0_14"
"26_25_16","51_0_15"
"26_25_17","51_0_16"
"26_25_18","51_0_17"
"26_25_19","51_0_18"
"26_25_20","51_0_19"
"26_25_21","51_0_20"
"26_25_22","51_0_21"
"26_25_23","51_0_22"
"26_25_24","51_0_23"
"26_25_25","51_0_24"
"26_25_26","51_0_25"
"26_25_27","51_0_26"
"26_25_28","51_0_27"
"26_25_29","51_0_28"
"26_25_30","51_0_29"
"26_25_31","51_0_30"
"26_25_32","51_0_31"
"26_25_33","51_0_32"
"26_25_34","51_0_33"
"26_25_35","51_0_34"
"26_25_36","51_0_35"
"26_25_37","51_0_36"
"26_25_38","51_0_37"
"26_25_39","51_0_38"
"26_25_40","51_0_39"
"26_25_41","51_0_40"
"26_25_42","51_0_41"
"26_25_43","51_0_42"
"26_25_44","51_0_43"
"26_25_45","51_0_44"
"26_25_46","51_0_45"
"26_25_47","51_0_46"
"26_25_48","51_0_47"
"26_25_49","51_0_48"
"26_25_50","51_0_49"
"26_25_51","51_0_50"
"26_25_52","51_0_51"
"26_25_53","51_0_52"
"26_25_54","51_0_53"
"26_25_55","51_0_54"
"26_25_56","51_0_55"
"26_25_57","51_0_56"
"26_25_58","51_0_57"
"26_25_59","51_0_58"
"26_25_60","51_0_59"
"26_25_61","51_0_60"
"26_25_62","51_0_61"
"26_25_63","51_0_62"
"26_25_64","51_0_63"
"26_25_65","51_0_64"
"26_25_66","51_0_65"
"26_25_67","51_0_66"
"26_25_68","51_0_67"
"26_25_69","51_0_68"
"26_25_70","51_0_69"
"26_25_71","51_0_70"
"26_25_72","51_0_71"
"26_25_73","51_0_72"
"26_25_74","51_0_73"
"26_25_75","51_0_74"
"24_26_2","47_3_1"
"12_26_3","23_15_2"
"20_26_3","39_7_2"
"21_26_3","41_6_2"
"24_26_3_0","0"
"24_26_3_1","47_3_2"
"6_26_4","11_21_3"
"8_26_4_0","0"
"8_26_4_1","15_19_3_1"
"8_26_4_2","15_19_3_0"
"12_26_4_0","0"
"12_26_4_1","23_15_3"
"19_26_4","37_8_3"
"20_26_4_0","0"
"20_26_4_1","39_7_3"
"24_26_4_0","0"
"24_26_4_1","47_3_3"
"4_26_5_0","7_23_4_1"
"4_26_5_1","7_23_4_0"
"5_26_5_0","0"
"5_26_5_1","9_22_4_0"
"7_26_5_0","0"
"7_26_5_1","13_20_4_1"
"12_26_5","23_15_4"
"18_26_5","35_9_4"
"20_26_5_0","0"
"20_26_5_1","39_7_4"
"2_26_6","3_25_5"
"3_26_6","5_24_5"
"4_26_6_0","0"
"4_26_6_1","7_23_5_1"
"4_26_6_2","7_23_5_0"
"6_26_6_0","0"
"6_26_6_1","11_21_5_1"
"6_26_6_2","11_21_5_0 + 11_21_5_1"
"10_26_6_0","0"
"10_26_6_1","19_17_5"
"12_26_6_0","0"
"12_26_6_1","23_15_5_0 + 23_15_5_1"
"12_26_6_2","23_15_5_0"
"16_26_6_0","0"
"16_26_6_1","31_11_5"
"2_26_7","3_25_6"
"3_26_7","5_24_6"
"4_26_7_0","0"
"4_26_7_1","7_23_6"
"6_26_7","11_21_6"
"7_26_7","13_20_6_0"
"10_26_7_0","0"
"10_26_7_1","19_17_6"
"11_26_7_0","0"
"11_26_7_1","21_16_6"
"12_26_7_0","0"
"12_26_7_1","0"
"12_26_7_2","23_15_6"
"13_26_7_0","0"
"13_26_7_1","25_14_6"
"16_26_7_0","0"
"16_26_7_1","0"
"16_26_7_2","31_11_6"
"2_26_8","3_25_7"
"5_26_8","9_22_7"
"6_26_8_0","0"
"6_26_8_1","11_21_7"
"10_26_8_0","0"
"10_26_8_1","19_17_7"
"11_26_8_0","0"
"11_26_8_1","21_16_7"
"12_26_8_0","0"
"12_26_8_1","0"
"12_26_8_2","23_15_7"
"16_26_8_0","0"
"16_26_8_1","0"
"16_26_8_2","31_11_7"
"3_26_9","5_24_8"
"4_26_9_0","0"
"4_26_9_1","7_23_8"
"6_26_9_0","0"
"6_26_9_1","11_21_8"
"10_26_9_0","0"
"10_26_9_1","19_17_8"
"12_26_9_0","0"
"12_26_9_1","0"
"12_26_9_2","23_15_8"
"4_26_10_0","7_23_9_1"
"4_26_10_1","7_23_9_0"
"8_26_10","15_19_9"
"2_26_11","3_25_10"
"3_26_11","5_24_10"
"4_26_11_0","0"
"4_26_11_1","7_23_10"
"5_26_11","9_22_10"
"8_26_11_0","0"
"8_26_11_1","15_19_10"
"2_26_12","3_25_11"
"3_26_12","5_24_11"
"4_26_12_0","0"
"4_26_12_1","7_23_11"
"8_26_12_0","0"
"8_26_12_1","15_19_11"
"2_26_13","3_25_12"
"4_26_13_0","0"
"4_26_13_1","7_23_12"
"2_26_14","3_25_13"
"28_27_2","55_0_1"
"12_27_3","23_16_2"
"20_27_3","39_8_2"
"22_27_3","43_6_2"
"28_27_3","55_0_2"
"10_27_4","19_18_3"
"11_27_4","21_17_3"
"14_27_4","27_14_3"
"19_27_4","37_9_3"
"20_27_4_0","0"
"20_27_4_1","39_8_3"
"28_27_4","55_0_3"
"4_27_5","7_24_4"
"6_27_5","11_22_4_0"
"8_27_5_0","0"
"8_27_5_1","15_20_4"
"10_27_5_0","0"
"10_27_5_1","19_18_4_1"
"19_27_5","37_9_4"
"28_27_5","55_0_4"
"3_27_6","5_25_5_0 + 5_25_5_1"
"4_27_6_0","0"
"4_27_6_1","7_24_5_1"
"4_27_6_2","7_24_5_0"
"6_27_6","11_22_5"
"7_27_6","13_21_5_0"
"8_27_6_0","0"
"8_27_6_1","15_20_5"
"10_27_6_0","0"
"10_27_6_1","19_18_5"
"14_27_6","27_14_5"
"28_27_6","55_0_5"
"2_27_7","3_26_6"
"3_27_7","5_25_6_0"
"4_27_7_0","0"
"4_27_7_1","7_24_6"
"5_27_7","9_23_6"
"6_27_7_0","0"
"6_27_7_1","11_22_6"
"8_27_7_0","0"
"8_27_7_1","15_20_6"
"12_27_7","23_16_6"
"14_27_7","27_14_6"
"28_27_7","55_0_6"
"2_27_8","3_26_7"
"3_27_8","5_25_7"
"4_27_8_0","0"
"4_27_8_1","7_24_7"
"6_27_8_0","0"
"6_27_8_1","11_22_7"
"11_27_8","21_17_7"
"12_27_8_0","0"
"12_27_8_1","23_16_7"
"28_27_8","55_0_7"
"4_27_9","7_24_8"
"11_27_9","21_17_8"
"28_27_9","55_0_8"
"2_27_10","3_26_9"
"6_27_10","11_22_9"
"28_27_10","55_0_9"
"4_27_11_0","7_24_10_1"
"4_27_11_1","7_24_10_0"
"6_27_11","11_22_10"
"28_27_11","55_0_10"
"2_27_12","3_26_11"
"3_27_12","5_25_11"
"4_27_12_0","0"
"4_27_12_1","7_24_11_1"
"4_27_12_2","7_24_11_0"
"28_27_12","55_0_11"
"2_27_13","3_26_12"
"3_27_13","5_25_12"
"5_27_13","9_23_12"
"28_27_13_0","0"
"28_27_13_1","55_0_12"
"2_27_14","3_26_13"
"3_27_14","5_25_13"
"28_27_14_0","0"
"28_27_14_1","55_0_13"
"2_27_15","3_26_14"
"28_27_15_0","0"
"28_27_15_1","55_0_14"
"28_27_16","55_0_15"
"28_27_17","55_0_16"
"28_27_18","55_0_17"
"28_27_19","55_0_18"
"28_27_20","55_0_19"
"28_27_21","55_0_20"
"28_27_22","55_0_21"
"28_27_23","55_0_22"
"28_27_24","55_0_23"
"28_27_25","55_0_24"
"28_27_26","55_0_25"
"28_27_27","55_0_26"
"28_27_28","55_0_27"
"28_27_29","55_0_28"
"28_27_30","55_0_29"
"28_27_31","55_0_30"
"28_27_32","55_0_31"
"28_27_33","55_0_32"
"28_27_34","55_0_33"
"28_27_35","55_0_34"
"28_27_36","55_0_35"
"28_27_37","55_0_36"
"28_27_38","55_0_37"
"28_27_39","55_0_38"
"28_27_40","55_0_39"
"28_27_41","55_0_40"
"28_27_42","55_0_41"
"28_27_43","55_0_42"
"28_27_44","55_0_43"
"28_27_45","55_0_44"
"28_27_46","55_0_45"
"28_27_47","55_0_46"
"28_27_48","55_0_47"
"28_27_49","55_0_48"
"28_27_50","55_0_49"
"28_27_51","55_0_50"
"28_27_52","55_0_51"
"28_27_53","55_0_52"
"28_27_54","55_0_53"
"28_27_55","55_0_54"
"28_27_56","55_0_55"
"28_27_57","55_0_56"
"28_27_58","55_0_57"
"28_27_59","55_0_58"
"28_27_60","55_0_59"
"28_27_61","55_0_60"
"28_27_62","55_0_61"
"28_27_63","55_0_62"
"28_27_64","55_0_63"
"28_27_65","55_0_64"
"28_27_66","55_0_65"
"28_27_67","55_0_66"
"28_27_68","55_0_67"
"28_27_69","55_0_68"
"28_27_70","55_0_69"
"28_27_71","55_0_70"
"28_27_72","55_0_71"
"28_27_73","55_0_72"
"28_28_2","55_1_1"
"14_28_3","27_15_2"
"22_28_3","43_7_2"
"26_28_3","51_3_2"
"27_28_3","53_2_2"
"8_28_4","15_21_3"
"12_28_4","23_17_3"
"14_28_4","27_15_3"
"20_28_4","39_9_3"
"22_28_4","43_7_3"
"26_28_4","51_3_3"
"4_28_5_0","7_25_4_0"
"4_28_5_1","7_25_4_0 + 7_25_4_1"
"7_28_5","13_22_4_0"
"8_28_5_0","0"
"8_28_5_1","15_21_4"
"11_28_5","21_18_4_1"
"14_28_5","27_15_4"
"20_28_5","39_9_4"
"22_28_5","43_7_4"
"3_28_6","5_26_5_0 + 5_26_5_1"
"4_28_6_0","0"
"4_28_6_1","7_25_5_0"
"4_28_6_2","7_25_5_0 + 7_25_5_1"
"6_28_6","11_23_5"
"8_28_6_0","0"
"8_28_6_1","15_21_5"
"12_28_6","23_17_5"
"14_28_6","27_15_5_0 + 27_15_5_1"
"18_28_6","35_11_5"
"20_28_6_0","0"
"20_28_6_1","39_9_5"
"2_28_7","3_27_6"
"3_28_7","5_26_6_1"
"4_28_7_0","0"
"4_28_7_1","7_25_6_1"
"4_28_7_2","7_25_6_0"
"6_28_7_0","0"
"6_28_7_1","11_23_6"
"12_28_7","23_17_6"
"14_28_7","27_15_6"
"18_28_7","35_11_6"
"19_28_7","37_10_6"
"2_28_8","3_27_7"
"4_28_8","7_25_7"
"7_28_8","13_22_7"
"12_28_8_0","0"
"12_28_8_1","23_17_7"
"14_28_8_0","0"
"14_28_8_1","27_15_7"
"18_28_8_0","0"
"18_28_8_1","35_11_7"
"2_28_9","3_27_8"
"5_28_9","9_24_8"
"12_28_9_0","0"
"12_28_9_1","23_17_8"
"14_28_9_0","0"
"14_28_9_1","27_15_8"
"3_28_10","5_26_9"
"4_28_10_0","0"
"4_28_10_1","7_25_9"
"6_28_10_0","0"
"6_28_10_1","11_23_9_1"
"10_28_10_0","0"
"10_28_10_1","19_19_9"
"12_28_10_0","0"
"12_28_10_1","0"
"12_28_10_2","23_17_9"
"4_28_11","7_25_10"
"6_28_11","11_23_10"
"10_28_11","19_19_10"
"11_28_11","21_18_10"
"4_28_12","7_25_11"
"6_28_12","11_23_11"
"10_28_12","19_19_11"
"2_28_13","3_27_12"
"4_28_13_0","7_25_12_1"
"4_28_13_1","7_25_12_0"
"6_28_13","11_23_12"
"2_28_14","3_27_13"
"3_28_14","5_26_13"
"4_28_14_0","0"
"4_28_14_1","7_25_13"
"2_28_15","3_27_14"
"3_28_15","5_26_14"
"2_28_16","3_27_15"
"30_29_2","59_0_1"
"16_29_3","31_14_2"
"24_29_3","47_6_2"
"28_29_3","55_2_2"
"30_29_3","59_0_2"
"8_29_4","15_22_3"
"9_29_4","17_21_3_0"
"10_29_4_0","0"
"10_29_4_1","19_20_3"
"12_29_4_0","0"
"12_29_4_1","23_18_3"
"16_29_4_0","0"
"16_29_4_1","31_14_3"
"21_29_4_0","0"
"21_29_4_1","41_9_3"
"27_29_4","53_3_3"
"30_29_4","59_0_3"
"4_29_5","7_26_4"
"7_29_5","13_23_4"
"8_29_5_0","0"
"8_29_5_1","15_22_4_1 + 15_22_4_2"
"8_29_5_2","15_22_4_1"
"8_29_5_3","15_22_4_0 + 15_22_4_1 + 15_22_4_2"
"12_29_5_0","0"
"12_29_5_1","23_18_4_1"
"16_29_5_0","0"
"16_29_5_1","31_14_4"
"30_29_5","59_0_4"
"4_29_6_0","7_26_5_0"
"4_29_6_1","7_26_5_1"
"5_29_6","9_25_5_0 + 9_25_5_1"
"6_29_6_0","0"
"6_29_6_1","11_24_5_1"
"6_29_6_2","11_24_5_0"
"8_29_6_0","0"
"8_29_6_1","0"
"8_29_6_2","0"
"8_29_6_3","15_22_5"
"10_29_6_0","0"
"10_29_6_1","19_20_5"
"12_29_6_0","0"
"12_29_6_1","23_18_5"
"15_29_6","29_15_5_0"
"16_29_6_0","0"
"16_29_6_1","31_14_5"
"30_29_6","59_0_5"
"2_29_7","3_28_6"
"4_29_7_0","7_26_6_1"
"4_29_7_1","7_26_6_0"
"6_29_7_0","0"
"6_29_7_1","11_24_6"
"7_29_7_0","0"
"7_29_7_1","13_23_6"
"8_29_7_0","0"
"8_29_7_1","0"
"8_29_7_2","15_22_6"
"10_29_7_0","0"
"10_29_7_1","19_20_6"
"14_29_7_0","0"
"14_29_7_1","27_16_6"
"16_29_7_0","0"
"16_29_7_1","0"
"16_29_7_2","31_14_6"
"20_29_7_0","0"
"20_29_7_1","39_10_6"
"30_29_7_0","0"
"30_29_7_1","59_0_6"
"2_29_8","3_28_7"
"4_29_8_0","0"
"4_29_8_1","7_26_7"
"13_29_8_0","0"
"13_29_8_1","25_17_7"
"19_29_8_0","0"
"19_29_8_1","37_11_7"
"30_29_8_0","0"
"30_29_8_1","59_0_7"
"3_29_9","5_27_8"
"4_29_9_0","0"
"4_29_9_1","7_26_8"
"8_29_9_0","0"
"8_29_9_1","15_22_8"
"30_29_9_0","0"
"30_29_9_1","59_0_8"
"4_29_10","7_26_9"
"7_29_10","13_23_9_0"
"8_29_10_0","0"
"8_29_10_1","15_22_9"
"30_29_10","59_0_9"
"2_29_11","3_28_10"
"6_29_11","11_24_10"
"8_29_11_0","0"
"8_29_11_1","15_22_10"
"12_29_11","23_18_10"
"30_29_11","59_0_10"
"4_29_12","7_26_11"
"5_29_12","9_25_11_0"
"11_29_12","21_19_11"
"30_29_12","59_0_11"
"4_29_13","7_26_12"
"30_29_13","59_0_12"
"4_29_14","7_26_13"
"30_29_14","59_0_13"
"2_29_15","3_28_14"
"4_29_15","7_26_14"
"30_29_15","59_0_14"
"2_29_16","3_28_15"
"3_29_16","5_27_15"
"30_29_16","59_0_15"
"30_29_17","59_0_16"
"30_29_18","59_0_17"
"30_29_19","59_0_18"
"30_29_20","59_0_19"
"30_29_21","59_0_20"
"30_29_22","59_0_21"
"30_29_23","59_0_22"
"30_29_24","59_0_23"
"30_29_25","59_0_24"
"30_29_26","59_0_25"
"30_29_27","59_0_26"
"30_29_28","59_0_27"
"30_29_29","59_0_28"
"30_29_30","59_0_29"
"30_29_31","59_0_30"
"30_29_32","59_0_31"
"30_29_33","59_0_32"
"30_29_34","59_0_33"
"30_29_35","59_0_34"
"30_29_36","59_0_35"
"30_29_37","59_0_36"
"30_29_38","59_0_37"
"30_29_39","59_0_38"
"30_29_40","59_0_39"
"30_29_41","59_0_40"
"30_29_42","59_0_41"
"30_29_43","59_0_42"
"30_29_44","59_0_43"
"30_29_45","59_0_44"
"30_29_46","59_0_45"
"30_29_47","59_0_46"
"30_29_48","59_0_47"
"30_29_49","59_0_48"
"30_29_50","59_0_49"
"30_29_51","59_0_50"
"30_29_52","59_0_51"
"30_29_53","59_0_52"
"30_29_54","59_0_53"
"30_29_55","59_0_54"
"30_29_56","59_0_55"
"30_29_57","59_0_56"
"30_29_58","59_0_57"
"30_29_59","59_0_58"
"30_29_60","59_0_59"
"30_29_61","59_0_60"
"30_29_62","59_0_61"
"30_29_63","59_0_62"
"30_29_64","59_0_63"
"30_29_65","59_0_64"
"30_29_66","59_0_65"
"30_29_67","59_0_66"
"30_29_68","59_0_67"
"30_29_69","59_0_68"
"30_29_70","59_0_69"
"30_29_71","59_0_70"
"16_30_2","31_15_1"
"15_30_3","29_16_2"
"16_30_3_0","0"
"16_30_3_1","31_15_2"
"24_30_3_0","0"
"24_30_3_1","47_7_2"
"28_30_3_0","0"
"28_30_3_1","55_3_2"
"8_30_4","15_23_3"
"10_30_4","19_21_3_0"
"14_30_4_0","0"
"14_30_4_1","27_17_3"
"16_30_4_0","0"
"16_30_4_1","0"
"16_30_4_2","31_15_3"
"22_30_4_0","0"
"22_30_4_1","43_9_3"
"24_30_4_0","0"
"24_30_4_1","0"
"24_30_4_2","47_7_3"
"28_30_4_0","0"
"28_30_4_1","55_3_3"
"5_30_5","9_26_4_0"
"6_30_5_0","0"
"6_30_5_1","11_25_4"
"7_30_5_0","0"
"7_30_5_1","13_24_4"
"8_30_5_0","0"
"8_30_5_1","0"
"8_30_5_2","15_23_4_1"
"8_30_5_3","15_23_4_0 + 15_23_4_1"
"10_30_5_0","0"
"10_30_5_1","0"
"10_30_5_2","19_21_4"
"13_30_5","25_18_4_1"
"16_30_5_0","0"
"16_30_5_1","31_15_4"
"24_30_5_0","0"
"24_30_5_1","47_7_4"
"4_30_6","7_27_5"
"6_30_6","11_25_5_0"
"7_30_6","13_24_5_0"
"8_30_6_0","0"
"8_30_6_1","15_23_5_1"
"8_30_6_2","15_23_5_0"
"13_30_6","25_18_5"
"14_30_6_0","0"
"14_30_6_1","27_17_5"
"16_30_6_0","0"
"16_30_6_1","31_15_5_0 + 31_15_5_1"
"16_30_6_2","31_15_5_0"
"3_30_7","5_28_6"
"4_30_7_0","0"
"4_30_7_1","7_27_6"
"5_30_7","9_26_6_0"
"8_30_7_0","0"
"8_30_7_1","15_23_6"
"11_30_7","21_20_6"
"14_30_7_0","0"
"14_30_7_1","27_17_6"
"15_30_7_0","0"
"15_30_7_1","29_16_6"
"16_30_7_0","0"
"16_30_7_1","0"
"16_30_7_2","31_15_6"
"20_30_7_0","0"
"20_30_7_1","39_11_6"
"3_30_8","5_28_7"
"4_30_8_0","0"
"4_30_8_1","7_27_7"
"8_30_8_0","0"
"8_30_8_1","15_23_7"
"14_30_8_0","0"
"14_30_8_1","27_17_7"
"16_30_8_0","0"
"16_30_8_1","31_15_7"
"20_30_8_0","0"
"20_30_8_1","39_11_7"
"2_30_9","3_29_8"
"4_30_9","7_27_8"
"6_30_9","11_25_8"
"8_30_9_0","0"
"8_30_9_1","15_23_8"
"16_30_9_0","0"
"16_30_9_1","31_15_8"
"2_30_10","3_29_9"
"5_30_10","9_26_9"
"6_30_10_0","0"
"6_30_10_1","11_25_9"
"8_30_10_0","0"
"8_30_10_1","15_23_9_1"
"8_30_10_2","15_23_9_0"
"3_30_11","5_28_10"
"6_30_11_0","0"
"6_30_11_1","11_25_10"
"7_30_11_0","0"
"7_30_11_1","13_24_10"
"8_30_11_0","0"
"8_30_11_1","0"
"8_30_11_2","15_23_10"
"12_30_11_0","0"
"12_30_11_1","23_19_10"
"6_30_12","11_25_11"
"7_30_12","13_24_11"
"8_30_12_0","0"
"8_30_12_1","15_23_11"
"12_30_12_0","0"
"12_30_12_1","23_19_11"
"6_30_13","11_25_12"
"8_30_13_0","0"
"8_30_13_1","15_23_12"
"4_30_14","7_27_13"
"4_30_15","7_27_14"
"4_30_16","7_27_15"
"2_30_17","3_29_16"
"32_31_1","63_0_0"
"31_31_2","61_1_1"
"32_31_2_0","0"
"32_31_2_1","63_0_1"
"14_31_3","27_18_2"
"16_31_3_0","0"
"16_31_3_1","31_16_2"
"24_31_3_0","0"
"24_31_3_1","47_8_2"
"30_31_3_0","0"
"30_31_3_1","59_2_2"
"32_31_3_0","0"
"32_31_3_1","0"
"32_31_3_2","63_0_2"
"10_31_4","19_22_3"
"14_31_4","27_18_3"
"15_31_4","29_17_3"
"18_31_4","35_14_3"
"23_31_4","45_9_3"
"24_31_4_0","0"
"24_31_4_1","47_8_3"
"29_31_4","57_3_3"
"32_31_4_0","0"
"32_31_4_1","63_0_3"
"8_31_5","15_24_4"
"10_31_5_0","19_22_4_1"
"10_31_5_1","19_22_4_0 + 19_22_4_1"
"14_31_5_0","0"
"14_31_5_1","27_18_4_1"
"14_31_5_2","27_18_4_0"
"23_31_5_0","0"
"23_31_5_1","45_9_4"
"25_31_5_0","0"
"25_31_5_1","49_7_4"
"32_31_5_0","0"
"32_31_5_1","0"
"32_31_5_2","63_0_4"
"3_31_6","5_29_5"
"4_31_6_0","0"
"4_31_6_1","7_28_5"
"7_31_6_0","0"
"7_31_6_1","13_25_5"
"8_31_6_0","0"
"8_31_6_1","0"
"8_31_6_2","15_24_5_1"
"8_31_6_3","15_24_5_0 + 15_24_5_1"
"10_31_6_0","0"
"10_31_6_1","19_22_5"
"12_31_6","23_20_5"
"14_31_6","27_18_5"
"18_31_6","35_14_5"
"23_31_6","45_9_5"
"32_31_6_0","0"
"32_31_6_1","63_0_5"
"3_31_7","5_29_6"
"4_31_7_0","0"
"4_31_7_1","7_28_6"
"6_31_7","11_26_6"
"8_31_7_0","0"
"8_31_7_1","15_24_6"
"12_31_7","23_20_6"
"16_31_7","31_16_6"
"18_31_7","35_14_6"
"22_31_7","43_10_6"
"32_31_7_0","0"
"32_31_7_1","63_0_6"
"2_31_8","3_30_7"
"3_31_8","5_29_7_1"
"4_31_8_0","0"
"4_31_8_1","7_28_7"
"6_31_8_0","11_26_7_1"
"6_31_8_1","11_26_7_0"
"8_31_8_0","0"
"8_31_8_1","15_24_7"
"15_31_8_0","0"
"15_31_8_1","29_17_7"
"16_31_8_0","0"
"16_31_8_1","0"
"16_31_8_2","31_16_7"
"21_31_8_0","0"
"21_31_8_1","41_11_7"
"32_31_8_0","0"
"32_31_8_1","0"
"32_31_8_2","63_0_7"
"2_31_9","3_30_8"
"4_31_9","7_28_8"
"6_31_9_0","0"
"6_31_9_1","11_26_8_0"
"6_31_9_2","11_26_8_1"
"15_31_9_0","0"
"15_31_9_1","29_17_8"
"17_31_9_0","0"
"17_31_9_1","33_15_8"
"32_31_9_0","0"
"32_31_9_1","0"
"32_31_9_2","63_0_8"
"3_31_10","5_29_9"
"4_31_10_0","0"
"4_31_10_1","7_28_9"
"6_31_10_0","0"
"6_31_10_1","11_26_9_0"
"6_31_10_2","11_26_9_1"
"10_31_10_0","0"
"10_31_10_1","19_22_9"
"15_31_10_0","0"
"15_31_10_1","29_17_9"
"32_31_10_0","0"
"32_31_10_1","0"
"32_31_10_2","63_0_9"
"4_31_11","7_28_10"
"6_31_11","11_26_10"
"8_31_11","15_24_10"
"10_31_11","19_22_10"
"14_31_11","27_18_10"
"32_31_11_0","0"
"32_31_11_1","63_0_10"
"2_31_12","3_30_11"
"7_31_12","13_25_11"
"8_31_12_0","0"
"8_31_12_1","15_24_11"
"13_31_12","25_19_11"
"32_31_12_0","0"
"32_31_12_1","63_0_11"
"3_31_13","5_29_12"
"7_31_13_0","0"
"7_31_13_1","13_25_12"
"9_31_13_0","0"
"9_31_13_1","17_23_12"
"32_31_13_0","0"
"32_31_13_1","0"
"32_31_13_2","63_0_12"
"7_31_14","13_25_13"
"32_31_14_0","0"
"32_31_14_1","63_0_13"
"6_31_15","11_26_14"
"32_31_15_0","0"
"32_31_15_1","63_0_14"
"5_31_16","9_27_15"
"32_31_16_0","0"
"32_31_16_1","63_0_15"
"32_31_17","63_0_16"
"32_31_18","63_0_17"
"32_31_19","63_0_18"
"32_31_20","63_0_19"
"32_31_21","63_0_20"
"32_31_22","63_0_21"
"32_31_23","63_0_22"
"32_31_24","63_0_23"
"32_31_25","63_0_24"
"32_31_26","63_0_25"
"32_31_27","63_0_26"
"32_31_28","63_0_27"
"32_31_29","63_0_28"
"32_31_30","63_0_29"
"32_31_31","63_0_30"
"32_31_32","63_0_31"
"32_31_33","63_0_32"
"32_31_34","63_0_33"
"32_31_35","63_0_34"
"32_31_36","63_0_35"
"32_31_37","63_0_36"
"32_31_38","63_0_37"
"32_31_39","63_0_38"
"32_31_40","63_0_39"
"32_31_41","63_0_40"
"32_31_42","63_0_41"
"32_31_43","63_0_42"
"32_31_44","63_0_43"
"32_31_45","63_0_44"
"32_31_46","63_0_45"
"32_31_47","63_0_46"
"32_31_48","63_0_47"
"32_31_49","63_0_48"
"32_31_50","63_0_49"
"32_31_51","63_0_50"
"32_31_52","63_0_51"
"32_31_53","63_0_52"
"32_31_54","63_0_53"
"32_31_55","63_0_54"
"32_31_56","63_0_55"
"32_31_57","63_0_56"
"32_31_58","63_0_57"
"32_31_59","63_0_58"
"32_31_60","63_0_59"
"32_31_61","63_0_60"
"32_31_62","63_0_61"
"32_31_63","63_0_62"
"32_31_64","63_0_63"
"32_31_65","63_0_64"
"32_31_66","63_0_65"
"32_31_67","63_0_66"
"32_31_68","63_0_67"
"32_31_69","63_0_68"
"30_32_2","59_3_1"
"32_32_2_0","0"
"32_32_2_1","63_1_1"
"18_32_3","35_15_2"
"26_32_3","51_7_2"
"30_32_3","59_3_2"
"31_32_3","61_2_2"
"8_32_4","15_25_3"
"12_32_4","23_21_3"
"14_32_4_0","0"
"14_32_4_1","27_19_3"
"16_32_4_0","0"
"16_32_4_1","0"
"16_32_4_2","31_17_3"
"18_32_4_0","0"
"18_32_4_1","0"
"18_32_4_2","35_15_3"
"24_32_4_0","0"
"24_32_4_1","47_9_3"
"26_32_4_0","0"
"26_32_4_1","51_7_3"
"30_32_4_0","0"
"30_32_4_1","59_3_3"
"5_32_5","9_28_4"
"6_32_5_0","0"
"6_32_5_1","11_27_4"
"8_32_5_0","0"
"8_32_5_1","15_25_4"
"15_32_5","29_18_4_1"
"16_32_5_0","0"
"16_32_5_1","31_17_4"
"18_32_5_0","0"
"18_32_5_1","35_15_4"
"24_32_5_0","0"
"24_32_5_1","47_9_4"
"26_32_5","51_7_4"
"3_32_6","5_30_5"
"4_32_6_0","0"
"4_32_6_1","7_29_5"
"8_32_6_0","0"
"8_32_6_1","15_25_5"
"10_32_6","19_23_5"
"12_32_6_0","0"
"12_32_6_1","23_21_5"
"15_32_6_0","0"
"15_32_6_1","29_18_5"
"16_32_6_0","0"
"16_32_6_1","0"
"16_32_6_2","31_17_5"
"18_32_6_0","0"
"18_32_6_1","0"
"18_32_6_2","35_15_5_0 + 35_15_5_1"
"22_32_6_0","0"
"22_32_6_1","43_11_5"
"24_32_6_0","0"
"24_32_6_1","0"
"24_32_6_2","47_9_5"
"2_32_7","3_31_6"
"4_32_7_0","0"
"4_32_7_1","7_29_6_0 + 7_29_6_2"
"4_32_7_2","7_29_6_2"
"4_32_7_3","7_29_6_0 + 7_29_6_1"
"6_32_7_0","0"
"6_32_7_1","11_27_6"
"7_32_7_0","0"
"7_32_7_1","13_26_6_0"
"10_32_7_0","0"
"10_32_7_1","19_23_6"
"13_32_7_0","0"
"13_32_7_1","25_20_6"
"16_32_7_0","0"
"16_32_7_1","0"
"16_32_7_2","31_17_6"
"18_32_7_0","0"
"18_32_7_1","0"
"18_32_7_2","35_15_6"
"22_32_7_0","0"
"22_32_7_1","43_11_6"
"23_32_7_0","0"
"23_32_7_1","45_10_6"
"2_32_8","3_31_7"
"4_32_8_0","7_29_7_0"
"4_32_8_1","7_29_7_0 + 7_29_7_1"
"10_32_8_0","0"
"10_32_8_1","19_23_7"
"16_32_8_0","0"
"16_32_8_1","0"
"16_32_8_2","31_17_7"
"18_32_8_0","0"
"18_32_8_1","35_15_7"
"22_32_8_0","0"
"22_32_8_1","43_11_7"
"2_32_9","3_31_8"
"3_32_9","5_30_8"
"4_32_9_0","0"
"4_32_9_1","7_29_8"
"6_32_9_0","0"
"6_32_9_1","11_27_8"
"8_32_9_0","0"
"8_32_9_1","15_25_8_1"
"8_32_9_2","15_25_8_0"
"10_32_9_0","0"
"10_32_9_1","0"
"10_32_9_2","19_23_8"
"16_32_9_0","0"
"16_32_9_1","0"
"16_32_9_2","31_17_8"
"18_32_9_0","0"
"18_32_9_1","35_15_8"
"4_32_10","7_29_9"
"6_32_10","11_27_9"
"7_32_10","13_26_9_0"
"8_32_10_0","0"
"8_32_10_1","15_25_9"
"10_32_10_0","0"
"10_32_10_1","19_23_9_1"
"14_32_10","27_19_9"
"16_32_10_0","0"
"16_32_10_1","31_17_9"
"2_32_11","3_31_10"
"4_32_11","7_29_10"
"5_32_11","9_28_10"
"8_32_11_0","0"
"8_32_11_1","15_25_10"
"10_32_11_0","0"
"10_32_11_1","19_23_10"
"14_32_11","27_19_10"
"15_32_11","29_18_10"
"3_32_12","5_30_11"
"4_32_12_0","0"
"4_32_12_1","7_29_11"
"8_32_12_0","0"
"8_32_12_1","15_25_11"
"10_32_12","19_23_11"
"14_32_12","27_19_11"
"4_32_13","7_29_12"
"8_32_13","15_25_12"
"10_32_13","19_23_12"
"2_32_14","3_31_13"
"6_32_14_0","0"
"6_32_14_1","11_27_13"
"8_32_14_0","0"
"8_32_14_1","0"
"8_32_14_2","15_25_13"
"3_32_15","5_30_14"
"6_32_15_0","0"
"6_32_15_1","11_27_14"
"7_32_15_0","0"
"7_32_15_1","13_26_14"
"6_32_16","11_27_15"
"34_33_2","67_0_1"
"16_33_3","31_18_2"
"28_33_3","55_6_2"
"32_33_3_0","0"
"32_33_3_1","63_2_2"
"34_33_3_0","0"
"34_33_3_1","67_0_2"
"13_33_4","25_21_3"
"15_33_4_0","0"
"15_33_4_1","29_19_3"
"16_33_4_0","0"
"16_33_4_1","0"
"16_33_4_2","31_18_3"
"20_33_4_0","0"
"20_33_4_1","39_14_3"
"31_33_4_0","0"
"31_33_4_1","61_3_3"
"34_33_4_0","0"
"34_33_4_1","67_0_3"
"6_33_5","11_28_4"
"11_33_5","21_23_4"
"12_33_5_0","0"
"12_33_5_1","23_22_4"
"16_33_5_0","0"
"16_33_5_1","0"
"16_33_5_2","31_18_4_1"
"16_33_5_3","31_18_4_0"
"34_33_5_0","0"
"34_33_5_1","67_0_4"
"4_33_6_0","7_30_5_1"
"4_33_6_1","7_30_5_0"
"6_33_6","11_28_5"
"10_33_6","19_24_5"
"13_33_6_0","0"
"13_33_6_1","25_21_5"
"14_33_6_0","0"
"14_33_6_1","0"
"14_33_6_2","27_20_5"
"16_33_6_0","0"
"16_33_6_1","0"
"16_33_6_2","31_18_5"
"20_33_6","39_14_5"
"34_33_6","67_0_5"
"2_33_7","3_32_6"
"3_33_7","5_31_6_0"
"4_33_7_0","0"
"4_33_7_1","7_30_6"
"6_33_7","11_28_6"
"8_33_7_0","0"
"8_33_7_1","15_26_6"
"11_33_7_0","0"
"11_33_7_1","0"
"11_33_7_2","21_23_6"
"14_33_7_0","0"
"14_33_7_1","0"
"14_33_7_2","27_20_6"
"20_33_7_0","0"
"20_33_7_1","39_14_6"
"24_33_7_0","0"
"24_33_7_1","47_10_6"
"34_33_7_0","0"
"34_33_7_1","67_0_6"
"2_33_8","3_32_7"
"4_33_8","7_30_7"
"5_33_8","9_29_7_0"
"8_33_8_0","0"
"8_33_8_1","15_26_7_1"
"8_33_8_2","15_26_7_0"
"23_33_8","45_11_7"
"34_33_8","67_0_7"
"4_33_9","7_30_8"
"6_33_9","11_28_8"
"8_33_9_0","0"
"8_33_9_1","15_26_8_1"
"8_33_9_2","15_26_8_0 + 15_26_8_1"
"34_33_9","67_0_8"
"2_33_10","3_32_9"
"4_33_10","7_30_9"
"5_33_10","9_29_9_0"
"6_33_10_0","0"
"6_33_10_1","11_28_9"
"8_33_10_0","0"
"8_33_10_1","15_26_9_1"
"8_33_10_2","15_26_9_0 + 15_26_9_1"
"12_33_10","23_22_9"
"34_33_10","67_0_9"
"3_33_11","5_31_10"
"4_33_11_0","0"
"4_33_11_1","7_30_10"
"6_33_11_0","0"
"6_33_11_1","11_28_10_0 + 11_28_10_1"
"6_33_11_2","11_28_10_1"
"12_33_11","23_22_10"
"16_33_11","31_18_10"
"34_33_11","67_0_10"
"4_33_12_0","7_30_11_0"
"4_33_12_1","7_30_11_1"
"6_33_12","11_28_11"
"9_33_12","17_25_11"
"15_33_12_0","0"
"15_33_12_1","29_19_11"
"34_33_12_0","0"
"34_33_12_1","67_0_11"
"2_33_13","3_32_12"
"4_33_13","7_30_12"
"34_33_13_0","0"
"34_33_13_1","67_0_12"
"3_33_14","5_31_13"
"4_33_14_0","0"
"4_33_14_1","7_30_13"
"34_33_14_0","0"
"34_33_14_1","67_0_13"
"2_33_15","3_32_14"
"4_33_15_0","0"
"4_33_15_1","7_30_14"
"8_33_15_0","0"
"8_33_15_1","15_26_14"
"34_33_15_0","0"
"34_33_15_1","67_0_14"
"2_33_16","3_32_15"
"7_33_16_0","0"
"7_33_16_1","13_27_15"
"34_33_16_0","0"
"34_33_16_1","67_0_15"
"3_33_17","5_31_16"
"34_33_17_0","0"
"34_33_17_1","67_0_16"
"34_33_18","67_0_17"
"34_33_19","67_0_18"
"34_33_20","67_0_19"
"34_33_21","67_0_20"
"34_33_22","67_0_21"
"34_33_23","67_0_22"
"34_33_24","67_0_23"
"34_33_25","67_0_24"
"34_33_26","67_0_25"
"34_33_27","67_0_26"
"34_33_28","67_0_27"
"34_33_29","67_0_28"
"34_33_30","67_0_29"
"34_33_31","67_0_30"
"34_33_32","67_0_31"
"34_33_33","67_0_32"
"34_33_34","67_0_33"
"34_33_35","67_0_34"
"34_33_36","67_0_35"
"34_33_37","67_0_36"
"34_33_38","67_0_37"
"34_33_39","67_0_38"
"34_33_40","67_0_39"
"34_33_41","67_0_40"
"34_33_42","67_0_41"
"34_33_43","67_0_42"
"34_33_44","67_0_43"
"34_33_45","67_0_44"
"34_33_46","67_0_45"
"34_33_47","67_0_46"
"34_33_48","67_0_47"
"34_33_49","67_0_48"
"34_33_50","67_0_49"
"34_33_51","67_0_50"
"34_33_52","67_0_51"
"34_33_53","67_0_52"
"34_33_54","67_0_53"
"34_33_55","67_0_54"
"34_33_56","67_0_55"
"34_33_57","67_0_56"
"34_33_58","67_0_57"
"34_33_59","67_0_58"
"34_33_60","67_0_59"
"34_33_61","67_0_60"
"34_33_62","67_0_61"
"34_33_63","67_0_62"
"34_33_64","67_0_63"
"34_33_65","67_0_64"
"34_33_66","67_0_65"
"34_33_67","67_0_66"
"28_34_2","55_7_1"
"32_34_2_0","0"
"32_34_2_1","63_3_1"
"20_34_3","39_15_2"
"27_34_3","53_8_2"
"28_34_3_0","0"
"28_34_3_1","55_7_2"
"29_34_3_0","0"
"29_34_3_1","57_6_2"
"32_34_3_0","0"
"32_34_3_1","0"
"32_34_3_2","63_3_2"
"14_34_4","27_21_3"
"16_34_4_0","0"
"16_34_4_1","31_19_3"
"20_34_4_0","0"
"20_34_4_1","39_15_3"
"26_34_4","51_9_3"
"27_34_4_0","0"
"27_34_4_1","53_8_3"
"28_34_4_0","0"
"28_34_4_1","0"
"28_34_4_2","55_7_3"
"32_34_4_0","0"
"32_34_4_1","0"
"32_34_4_2","63_3_3"
"12_34_5","23_23_4"
"13_34_5_0","0"
"13_34_5_1","25_22_4"
"20_34_5","39_15_4"
"26_34_5","51_9_4"
"28_34_5_0","0"
"28_34_5_1","55_7_4"
"6_34_6_0","11_29_5_0"
"6_34_6_1","11_29_5_1"
"11_34_6_0","0"
"11_34_6_1","21_24_5"
"14_34_6_0","0"
"14_34_6_1","27_21_5"
"18_34_6_0","0"
"18_34_6_1","35_17_5"
"20_34_6_0","0"
"20_34_6_1","39_15_5_0 + 39_15_5_1"
"20_34_6_2","39_15_5_1"
"24_34_6_0","0"
"24_34_6_1","47_11_5"
"4_34_7_0","7_31_6_1"
"4_34_7_1","7_31_6_0"
"6_34_7","11_29_6"
"12_34_7","23_23_6"
"18_34_7","35_17_6"
"19_34_7","37_16_6"
"20_34_7_0","0"
"20_34_7_1","39_15_6"
"21_34_7","41_14_6"
"24_34_7_0","0"
"24_34_7_1","47_11_6"
"2_34_8","3_33_7"
"3_34_8","5_32_7"
"4_34_8_0","0"
"4_34_8_1","7_31_7"
"6_34_8","11_29_7"
"18_34_8_0","0"
"18_34_8_1","35_17_7"
"19_34_8_0","0"
"19_34_8_1","37_16_7"
"20_34_8_0","0"
"20_34_8_1","0"
"20_34_8_2","39_15_7"
"24_34_8_0","0"
"24_34_8_1","0"
"24_34_8_2","47_11_7"
"4_34_9","7_31_8"
"6_34_9_0","0"
"6_34_9_1","11_29_8"
"12_34_9_0","0"
"12_34_9_1","23_23_8"
"18_34_9_0","0"
"18_34_9_1","35_17_8"
"20_34_9_0","0"
"20_34_9_1","0"
"20_34_9_2","39_15_8"
"3_34_10","5_32_9"
"4_34_10_0","0"
"4_34_10_1","7_31_9"
"6_34_10_0","0"
"6_34_10_1","11_29_9_0 + 11_29_9_1"
"6_34_10_2","11_29_9_0"
"10_34_10_0","0"
"10_34_10_1","19_25_9"
"12_34_10_0","0"
"12_34_10_1","23_23_9_1"
"12_34_10_2","23_23_9_0"
"16_34_10_0","0"
"16_34_10_1","31_19_9"
"4_34_11","7_31_10"
"6_34_11","11_29_10"
"7_34_11","13_28_10_0"
"10_34_11_0","0"
"10_34_11_1","19_25_10"
"11_34_11_0","0"
"11_34_11_1","21_24_10"
"12_34_11_0","0"
"12_34_11_1","0"
"12_34_11_2","23_23_10"
"13_34_11_0","0"
"13_34_11_1","25_22_10"
"16_34_11_0","0"
"16_34_11_1","0"
"16_34_11_2","31_19_10"
"2_34_12","3_33_11"
"5_34_12","9_30_11"
"6_34_12_0","0"
"6_34_12_1","11_29_11"
"10_34_12_0","0"
"10_34_12_1","19_25_11"
"11_34_12_0","0"
"11_34_12_1","21_24_11"
"12_34_12_0","0"
"12_34_12_1","0"
"12_34_12_2","23_23_11"
"16_34_12_0","0"
"16_34_12_1","0"
"16_34_12_2","31_19_11"
"3_34_13","5_32_12"
"4_34_13_0","0"
"4_34_13_1","7_31_12"
"6_34_13_0","0"
"6_34_13_1","11_29_12"
"10_34_13_0","0"
"10_34_13_1","19_25_12"
"12_34_13_0","0"
"12_34_13_1","0"
"12_34_13_2","23_23_12"
"4_34_14_0","7_31_13_1"
"4_34_14_1","7_31_13_0"
"8_34_14","15_27_13"
"2_34_15","3_33_14"
"3_34_15","5_32_14"
"4_34_15_0","0"
"4_34_15_1","7_31_14"
"5_34_15","9_30_14"
"8_34_15_0","0"
"8_34_15_1","15_27_14"
"2_34_16","3_33_15"
"3_34_16","5_32_15"
"4_34_16_0","0"
"4_34_16_1","7_31_15"
"8_34_16_0","0"
"8_34_16_1","15_27_15"
"2_34_17","3_33_16"
"4_34_17_0","0"
"4_34_17_1","7_31_16"
"2_34_18","3_33_17"
"36_35_2","71_0_1"
"20_35_3","39_16_2"
"28_35_3","55_8_2"
"30_35_3","59_6_2"
"36_35_3","71_0_2"
"12_35_4","23_24_3"
"18_35_4","35_18_3"
"19_35_4","37_17_3"
"22_35_4","43_14_3"
"27_35_4","53_9_3"
"28_35_4_0","0"
"28_35_4_1","55_8_3"
"36_35_4","71_0_3"
"6_35_5","11_30_4"
"10_35_5_0","0"
"10_35_5_1","19_26_4"
"14_35_5_0","0"
"14_35_5_1","27_22_4"
"16_35_5_0","0"
"16_35_5_1","0"
"16_35_5_2","31_20_4"
"18_35_5_0","0"
"18_35_5_1","0"
"18_35_5_2","35_18_4_1"
"27_35_5_0","0"
"27_35_5_1","53_9_4"
"36_35_5_0","0"
"36_35_5_1","71_0_4"
"4_35_6","7_32_5"
"10_35_6","19_26_5"
"12_35_6","23_24_5"
"15_35_6","29_21_5"
"16_35_6_0","0"
"16_35_6_1","31_20_5"
"18_35_6_0","0"
"18_35_6_1","35_18_5"
"22_35_6","43_14_5"
"36_35_6","71_0_5"
"4_35_7","7_32_6"
"6_35_7","11_30_6"
"7_35_7","13_29_6"
"10_35_7_0","0"
"10_35_7_1","19_26_6_1"
"10_35_7_2","19_26_6_0"
"13_35_7_0","0"
"13_35_7_1","25_23_6"
"16_35_7_0","0"
"16_35_7_1","0"
"16_35_7_2","31_20_6"
"20_35_7_0","0"
"20_35_7_1","39_16_6"
"22_35_7_0","0"
"22_35_7_1","43_14_6"
"36_35_7_0","0"
"36_35_7_1","71_0_6"
"4_35_8_0","7_32_7_0"
"4_35_8_1","7_32_7_1"
"6_35_8_0","0"
"6_35_8_1","11_30_7"
"10_35_8_0","0"
"10_35_8_1","19_26_7"
"19_35_8_0","0"
"19_35_8_1","37_17_7"
"20_35_8_0","0"
"20_35_8_1","0"
"20_35_8_2","39_16_7"
"36_35_8_0","0"
"36_35_8_1","71_0_7"
"2_35_9","3_34_8"
"3_35_9","5_33_8"
"4_35_9_0","0"
"4_35_9_1","7_32_8"
"6_35_9_0","0"
"6_35_9_1","11_30_8"
"8_35_9_0","0"
"8_35_9_1","15_28_8"
"10_35_9_0","0"
"10_35_9_1","0"
"10_35_9_2","19_26_8"
"19_35_9_0","0"
"19_35_9_1","37_17_8"
"36_35_9_0","0"
"36_35_9_1","71_0_8"
"4_35_10","7_32_9"
"6_35_10","11_30_9"
"7_35_10","13_29_9_0"
"8_35_10_0","0"
"8_35_10_1","15_28_9"
"10_35_10_0","0"
"10_35_10_1","19_26_9"
"14_35_10","27_22_9"
"36_35_10","71_0_9"
"2_35_11","3_34_10"
"4_35_11","7_32_10"
"5_35_11","9_31_10"
"6_35_11_0","0"
"6_35_11_1","11_30_10"
"8_35_11_0","0"
"8_35_11_1","15_28_10"
"12_35_11","23_24_10"
"14_35_11","27_22_10"
"36_35_11","71_0_10"
"3_35_12","5_33_11"
"4_35_12_0","0"
"4_35_12_1","7_32_11"
"6_35_12_0","0"
"6_35_12_1","11_30_11"
"11_35_12","21_25_11"
"12_35_12_0","0"
"12_35_12_1","23_24_11"
"36_35_12","71_0_11"
"4_35_13","7_32_12"
"11_35_13","21_25_12"
"36_35_13","71_0_12"
"2_35_14","3_34_13"
"6_35_14","11_30_13"
"36_35_14","71_0_13"
"4_35_15_0","7_32_14_1"
"4_35_15_1","7_32_14_0"
"6_35_15","11_30_14"
"36_35_15","71_0_14"
"2_35_16","3_34_15"
"3_35_16","5_33_15"
"4_35_16_0","0"
"4_35_16_1","7_32_15_1"
"4_35_16_2","7_32_15_0"
"36_35_16","71_0_15"
"2_35_17","3_34_16"
"3_35_17","5_33_16"
"5_35_17","9_31_16"
"36_35_17_0","0"
"36_35_17_1","71_0_16"
"2_35_18","3_34_17"
"3_35_18","5_33_17"
"36_35_18_0","0"
"36_35_18_1","71_0_17"
"2_35_19","3_34_18"
"36_35_19_0","0"
"36_35_19_1","71_0_18"
"36_35_20","71_0_19"
"36_35_21","71_0_20"
"36_35_22","71_0_21"
"36_35_23","71_0_22"
"36_35_24","71_0_23"
"36_35_25","71_0_24"
"36_35_26","71_0_25"
"36_35_27","71_0_26"
"36_35_28","71_0_27"
"36_35_29","71_0_28"
"36_35_30","71_0_29"
"36_35_31","71_0_30"
"36_35_32","71_0_31"
"36_35_33","71_0_32"
"36_35_34","71_0_33"
"36_35_35","71_0_34"
"36_35_36","71_0_35"
"36_35_37","71_0_36"
"36_35_38","71_0_37"
"36_35_39","71_0_38"
"36_35_40","71_0_39"
"36_35_41","71_0_40"
"36_35_42","71_0_41"
"36_35_43","71_0_42"
"36_35_44","71_0_43"
"36_35_45","71_0_44"
"36_35_46","71_0_45"
"36_35_47","71_0_46"
"36_35_48","71_0_47"
"36_35_49","71_0_48"
"36_35_50","71_0_49"
"36_35_51","71_0_50"
"36_35_52","71_0_51"
"36_35_53","71_0_52"
"36_35_54","71_0_53"
"36_35_55","71_0_54"
"36_35_56","71_0_55"
"36_35_57","71_0_56"
"36_35_58","71_0_57"
"36_35_59","71_0_58"
"36_35_60","71_0_59"
"36_35_61","71_0_60"
"36_35_62","71_0_61"
"36_35_63","71_0_62"
"36_35_64","71_0_63"
"36_35_65","71_0_64"
"36_36_2","71_1_1"
"22_36_3","43_15_2"
"30_36_3","59_7_2"
"34_36_3","67_3_2"
"35_36_3","69_2_2"
"16_36_4","31_21_3"
"20_36_4","39_17_3"
"22_36_4","43_15_3"
"28_36_4","55_9_3"
"30_36_4","59_7_3"
"34_36_4","67_3_3"
"7_36_5","13_30_4"
"8_36_5_0","0"
"8_36_5_1","15_29_4"
"10_36_5_0","0"
"10_36_5_1","19_27_4"
"12_36_5_0","0"
"12_36_5_1","23_25_4"
"15_36_5_0","0"
"15_36_5_1","29_22_4"
"19_36_5","37_18_4_1"
"22_36_5","43_15_4"
"28_36_5","55_9_4"
"30_36_5","59_7_4"
"4_36_6","7_33_5"
"6_36_6","11_31_5"
"8_36_6_0","0"
"8_36_6_1","15_29_5"
"10_36_6_0","0"
"10_36_6_1","19_27_5"
"14_36_6_0","0"
"14_36_6_1","27_23_5"
"16_36_6_0","0"
"16_36_6_1","0"
"16_36_6_2","31_21_5"
"20_36_6_0","0"
"20_36_6_1","39_17_5"
"22_36_6_0","0"
"22_36_6_1","43_15_5_0 + 43_15_5_1"
"26_36_6_0","0"
"26_36_6_1","51_11_5"
"28_36_6_0","0"
"28_36_6_1","0"
"28_36_6_2","55_9_5"
"8_36_7","15_29_6"
"11_36_7","21_26_6"
"14_36_7_0","0"
"14_36_7_1","27_23_6"
"20_36_7","39_17_6"
"22_36_7","43_15_6"
"26_36_7","51_11_6"
"27_36_7","53_10_6"
"4_36_8","7_33_7"
"8_36_8_0","15_29_7_1"
"8_36_8_1","15_29_7_0"
"20_36_8","39_17_7"
"22_36_8","43_15_7"
"26_36_8","51_11_7"
"4_36_9","7_33_8"
"6_36_9","11_31_8"
"8_36_9_0","0"
"8_36_9_1","15_29_8_0 + 15_29_8_1"
"8_36_9_2","15_29_8_1"
"14_36_9","27_23_8"
"20_36_9","39_17_8"
"22_36_9","43_15_8"
"2_36_10","3_35_9"
"4_36_10","7_33_9"
"5_36_10","9_32_9_0"
"6_36_10_0","0"
"6_36_10_1","11_31_9"
"8_36_10_0","0"
"8_36_10_1","15_29_9"
"12_36_10","23_25_9"
"14_36_10","27_23_9_1"
"18_36_10","35_19_9"
"20_36_10_0","0"
"20_36_10_1","39_17_9"
"3_36_11","5_34_10"
"4_36_11_0","0"
"4_36_11_1","7_33_10"
"6_36_11_0","0"
"6_36_11_1","11_31_10"
"12_36_11","23_25_10"
"14_36_11","27_23_10"
"18_36_11","35_19_10"
"19_36_11","37_18_10"
"4_36_12","7_33_11"
"7_36_12","13_30_11"
"12_36_12_0","0"
"12_36_12_1","23_25_11"
"14_36_12_0","0"
"14_36_12_1","27_23_11"
"18_36_12_0","0"
"18_36_12_1","35_19_11"
"2_36_13","3_35_12"
"5_36_13","9_32_12"
"12_36_13_0","0"
"12_36_13_1","23_25_12"
"14_36_13_0","0"
"14_36_13_1","27_23_12"
"3_36_14","5_34_13"
"4_36_14_0","0"
"4_36_14_1","7_33_13"
"6_36_14_0","0"
"6_36_14_1","11_31_13_1"
"10_36_14_0","0"
"10_36_14_1","19_27_13"
"12_36_14_0","0"
"12_36_14_1","0"
"12_36_14_2","23_25_13"
"4_36_15","7_33_14"
"6_36_15","11_31_14"
"10_36_15","19_27_14"
"11_36_15","21_26_14"
"4_36_16","7_33_15"
"6_36_16","11_31_15"
"10_36_16","19_27_15"
"2_36_17","3_35_16"
"4_36_17_0","7_33_16_1"
"4_36_17_1","7_33_16_0"
"6_36_17","11_31_16"
"2_36_18","3_35_17"
"3_36_18","5_34_17"
"4_36_18_0","0"
"4_36_18_1","7_33_17"
"2_36_19","3_35_18"
"3_36_19","5_34_18"
"2_36_20","3_35_19"
"38_37_2","75_0_1"
"24_37_3","47_14_2"
"32_37_3_0","0"
"32_37_3_1","63_6_2"
"36_37_3_0","0"
"36_37_3_1","71_2_2"
"38_37_3_0","0"
"38_37_3_1","75_0_2"
"8_37_4","15_30_3"
"12_37_4","23_26_3"
"20_37_4","39_18_3"
"24_37_4","47_14_3"
"29_37_4","57_9_3"
"35_37_4","69_3_3"
"38_37_4","75_0_3"
"8_37_5_0","15_30_4_0 + 15_30_4_1"
"8_37_5_1","15_30_4_0"
"12_37_5","23_26_4"
"15_37_5","29_23_4"
"16_37_5_0","0"
"16_37_5_1","31_22_4"
"20_37_5_0","0"
"20_37_5_1","39_18_4_1"
"24_37_5_0","0"
"24_37_5_1","47_14_4"
"38_37_5_0","0"
"38_37_5_1","75_0_4"
"5_37_6","9_33_5"
"7_37_6_0","0"
"7_37_6_1","13_31_5"
"8_37_6_0","0"
"8_37_6_1","0"
"8_37_6_2","15_30_5"
"12_37_6_0","0"
"12_37_6_1","23_26_5"
"14_37_6_0","0"
"14_37_6_1","27_24_5"
"18_37_6_0","0"
"18_37_6_1","35_20_5"
"20_37_6_0","0"
"20_37_6_1","39_18_5"
"23_37_6_0","0"
"23_37_6_1","45_15_5_0"
"24_37_6_0","0"
"24_37_6_1","0"
"24_37_6_2","47_14_5"
"38_37_6_0","0"
"38_37_6_1","75_0_5"
"4_37_7","7_34_6"
"8_37_7_0","0"
"8_37_7_1","15_30_6"
"10_37_7_0","0"
"10_37_7_1","0"
"10_37_7_2","19_28_6"
"12_37_7_0","0"
"12_37_7_1","0"
"12_37_7_2","23_26_6"
"18_37_7_0","0"
"18_37_7_1","0"
"18_37_7_2","35_20_6"
"22_37_7_0","0"
"22_37_7_1","0"
"22_37_7_2","43_16_6"
"24_37_7_0","0"
"24_37_7_1","0"
"24_37_7_2","0"
"24_37_7_3","47_14_6"
"28_37_7_0","0"
"28_37_7_1","0"
"28_37_7_2","55_10_6"
"38_37_7_0","0"
"38_37_7_1","0"
"38_37_7_2","75_0_6"
"5_37_8","9_33_7_0 + 9_33_7_1"
"6_37_8_0","0"
"6_37_8_1","11_32_7"
"8_37_8_0","0"
"8_37_8_1","0"
"8_37_8_2","15_30_7_0"
"8_37_8_3","15_30_7_1"
"10_37_8_0","0"
"10_37_8_1","0"
"10_37_8_2","19_28_7"
"21_37_8_0","0"
"21_37_8_1","0"
"21_37_8_2","41_17_7"
"27_37_8_0","0"
"27_37_8_1","0"
"27_37_8_2","53_11_7"
"38_37_8_0","0"
"38_37_8_1","0"
"38_37_8_2","75_0_7"
"4_37_9","7_34_8"
"6_37_9_0","0"
"6_37_9_1","11_32_8_0"
"6_37_9_2","11_32_8_1"
"8_37_9_0","0"
"8_37_9_1","15_30_8"
"12_37_9_0","0"
"12_37_9_1","23_26_8"
"16_37_9_0","0"
"16_37_9_1","31_22_8"
"38_37_9_0","0"
"38_37_9_1","75_0_8"
"3_37_10","5_35_9"
"4_37_10_0","0"
"4_37_10_1","7_34_9"
"6_37_10_0","0"
"6_37_10_1","11_32_9_1"
"6_37_10_2","11_32_9_0"
"8_37_10_0","0"
"8_37_10_1","15_30_9"
"10_37_10_0","0"
"10_37_10_1","19_28_9"
"12_37_10_0","0"
"12_37_10_1","23_26_9"
"15_37_10_0","0"
"15_37_10_1","29_23_9_0"
"16_37_10_0","0"
"16_37_10_1","0"
"16_37_10_2","31_22_9"
"38_37_10_0","0"
"38_37_10_1","75_0_9"
"4_37_11","7_34_10"
"6_37_11","11_32_10"
"7_37_11","13_31_10"
"8_37_11_0","0"
"8_37_11_1","15_30_10"
"10_37_11_0","0"
"10_37_11_1","19_28_10"
"14_37_11_0","0"
"14_37_11_1","27_24_10"
"16_37_11_0","0"
"16_37_11_1","0"
"16_37_11_2","31_22_10"
"20_37_11_0","0"
"20_37_11_1","39_18_10"
"38_37_11_0","0"
"38_37_11_1","75_0_10"
"2_37_12","3_36_11"
"4_37_12","7_34_11"
"8_37_12_0","0"
"8_37_12_1","15_30_11"
"13_37_12_0","0"
"13_37_12_1","25_25_11"
"19_37_12_0","0"
"19_37_12_1","37_19_11"
"38_37_12_0","0"
"38_37_12_1","75_0_11"
"3_37_13","5_35_12"
"4_37_13_0","0"
"4_37_13_1","7_34_12"
"8_37_13_0","0"
"8_37_13_1","15_30_12"
"38_37_13_0","0"
"38_37_13_1","75_0_12"
"4_37_14","7_34_13"
"7_37_14","13_31_13_0"
"8_37_14_0","0"
"8_37_14_1","15_30_13"
"38_37_14","75_0_13"
"2_37_15","3_36_14"
"6_37_15","11_32_14"
"8_37_15_0","0"
"8_37_15_1","15_30_14"
"12_37_15","23_26_14"
"38_37_15","75_0_14"
"4_37_16","7_34_15"
"5_37_16","9_33_15_0"
"11_37_16","21_27_15"
"38_37_16","75_0_15"
"4_37_17","7_34_16"
"38_37_17","75_0_16"
"4_37_18","7_34_17"
"38_37_18","75_0_17"
"2_37_19","3_36_18"
"4_37_19","7_34_18"
"38_37_19","75_0_18"
"2_37_20","3_36_19"
"3_37_20","5_35_19"
"38_37_20","75_0_19"
"38_37_21","75_0_20"
"38_37_22","75_0_21"
"38_37_23","75_0_22"
"38_37_24","75_0_23"
"38_37_25","75_0_24"
"38_37_26","75_0_25"
"38_37_27","75_0_26"
"38_37_28","75_0_27"
"38_37_29","75_0_28"
"38_37_30","75_0_29"
"38_37_31","75_0_30"
"38_37_32","75_0_31"
"38_37_33","75_0_32"
"38_37_34","75_0_33"
"38_37_35","75_0_34"
"38_37_36","75_0_35"
"38_37_37","75_0_36"
"38_37_38","75_0_37"
"38_37_39","75_0_38"
"38_37_40","75_0_39"
"38_37_41","75_0_40"
"38_37_42","75_0_41"
"38_37_43","75_0_42"
"38_37_44","75_0_43"
"38_37_45","75_0_44"
"38_37_46","75_0_45"
"38_37_47","75_0_46"
"38_37_48","75_0_47"
"38_37_49","75_0_48"
"38_37_50","75_0_49"
"38_37_51","75_0_50"
"38_37_52","75_0_51"
"38_37_53","75_0_52"
"38_37_54","75_0_53"
"38_37_55","75_0_54"
"38_37_56","75_0_55"
"38_37_57","75_0_56"
"38_37_58","75_0_57"
"38_37_59","75_0_58"
"38_37_60","75_0_59"
"38_37_61","75_0_60"
"38_37_62","75_0_61"
"38_37_63","75_0_62"
"24_38_2","47_15_1"
"32_38_2_0","0"
"32_38_2_1","63_7_1"
"23_38_3","45_16_2"
"24_38_3_0","0"
"24_38_3_1","47_15_2"
"31_38_3_0","0"
"31_38_3_1","61_8_2"
"32_38_3_0","0"
"32_38_3_1","0"
"32_38_3_2","63_7_2"
"36_38_3_0","0"
"36_38_3_1","0"
"36_38_3_2","71_3_2"
"8_38_4","15_31_3"
"12_38_4","23_27_3"
"18_38_4","35_21_3"
"22_38_4_0","0"
"22_38_4_1","43_17_3"
"24_38_4_0","0"
"24_38_4_1","0"
"24_38_4_2","47_15_3"
"25_38_4_0","0"
"25_38_4_1","0"
"25_38_4_2","49_14_3"
"30_38_4_0","0"
"30_38_4_1","0"
"30_38_4_2","0"
"30_38_4_3","59_9_3"
"32_38_4_0","0"
"32_38_4_1","0"
"32_38_4_2","0"
"32_38_4_3","0"
"32_38_4_4","63_7_3"
"36_38_4_0","0"
"36_38_4_1","0"
"36_38_4_2","0"
"36_38_4_3","71_3_3"
"7_38_5","13_32_4"
"8_38_5_0","0"
"8_38_5_1","15_31_4"
"10_38_5","19_29_4"
"11_38_5","21_28_4"
"16_38_5","31_23_4"
"21_38_5","41_18_4_1"
"22_38_5_0","0"
"22_38_5_1","43_17_4"
"24_38_5_0","0"
"24_38_5_1","0"
"24_38_5_2","47_15_4"
"32_38_5_0","0"
"32_38_5_1","0"
"32_38_5_2","63_7_4"
"4_38_6","7_35_5"
"6_38_6_0","0"
"6_38_6_1","11_33_5"
"8_38_6_0","0"
"8_38_6_1","15_31_5_1"
"8_38_6_2","15_31_5_0 + 15_31_5_1"
"9_38_6_0","0"
"9_38_6_1","0"
"9_38_6_2","0"
"9_38_6_3","17_30_5"
"10_38_6_0","0"
"10_38_6_1","0"
"10_38_6_2","0"
"10_38_6_3","0"
"10_38_6_4","19_29_5"
"15_38_6_0","0"
"15_38_6_1","0"
"15_38_6_2","0"
"15_38_6_3","29_24_5"
"16_38_6_0","0"
"16_38_6_1","0"
"16_38_6_2","0"
"16_38_6_3","0"
"16_38_6_4","31_23_5"
"21_38_6_0","0"
"21_38_6_1","0"
"21_38_6_2","41_18_5"
"22_38_6_0","0"
"22_38_6_1","0"
"22_38_6_2","0"
"22_38_6_3","43_17_5"
"24_38_6_0","0"
"24_38_6_1","0"
"24_38_6_2","0"
"24_38_6_3","47_15_5_0 + 47_15_5_1"
"24_38_6_4","47_15_5_1"
"3_38_7","5_36_6"
"5_38_7","9_34_6"
"6_38_7_0","0"
"6_38_7_1","11_33_6"
"7_38_7_0","0"
"7_38_7_1","13_32_6_1"
"7_38_7_2","13_32_6_0 + 13_32_6_1"
"10_38_7_0","0"
"10_38_7_1","19_29_6"
"13_38_7_0","0"
"13_38_7_1","25_26_6"
"16_38_7_0","0"
"16_38_7_1","0"
"16_38_7_2","31_23_6"
"19_38_7_0","0"
"19_38_7_1","37_20_6"
"22_38_7_0","0"
"22_38_7_1","0"
"22_38_7_2","43_17_6"
"23_38_7_0","0"
"23_38_7_1","0"
"23_38_7_2","45_16_6"
"24_38_7_0","0"
"24_38_7_1","0"
"24_38_7_2","0"
"24_38_7_3","47_15_6"
"28_38_7_0","0"
"28_38_7_1","0"
"28_38_7_2","55_11_6"
"4_38_8","7_35_7"
"6_38_8_0","0"
"6_38_8_1","11_33_7_1"
"6_38_8_2","11_33_7_2"
"6_38_8_3","11_33_7_0"
"10_38_8_0","0"
"10_38_8_1","19_29_7_1"
"10_38_8_2","19_29_7_0 + 19_29_7_1"
"16_38_8_0","0"
"16_38_8_1","0"
"16_38_8_2","31_23_7"
"22_38_8_0","0"
"22_38_8_1","0"
"22_38_8_2","43_17_7"
"24_38_8_0","0"
"24_38_8_1","0"
"24_38_8_2","47_15_7"
"28_38_8_0","0"
"28_38_8_1","0"
"28_38_8_2","55_11_7"
"3_38_9","5_36_8"
"4_38_9_0","0"
"4_38_9_1","7_35_8"
"6_38_9_0","0"
"6_38_9_1","11_33_8"
"8_38_9_0","0"
"8_38_9_1","15_31_8_1"
"8_38_9_2","15_31_8_0 + 15_31_8_1"
"10_38_9_0","0"
"10_38_9_1","0"
"10_38_9_2","19_29_8_0"
"10_38_9_3","19_29_8_0 + 19_29_8_1"
"14_38_9_0","0"
"14_38_9_1","27_25_8"
"16_38_9_0","0"
"16_38_9_1","0"
"16_38_9_2","31_23_8"
"24_38_9_0","0"
"24_38_9_1","0"
"24_38_9_2","47_15_8"
"4_38_10","7_35_9"
"6_38_10","11_33_9"
"7_38_10","13_32_9_0"
"8_38_10_0","0"
"8_38_10_1","15_31_9_1"
"8_38_10_2","15_31_9_0 + 15_31_9_1"
"10_38_10_0","0"
"10_38_10_1","19_29_9"
"13_38_10","25_26_9"
"14_38_10_0","0"
"14_38_10_1","27_25_9"
"16_38_10_0","0"
"16_38_10_1","31_23_9_1"
"16_38_10_2","31_23_9_0"
"2_38_11","3_37_10"
"4_38_11","7_35_10"
"5_38_11","9_34_10"
"8_38_11_0","0"
"8_38_11_1","15_31_10_0 + 15_31_10_1"
"8_38_11_2","15_31_10_0"
"11_38_11","21_28_10"
"14_38_11_0","0"
"14_38_11_1","27_25_10"
"15_38_11_0","0"
"15_38_11_1","29_24_10"
"16_38_11_0","0"
"16_38_11_1","0"
"16_38_11_2","31_23_10"
"20_38_11_0","0"
"20_38_11_1","39_19_10"
"3_38_12","5_36_11"
"4_38_12_0","0"
"4_38_12_1","7_35_11"
"8_38_12_0","0"
"8_38_12_1","15_31_11"
"9_38_12","17_30_11"
"14_38_12_0","0"
"14_38_12_1","27_25_11"
"16_38_12_0","0"
"16_38_12_1","31_23_11"
"20_38_12_0","0"
"20_38_12_1","39_19_11"
"4_38_13","7_35_12"
"6_38_13","11_33_12"
"8_38_13_0","0"
"8_38_13_1","15_31_12"
"16_38_13_0","0"
"16_38_13_1","31_23_12"
"2_38_14","3_37_13"
"5_38_14","9_34_13"
"6_38_14_0","0"
"6_38_14_1","11_33_13"
"8_38_14_0","0"
"8_38_14_1","15_31_13_1"
"8_38_14_2","15_31_13_0"
"3_38_15","5_36_14"
"6_38_15_0","0"
"6_38_15_1","11_33_14"
"7_38_15_0","0"
"7_38_15_1","13_32_14"
"8_38_15_0","0"
"8_38_15_1","0"
"8_38_15_2","15_31_14"
"12_38_15_0","0"
"12_38_15_1","23_27_14"
"6_38_16","11_33_15"
"7_38_16","13_32_15"
"8_38_16_0","0"
"8_38_16_1","15_31_15"
"12_38_16_0","0"
"12_38_16_1","23_27_15"
"6_38_17","11_33_16"
"8_38_17_0","0"
"8_38_17_1","15_31_16"
"4_38_18","7_35_17"
"4_38_19","7_35_18"
"4_38_20","7_35_19"
"2_38_21","3_37_20"
"40_39_2","79_0_1"
"22_39_3","43_18_2"
"24_39_3_0","0"
"24_39_3_1","47_16_2"
"26_39_3_0","0"
"26_39_3_1","51_14_2"
"32_39_3_0","0"
"32_39_3_1","0"
"32_39_3_2","63_8_2"
"40_39_3_0","0"
"40_39_3_1","79_0_2"
"10_39_4","19_30_3"
"21_39_4","41_19_3"
"22_39_4_0","0"
"22_39_4_1","43_18_3"
"23_39_4_0","0"
"23_39_4_1","45_17_3"
"26_39_4_0","0"
"26_39_4_1","51_14_3"
"31_39_4_0","0"
"31_39_4_1","61_9_3"
"32_39_4_0","0"
"32_39_4_1","0"
"32_39_4_2","63_8_3"
"40_39_4_0","0"
"40_39_4_1","79_0_3"
"8_39_5_0","15_32_4_0"
"8_39_5_1","15_32_4_1"
"10_39_5_0","0"
"10_39_5_1","19_30_4"
"22_39_5_0","0"
"22_39_5_1","43_18_4_1"
"22_39_5_2","43_18_4_0 + 43_18_4_1"
"31_39_5_0","0"
"31_39_5_1","61_9_4"
"40_39_5_0","0"
"40_39_5_1","79_0_4"
"4_39_6","7_36_5"
"7_39_6_0","0"
"7_39_6_1","13_33_5_0 + 13_33_5_1"
"8_39_6_0","0"
"8_39_6_1","0"
"8_39_6_2","15_32_5"
"10_39_6","19_30_5"
"16_39_6","31_24_5"
"20_39_6","39_20_5"
"22_39_6","43_18_5"
"26_39_6","51_14_5"
"40_39_6","79_0_5"
"3_39_7","5_37_6"
"4_39_7_0","0"
"4_39_7_1","7_36_6"
"6_39_7_0","0"
"6_39_7_1","11_34_6_1"
"6_39_7_2","11_34_6_0"
"8_39_7_0","0"
"8_39_7_1","0"
"8_39_7_2","15_32_6_1"
"8_39_7_3","15_32_6_0"
"14_39_7_0","0"
"14_39_7_1","27_26_6"
"20_39_7_0","0"
"20_39_7_1","39_20_6"
"24_39_7_0","0"
"24_39_7_1","47_16_6"
"26_39_7_0","0"
"26_39_7_1","51_14_6"
"40_39_7_0","0"
"40_39_7_1","79_0_6"
"2_39_8","3_38_7"
"3_39_8","5_37_7"
"7_39_8","13_33_7_0"
"8_39_8_0","0"
"8_39_8_1","15_32_7_1"
"8_39_8_2","15_32_7_0"
"10_39_8_0","0"
"10_39_8_1","19_30_7"
"23_39_8","45_17_7"
"24_39_8_0","0"
"24_39_8_1","47_16_7"
"40_39_8","79_0_7"
"3_39_9","5_37_8"
"6_39_9_0","0"
"6_39_9_1","11_34_8"
"8_39_9_0","0"
"8_39_9_1","0"
"8_39_9_2","15_32_8_1"
"8_39_9_3","15_32_8_0"
"10_39_9_0","0"
"10_39_9_1","0"
"10_39_9_2","19_30_8"
"14_39_9_0","0"
"14_39_9_1","27_26_8"
"23_39_9_0","0"
"23_39_9_1","45_17_8"
"40_39_9_0","0"
"40_39_9_1","79_0_8"
"2_39_10","3_38_9"
"4_39_10","7_36_9"
"5_39_10","9_35_9_0"
"6_39_10_0","0"
"6_39_10_1","11_34_9"
"8_39_10_0","0"
"8_39_10_1","15_32_9_1"
"8_39_10_2","15_32_9_0 + 15_32_9_1"
"10_39_10","19_30_9"
"12_39_10","23_28_9"
"14_39_10","27_26_9"
"18_39_10","35_22_9"
"40_39_10","79_0_9"
"3_39_11","5_37_10"
"4_39_11_0","0"
"4_39_11_1","7_36_10"
"6_39_11_0","0"
"6_39_11_1","11_34_10"
"8_39_11_0","0"
"8_39_11_1","15_32_10"
"10_39_11","19_30_10"
"12_39_11","23_28_10"
"16_39_11","31_24_10"
"18_39_11","35_22_10"
"40_39_11","79_0_10"
"4_39_12","7_36_11"
"6_39_12_0","11_34_11_1"
"6_39_12_1","11_34_11_0"
"8_39_12_0","0"
"8_39_12_1","15_32_11"
"10_39_12_0","0"
"10_39_12_1","19_30_11"
"15_39_12_0","0"
"15_39_12_1","29_25_11"
"16_39_12_0","0"
"16_39_12_1","0"
"16_39_12_2","31_24_11"
"40_39_12_0","0"
"40_39_12_1","79_0_11"
"2_39_13","3_38_12"
"4_39_13","7_36_12"
"6_39_13_0","0"
"6_39_13_1","11_34_12_0"
"6_39_13_2","11_34_12_0 + 11_34_12_1"
"15_39_13_0","0"
"15_39_13_1","29_25_12"
"40_39_13_0","0"
"40_39_13_1","79_0_12"
"3_39_14","5_37_13"
"4_39_14_0","0"
"4_39_14_1","7_36_13"
"6_39_14_0","0"
"6_39_14_1","11_34_13_1"
"6_39_14_2","11_34_13_0"
"10_39_14_0","0"
"10_39_14_1","19_30_13"
"40_39_14_0","0"
"40_39_14_1","79_0_13"
"4_39_15","7_36_14"
"6_39_15","11_34_14"
"8_39_15","15_32_14"
"10_39_15","19_30_14"
"14_39_15","27_26_14"
"40_39_15_0","0"
"40_39_15_1","79_0_14"
"2_39_16","3_38_15"
"7_39_16","13_33_15"
"8_39_16_0","0"
"8_39_16_1","15_32_15"
"13_39_16","25_27_15"
"40_39_16_0","0"
"40_39_16_1","79_0_15"
"3_39_17","5_37_16"
"7_39_17_0","0"
"7_39_17_1","13_33_16"
"9_39_17_0","0"
"9_39_17_1","17_31_16"
"40_39_17_0","0"
"40_39_17_1","0"
"40_39_17_2","79_0_16"
"7_39_18","13_33_17"
"40_39_18_0","0"
"40_39_18_1","79_0_17"
"6_39_19","11_34_18"
"40_39_19_0","0"
"40_39_19_1","79_0_18"
"5_39_20","9_35_19"
"40_39_20_0","0"
"40_39_20_1","79_0_19"
"40_39_21","79_0_20"
"40_39_22","79_0_21"
"40_39_23","79_0_22"
"40_39_24","79_0_23"
"40_39_25","79_0_24"
"40_39_26","79_0_25"
"40_39_27","79_0_26"
"40_39_28","79_0_27"
"40_39_29","79_0_28"
"40_39_30","79_0_29"
"40_39_31","79_0_30"
"40_39_32","79_0_31"
"40_39_33","79_0_32"
"40_39_34","79_0_33"
"40_39_35","79_0_34"
"40_39_36","79_0_35"
"40_39_37","79_0_36"
"40_39_38","79_0_37"
"40_39_39","79_0_38"
"40_39_40","79_0_39"
"40_39_41","79_0_40"
"40_39_42","79_0_41"
"40_39_43","79_0_42"
"40_39_44","79_0_43"
"40_39_45","79_0_44"
"40_39_46","79_0_45"
"40_39_47","79_0_46"
"40_39_48","79_0_47"
"40_39_49","79_0_48"
"40_39_50","79_0_49"
"40_39_51","79_0_50"
"40_39_52","79_0_51"
"40_39_53","79_0_52"
"40_39_54","79_0_53"
"40_39_55","79_0_54"
"40_39_56","79_0_55"
"40_39_57","79_0_56"
"40_39_58","79_0_57"
"40_39_59","79_0_58"
"40_39_60","79_0_59"
"40_39_61","79_0_60"
"40_40_2","79_1_1"
"26_40_3","51_15_2"
"34_40_3","67_7_2"
"38_40_3","75_3_2"
"39_40_3","77_2_2"
"12_40_4","23_29_3"
"20_40_4_0","0"
"20_40_4_1","39_21_3"
"22_40_4_0","0"
"22_40_4_1","0"
"22_40_4_2","43_19_3"
"24_40_4_0","0"
"24_40_4_1","0"
"24_40_4_2","0"
"24_40_4_3","47_17_3"
"26_40_4_0","0"
"26_40_4_1","0"
"26_40_4_2","0"
"26_40_4_3","51_15_3"
"32_40_4_0","0"
"32_40_4_1","0"
"32_40_4_2","0"
"32_40_4_3","63_9_3"
"34_40_4_0","0"
"34_40_4_1","0"
"34_40_4_2","0"
"34_40_4_3","67_7_3"
"38_40_4_0","0"
"38_40_4_1","0"
"38_40_4_2","75_3_3"
"8_40_5_0","15_33_4_0"
"8_40_5_1","15_33_4_1"
"12_40_5_0","0"
"12_40_5_1","23_29_4"
"19_40_5_0","0"
"19_40_5_1","37_22_4"
"23_40_5_0","0"
"23_40_5_1","0"
"23_40_5_2","45_18_4_1"
"24_40_5_0","0"
"24_40_5_1","0"
"24_40_5_2","0"
"24_40_5_3","47_17_4"
"26_40_5_0","0"
"26_40_5_1","0"
"26_40_5_2","0"
"26_40_5_3","51_15_4"
"32_40_5_0","0"
"32_40_5_1","0"
"32_40_5_2","0"
"32_40_5_3","63_9_4"
"34_40_5_0","0"
"34_40_5_1","0"
"34_40_5_2","67_7_4"
"6_40_6","11_35_5"
"7_40_6_0","0"
"7_40_6_1","13_34_5_1"
"8_40_6_0","0"
"8_40_6_1","0"
"8_40_6_2","15_33_5_0 + 15_33_5_1"
"8_40_6_3","15_33_5_0"
"18_40_6_0","0"
"18_40_6_1","35_23_5"
"20_40_6_0","0"
"20_40_6_1","0"
"20_40_6_2","39_21_5"
"23_40_6_0","0"
"23_40_6_1","0"
"23_40_6_2","45_18_5"
"24_40_6_0","0"
"24_40_6_1","0"
"24_40_6_2","0"
"24_40_6_3","47_17_5"
"26_40_6_0","0"
"26_40_6_1","0"
"26_40_6_2","0"
"26_40_6_3","51_15_5_0 + 51_15_5_1"
"30_40_6_0","0"
"30_40_6_1","0"
"30_40_6_2","59_11_5"
"32_40_6_0","0"
"32_40_6_1","0"
"32_40_6_2","0"
"32_40_6_3","63_9_5"
"4_40_7_0","7_37_6_0"
"4_40_7_1","7_37_6_0 + 7_37_6_1"
"7_40_7_0","0"
"7_40_7_1","13_34_6"
"8_40_7_0","0"
"8_40_7_1","0"
"8_40_7_2","15_33_6_0"
"8_40_7_3","15_33_6_0 + 15_33_6_1"
"18_40_7","35_23_6"
"21_40_7","41_20_6"
"24_40_7_0","0"
"24_40_7_1","47_17_6"
"26_40_7_0","0"
"26_40_7_1","51_15_6"
"30_40_7","59_11_6"
"31_40_7","61_10_6"
"2_40_8","3_39_7"
"3_40_8","5_38_7"
"4_40_8_0","0"
"4_40_8_1","7_37_7"
"6_40_8_0","11_35_7_1"
"6_40_8_1","11_35_7_0"
"8_40_8_0","0"
"8_40_8_1","15_33_7_1"
"8_40_8_2","15_33_7_0"
"18_40_8_0","0"
"18_40_8_1","35_23_7"
"24_40_8_0","0"
"24_40_8_1","0"
"24_40_8_2","47_17_7"
"26_40_8_0","0"
"26_40_8_1","51_15_7"
"30_40_8_0","0"
"30_40_8_1","59_11_7"
"2_40_9","3_39_8"
"4_40_9_0","7_37_8_0 + 7_37_8_1"
"4_40_9_1","7_37_8_1"
"6_40_9_0","0"
"6_40_9_1","11_35_8_0"
"6_40_9_2","11_35_8_0 + 11_35_8_1"
"12_40_9","23_29_8"
"16_40_9","31_25_8"
"18_40_9_0","0"
"18_40_9_1","35_23_8"
"24_40_9_0","0"
"24_40_9_1","47_17_8"
"26_40_9","51_15_8"
"2_40_10","3_39_9"
"3_40_10_0","0"
"3_40_10_1","5_38_9"
"4_40_10_0","0"
"4_40_10_1","0"
"4_40_10_2","7_37_9"
"6_40_10_0","0"
"6_40_10_1","11_35_9_0"
"6_40_10_2","11_35_9_0 + 11_35_9_1"
"10_40_10_0","0"
"10_40_10_1","19_31_9_0"
"10_40_10_2","19_31_9_1"
"12_40_10_0","0"
"12_40_10_1","23_29_9"
"15_40_10_0","0"
"15_40_10_1","29_26_9"
"16_40_10_0","0"
"16_40_10_1","0"
"16_40_10_2","31_25_9"
"18_40_10_0","0"
"18_40_10_1","0"
"18_40_10_2","35_23_9_1"
"22_40_10_0","0"
"22_40_10_1","43_19_9"
"24_40_10_0","0"
"24_40_10_1","0"
"24_40_10_2","47_17_9"
"4_40_11","7_37_10"
"6_40_11","11_35_10"
"7_40_11","13_34_10_0"
"10_40_11_0","0"
"10_40_11_1","19_31_10_0"
"10_40_11_2","19_31_10_0 + 19_31_10_1"
"13_40_11_0","0"
"13_40_11_1","25_28_10"
"16_40_11_0","0"
"16_40_11_1","0"
"16_40_11_2","31_25_10"
"18_40_11_0","0"
"18_40_11_1","0"
"18_40_11_2","35_23_10"
"22_40_11_0","0"
"22_40_11_1","43_19_10"
"23_40_11_0","0"
"23_40_11_1","45_18_10"
"2_40_12","3_39_11"
"4_40_12","7_37_11"
"10_40_12_0","0"
"10_40_12_1","19_31_11"
"11_40_12_0","0"
"11_40_12_1","21_30_11"
"16_40_12_0","0"
"16_40_12_1","0"
"16_40_12_2","31_25_11"
"18_40_12_0","0"
"18_40_12_1","35_23_11"
"22_40_12_0","0"
"22_40_12_1","43_19_11"
"3_40_13","5_38_12"
"4_40_13_0","0"
"4_40_13_1","7_37_12"
"6_40_13_0","0"
"6_40_13_1","11_35_12"
"8_40_13_0","0"
"8_40_13_1","15_33_12_1"
"8_40_13_2","15_33_12_0"
"10_40_13_0","0"
"10_40_13_1","0"
"10_40_13_2","19_31_12"
"16_40_13_0","0"
"16_40_13_1","0"
"16_40_13_2","31_25_12"
"18_40_13_0","0"
"18_40_13_1","35_23_12"
"4_40_14","7_37_13"
"6_40_14","11_35_13"
"7_40_14","13_34_13_0"
"8_40_14_0","0"
"8_40_14_1","15_33_13"
"10_40_14_0","0"
"10_40_14_1","19_31_13_1"
"14_40_14","27_27_13"
"16_40_14_0","0"
"16_40_14_1","31_25_13"
"2_40_15","3_39_14"
"4_40_15","7_37_14"
"5_40_15","9_36_14"
"8_40_15_0","0"
"8_40_15_1","15_33_14"
"10_40_15_0","0"
"10_40_15_1","19_31_14"
"14_40_15","27_27_14"
"15_40_15","29_26_14"
"3_40_16","5_38_15"
"4_40_16_0","0"
"4_40_16_1","7_37_15"
"8_40_16_0","0"
"8_40_16_1","15_33_15"
"10_40_16","19_31_15"
"14_40_16","27_27_15"
"4_40_17","7_37_16"
"8_40_17","15_33_16"
"10_40_17","19_31_16"
"2_40_18","3_39_17"
"6_40_18_0","0"
"6_40_18_1","11_35_17"
"8_40_18_0","0"
"8_40_18_1","0"
"8_40_18_2","15_33_17"
"3_40_19","5_38_18"
"6_40_19_0","0"
"6_40_19_1","11_35_18"
"7_40_19_0","0"
"7_40_19_1","13_34_18"
"6_40_20","11_35_19"
"42_41_2","83_0_1"
"12_41_3","23_30_2"
"24_41_3_0","0"
"24_41_3_1","47_18_2"
"28_41_3_0","0"
"28_41_3_1","55_14_2"
"40_41_3_0","0"
"40_41_3_1","79_2_2"
"42_41_3_0","0"
"42_41_3_1","83_0_2"
"11_41_4","21_31_3"
"12_41_4_0","0"
"12_41_4_1","23_30_3"
"14_41_4_0","0"
"14_41_4_1","27_28_3"
"21_41_4_0","0"
"21_41_4_1","41_21_3"
"23_41_4_0","0"
"23_41_4_1","0"
"23_41_4_2","45_19_3"
"24_41_4_0","0"
"24_41_4_1","0"
"24_41_4_2","0"
"24_41_4_3","47_18_3"
"28_41_4_0","0"
"28_41_4_1","0"
"28_41_4_2","55_14_3"
"39_41_4_0","0"
"39_41_4_1","77_3_3"
"42_41_4_0","0"
"42_41_4_1","83_0_3"
"8_41_5","15_34_4"
"10_41_5","19_32_4_0"
"12_41_5_0","0"
"12_41_5_1","23_30_4_0"
"12_41_5_2","23_30_4_0 + 23_30_4_1"
"19_41_5_0","0"
"19_41_5_1","37_23_4"
"20_41_5_0","0"
"20_41_5_1","0"
"20_41_5_2","39_22_4"
"24_41_5_0","0"
"24_41_5_1","0"
"24_41_5_2","0"
"24_41_5_3","47_18_4_1"
"24_41_5_4","47_18_4_0"
"42_41_5_0","0"
"42_41_5_1","83_0_4"
"4_41_6","7_38_5"
"6_41_6","11_36_5"
"7_41_6_0","0"
"7_41_6_1","13_35_5"
"8_41_6_0","0"
"8_41_6_1","0"
"8_41_6_2","15_34_5"
"10_41_6_0","0"
"10_41_6_1","19_32_5"
"12_41_6_0","0"
"12_41_6_1","23_30_5"
"18_41_6","35_24_5"
"21_41_6_0","0"
"21_41_6_1","41_21_5"
"22_41_6_0","0"
"22_41_6_1","0"
"22_41_6_2","43_20_5"
"24_41_6_0","0"
"24_41_6_1","0"
"24_41_6_2","47_18_5"
"28_41_6","55_14_5"
"42_41_6","83_0_5"
"4_41_7","7_38_6"
"8_41_7_0","15_34_6_1"
"8_41_7_1","15_34_6_0"
"10_41_7_0","0"
"10_41_7_1","19_32_6_1"
"12_41_7","23_30_6"
"16_41_7_0","0"
"16_41_7_1","31_26_6"
"19_41_7_0","0"
"19_41_7_1","0"
"19_41_7_2","37_23_6"
"22_41_7_0","0"
"22_41_7_1","0"
"22_41_7_2","43_20_6"
"28_41_7_0","0"
"28_41_7_1","55_14_6"
"32_41_7_0","0"
"32_41_7_1","63_10_6"
"42_41_7_0","0"
"42_41_7_1","83_0_6"
"4_41_8_0","7_38_7_0"
"4_41_8_1","7_38_7_0 + 7_38_7_1"
"4_41_8_2","7_38_7_0 + 7_38_7_2"
"5_41_8","9_37_7_0"
"6_41_8_0","0"
"6_41_8_1","11_36_7"
"10_41_8","19_32_7"
"12_41_8_0","0"
"12_41_8_1","23_30_7"
"16_41_8_0","0"
"16_41_8_1","31_26_7"
"31_41_8","61_11_7"
"42_41_8","83_0_7"
"2_41_9","3_40_8"
"4_41_9_0","7_38_8_0 + 7_38_8_1"
"4_41_9_1","7_38_8_1"
"6_41_9","11_36_8"
"8_41_9","15_34_8"
"10_41_9_0","0"
"10_41_9_1","19_32_8"
"12_41_9_0","0"
"12_41_9_1","23_30_8"
"14_41_9","27_28_8"
"16_41_9_0","0"
"16_41_9_1","31_26_8"
"42_41_9","83_0_8"
"3_41_10","5_39_9"
"4_41_10_0","0"
"4_41_10_1","7_38_9"
"6_41_10_0","0"
"6_41_10_1","11_36_9"
"7_41_10_0","0"
"7_41_10_1","13_35_9_0"
"8_41_10_0","0"
"8_41_10_1","0"
"8_41_10_2","15_34_9"
"10_41_10_0","0"
"10_41_10_1","0"
"10_41_10_2","19_32_9"
"12_41_10_0","0"
"12_41_10_1","23_30_9"
"13_41_10_0","0"
"13_41_10_1","25_29_9"
"14_41_10_0","0"
"14_41_10_1","0"
"14_41_10_2","27_28_9"
"16_41_10_0","0"
"16_41_10_1","0"
"16_41_10_2","31_26_9"
"20_41_10_0","0"
"20_41_10_1","39_22_9"
"42_41_10_0","0"
"42_41_10_1","83_0_9"
"2_41_11_0","3_40_10_1"
"2_41_11_1","3_40_10_0 + 3_40_10_1"
"4_41_11_0","0"
"4_41_11_1","7_38_10"
"5_41_11_0","0"
"5_41_11_1","9_37_10"
"8_41_11_0","0"
"8_41_11_1","0"
"8_41_11_2","15_34_10"
"11_41_11_0","0"
"11_41_11_1","21_31_10_0"
"12_41_11_0","0"
"12_41_11_1","0"
"12_41_11_2","23_30_10"
"14_41_11_0","0"
"14_41_11_1","0"
"14_41_11_2","27_28_10"
"20_41_11_0","0"
"20_41_11_1","39_22_10"
"24_41_11_0","0"
"24_41_11_1","47_18_10"
"42_41_11_0","0"
"42_41_11_1","83_0_10"
"3_41_12","5_39_11"
"4_41_12_0","0"
"4_41_12_1","7_38_11"
"8_41_12_0","0"
"8_41_12_1","15_34_11_1"
"8_41_12_2","15_34_11_0"
"12_41_12_0","0"
"12_41_12_1","23_30_11"
"23_41_12","45_19_11"
"42_41_12","83_0_11"
"4_41_13","7_38_12"
"6_41_13","11_36_12"
"8_41_13_0","0"
"8_41_13_1","15_34_12_1"
"8_41_13_2","15_34_12_0 + 15_34_12_1"
"42_41_13","83_0_12"
"2_41_14","3_40_13"
"4_41_14","7_38_13"
"5_41_14","9_37_13_0"
"6_41_14_0","0"
"6_41_14_1","11_36_13"
"8_41_14_0","0"
"8_41_14_1","15_34_13_0"
"8_41_14_2","15_34_13_1"
"12_41_14","23_30_13"
"42_41_14","83_0_13"
"3_41_15","5_39_14"
"4_41_15_0","0"
"4_41_15_1","7_38_14"
"6_41_15_0","0"
"6_41_15_1","11_36_14_0"
"6_41_15_2","11_36_14_1"
"12_41_15","23_30_14"
"16_41_15","31_26_14"
"42_41_15","83_0_14"
"4_41_16_0","7_38_15_0"
"4_41_16_1","7_38_15_0 + 7_38_15_1"
"6_41_16","11_36_15"
"9_41_16","17_33_15"
"15_41_16_0","0"
"15_41_16_1","29_27_15"
"42_41_16_0","0"
"42_41_16_1","83_0_15"
"2_41_17","3_40_16"
"4_41_17","7_38_16"
"42_41_17_0","0"
"42_41_17_1","83_0_16"
"3_41_18","5_39_17"
"4_41_18_0","0"
"4_41_18_1","7_38_17"
"42_41_18_0","0"
"42_41_18_1","83_0_17"
"2_41_19","3_40_18"
"4_41_19_0","0"
"4_41_19_1","7_38_18"
"8_41_19_0","0"
"8_41_19_1","15_34_18"
"42_41_19_0","0"
"42_41_19_1","83_0_18"
"2_41_20","3_40_19"
"7_41_20_0","0"
"7_41_20_1","13_35_19"
"42_41_20_0","0"
"42_41_20_1","83_0_19"
"3_41_21","5_39_20"
"42_41_21_0","0"
"42_41_21_1","83_0_20"
"42_41_22","83_0_21"
"42_41_23","83_0_22"
"42_41_24","83_0_23"
"42_41_25","83_0_24"
"42_41_26","83_0_25"
"42_41_27","83_0_26"
"42_41_28","83_0_27"
"42_41_29","83_0_28"
"42_41_30","83_0_29"
"42_41_31","83_0_30"
"42_41_32","83_0_31"
"42_41_33","83_0_32"
"42_41_34","83_0_33"
"42_41_35","83_0_34"
"42_41_36","83_0_35"
"42_41_37","83_0_36"
"42_41_38","83_0_37"
"42_41_39","83_0_38"
"42_41_40","83_0_39"
"42_41_41","83_0_40"
"42_41_42","83_0_41"
"42_41_43","83_0_42"
"42_41_44","83_0_43"
"42_41_45","83_0_44"
"42_41_46","83_0_45"
"42_41_47","83_0_46"
"42_41_48","83_0_47"
"42_41_49","83_0_48"
"42_41_50","83_0_49"
"42_41_51","83_0_50"
"42_41_52","83_0_51"
"42_41_53","83_0_52"
"42_41_54","83_0_53"
"42_41_55","83_0_54"
"42_41_56","83_0_55"
"42_41_57","83_0_56"
"42_41_58","83_0_57"
"42_41_59","83_0_58"
"40_42_2","79_3_1"
"28_42_3","55_15_2"
"36_42_3","71_7_2"
"37_42_3","73_6_2"
"40_42_3_0","0"
"40_42_3_1","79_3_2"
"12_42_4","23_31_3"
"22_42_4","43_21_3"
"24_42_4_0","0"
"24_42_4_1","47_19_3"
"28_42_4_0","0"
"28_42_4_1","55_15_3"
"35_42_4","69_8_3"
"36_42_4_0","0"
"36_42_4_1","71_7_3"
"40_42_4_0","0"
"40_42_4_1","79_3_3"
"10_42_5","19_33_4"
"12_42_5_0","0"
"12_42_5_1","23_31_4"
"14_42_5","27_29_4"
"20_42_5","39_23_4"
"21_42_5_0","0"
"21_42_5_1","41_22_4"
"28_42_5","55_15_4"
"34_42_5","67_9_4"
"36_42_5_0","0"
"36_42_5_1","71_7_4"
"8_42_6_0","15_35_5_1"
"8_42_6_1","15_35_5_0"
"10_42_6_0","0"
"10_42_6_1","19_33_5_0"
"12_42_6","23_31_5_1"
"13_42_6","25_30_5"
"19_42_6_0","0"
"19_42_6_1","37_24_5"
"22_42_6_0","0"
"22_42_6_1","43_21_5"
"26_42_6_0","0"
"26_42_6_1","51_17_5"
"28_42_6_0","0"
"28_42_6_1","55_15_5_0 + 55_15_5_1"
"28_42_6_2","55_15_5_0"
"32_42_6_0","0"
"32_42_6_1","63_11_5"
"4_42_7_0","7_39_6_1"
"4_42_7_1","7_39_6_0"
"5_42_7","9_38_6_0"
"6_42_7_0","0"
"6_42_7_1","11_37_6"
"7_42_7_0","0"
"7_42_7_1","0"
"7_42_7_2","13_36_6"
"8_42_7_0","0"
"8_42_7_1","0"
"8_42_7_2","0"
"8_42_7_3","15_35_6"
"11_42_7_0","0"
"11_42_7_1","21_32_6"
"12_42_7_0","0"
"12_42_7_1","0"
"12_42_7_2","23_31_6"
"20_42_7_0","0"
"20_42_7_1","39_23_6"
"26_42_7_0","0"
"26_42_7_1","51_17_6"
"27_42_7_0","0"
"27_42_7_1","53_16_6"
"28_42_7_0","0"
"28_42_7_1","0"
"28_42_7_2","55_15_6"
"29_42_7_0","0"
"29_42_7_1","57_14_6"
"32_42_7_0","0"
"32_42_7_1","0"
"32_42_7_2","63_11_6"
"4_42_8_0","7_39_7_1"
"4_42_8_1","7_39_7_0"
"6_42_8","11_37_7_0"
"8_42_8_0","0"
"8_42_8_1","15_35_7_1"
"8_42_8_2","15_35_7_0"
"10_42_8_0","0"
"10_42_8_1","19_33_7"
"12_42_8_0","0"
"12_42_8_1","0"
"12_42_8_2","23_31_7"
"26_42_8_0","0"
"26_42_8_1","51_17_7"
"27_42_8_0","0"
"27_42_8_1","53_16_7"
"28_42_8_0","0"
"28_42_8_1","0"
"28_42_8_2","55_15_7"
"32_42_8_0","0"
"32_42_8_1","0"
"32_42_8_2","63_11_7"
"3_42_9","5_40_8"
"4_42_9_0","0"
"4_42_9_1","7_39_8"
"5_42_9","9_38_8_1"
"6_42_9_0","0"
"6_42_9_1","11_37_8_0 + 11_37_8_1"
"6_42_9_2","11_37_8_1"
"8_42_9_0","0"
"8_42_9_1","0"
"8_42_9_2","15_35_8_0"
"8_42_9_3","15_35_8_1"
"12_42_9_0","0"
"12_42_9_1","23_31_8_0 + 23_31_8_1"
"14_42_9_0","0"
"14_42_9_1","27_29_8"
"20_42_9_0","0"
"20_42_9_1","39_23_8"
"26_42_9_0","0"
"26_42_9_1","51_17_8"
"28_42_9_0","0"
"28_42_9_1","0"
"28_42_9_2","55_15_8"
"4_42_10_0","7_39_9_1"
"4_42_10_1","7_39_9_0"
"5_42_10_0","0"
"5_42_10_1","9_38_9_0"
"6_42_10_0","0"
"6_42_10_1","0"
"6_42_10_2","11_37_9"
"8_42_10_0","0"
"8_42_10_1","15_35_9"
"12_42_10_0","23_31_9_0"
"12_42_10_1","23_31_9_1"
"14_42_10","27_29_9"
"18_42_10","35_25_9"
"20_42_10_0","39_23_9_1"
"20_42_10_1","39_23_9_0"
"24_42_10","47_19_9"
"2_42_11","3_41_10"
"3_42_11_0","0"
"3_42_11_1","5_40_10"
"4_42_11_0","0"
"4_42_11_1","0"
"4_42_11_2","7_39_10"
"6_42_11_0","0"
"6_42_11_1","11_37_10"
"12_42_11_0","23_31_10_0"
"12_42_11_1","23_31_10_0 + 23_31_10_1"
"18_42_11","35_25_10"
"19_42_11","37_24_10"
"20_42_11_0","0"
"20_42_11_1","39_23_10"
"21_42_11","41_22_10"
"24_42_11_0","0"
"24_42_11_1","47_19_10"
"2_42_12","3_41_11"
"4_42_12","7_39_11"
"6_42_12","11_37_11"
"12_42_12_0","0"
"12_42_12_1","23_31_11"
"18_42_12_0","0"
"18_42_12_1","35_25_11"
"19_42_12_0","0"
"19_42_12_1","37_24_11"
"20_42_12_0","0"
"20_42_12_1","0"
"20_42_12_2","39_23_11"
"24_42_12_0","0"
"24_42_12_1","0"
"24_42_12_2","47_19_11"
"2_42_13","3_41_12"
"4_42_13","7_39_12"
"6_42_13_0","0"
"6_42_13_1","11_37_12"
"12_42_13_0","0"
"12_42_13_1","23_31_12"
"18_42_13_0","0"
"18_42_13_1","35_25_12"
"20_42_13_0","0"
"20_42_13_1","0"
"20_42_13_2","39_23_12"
"3_42_14","5_40_13"
"4_42_14_0","0"
"4_42_14_1","7_39_13"
"6_42_14_0","0"
"6_42_14_1","11_37_13_0 + 11_37_13_1"
"6_42_14_2","11_37_13_0"
"10_42_14_0","0"
"10_42_14_1","19_33_13"
"12_42_14_0","0"
"12_42_14_1","23_31_13_1"
"12_42_14_2","23_31_13_0"
"16_42_14_0","0"
"16_42_14_1","31_27_13"
"4_42_15","7_39_14"
"6_42_15","11_37_14"
"7_42_15","13_36_14_0"
"10_42_15_0","0"
"10_42_15_1","19_33_14"
"11_42_15_0","0"
"11_42_15_1","21_32_14"
"12_42_15_0","0"
"12_42_15_1","0"
"12_42_15_2","23_31_14"
"13_42_15_0","0"
"13_42_15_1","25_30_14"
"16_42_15_0","0"
"16_42_15_1","0"
"16_42_15_2","31_27_14"
"2_42_16","3_41_15"
"5_42_16","9_38_15"
"6_42_16_0","0"
"6_42_16_1","11_37_15"
"10_42_16_0","0"
"10_42_16_1","19_33_15"
"11_42_16_0","0"
"11_42_16_1","21_32_15"
"12_42_16_0","0"
"12_42_16_1","0"
"12_42_16_2","23_31_15"
"16_42_16_0","0"
"16_42_16_1","0"
"16_42_16_2","31_27_15"
"3_42_17","5_40_16"
"4_42_17_0","0"
"4_42_17_1","7_39_16"
"6_42_17_0","0"
"6_42_17_1","11_37_16"
"10_42_17_0","0"
"10_42_17_1","19_33_16"
"12_42_17_0","0"
"12_42_17_1","0"
"12_42_17_2","23_31_16"
"4_42_18_0","7_39_17_1"
"4_42_18_1","7_39_17_0"
"8_42_18","15_35_17"
"2_42_19","3_41_18"
"3_42_19","5_40_18"
"4_42_19_0","0"
"4_42_19_1","7_39_18"
"5_42_19","9_38_18"
"8_42_19_0","0"
"8_42_19_1","15_35_18"
"2_42_20","3_41_19"
"3_42_20","5_40_19"
"4_42_20_0","0"
"4_42_20_1","7_39_19"
"8_42_20_0","0"
"8_42_20_1","15_35_19"
"2_42_21","3_41_20"
"4_42_21_0","0"
"4_42_21_1","7_39_20"
"2_42_22","3_41_21"
"44_43_2","87_0_1"
"28_43_3","55_16_2"
"36_43_3","71_8_2"
"38_43_3","75_6_2"
"44_43_3","87_0_2"
"14_43_4","27_30_3"
"26_43_4","51_18_3"
"27_43_4","53_17_3"
"30_43_4","59_14_3"
"35_43_4","69_9_3"
"36_43_4_0","0"
"36_43_4_1","71_8_3"
"44_43_4","87_0_3"
"14_43_5","27_30_4"
"22_43_5","43_22_4"
"24_43_5_0","0"
"24_43_5_1","47_20_4"
"26_43_5_0","0"
"26_43_5_1","51_18_4_1"
"35_43_5","69_9_4"
"44_43_5","87_0_4"
"6_43_6","11_38_5"
"8_43_6_0","15_36_5_0"
"8_43_6_1","15_36_5_1"
"11_43_6","21_33_5"
"12_43_6_0","0"
"12_43_6_1","23_32_5"
"14_43_6","27_30_5"
"20_43_6","39_24_5"
"23_43_6","45_21_5"
"24_43_6_0","0"
"24_43_6_1","47_20_5"
"26_43_6_0","0"
"26_43_6_1","51_18_5"
"30_43_6","59_14_5"
"44_43_6","87_0_5"
"4_43_7_0","7_40_6_0 + 7_40_6_1"
"4_43_7_1","7_40_6_1"
"6_43_7","11_38_6_0"
"7_43_7_0","0"
"7_43_7_1","13_37_6"
"8_43_7_0","0"
"8_43_7_1","0"
"8_43_7_2","15_36_6_1"
"8_43_7_3","15_36_6_0"
"12_43_7_0","0"
"12_43_7_1","23_32_6_1"
"12_43_7_2","23_32_6_0"
"18_43_7","35_26_6"
"21_43_7","41_23_6"
"24_43_7_0","0"
"24_43_7_1","47_20_6"
"28_43_7","55_16_6"
"30_43_7","59_14_6"
"44_43_7","87_0_6"
"3_43_8","5_41_7"
"4_43_8_0","0"
"4_43_8_1","7_40_7_0"
"4_43_8_2","7_40_7_0 + 7_40_7_1"
"5_43_8_0","0"
"5_43_8_1","9_39_7_0"
"6_43_8_0","0"
"6_43_8_1","0"
"6_43_8_2","11_38_7"
"7_43_8_0","0"
"7_43_8_1","13_37_7_2"
"7_43_8_2","13_37_7_0"
"8_43_8_0","0"
"8_43_8_1","0"
"8_43_8_2","0"
"8_43_8_3","15_36_7"
"10_43_8_0","0"
"10_43_8_1","19_34_7"
"11_43_8","21_33_7"
"12_43_8_0","0"
"12_43_8_1","23_32_7_1"
"14_43_8","27_30_7"
"18_43_8","35_26_7"
"27_43_8","53_17_7"
"28_43_8_0","0"
"28_43_8_1","55_16_7"
"44_43_8","87_0_7"
"3_43_9","5_41_8"
"4_43_9_0","0"
"4_43_9_1","7_40_8"
"6_43_9_0","0"
"6_43_9_1","11_38_8_0"
"6_43_9_2","11_38_8_0 + 11_38_8_1"
"10_43_9","19_34_8_1"
"12_43_9","23_32_8"
"14_43_9","27_30_8"
"16_43_9","31_28_8"
"18_43_9_0","0"
"18_43_9_1","35_26_8"
"27_43_9","53_17_8"
"44_43_9","87_0_8"
"2_43_10","3_42_9"
"3_43_10","5_41_9"
"4_43_10_0","0"
"4_43_10_1","7_40_9"
"6_43_10_0","11_38_9_0"
"6_43_10_1","11_38_9_0 + 11_38_9_1"
"10_43_10_0","19_34_9_0"
"10_43_10_1","19_34_9_1"
"12_43_10","23_32_9"
"14_43_10","27_30_9"
"15_43_10","29_29_9"
"16_43_10_0","0"
"16_43_10_1","31_28_9"
"18_43_10_0","0"
"18_43_10_1","35_26_9"
"22_43_10","43_22_9"
"44_43_10","87_0_9"
"4_43_11","7_40_10"
"6_43_11","11_38_10"
"7_43_11","13_37_10"
"10_43_11_0","0"
"10_43_11_1","19_34_10_1"
"10_43_11_2","19_34_10_0"
"13_43_11_0","0"
"13_43_11_1","25_31_10_0"
"14_43_11_0","0"
"14_43_11_1","0"
"14_43_11_2","27_30_10"
"16_43_11_0","0"
"16_43_11_1","0"
"16_43_11_2","31_28_10"
"20_43_11_0","0"
"20_43_11_1","39_24_10"
"22_43_11_0","0"
"22_43_11_1","43_22_10"
"44_43_11_0","0"
"44_43_11_1","87_0_10"
"2_43_12_0","3_42_11_0 + 3_42_11_1"
"2_43_12_1","3_42_11_0"
"3_43_12","5_41_11_0"
"4_43_12_0","0"
"4_43_12_1","7_40_11"
"6_43_12_0","0"
"6_43_12_1","11_38_11"
"10_43_12_0","0"
"10_43_12_1","19_34_11"
"14_43_12_0","0"
"14_43_12_1","0"
"14_43_12_2","27_30_11"
"19_43_12_0","0"
"19_43_12_1","37_25_11"
"20_43_12_0","0"
"20_43_12_1","0"
"20_43_12_2","39_24_11"
"44_43_12_0","0"
"44_43_12_1","87_0_11"
"3_43_13","5_41_12"
"4_43_13_0","0"
"4_43_13_1","7_40_12"
"6_43_13_0","0"
"6_43_13_1","11_38_12"
"8_43_13_0","0"
"8_43_13_1","15_36_12"
"10_43_13_0","0"
"10_43_13_1","0"
"10_43_13_2","19_34_12"
"19_43_13_0","0"
"19_43_13_1","37_25_12"
"44_43_13_0","0"
"44_43_13_1","87_0_12"
"4_43_14","7_40_13"
"6_43_14","11_38_13"
"7_43_14","13_37_13_0"
"8_43_14_0","0"
"8_43_14_1","15_36_13"
"10_43_14_0","0"
"10_43_14_1","19_34_13"
"14_43_14","27_30_13"
"44_43_14","87_0_13"
"2_43_15","3_42_14"
"4_43_15","7_40_14"
"5_43_15","9_39_14"
"6_43_15_0","0"
"6_43_15_1","11_38_14"
"8_43_15_0","0"
"8_43_15_1","15_36_14"
"12_43_15","23_32_14"
"14_43_15","27_30_14"
"44_43_15","87_0_14"
"3_43_16","5_41_15"
"4_43_16_0","0"
"4_43_16_1","7_40_15"
"6_43_16_0","0"
"6_43_16_1","11_38_15"
"11_43_16","21_33_15"
"12_43_16_0","0"
"12_43_16_1","23_32_15"
"44_43_16","87_0_15"
"4_43_17","7_40_16"
"11_43_17","21_33_16"
"44_43_17","87_0_16"
"2_43_18","3_42_17"
"6_43_18","11_38_17"
"44_43_18","87_0_17"
"4_43_19_0","7_40_18_1"
"4_43_19_1","7_40_18_0"
"6_43_19","11_38_18"
"44_43_19","87_0_18"
"2_43_20","3_42_19"
"3_43_20","5_41_19"
"4_43_20_0","0"
"4_43_20_1","7_40_19_1"
"4_43_20_2","7_40_19_0"
"44_43_20","87_0_19"
"2_43_21","3_42_20"
"3_43_21","5_41_20"
"5_43_21","9_39_20"
"44_43_21_0","0"
"44_43_21_1","87_0_20"
"2_43_22","3_42_21"
"3_43_22","5_41_21"
"44_43_22_0","0"
"44_43_22_1","87_0_21"
"2_43_23","3_42_22"
"44_43_23_0","0"
"44_43_23_1","87_0_22"
"44_43_24","87_0_23"
"44_43_25","87_0_24"
"44_43_26","87_0_25"
"44_43_27","87_0_26"
"44_43_28","87_0_27"
"44_43_29","87_0_28"
"44_43_30","87_0_29"
"44_43_31","87_0_30"
"44_43_32","87_0_31"
"44_43_33","87_0_32"
"44_43_34","87_0_33"
"44_43_35","87_0_34"
"44_43_36","87_0_35"
"44_43_37","87_0_36"
"44_43_38","87_0_37"
"44_43_39","87_0_38"
"44_43_40","87_0_39"
"44_43_41","87_0_40"
"44_43_42","87_0_41"
"44_43_43","87_0_42"
"44_43_44","87_0_43"
"44_43_45","87_0_44"
"44_43_46","87_0_45"
"44_43_47","87_0_46"
"44_43_48","87_0_47"
"44_43_49","87_0_48"
"44_43_50","87_0_49"
"44_43_51","87_0_50"
"44_43_52","87_0_51"
"44_43_53","87_0_52"
"44_43_54","87_0_53"
"44_43_55","87_0_54"
"44_43_56","87_0_55"
"44_43_57","87_0_56"
"44_44_2","87_1_1"
"30_44_3","59_15_2"
"38_44_3","75_7_2"
"42_44_3","83_3_2"
"43_44_3","85_2_2"
"14_44_4","27_31_3"
"24_44_4_0","0"
"24_44_4_1","47_21_3"
"28_44_4_0","0"
"28_44_4_1","55_17_3"
"30_44_4_0","0"
"30_44_4_1","59_15_3"
"36_44_4_0","0"
"36_44_4_1","71_9_3"
"38_44_4_0","0"
"38_44_4_1","75_7_3"
"42_44_4_0","0"
"42_44_4_1","83_3_3"
"10_44_5","19_35_4"
"12_44_5","23_33_4"
"23_44_5_0","0"
"23_44_5_1","45_22_4"
"27_44_5_0","0"
"27_44_5_1","53_18_4_1"
"30_44_5_0","0"
"30_44_5_1","59_15_4"
"36_44_5_0","0"
"36_44_5_1","71_9_4"
"38_44_5_0","0"
"38_44_5_1","75_7_4"
"8_44_6","15_37_5"
"12_44_6_0","0"
"12_44_6_1","23_33_5"
"14_44_6_0","0"
"14_44_6_1","27_31_5_1"
"22_44_6_0","0"
"22_44_6_1","43_23_5"
"24_44_6_0","0"
"24_44_6_1","0"
"24_44_6_2","47_21_5"
"28_44_6_0","0"
"28_44_6_1","55_17_5"
"30_44_6_0","0"
"30_44_6_1","59_15_5_0 + 59_15_5_1"
"34_44_6_0","0"
"34_44_6_1","67_11_5"
"36_44_6_0","0"
"36_44_6_1","0"
"36_44_6_2","71_9_5"
"4_44_7_0","7_41_6_0"
"4_44_7_1","7_41_6_1"
"7_44_7","13_38_6_0"
"8_44_7_0","0"
"8_44_7_1","15_37_6_0"
"8_44_7_2","15_37_6_1"
"10_44_7_0","0"
"10_44_7_1","19_35_6"
"14_44_7","27_31_6"
"19_44_7","37_26_6"
"22_44_7_0","0"
"22_44_7_1","43_23_6"
"28_44_7","55_17_6"
"30_44_7","59_15_6"
"34_44_7","67_11_6"
"35_44_7","69_10_6"
"3_44_8","5_42_7"
"6_44_8","11_39_7"
"8_44_8_0","0"
"8_44_8_1","15_37_7_1 + 15_37_7_2"
"8_44_8_2","15_37_7_0 + 15_37_7_1 + 15_37_7_2"
"8_44_8_3","15_37_7_0 + 15_37_7_2"
"12_44_8","23_33_7"
"14_44_8","27_31_7"
"16_44_8","31_29_7"
"28_44_8","55_17_7"
"30_44_8","59_15_7"
"34_44_8","67_11_7"
"2_44_9","3_43_8"
"3_44_9","5_42_8_1"
"4_44_9_0","0"
"4_44_9_1","7_41_8_0"
"4_44_9_2","7_41_8_1"
"6_44_9_0","0"
"6_44_9_1","11_39_8"
"8_44_9_0","0"
"8_44_9_1","0"
"8_44_9_2","15_37_8_0 + 15_37_8_1"
"8_44_9_3","15_37_8_0"
"10_44_9_0","0"
"10_44_9_1","19_35_8_0 + 19_35_8_1"
"10_44_9_2","19_35_8_0"
"12_44_9_0","0"
"12_44_9_1","23_33_8"
"14_44_9_0","27_31_8_0 + 27_31_8_1"
"14_44_9_1","27_31_8_0"
"16_44_9_0","0"
"16_44_9_1","31_29_8"
"22_44_9","43_23_8"
"28_44_9","55_17_8"
"30_44_9","59_15_8"
"2_44_10","3_43_9"
"3_44_10","5_42_9"
"6_44_10_0","0"
"6_44_10_1","11_39_9_1"
"7_44_10_0","0"
"7_44_10_1","13_38_9_0"
"8_44_10_0","0"
"8_44_10_1","0"
"8_44_10_2","15_37_9"
"10_44_10_0","0"
"10_44_10_1","19_35_9_0"
"10_44_10_2","19_35_9_1"
"13_44_10_0","0"
"13_44_10_1","25_32_9"
"14_44_10_0","0"
"14_44_10_1","0"
"14_44_10_2","27_31_9_0"
"14_44_10_3","27_31_9_1"
"16_44_10_0","0"
"16_44_10_1","0"
"16_44_10_2","31_29_9"
"20_44_10_0","0"
"20_44_10_1","39_25_9"
"22_44_10_0","0"
"22_44_10_1","43_23_9_1"
"26_44_10_0","0"
"26_44_10_1","51_19_9"
"28_44_10_0","0"
"28_44_10_1","0"
"28_44_10_2","55_17_9"
"2_44_11","3_43_10"
"4_44_11_0","7_41_10_1"
"4_44_11_1","7_41_10_0"
"8_44_11_0","15_37_10_0"
"8_44_11_1","15_37_10_0 + 15_37_10_1"
"11_44_11","21_34_10"
"14_44_11_0","0"
"14_44_11_1","27_31_10_0"
"14_44_11_2","27_31_10_0 + 27_31_10_1"
"20_44_11","39_25_10"
"22_44_11","43_23_10"
"26_44_11","51_19_10"
"27_44_11","53_18_10"
"3_44_12","5_42_11"
"4_44_12_0","0"
"4_44_12_1","7_41_11_0"
"4_44_12_2","7_41_11_0 + 7_41_11_1"
"8_44_12_0","15_37_11_1"
"8_44_12_1","15_37_11_0"
"14_44_12_0","0"
"14_44_12_1","27_31_11"
"20_44_12","39_25_11"
"22_44_12","43_23_11"
"26_44_12","51_19_11"
"2_44_13","3_43_12"
"4_44_13","7_41_12"
"6_44_13","11_39_12"
"8_44_13_0","0"
"8_44_13_1","15_37_12_1"
"8_44_13_2","15_37_12_0 + 15_37_12_1"
"14_44_13","27_31_12"
"20_44_13","39_25_12"
"22_44_13","43_23_12"
"2_44_14","3_43_13"
"4_44_14","7_41_13"
"5_44_14","9_40_13_0"
"6_44_14_0","0"
"6_44_14_1","11_39_13"
"8_44_14_0","0"
"8_44_14_1","15_37_13"
"12_44_14","23_33_13"
"14_44_14","27_31_13_1"
"18_44_14","35_27_13"
"20_44_14_0","0"
"20_44_14_1","39_25_13"
"3_44_15","5_42_14"
"4_44_15_0","0"
"4_44_15_1","7_41_14"
"6_44_15_0","0"
"6_44_15_1","11_39_14"
"12_44_15","23_33_14"
"14_44_15","27_31_14"
"18_44_15","35_27_14"
"19_44_15","37_26_14"
"4_44_16","7_41_15"
"7_44_16","13_38_15"
"12_44_16_0","0"
"12_44_16_1","23_33_15"
"14_44_16_0","0"
"14_44_16_1","27_31_15"
"18_44_16_0","0"
"18_44_16_1","35_27_15"
"2_44_17","3_43_16"
"5_44_17","9_40_16"
"12_44_17_0","0"
"12_44_17_1","23_33_16"
"14_44_17_0","0"
"14_44_17_1","27_31_16"
"3_44_18","5_42_17"
"4_44_18_0","0"
"4_44_18_1","7_41_17"
"6_44_18_0","0"
"6_44_18_1","11_39_17_1"
"10_44_18_0","0"
"10_44_18_1","19_35_17"
"12_44_18_0","0"
"12_44_18_1","0"
"12_44_18_2","23_33_17"
"4_44_19","7_41_18"
"6_44_19","11_39_18"
"10_44_19","19_35_18"
"11_44_19","21_34_18"
"4_44_20","7_41_19"
"6_44_20","11_39_19"
"10_44_20","19_35_19"
"2_44_21","3_43_20"
"4_44_21_0","7_41_20_1"
"4_44_21_1","7_41_20_0"
"6_44_21","11_39_20"
"2_44_22","3_43_21"
"3_44_22","5_42_21"
"4_44_22_0","0"
"4_44_22_1","7_41_21"
"2_44_23","3_43_22"
"3_44_23","5_42_22"
"2_44_24","3_43_23"
"46_45_2","91_0_1"
"16_45_3","31_30_2"
"32_45_3_0","0"
"32_45_3_1","63_14_2"
"40_45_3_0","0"
"40_45_3_1","79_6_2"
"44_45_3_0","0"
"44_45_3_1","87_2_2"
"46_45_3_0","0"
"46_45_3_1","91_0_2"
"15_45_4","29_31_3"
"16_45_4_0","0"
"16_45_4_1","31_30_3"
"25_45_4_0","0"
"25_45_4_1","49_21_3"
"28_45_4_0","0"
"28_45_4_1","0"
"28_45_4_2","55_18_3"
"32_45_4_0","0"
"32_45_4_1","0"
"32_45_4_2","63_14_3"
"37_45_4_0","0"
"37_45_4_1","0"
"37_45_4_2","73_9_3"
"43_45_4_0","0"
"43_45_4_1","85_3_3"
"46_45_4_0","0"
"46_45_4_1","91_0_3"
"10_45_5","19_36_4"
"14_45_5_0","0"
"14_45_5_1","27_32_4"
"16_45_5_0","0"
"16_45_5_1","0"
"16_45_5_2","31_30_4"
"23_45_5_0","0"
"23_45_5_1","0"
"23_45_5_2","45_23_4"
"24_45_5_0","0"
"24_45_5_1","0"
"24_45_5_2","0"
"24_45_5_3","47_22_4"
"28_45_5_0","0"
"28_45_5_1","0"
"28_45_5_2","0"
"28_45_5_3","55_18_4_1"
"32_45_5_0","0"
"32_45_5_1","0"
"32_45_5_2","0"
"32_45_5_3","63_14_4"
"46_45_5_0","0"
"46_45_5_1","0"
"46_45_5_2","91_0_4"
"6_45_6","11_40_5"
"10_45_6","19_36_5"
"13_45_6","25_33_5"
"15_45_6_0","0"
"15_45_6_1","29_31_5_0"
"16_45_6_0","0"
"16_45_6_1","0"
"16_45_6_2","31_30_5"
"22_45_6_0","0"
"22_45_6_1","0"
"22_45_6_2","43_24_5"
"26_45_6_0","0"
"26_45_6_1","0"
"26_45_6_2","51_20_5"
"28_45_6_0","0"
"28_45_6_1","0"
"28_45_6_2","55_18_5"
"31_45_6_0","0"
"31_45_6_1","61_15_5_0"
"32_45_6_0","0"
"32_45_6_1","0"
"32_45_6_2","63_14_5"
"46_45_6_0","0"
"46_45_6_1","91_0_5"
"6_45_7","11_40_6"
"8_45_7_0","15_38_6_3"
"8_45_7_1","15_38_6_0"
"8_45_7_2","15_38_6_1 + 15_38_6_3"
"8_45_7_3","15_38_6_0 + 15_38_6_1 + 15_38_6_2 + 15_38_6_3"
"16_45_7_0","0"
"16_45_7_1","31_30_6"
"20_45_7_0","0"
"20_45_7_1","0"
"20_45_7_2","39_26_6"
"26_45_7_0","0"
"26_45_7_1","0"
"26_45_7_2","51_20_6"
"30_45_7_0","0"
"30_45_7_1","59_16_6"
"32_45_7_0","0"
"32_45_7_1","0"
"32_45_7_2","63_14_6"
"36_45_7_0","0"
"36_45_7_1","71_10_6"
"46_45_7_0","0"
"46_45_7_1","91_0_6"
"4_45_8_0","7_42_7_0"
"4_45_8_1","7_42_7_0 + 7_42_7_1"
"4_45_8_2","7_42_7_2"
"7_45_8_0","0"
"7_45_8_1","13_39_7"
"8_45_8_0","0"
"8_45_8_1","0"
"8_45_8_2","15_38_7_1"
"8_45_8_3","15_38_7_0"
"12_45_8","23_34_7"
"14_45_8","27_32_7"
"16_45_8_0","0"
"16_45_8_1","31_30_7"
"29_45_8","57_17_7"
"35_45_8","69_11_7"
"46_45_8","91_0_7"
"2_45_9","3_44_8"
"3_45_9","5_43_8_1"
"4_45_9_0","0"
"4_45_9_1","7_42_8"
"6_45_9","11_40_8"
"8_45_9_0","0"
"8_45_9_1","15_38_8_1"
"8_45_9_2","15_38_8_0"
"12_45_9_0","0"
"12_45_9_1","23_34_8_1"
"12_45_9_2","23_34_8_0 + 23_34_8_1"
"14_45_9_0","0"
"14_45_9_1","0"
"14_45_9_2","27_32_8"
"16_45_9_0","0"
"16_45_9_1","0"
"16_45_9_2","31_30_8"
"20_45_9_0","0"
"20_45_9_1","0"
"20_45_9_2","39_26_8"
"24_45_9_0","0"
"24_45_9_1","47_22_8"
"46_45_9_0","0"
"46_45_9_1","91_0_8"
"2_45_10","3_44_9"
"4_45_10_0","0"
"4_45_10_1","7_42_9_1"
"4_45_10_2","7_42_9_0 + 7_42_9_1"
"8_45_10_0","15_38_9_0"
"8_45_10_1","15_38_9_0 + 15_38_9_1"
"11_45_10","21_35_9"
"12_45_10_0","0"
"12_45_10_1","23_34_9_0"
"12_45_10_2","23_34_9_1"
"14_45_10_0","0"
"14_45_10_1","27_32_9"
"16_45_10_0","0"
"16_45_10_1","31_30_9"
"18_45_10_0","0"
"18_45_10_1","35_28_9"
"20_45_10_0","0"
"20_45_10_1","39_26_9"
"23_45_10","45_23_9_0"
"24_45_10_0","0"
"24_45_10_1","47_22_9"
"46_45_10","91_0_9"
"2_45_11","3_44_10"
"4_45_11_0","0"
"4_45_11_1","7_42_10"
"8_45_11","15_38_10"
"9_45_11","17_37_10_0"
"10_45_11_0","0"
"10_45_11_1","19_36_10"
"12_45_11_0","0"
"12_45_11_1","23_34_10"
"16_45_11_0","0"
"16_45_11_1","31_30_10"
"18_45_11_0","0"
"18_45_11_1","35_28_10"
"22_45_11","43_24_10"
"24_45_11_0","0"
"24_45_11_1","47_22_10"
"28_45_11","55_18_10"
"46_45_11","91_0_10"
"4_45_12","7_42_11"
"5_45_12","9_41_11_0"
"6_45_12_0","0"
"6_45_12_1","11_40_11"
"8_45_12_0","0"
"8_45_12_1","0"
"8_45_12_2","15_38_11_0"
"8_45_12_3","15_38_11_0 + 15_38_11_1"
"10_45_12_0","0"
"10_45_12_1","0"
"10_45_12_2","19_36_11"
"16_45_12_0","0"
"16_45_12_1","0"
"16_45_12_2","31_30_11"
"21_45_12_0","0"
"21_45_12_1","41_25_11"
"27_45_12_0","0"
"27_45_12_1","53_19_11"
"46_45_12_0","0"
"46_45_12_1","91_0_11"
"2_45_13","3_44_12"
"4_45_13","7_42_12"
"6_45_13_0","0"
"6_45_13_1","11_40_12_0"
"6_45_13_2","11_40_12_1"
"8_45_13_0","0"
"8_45_13_1","15_38_12"
"12_45_13_0","0"
"12_45_13_1","23_34_12"
"16_45_13_0","0"
"16_45_13_1","31_30_12"
"46_45_13","91_0_12"
"3_45_14","5_43_13"
"4_45_14_0","0"
"4_45_14_1","7_42_13"
"6_45_14_0","0"
"6_45_14_1","11_40_13_0"
"6_45_14_2","11_40_13_0 + 11_40_13_1"
"8_45_14_0","0"
"8_45_14_1","15_38_13"
"10_45_14_0","0"
"10_45_14_1","19_36_13"
"12_45_14_0","0"
"12_45_14_1","23_34_13"
"15_45_14","29_31_13_0"
"16_45_14_0","0"
"16_45_14_1","31_30_13"
"46_45_14","91_0_13"
"4_45_15","7_42_14"
"6_45_15","11_40_14"
"7_45_15","13_39_14"
"8_45_15_0","0"
"8_45_15_1","15_38_14"
"10_45_15_0","0"
"10_45_15_1","19_36_14"
"14_45_15_0","0"
"14_45_15_1","27_32_14"
"16_45_15_0","0"
"16_45_15_1","0"
"16_45_15_2","31_30_14"
"20_45_15_0","0"
"20_45_15_1","39_26_14"
"46_45_15_0","0"
"46_45_15_1","91_0_14"
"2_45_16","3_44_15"
"4_45_16","7_42_15"
"13_45_16_0","0"
"13_45_16_1","25_33_15"
"19_45_16_0","0"
"19_45_16_1","37_27_15"
"46_45_16_0","0"
"46_45_16_1","91_0_15"
"3_45_17","5_43_16"
"4_45_17_0","0"
"4_45_17_1","7_42_16"
"8_45_17_0","0"
"8_45_17_1","15_38_16"
"46_45_17_0","0"
"46_45_17_1","91_0_16"
"4_45_18","7_42_17"
"7_45_18","13_39_17_0"
"8_45_18_0","0"
"8_45_18_1","15_38_17"
"46_45_18","91_0_17"
"2_45_19","3_44_18"
"6_45_19","11_40_18"
"8_45_19_0","0"
"8_45_19_1","15_38_18"
"12_45_19","23_34_18"
"46_45_19","91_0_18"
"4_45_20","7_42_19"
"5_45_20","9_41_19_0"
"11_45_20","21_35_19"
"46_45_20","91_0_19"
"4_45_21","7_42_20"
"46_45_21","91_0_20"
"4_45_22","7_42_21"
"46_45_22","91_0_21"
"2_45_23","3_44_22"
"4_45_23","7_42_22"
"46_45_23","91_0_22"
"2_45_24","3_44_23"
"3_45_24","5_43_23"
"46_45_24","91_0_23"
"46_45_25","91_0_24"
"46_45_26","91_0_25"
"46_45_27","91_0_26"
"46_45_28","91_0_27"
"46_45_29","91_0_28"
"46_45_30","91_0_29"
"46_45_31","91_0_30"
"46_45_32","91_0_31"
"46_45_33","91_0_32"
"46_45_34","91_0_33"
"46_45_35","91_0_34"
"46_45_36","91_0_35"
"46_45_37","91_0_36"
"46_45_38","91_0_37"
"46_45_39","91_0_38"
"46_45_40","91_0_39"
"46_45_41","91_0_40"
"46_45_42","91_0_41"
"46_45_43","91_0_42"
"46_45_44","91_0_43"
"46_45_45","91_0_44"
"46_45_46","91_0_45"
"46_45_47","91_0_46"
"46_45_48","91_0_47"
"46_45_49","91_0_48"
"46_45_50","91_0_49"
"46_45_51","91_0_50"
"46_45_52","91_0_51"
"46_45_53","91_0_52"
"46_45_54","91_0_53"
"46_45_55","91_0_54"
"32_46_2","63_15_1"
"16_46_3","31_31_2"
"31_46_3","61_16_2"
"32_46_3_0","0"
"32_46_3_1","63_15_2"
"40_46_3_0","0"
"40_46_3_1","79_7_2"
"44_46_3_0","0"
"44_46_3_1","87_3_2"
"16_46_4_0","31_31_3_1"
"16_46_4_1","31_31_3_0"
"26_46_4","51_21_3"
"30_46_4_0","0"
"30_46_4_1","59_17_3"
"32_46_4_0","0"
"32_46_4_1","0"
"32_46_4_2","63_15_3"
"38_46_4_0","0"
"38_46_4_1","75_9_3"
"40_46_4_0","0"
"40_46_4_1","0"
"40_46_4_2","79_7_3"
"44_46_4_0","0"
"44_46_4_1","87_3_3"
"6_46_5","11_41_4"
"14_46_5","27_33_4"
"15_46_5_0","0"
"15_46_5_1","29_32_4"
"16_46_5_0","0"
"16_46_5_1","0"
"16_46_5_2","31_31_4"
"24_46_5_0","0"
"24_46_5_1","47_23_4"
"29_46_5","57_18_4_1"
"32_46_5_0","0"
"32_46_5_1","63_15_4"
"40_46_5_0","0"
"40_46_5_1","79_7_4"
"6_46_6","11_41_5"
"8_46_6","15_39_5"
"12_46_6","23_35_5"
"14_46_6_0","0"
"14_46_6_1","27_33_5"
"16_46_6_0","0"
"16_46_6_1","31_31_5_1"
"16_46_6_2","31_31_5_0"
"17_46_6_0","0"
"17_46_6_1","0"
"17_46_6_2","33_30_5"
"23_46_6_0","0"
"23_46_6_1","0"
"23_46_6_2","0"
"23_46_6_3","45_24_5"
"24_46_6_0","0"
"24_46_6_1","0"
"24_46_6_2","0"
"24_46_6_3","0"
"24_46_6_4","47_23_5"
"30_46_6_0","0"
"30_46_6_1","0"
"30_46_6_2","59_17_5"
"32_46_6_0","0"
"32_46_6_1","0"
"32_46_6_2","63_15_5_0 + 63_15_5_1"
"32_46_6_3","63_15_5_0"
"6_46_7","11_41_6"
"7_46_7","13_40_6"
"9_46_7","17_38_6_0"
"10_46_7_0","0"
"10_46_7_1","19_37_6"
"13_46_7_0","0"
"13_46_7_1","25_34_6_0"
"15_46_7_0","0"
"15_46_7_1","0"
"15_46_7_2","29_32_6"
"16_46_7_0","0"
"16_46_7_1","0"
"16_46_7_2","0"
"16_46_7_3","31_31_6"
"21_46_7_0","0"
"21_46_7_1","0"
"21_46_7_2","41_26_6"
"24_46_7_0","0"
"24_46_7_1","0"
"24_46_7_2","0"
"24_46_7_3","47_23_6"
"30_46_7_0","0"
"30_46_7_1","0"
"30_46_7_2","59_17_6"
"31_46_7_0","0"
"31_46_7_1","0"
"31_46_7_2","61_16_6"
"32_46_7_0","0"
"32_46_7_1","0"
"32_46_7_2","0"
"32_46_7_3","63_15_6"
"36_46_7_0","0"
"36_46_7_1","0"
"36_46_7_2","71_11_6"
"4_46_8_0","7_43_7_1"
"4_46_8_1","7_43_7_0"
"8_46_8_0","15_39_7_1"
"8_46_8_1","15_39_7_0"
"10_46_8_0","19_37_7_1"
"10_46_8_1","19_37_7_0"
"12_46_8_0","0"
"12_46_8_1","23_35_7"
"14_46_8_0","0"
"14_46_8_1","0"
"14_46_8_2","27_33_7"
"16_46_8_0","0"
"16_46_8_1","0"
"16_46_8_2","0"
"16_46_8_3","31_31_7"
"18_46_8_0","0"
"18_46_8_1","0"
"18_46_8_2","35_29_7"
"30_46_8_0","0"
"30_46_8_1","0"
"30_46_8_2","59_17_7"
"32_46_8_0","0"
"32_46_8_1","0"
"32_46_8_2","63_15_7"
"36_46_8_0","0"
"36_46_8_1","0"
"36_46_8_2","71_11_7"
"4_46_9_0","7_43_8_2"
"4_46_9_1","7_43_8_1"
"4_46_9_2","7_43_8_0"
"6_46_9","11_41_8"
"10_46_9_0","19_37_8_0 + 19_37_8_1"
"10_46_9_1","19_37_8_1"
"12_46_9_0","0"
"12_46_9_1","23_35_8"
"16_46_9_0","0"
"16_46_9_1","31_31_8_0 + 31_31_8_1"
"16_46_9_2","31_31_8_0"
"18_46_9_0","0"
"18_46_9_1","0"
"18_46_9_2","35_29_8"
"24_46_9_0","0"
"24_46_9_1","47_23_8"
"32_46_9_0","0"
"32_46_9_1","63_15_8"
"2_46_10","3_45_9"
"3_46_10","5_44_9"
"4_46_10_0","0"
"4_46_10_1","7_43_9"
"6_46_10","11_41_9"
"8_46_10","15_39_9"
"9_46_10_0","0"
"9_46_10_1","17_38_9_0"
"10_46_10_0","0"
"10_46_10_1","0"
"10_46_10_2","19_37_9_0"
"10_46_10_3","19_37_9_0 + 19_37_9_1"
"12_46_10_0","0"
"12_46_10_1","23_35_9"
"15_46_10_0","0"
"15_46_10_1","29_32_9"
"16_46_10_0","0"
"16_46_10_1","0"
"16_46_10_2","31_31_9_0"
"16_46_10_3","31_31_9_1"
"18_46_10_0","0"
"18_46_10_1","0"
"18_46_10_2","35_29_9"
"22_46_10_0","0"
"22_46_10_1","43_25_9"
"24_46_10_0","0"
"24_46_10_1","47_23_9_1"
"24_46_10_2","47_23_9_0"
"2_46_11","3_45_10"
"3_46_11","5_44_10"
"6_46_11_0","0"
"6_46_11_1","11_41_10_1"
"6_46_11_2","11_41_10_0"
"7_46_11_0","0"
"7_46_11_1","0"
"7_46_11_2","13_40_10"
"10_46_11_0","0"
"10_46_11_1","0"
"10_46_11_2","19_37_10_0"
"10_46_11_3","19_37_10_0 + 19_37_10_1"
"13_46_11_0","0"
"13_46_11_1","0"
"13_46_11_2","25_34_10"
"16_46_11_0","0"
"16_46_11_1","0"
"16_46_11_2","0"
"16_46_11_3","31_31_10_0"
"16_46_11_4","31_31_10_0 + 31_31_10_1"
"22_46_11_0","0"
"22_46_11_1","0"
"22_46_11_2","43_25_10"
"23_46_11_0","0"
"23_46_11_1","0"
"23_46_11_2","45_24_10"
"24_46_11_0","0"
"24_46_11_1","0"
"24_46_11_2","0"
"24_46_11_3","47_23_10"
"28_46_11_0","0"
"28_46_11_1","0"
"28_46_11_2","55_19_10"
"2_46_12","3_45_11"
"4_46_12","7_43_11"
"6_46_12_0","0"
"6_46_12_1","11_41_11_0"
"6_46_12_2","11_41_11_1"
"10_46_12_0","0"
"10_46_12_1","19_37_11_1"
"10_46_12_2","19_37_11_0"
"16_46_12_0","0"
"16_46_12_1","0"
"16_46_12_2","31_31_11"
"22_46_12_0","0"
"22_46_12_1","43_25_11"
"24_46_12_0","0"
"24_46_12_1","47_23_11"
"28_46_12_0","0"
"28_46_12_1","55_19_11"
"3_46_13","5_44_12"
"4_46_13_0","0"
"4_46_13_1","7_43_12"
"6_46_13_0","0"
"6_46_13_1","11_41_12"
"8_46_13_0","0"
"8_46_13_1","15_39_12_1"
"8_46_13_2","15_39_12_0 + 15_39_12_1"
"10_46_13_0","0"
"10_46_13_1","0"
"10_46_13_2","19_37_12_1"
"10_46_13_3","19_37_12_0"
"16_46_13_0","0"
"16_46_13_1","31_31_12"
"24_46_13_0","0"
"24_46_13_1","47_23_12"
"4_46_14","7_43_13"
"6_46_14","11_41_13"
"7_46_14","13_40_13_0"
"8_46_14_0","0"
"8_46_14_1","15_39_13_0"
"8_46_14_2","15_39_13_1"
"10_46_14_0","0"
"10_46_14_1","19_37_13"
"13_46_14","25_34_13"
"14_46_14_0","0"
"14_46_14_1","27_33_13"
"16_46_14_0","0"
"16_46_14_1","31_31_13_1"
"16_46_14_2","31_31_13_0"
"2_46_15","3_45_14"
"4_46_15","7_43_14"
"5_46_15","9_42_14"
"8_46_15_0","0"
"8_46_15_1","15_39_14"
"11_46_15","21_36_14"
"14_46_15_0","0"
"14_46_15_1","27_33_14"
"15_46_15_0","0"
"15_46_15_1","29_32_14"
"16_46_15_0","0"
"16_46_15_1","0"
"16_46_15_2","31_31_14"
"20_46_15_0","0"
"20_46_15_1","39_27_14"
"3_46_16","5_44_15"
"4_46_16_0","0"
"4_46_16_1","7_43_15"
"8_46_16_0","0"
"8_46_16_1","15_39_15"
"14_46_16_0","0"
"14_46_16_1","27_33_15"
"16_46_16_0","0"
"16_46_16_1","31_31_15"
"20_46_16_0","0"
"20_46_16_1","39_27_15"
"4_46_17","7_43_16"
"6_46_17","11_41_16"
"8_46_17_0","0"
"8_46_17_1","15_39_16"
"16_46_17_0","0"
"16_46_17_1","31_31_16"
"2_46_18","3_45_17"
"5_46_18","9_42_17"
"6_46_18_0","0"
"6_46_18_1","11_41_17"
"8_46_18_0","0"
"8_46_18_1","15_39_17_1"
"8_46_18_2","15_39_17_0"
"3_46_19","5_44_18"
"6_46_19_0","0"
"6_46_19_1","11_41_18"
"7_46_19_0","0"
"7_46_19_1","13_40_18"
"8_46_19_0","0"
"8_46_19_1","0"
"8_46_19_2","15_39_18"
"12_46_19_0","0"
"12_46_19_1","23_35_18"
"6_46_20","11_41_19"
"7_46_20","13_40_19"
"8_46_20_0","0"
"8_46_20_1","15_39_19"
"12_46_20_0","0"
"12_46_20_1","23_35_19"
"6_46_21","11_41_20"
"8_46_21_0","0"
"8_46_21_1","15_39_20"
"4_46_22","7_43_21"
"4_46_23","7_43_22"
"4_46_24","7_43_23"
"2_46_25","3_45_24"
"48_47_2","95_0_1"
"16_47_3","31_32_2"
"30_47_3","59_18_2"
"32_47_3_0","0"
"32_47_3_1","63_16_2"
"40_47_3_0","0"
"40_47_3_1","79_8_2"
"48_47_3","95_0_2"
"14_47_4","27_34_3"
"15_47_4","29_33_3"
"16_47_4_0","0"
"16_47_4_1","31_32_3"
"18_47_4","35_30_3"
"30_47_4","59_18_3"
"31_47_4","61_17_3"
"34_47_4","67_14_3"
"39_47_4","77_9_3"
"40_47_4_0","0"
"40_47_4_1","79_8_3"
"48_47_4","95_0_3"
"8_47_5","15_40_4"
"14_47_5_0","0"
"14_47_5_1","27_34_4_0 + 27_34_4_1"
"14_47_5_2","27_34_4_0"
"16_47_5_0","0"
"16_47_5_1","31_32_4"
"18_47_5_0","0"
"18_47_5_1","0"
"18_47_5_2","35_30_4"
"30_47_5_0","0"
"30_47_5_1","59_18_4_1"
"30_47_5_2","59_18_4_0 + 59_18_4_1"
"39_47_5_0","0"
"39_47_5_1","77_9_4"
"48_47_5_0","0"
"48_47_5_1","95_0_4"
"6_47_6","11_42_5"
"7_47_6","13_41_5_0"
"8_47_6_0","0"
"8_47_6_1","15_40_5"
"13_47_6_0","0"
"13_47_6_1","25_35_5"
"14_47_6_0","0"
"14_47_6_1","0"
"14_47_6_2","27_34_5"
"15_47_6_0","0"
"15_47_6_1","0"
"15_47_6_2","29_33_5"
"18_47_6_0","0"
"18_47_6_1","0"
"18_47_6_2","35_30_5"
"24_47_6_0","0"
"24_47_6_1","0"
"24_47_6_2","47_24_5"
"28_47_6_0","0"
"28_47_6_1","55_20_5"
"30_47_6_0","0"
"30_47_6_1","59_18_5"
"34_47_6_0","0"
"34_47_6_1","67_14_5"
"48_47_6_0","0"
"48_47_6_1","95_0_5"
"8_47_7","15_40_6"
"10_47_7_0","19_38_6_2"
"10_47_7_1","19_38_6_0"
"12_47_7_0","0"
"12_47_7_1","23_36_6"
"14_47_7_0","0"
"14_47_7_1","0"
"14_47_7_2","27_34_6_1"
"14_47_7_3","27_34_6_0"
"16_47_7_0","0"
"16_47_7_1","0"
"16_47_7_2","0"
"16_47_7_3","31_32_6"
"22_47_7_0","0"
"22_47_7_1","0"
"22_47_7_2","43_26_6"
"28_47_7_0","0"
"28_47_7_1","55_20_6"
"32_47_7_0","0"
"32_47_7_1","63_16_6"
"34_47_7_0","0"
"34_47_7_1","67_14_6"
"48_47_7_0","0"
"48_47_7_1","95_0_6"
"4_47_8","7_44_7"
"5_47_8","9_43_7_0"
"6_47_8_0","0"
"6_47_8_1","11_42_7_0 + 11_42_7_1"
"9_47_8_0","0"
"9_47_8_1","17_39_7"
"10_47_8_0","0"
"10_47_8_1","0"
"10_47_8_2","19_38_7_0"
"10_47_8_3","19_38_7_0 + 19_38_7_1"
"11_47_8_0","0"
"11_47_8_1","0"
"11_47_8_2","21_37_7_0"
"15_47_8_0","0"
"15_47_8_1","0"
"15_47_8_2","29_33_7"
"16_47_8_0","0"
"16_47_8_1","0"
"16_47_8_2","0"
"16_47_8_3","31_32_7"
"18_47_8_0","0"
"18_47_8_1","0"
"18_47_8_2","0"
"18_47_8_3","35_30_7"
"31_47_8_0","0"
"31_47_8_1","0"
"31_47_8_2","61_17_7"
"32_47_8_0","0"
"32_47_8_1","0"
"32_47_8_2","0"
"32_47_8_3","63_16_7"
"48_47_8_0","0"
"48_47_8_1","0"
"48_47_8_2","95_0_7"
"4_47_9","7_44_8"
"6_47_9","11_42_8_1"
"8_47_9","15_40_8"
"10_47_9_0","0"
"10_47_9_1","19_38_8_1"
"10_47_9_2","19_38_8_0 + 19_38_8_1"
"14_47_9","27_34_8"
"16_47_9_0","0"
"16_47_9_1","31_32_8"
"18_47_9_0","0"
"18_47_9_1","35_30_8"
"22_47_9","43_26_8"
"31_47_9","61_17_8"
"48_47_9","95_0_8"
"4_47_10_0","7_44_9_0"
"4_47_10_1","7_44_9_1"
"5_47_10","9_43_9"
"6_47_10_0","0"
"6_47_10_1","11_42_9_1"
"6_47_10_2","11_42_9_0"
"10_47_10_0","0"
"10_47_10_1","19_38_9_0"
"10_47_10_2","19_38_9_1"
"13_47_10_0","0"
"13_47_10_1","25_35_9"
"14_47_10_0","0"
"14_47_10_1","0"
"14_47_10_2","27_34_9"
"16_47_10_0","0"
"16_47_10_1","0"
"16_47_10_2","31_32_9"
"18_47_10_0","0"
"18_47_10_1","35_30_9"
"20_47_10_0","0"
"20_47_10_1","39_28_9"
"22_47_10_0","0"
"22_47_10_1","43_26_9"
"26_47_10_0","0"
"26_47_10_1","51_22_9"
"48_47_10_0","0"
"48_47_10_1","95_0_9"
"2_47_11","3_46_10"
"4_47_11_0","7_44_10_1"
"4_47_11_1","7_44_10_0"
"8_47_11_0","15_40_10_1"
"8_47_11_1","15_40_10_0"
"10_47_11","19_38_10"
"11_47_11","21_37_10_0"
"14_47_11_0","0"
"14_47_11_1","27_34_10"
"18_47_11","35_30_10"
"20_47_11","39_28_10"
"24_47_11","47_24_10"
"26_47_11","51_22_10"
"48_47_11","95_0_10"
"2_47_12","3_46_11"
"7_47_12","13_41_11_0"
"8_47_12_0","0"
"8_47_12_1","15_40_11_1"
"8_47_12_2","15_40_11_0"
"10_47_12_0","0"
"10_47_12_1","19_38_11"
"18_47_12","35_30_11"
"23_47_12","45_25_11"
"24_47_12_0","0"
"24_47_12_1","47_24_11"
"48_47_12","95_0_11"
"3_47_13","5_45_12"
"6_47_13_0","0"
"6_47_13_1","11_42_12"
"8_47_13_0","0"
"8_47_13_1","0"
"8_47_13_2","15_40_12_1"
"8_47_13_3","15_40_12_0"
"10_47_13_0","0"
"10_47_13_1","0"
"10_47_13_2","19_38_12"
"14_47_13_0","0"
"14_47_13_1","27_34_12"
"23_47_13_0","0"
"23_47_13_1","45_25_12"
"25_47_13_0","0"
"25_47_13_1","49_23_12"
"48_47_13_0","0"
"48_47_13_1","0"
"48_47_13_2","95_0_12"
"2_47_14","3_46_13"
"4_47_14","7_44_13"
"5_47_14","9_43_13_0"
"6_47_14_0","0"
"6_47_14_1","11_42_13"
"8_47_14_0","0"
"8_47_14_1","15_40_13_0"
"8_47_14_2","15_40_13_1"
"10_47_14","19_38_13"
"12_47_14","23_36_13"
"14_47_14","27_34_13"
"18_47_14","35_30_13"
"23_47_14","45_25_13"
"48_47_14_0","0"
"48_47_14_1","95_0_13"
"3_47_15","5_45_14"
"4_47_15_0","0"
"4_47_15_1","7_44_14"
"6_47_15_0","0"
"6_47_15_1","11_42_14"
"8_47_15_0","0"
"8_47_15_1","15_40_14"
"12_47_15","23_36_14"
"16_47_15","31_32_14"
"18_47_15","35_30_14"
"22_47_15","43_26_14"
"48_47_15_0","0"
"48_47_15_1","95_0_14"
"4_47_16","7_44_15"
"6_47_16_0","11_42_15_1"
"6_47_16_1","11_42_15_0 + 11_42_15_1"
"8_47_16_0","0"
"8_47_16_1","15_40_15"
"15_47_16_0","0"
"15_47_16_1","29_33_15"
"16_47_16_0","0"
"16_47_16_1","0"
"16_47_16_2","31_32_15"
"21_47_16_0","0"
"21_47_16_1","41_27_15"
"48_47_16_0","0"
"48_47_16_1","0"
"48_47_16_2","95_0_15"
"2_47_17","3_46_16"
"4_47_17","7_44_16"
"6_47_17_0","0"
"6_47_17_1","11_42_16_0"
"6_47_17_2","11_42_16_0 + 11_42_16_1"
"15_47_17_0","0"
"15_47_17_1","29_33_16"
"17_47_17_0","0"
"17_47_17_1","33_31_16"
"48_47_17_0","0"
"48_47_17_1","0"
"48_47_17_2","95_0_16"
"3_47_18","5_45_17"
"4_47_18_0","0"
"4_47_18_1","7_44_17"
"6_47_18_0","0"
"6_47_18_1","11_42_17_0 + 11_42_17_1"
"6_47_18_2","11_42_17_0"
"10_47_18_0","0"
"10_47_18_1","19_38_17"
"15_47_18_0","0"
"15_47_18_1","29_33_17"
"48_47_18_0","0"
"48_47_18_1","0"
"48_47_18_2","95_0_17"
"4_47_19","7_44_18"
"6_47_19","11_42_18"
"8_47_19","15_40_18"
"10_47_19","19_38_18"
"14_47_19","27_34_18"
"48_47_19_0","0"
"48_47_19_1","95_0_18"
"2_47_20","3_46_19"
"7_47_20","13_41_19"
"8_47_20_0","0"
"8_47_20_1","15_40_19"
"13_47_20","25_35_19"
"48_47_20_0","0"
"48_47_20_1","95_0_19"
"3_47_21","5_45_20"
"7_47_21_0","0"
"7_47_21_1","13_41_20"
"9_47_21_0","0"
"9_47_21_1","17_39_20"
"48_47_21_0","0"
"48_47_21_1","0"
"48_47_21_2","95_0_20"
"7_47_22","13_41_21"
"48_47_22_0","0"
"48_47_22_1","95_0_21"
"6_47_23","11_42_22"
"48_47_23_0","0"
"48_47_23_1","95_0_22"
"5_47_24","9_43_23"
"48_47_24_0","0"
"48_47_24_1","95_0_23"
"48_47_25","95_0_24"
"48_47_26","95_0_25"
"48_47_27","95_0_26"
"48_47_28","95_0_27"
"48_47_29","95_0_28"
"48_47_30","95_0_29"
"48_47_31","95_0_30"
"48_47_32","95_0_31"
"48_47_33","95_0_32"
"48_47_34","95_0_33"
"48_47_35","95_0_34"
"48_47_36","95_0_35"
"48_47_37","95_0_36"
"48_47_38","95_0_37"
"48_47_39","95_0_38"
"48_47_40","95_0_39"
"48_47_41","95_0_40"
"48_47_42","95_0_41"
"48_47_43","95_0_42"
"48_47_44","95_0_43"
"48_47_45","95_0_44"
"48_47_46","95_0_45"
"48_47_47","95_0_46"
"48_47_48","95_0_47"
"48_47_49","95_0_48"
"48_47_50","95_0_49"
"48_47_51","95_0_50"
"48_47_52","95_0_51"
"48_47_53","95_0_52"
"48_48_2","95_1_1"
"18_48_3","35_31_2"
"34_48_3","67_15_2"
"42_48_3","83_7_2"
"46_48_3","91_3_2"
"47_48_3","93_2_2"
"8_48_4","15_41_3"
"16_48_4_0","0"
"16_48_4_1","31_33_3"
"18_48_4_0","0"
"18_48_4_1","35_31_3_1"
"18_48_4_2","35_31_3_0"
"28_48_4_0","0"
"28_48_4_1","0"
"28_48_4_2","55_21_3"
"32_48_4_0","0"
"32_48_4_1","0"
"32_48_4_2","0"
"32_48_4_3","63_17_3"
"34_48_4_0","0"
"34_48_4_1","0"
"34_48_4_2","0"
"34_48_4_3","67_15_3"
"40_48_4_0","0"
"40_48_4_1","0"
"40_48_4_2","79_9_3"
"42_48_4_0","0"
"42_48_4_1","0"
"42_48_4_2","83_7_3"
"46_48_4_0","0"
"46_48_4_1","91_3_3"
"8_48_5","15_41_4"
"11_48_5","21_38_4"
"14_48_5_0","0"
"14_48_5_1","27_35_4"
"15_48_5_0","0"
"15_48_5_1","29_34_4_0"
"16_48_5_0","0"
"16_48_5_1","0"
"16_48_5_2","31_33_4_1"
"16_48_5_3","31_33_4_0"
"18_48_5_0","0"
"18_48_5_1","0"
"18_48_5_2","35_31_4"
"31_48_5_0","0"
"31_48_5_1","61_18_4_1"
"32_48_5_0","0"
"32_48_5_1","0"
"32_48_5_2","63_17_4"
"34_48_5_0","0"
"34_48_5_1","0"
"34_48_5_2","67_15_4"
"40_48_5_0","0"
"40_48_5_1","0"
"40_48_5_2","79_9_4"
"42_48_5_0","0"
"42_48_5_1","83_7_4"
"8_48_6","15_41_5"
"10_48_6","19_39_5"
"12_48_6_0","0"
"12_48_6_1","23_37_5"
"14_48_6_0","0"
"14_48_6_1","0"
"14_48_6_2","27_35_5_1"
"14_48_6_3","27_35_5_0"
"16_48_6_0","0"
"16_48_6_1","0"
"16_48_6_2","0"
"16_48_6_3","31_33_5"
"18_48_6_0","0"
"18_48_6_1","0"
"18_48_6_2","35_31_5_1"
"28_48_6_0","0"
"28_48_6_1","55_21_5"
"31_48_6_0","0"
"31_48_6_1","61_18_5"
"32_48_6_0","0"
"32_48_6_1","0"
"32_48_6_2","63_17_5"
"34_48_6_0","0"
"34_48_6_1","0"
"34_48_6_2","67_15_5_0 + 67_15_5_1"
"38_48_6_0","0"
"38_48_6_1","75_11_5"
"40_48_6_0","0"
"40_48_6_1","0"
"40_48_6_2","79_9_5"
"6_48_7","11_43_6"
"9_48_7_0","0"
"9_48_7_1","17_40_6"
"11_48_7_0","0"
"11_48_7_1","0"
"11_48_7_2","21_38_6_0"
"12_48_7_0","0"
"12_48_7_1","0"
"12_48_7_2","0"
"12_48_7_3","23_37_6_0"
"12_48_7_4","23_37_6_1"
"15_48_7_0","0"
"15_48_7_1","0"
"15_48_7_2","0"
"15_48_7_3","29_34_6"
"18_48_7_0","0"
"18_48_7_1","0"
"18_48_7_2","0"
"18_48_7_3","35_31_6"
"26_48_7_0","0"
"26_48_7_1","0"
"26_48_7_2","51_23_6"
"29_48_7_0","0"
"29_48_7_1","0"
"29_48_7_2","57_20_6"
"32_48_7_0","0"
"32_48_7_1","0"
"32_48_7_2","0"
"32_48_7_3","63_17_6"
"34_48_7_0","0"
"34_48_7_1","0"
"34_48_7_2","0"
"34_48_7_3","67_15_6"
"38_48_7_0","0"
"38_48_7_1","0"
"38_48_7_2","75_11_6"
"39_48_7_0","0"
"39_48_7_1","0"
"39_48_7_2","77_10_6"
"5_48_8","9_44_7"
"8_48_8_0","0"
"8_48_8_1","15_41_7"
"10_48_8_0","0"
"10_48_8_1","19_39_7"
"12_48_8_0","0"
"12_48_8_1","0"
"12_48_8_2","23_37_7_1 + 23_37_7_2"
"12_48_8_3","23_37_7_1"
"12_48_8_4","23_37_7_0 + 23_37_7_1"
"16_48_8_0","0"
"16_48_8_1","0"
"16_48_8_2","31_33_7"
"18_48_8_0","0"
"18_48_8_1","0"
"18_48_8_2","35_31_7"
"26_48_8_0","0"
"26_48_8_1","51_23_7"
"32_48_8_0","0"
"32_48_8_1","0"
"32_48_8_2","63_17_7"
"34_48_8_0","0"
"34_48_8_1","67_15_7"
"38_48_8_0","0"
"38_48_8_1","75_11_7"
"3_48_9","5_46_8"
"4_48_9_0","0"
"4_48_9_1","7_45_8_0"
"4_48_9_2","7_45_8_0 + 7_45_8_1"
"5_48_9_0","0"
"5_48_9_1","9_44_8_0"
"6_48_9_0","0"
"6_48_9_1","0"
"6_48_9_2","11_43_8"
"7_48_9_0","0"
"7_48_9_1","0"
"7_48_9_2","13_42_8_0 + 13_42_8_1"
"8_48_9_0","0"
"8_48_9_1","0"
"8_48_9_2","0"
"8_48_9_3","15_41_8"
"12_48_9_0","0"
"12_48_9_1","0"
"12_48_9_2","23_37_8_0 + 23_37_8_1"
"12_48_9_3","23_37_8_0 + 23_37_8_1 + 23_37_8_2"
"12_48_9_4","23_37_8_1"
"14_48_9_0","0"
"14_48_9_1","0"
"14_48_9_2","0"
"14_48_9_3","27_35_8"
"18_48_9_0","0"
"18_48_9_1","0"
"18_48_9_2","35_31_8_0 + 35_31_8_1"
"20_48_9_0","0"
"20_48_9_1","0"
"20_48_9_2","39_29_8"
"24_48_9_0","0"
"24_48_9_1","0"
"24_48_9_2","47_25_8"
"26_48_9_0","0"
"26_48_9_1","0"
"26_48_9_2","0"
"26_48_9_3","51_23_8"
"32_48_9_0","0"
"32_48_9_1","0"
"32_48_9_2","0"
"32_48_9_3","63_17_8"
"34_48_9_0","0"
"34_48_9_1","0"
"34_48_9_2","67_15_8"
"4_48_10","7_45_9"
"8_48_10_0","0"
"8_48_10_1","15_41_9"
"11_48_10","21_38_9_0"
"12_48_10_0","0"
"12_48_10_1","23_37_9"
"14_48_10","27_35_9"
"18_48_10_0","35_31_9_0"
"18_48_10_1","35_31_9_1"
"20_48_10","39_29_9"
"23_48_10","45_26_9"
"24_48_10_0","0"
"24_48_10_1","47_25_9"
"26_48_10_0","0"
"26_48_10_1","51_23_9_1"
"30_48_10","59_19_9"
"32_48_10_0","0"
"32_48_10_1","63_17_9"
"3_48_11","5_46_10"
"8_48_11_0","15_41_10_1"
"8_48_11_1","15_41_10_0"
"12_48_11","23_37_10"
"18_48_11_0","35_31_10_0"
"18_48_11_1","35_31_10_0 + 35_31_10_1"
"21_48_11","41_28_10"
"24_48_11_0","0"
"24_48_11_1","47_25_10"
"26_48_11_0","0"
"26_48_11_1","51_23_10"
"30_48_11","59_19_10"
"31_48_11","61_18_10"
"3_48_12","5_46_11"
"6_48_12_0","0"
"6_48_12_1","11_43_11"
"8_48_12_0","0"
"8_48_12_1","0"
"8_48_12_2","15_41_11_0 + 15_41_11_1"
"8_48_12_3","15_41_11_1"
"18_48_12_0","0"
"18_48_12_1","35_31_11"
"19_48_12_0","0"
"19_48_12_1","37_30_11"
"24_48_12_0","0"
"24_48_12_1","0"
"24_48_12_2","47_25_11"
"26_48_12_0","0"
"26_48_12_1","51_23_11"
"30_48_12_0","0"
"30_48_12_1","59_19_11"
"2_48_13","3_47_12"
"4_48_13_0","7_45_12_1"
"4_48_13_1","7_45_12_0"
"6_48_13_0","0"
"6_48_13_1","11_43_12_0"
"6_48_13_2","11_43_12_0 + 11_43_12_1"
"12_48_13","23_37_12"
"16_48_13","31_33_12"
"18_48_13_0","0"
"18_48_13_1","35_31_12"
"24_48_13_0","0"
"24_48_13_1","47_25_12"
"26_48_13","51_23_12"
"2_48_14","3_47_13"
"3_48_14_0","0"
"3_48_14_1","5_46_13"
"4_48_14_0","0"
"4_48_14_1","0"
"4_48_14_2","7_45_13"
"6_48_14_0","0"
"6_48_14_1","11_43_13_0"
"6_48_14_2","11_43_13_0 + 11_43_13_1"
"10_48_14_0","0"
"10_48_14_1","19_39_13"
"12_48_14_0","0"
"12_48_14_1","23_37_13"
"15_48_14_0","0"
"15_48_14_1","29_34_13"
"16_48_14_0","0"
"16_48_14_1","0"
"16_48_14_2","31_33_13"
"18_48_14_0","0"
"18_48_14_1","0"
"18_48_14_2","35_31_13_1"
"22_48_14_0","0"
"22_48_14_1","43_27_13"
"24_48_14_0","0"
"24_48_14_1","0"
"24_48_14_2","47_25_13"
"4_48_15","7_45_14"
"6_48_15","11_43_14"
"7_48_15","13_42_14_0"
"10_48_15_0","0"
"10_48_15_1","19_39_14"
"13_48_15_0","0"
"13_48_15_1","25_36_14"
"16_48_15_0","0"
"16_48_15_1","0"
"16_48_15_2","31_33_14"
"18_48_15_0","0"
"18_48_15_1","0"
"18_48_15_2","35_31_14"
"22_48_15_0","0"
"22_48_15_1","43_27_14"
"23_48_15_0","0"
"23_48_15_1","45_26_14"
"2_48_16","3_47_15"
"4_48_16","7_45_15"
"10_48_16_0","0"
"10_48_16_1","19_39_15"
"16_48_16_0","0"
"16_48_16_1","0"
"16_48_16_2","31_33_15"
"18_48_16_0","0"
"18_48_16_1","35_31_15"
"22_48_16_0","0"
"22_48_16_1","43_27_15"
"3_48_17","5_46_16"
"4_48_17_0","0"
"4_48_17_1","7_45_16"
"6_48_17_0","0"
"6_48_17_1","11_43_16"
"8_48_17_0","0"
"8_48_17_1","15_41_16_1"
"8_48_17_2","15_41_16_0"
"10_48_17_0","0"
"10_48_17_1","0"
"10_48_17_2","19_39_16"
"16_48_17_0","0"
"16_48_17_1","0"
"16_48_17_2","31_33_16"
"18_48_17_0","0"
"18_48_17_1","35_31_16"
"4_48_18","7_45_17"
"6_48_18","11_43_17"
"7_48_18","13_42_17_0"
"8_48_18_0","0"
"8_48_18_1","15_41_17"
"10_48_18_0","0"
"10_48_18_1","19_39_17_1"
"14_48_18","27_35_17"
"16_48_18_0","0"
"16_48_18_1","31_33_17"
"2_48_19","3_47_18"
"4_48_19","7_45_18"
"5_48_19","9_44_18"
"8_48_19_0","0"
"8_48_19_1","15_41_18"
"10_48_19_0","0"
"10_48_19_1","19_39_18"
"14_48_19","27_35_18"
"15_48_19","29_34_18"
"3_48_20","5_46_19"
"4_48_20_0","0"
"4_48_20_1","7_45_19"
"8_48_20_0","0"
"8_48_20_1","15_41_19"
"10_48_20","19_39_19"
"14_48_20","27_35_19"
"4_48_21","7_45_20"
"8_48_21","15_41_20"
"10_48_21","19_39_20"
"2_48_22","3_47_21"
"6_48_22_0","0"
"6_48_22_1","11_43_21"
"8_48_22_0","0"
"8_48_22_1","0"
"8_48_22_2","15_41_21"
"3_48_23","5_46_22"
"6_48_23_0","0"
"6_48_23_1","11_43_22"
"7_48_23_0","0"
"7_48_23_1","13_42_22"
"6_48_24","11_43_23"
"50_49_2","99_0_1"
"16_49_3","31_34_2"
"20_49_3","39_30_2"
"32_49_3_0","0"
"32_49_3_1","63_18_2"
"48_49_3","95_2_2"
"50_49_3","99_0_2"
"12_49_4","23_38_3"
"13_49_4","25_37_3"
"16_49_4_0","0"
"16_49_4_1","31_34_3_1"
"16_49_4_2","31_34_3_0"
"19_49_4","37_31_3_0"
"20_49_4_0","0"
"20_49_4_1","39_30_3"
"29_49_4_0","0"
"29_49_4_1","57_21_3"
"32_49_4_0","0"
"32_49_4_1","0"
"32_49_4_2","63_18_3"
"36_49_4_0","0"
"36_49_4_1","71_14_3"
"47_49_4","93_3_3"
"50_49_4","99_0_3"
"10_49_5","19_40_4"
"11_49_5_0","0"
"11_49_5_1","21_39_4"
"12_49_5_0","0"
"12_49_5_1","0"
"12_49_5_2","23_38_4_0 + 23_38_4_1"
"12_49_5_3","23_38_4_0"
"16_49_5_0","0"
"16_49_5_1","0"
"16_49_5_2","0"
"16_49_5_3","31_34_4_0 + 31_34_4_1"
"16_49_5_4","31_34_4_0"
"20_49_5_0","0"
"20_49_5_1","0"
"20_49_5_2","39_30_4"
"27_49_5_0","0"
"27_49_5_1","0"
"27_49_5_2","53_23_4"
"32_49_5_0","0"
"32_49_5_1","0"
"32_49_5_2","0"
"32_49_5_3","63_18_4_1"
"32_49_5_4","63_18_4_0 + 63_18_4_1"
"50_49_5_0","0"
"50_49_5_1","99_0_4"
"9_49_6","17_41_5"
"10_49_6_0","0"
"10_49_6_1","19_40_5_0"
"10_49_6_2","19_40_5_1"
"11_49_6_0","0"
"11_49_6_1","0"
"11_49_6_2","21_39_5"
"12_49_6_0","0"
"12_49_6_1","0"
"12_49_6_2","0"
"12_49_6_3","23_38_5_0"
"12_49_6_4","23_38_5_0 + 23_38_5_1"
"15_49_6_0","0"
"15_49_6_1","0"
"15_49_6_2","29_35_5"
"16_49_6_0","0"
"16_49_6_1","0"
"16_49_6_2","0"
"16_49_6_3","31_34_5"
"20_49_6_0","0"
"20_49_6_1","39_30_5"
"26_49_6_0","0"
"26_49_6_1","51_24_5"
"29_49_6_0","0"
"29_49_6_1","0"
"29_49_6_2","57_21_5"
"30_49_6_0","0"
"30_49_6_1","0"
"30_49_6_2","0"
"30_49_6_3","59_20_5"
"32_49_6_0","0"
"32_49_6_1","0"
"32_49_6_2","0"
"32_49_6_3","63_18_5"
"36_49_6_0","0"
"36_49_6_1","71_14_5"
"50_49_6_0","0"
"50_49_6_1","99_0_5"
"6_49_7","11_44_6"
"8_49_7","15_42_6"
"10_49_7_0","0"
"10_49_7_1","19_40_6_0"
"12_49_7_0","0"
"12_49_7_1","23_38_6_2"
"12_49_7_2","23_38_6_0"
"12_49_7_3","23_38_6_0 + 23_38_6_1"
"14_49_7_0","0"
"14_49_7_1","27_36_6_1"
"16_49_7_0","0"
"16_49_7_1","31_34_6"
"24_49_7","47_26_6"
"27_49_7_0","0"
"27_49_7_1","53_23_6"
"30_49_7_0","0"
"30_49_7_1","59_20_6"
"36_49_7","71_14_6"
"40_49_7","79_10_6"
"50_49_7","99_0_6"
"4_49_8","7_46_7"
"5_49_8","9_45_7_0"
"7_49_8","13_43_7_0"
"8_49_8_0","0"
"8_49_8_1","15_42_7"
"11_49_8","21_39_7"
"12_49_8_0","0"
"12_49_8_1","23_38_7_0 + 23_38_7_1 + 23_38_7_2"
"12_49_8_2","23_38_7_1 + 23_38_7_2"
"12_49_8_3","23_38_7_0 + 23_38_7_1"
"13_49_8_0","0"
"13_49_8_1","25_37_7_0"
"14_49_8_0","0"
"14_49_8_1","0"
"14_49_8_2","27_36_7"
"18_49_8_0","0"
"18_49_8_1","35_32_7"
"20_49_8_0","0"
"20_49_8_1","39_30_7"
"24_49_8_0","0"
"24_49_8_1","47_26_7"
"39_49_8","77_11_7"
"50_49_8","99_0_7"
"3_49_9","5_47_8"
"5_49_9","9_45_8"
"6_49_9_0","0"
"6_49_9_1","11_44_8"
"8_49_9_0","0"
"8_49_9_1","0"
"8_49_9_2","15_42_8"
"10_49_9_0","0"
"10_49_9_1","19_40_8_1"
"12_49_9_0","0"
"12_49_9_1","23_38_8_1"
"12_49_9_2","23_38_8_0"
"16_49_9_0","0"
"16_49_9_1","31_34_8"
"18_49_9_0","0"
"18_49_9_1","35_32_8"
"20_49_9_0","0"
"20_49_9_1","39_30_8"
"22_49_9","43_28_8"
"24_49_9_0","0"
"24_49_9_1","47_26_8"
"50_49_9","99_0_8"
"2_49_10","3_48_9"
"3_49_10","5_47_9"
"6_49_10_0","0"
"6_49_10_1","11_44_9"
"8_49_10_0","0"
"8_49_10_1","15_42_9"
"10_49_10_0","0"
"10_49_10_1","19_40_9"
"12_49_10_0","23_38_9_1"
"12_49_10_1","23_38_9_0 + 23_38_9_1"
"15_49_10","29_35_9"
"16_49_10_0","0"
"16_49_10_1","31_34_9"
"18_49_10_0","0"
"18_49_10_1","35_32_9"
"20_49_10","39_30_9"
"21_49_10","41_29_9"
"22_49_10_0","0"
"22_49_10_1","43_28_9"
"24_49_10_0","0"
"24_49_10_1","47_26_9"
"28_49_10","55_22_9"
"50_49_10","99_0_9"
"3_49_11","5_47_10"
"6_49_11_0","0"
"6_49_11_1","11_44_10"
"10_49_11_0","0"
"10_49_11_1","19_40_10_1"
"12_49_11_0","0"
"12_49_11_1","23_38_10"
"13_49_11_0","0"
"13_49_11_1","25_37_10"
"16_49_11_0","0"
"16_49_11_1","0"
"16_49_11_2","31_34_10"
"19_49_11_0","0"
"19_49_11_1","37_31_10_0"
"20_49_11_0","0"
"20_49_11_1","0"
"20_49_11_2","39_30_10"
"22_49_11_0","0"
"22_49_11_1","0"
"22_49_11_2","43_28_10"
"28_49_11_0","0"
"28_49_11_1","55_22_10"
"32_49_11_0","0"
"32_49_11_1","63_18_10"
"50_49_11_0","0"
"50_49_11_1","99_0_10"
"2_49_12","3_48_11"
"4_49_12_0","7_46_11_1"
"4_49_12_1","7_46_11_1 + 7_46_11_2"
"4_49_12_2","7_46_11_0 + 7_46_11_1"
"6_49_12_0","0"
"6_49_12_1","11_44_11"
"10_49_12","19_40_11"
"16_49_12_0","0"
"16_49_12_1","31_34_11"
"20_49_12_0","0"
"20_49_12_1","39_30_11"
"31_49_12","61_19_11"
"50_49_12","99_0_11"
"2_49_13","3_48_12"
"4_49_13_0","0"
"4_49_13_1","7_46_12"
"6_49_13","11_44_12"
"8_49_13","15_42_12"
"10_49_13_0","0"
"10_49_13_1","19_40_12"
"14_49_13","27_36_12"
"16_49_13_0","0"
"16_49_13_1","31_34_12"
"50_49_13","99_0_12"
"3_49_14","5_47_13"
"4_49_14_0","0"
"4_49_14_1","7_46_13"
"6_49_14_0","0"
"6_49_14_1","11_44_13"
"7_49_14_0","0"
"7_49_14_1","13_43_13_0"
"8_49_14_0","0"
"8_49_14_1","0"
"8_49_14_2","15_42_13"
"10_49_14_0","0"
"10_49_14_1","0"
"10_49_14_2","19_40_13"
"13_49_14_0","0"
"13_49_14_1","25_37_13"
"14_49_14_0","0"
"14_49_14_1","0"
"14_49_14_2","27_36_13"
"16_49_14_0","0"
"16_49_14_1","0"
"16_49_14_2","31_34_13"
"20_49_14_0","0"
"20_49_14_1","39_30_13"
"50_49_14_0","0"
"50_49_14_1","99_0_13"
"2_49_15_0","3_48_14_1"
"2_49_15_1","3_48_14_0 + 3_48_14_1"
"4_49_15_0","0"
"4_49_15_1","7_46_14"
"5_49_15_0","0"
"5_49_15_1","9_45_14"
"8_49_15_0","0"
"8_49_15_1","0"
"8_49_15_2","15_42_14"
"11_49_15_0","0"
"11_49_15_1","21_39_14"
"14_49_15_0","0"
"14_49_15_1","0"
"14_49_15_2","27_36_14"
"20_49_15_0","0"
"20_49_15_1","39_30_14"
"24_49_15_0","0"
"24_49_15_1","47_26_14"
"50_49_15_0","0"
"50_49_15_1","99_0_14"
"3_49_16","5_47_15"
"4_49_16_0","0"
"4_49_16_1","7_46_15"
"8_49_16_0","0"
"8_49_16_1","15_42_15_1"
"8_49_16_2","15_42_15_0"
"23_49_16","45_27_15"
"50_49_16","99_0_15"
"4_49_17","7_46_16"
"6_49_17","11_44_16"
"8_49_17_0","0"
"8_49_17_1","15_42_16_0"
"8_49_17_2","15_42_16_1"
"50_49_17","99_0_16"
"2_49_18","3_48_17"
"4_49_18","7_46_17"
"5_49_18","9_45_17_0"
"6_49_18_0","0"
"6_49_18_1","11_44_17"
"8_49_18_0","0"
"8_49_18_1","15_42_17_0"
"8_49_18_2","15_42_17_1"
"12_49_18","23_38_17"
"50_49_18","99_0_17"
"3_49_19","5_47_18"
"4_49_19_0","0"
"4_49_19_1","7_46_18"
"6_49_19_0","0"
"6_49_19_1","11_44_18_0"
"6_49_19_2","11_44_18_1"
"12_49_19","23_38_18"
"16_49_19","31_34_18"
"50_49_19","99_0_18"
"4_49_20_0","7_46_19_0"
"4_49_20_1","7_46_19_0 + 7_46_19_1"
"6_49_20","11_44_19"
"9_49_20","17_41_19"
"15_49_20_0","0"
"15_49_20_1","29_35_19"
"50_49_20_0","0"
"50_49_20_1","99_0_19"
"2_49_21","3_48_20"
"4_49_21","7_46_20"
"50_49_21_0","0"
"50_49_21_1","99_0_20"
"3_49_22","5_47_21"
"4_49_22_0","0"
"4_49_22_1","7_46_21"
"50_49_22_0","0"
"50_49_22_1","99_0_21"
"2_49_23","3_48_22"
"4_49_23_0","0"
"4_49_23_1","7_46_22"
"8_49_23_0","0"
"8_49_23_1","15_42_22"
"50_49_23_0","0"
"50_49_23_1","99_0_22"
"2_49_24","3_48_23"
"7_49_24_0","0"
"7_49_24_1","13_43_23"
"50_49_24_0","0"
"50_49_24_1","99_0_23"
"3_49_25","5_47_24"
"50_49_25_0","0"
"50_49_25_1","99_0_24"
"50_49_26","99_0_25"
"50_49_27","99_0_26"
"50_49_28","99_0_27"
"50_49_29","99_0_28"
"50_49_30","99_0_29"
"50_49_31","99_0_30"
"50_49_32","99_0_31"
"50_49_33","99_0_32"
"50_49_34","99_0_33"
"50_49_35","99_0_34"
"50_49_36","99_0_35"
"50_49_37","99_0_36"
"50_49_38","99_0_37"
"50_49_39","99_0_38"
"50_49_40","99_0_39"
"50_49_41","99_0_40"
"50_49_42","99_0_41"
"50_49_43","99_0_42"
"50_49_44","99_0_43"
"50_49_45","99_0_44"
"50_49_46","99_0_45"
"50_49_47","99_0_46"
"50_49_48","99_0_47"
"50_49_49","99_0_48"
"50_49_50","99_0_49"
"50_49_51","99_0_50"
"48_50_2","95_3_1"
"20_50_3","39_31_2"
"36_50_3","71_15_2"
"44_50_3","87_7_2"
"45_50_3","89_6_2"
"48_50_3_0","0"
"48_50_3_1","95_3_2"
"10_50_4","19_41_3"
"12_50_4_0","0"
"12_50_4_1","23_39_3"
"14_50_4_0","0"
"14_50_4_1","27_37_3"
"16_50_4_0","0"
"16_50_4_1","0"
"16_50_4_2","31_35_3"
"20_50_4_0","0"
"20_50_4_1","39_31_3_1"
"20_50_4_2","39_31_3_0 + 39_31_3_1"
"30_50_4_0","0"
"30_50_4_1","59_21_3"
"32_50_4_0","0"
"32_50_4_1","0"
"32_50_4_2","63_19_3"
"36_50_4_0","0"
"36_50_4_1","0"
"36_50_4_2","71_15_3"
"43_50_4_0","0"
"43_50_4_1","85_8_3"
"44_50_4_0","0"
"44_50_4_1","0"
"44_50_4_2","87_7_3"
"48_50_4_0","0"
"48_50_4_1","0"
"48_50_4_2","95_3_3"
"10_50_5","19_41_4"
"11_50_5","21_40_4_1"
"12_50_5_0","0"
"12_50_5_1","23_39_4_1"
"12_50_5_2","23_39_4_0 + 23_39_4_1"
"15_50_5","29_36_4"
"18_50_5","35_33_4"
"20_50_5_0","0"
"20_50_5_1","39_31_4"
"28_50_5","55_23_4"
"29_50_5_0","0"
"29_50_5_1","57_22_4"
"36_50_5","71_15_4"
"42_50_5","83_9_4"
"44_50_5_0","0"
"44_50_5_1","87_7_4"
"6_50_6","11_45_5"
"10_50_6_0","0"
"10_50_6_1","19_41_5_0"
"10_50_6_2","19_41_5_0 + 19_41_5_1"
"11_50_6_0","0"
"11_50_6_1","21_40_5_1"
"12_50_6_0","0"
"12_50_6_1","0"
"12_50_6_2","23_39_5_0"
"12_50_6_3","23_39_5_0 + 23_39_5_1"
"14_50_6_0","0"
"14_50_6_1","27_37_5_1"
"16_50_6_0","0"
"16_50_6_1","31_35_5"
"18_50_6_0","0"
"18_50_6_1","0"
"18_50_6_2","35_33_5"
"20_50_6_0","0"
"20_50_6_1","39_31_5_1"
"27_50_6_0","0"
"27_50_6_1","53_24_5"
"30_50_6_0","0"
"30_50_6_1","59_21_5"
"34_50_6_0","0"
"34_50_6_1","67_17_5"
"36_50_6_0","0"
"36_50_6_1","71_15_5_0 + 71_15_5_1"
"36_50_6_2","71_15_5_1"
"40_50_6_0","0"
"40_50_6_1","79_11_5"
"4_50_7","7_47_6"
"10_50_7","19_41_6"
"11_50_7_0","21_40_6_0"
"11_50_7_1","21_40_6_2"
"13_50_7","25_38_6_0"
"14_50_7_0","0"
"14_50_7_1","27_37_6_1"
"14_50_7_2","27_37_6_0"
"15_50_7_0","0"
"15_50_7_1","29_36_6_0"
"20_50_7_0","0"
"20_50_7_1","39_31_6"
"28_50_7","55_23_6"
"34_50_7","67_17_6"
"35_50_7","69_16_6"
"36_50_7_0","0"
"36_50_7_1","71_15_6"
"37_50_7","73_14_6"
"40_50_7_0","0"
"40_50_7_1","79_11_6"
"6_50_8","11_45_7"
"10_50_8_0","19_41_7_1"
"10_50_8_1","19_41_7_1 + 19_41_7_2"
"12_50_8","23_39_7"
"14_50_8_0","27_37_7_1"
"14_50_8_1","27_37_7_2"
"14_50_8_2","27_37_7_0"
"16_50_8_0","0"
"16_50_8_1","31_35_7"
"20_50_8_0","0"
"20_50_8_1","39_31_7"
"34_50_8","67_17_7"
"35_50_8","69_16_7"
"36_50_8_0","0"
"36_50_8_1","71_15_7"
"40_50_8_0","0"
"40_50_8_1","79_11_7"
"4_50_9","7_47_8"
"5_50_9_0","0"
"5_50_9_1","9_46_8"
"10_50_9","19_41_8"
"12_50_9","23_39_8"
"14_50_9_0","27_37_8_0 + 27_37_8_1"
"14_50_9_1","27_37_8_0 + 27_37_8_1 + 27_37_8_2"
"14_50_9_2","27_37_8_1 + 27_37_8_2"
"16_50_9_0","0"
"16_50_9_1","31_35_8"
"20_50_9","39_31_8_0 + 39_31_8_1"
"22_50_9","43_29_8"
"28_50_9","55_23_8"
"34_50_9","67_17_8"
"36_50_9_0","0"
"36_50_9_1","71_15_8"
"2_50_10","3_49_9"
"3_50_10_0","5_48_9_0"
"3_50_10_1","5_48_9_0 + 5_48_9_1"
"6_50_10","11_45_9"
"10_50_10_0","0"
"10_50_10_1","19_41_9"
"12_50_10_0","0"
"12_50_10_1","23_39_9_1"
"12_50_10_2","23_39_9_0 + 23_39_9_1"
"13_50_10_0","0"
"13_50_10_1","0"
"13_50_10_2","25_38_9_0"
"14_50_10_0","0"
"14_50_10_1","0"
"14_50_10_2","0"
"14_50_10_3","27_37_9"
"16_50_10_0","0"
"16_50_10_1","0"
"16_50_10_2","31_35_9"
"20_50_10_0","0"
"20_50_10_1","39_31_9_0"
"20_50_10_2","39_31_9_1"
"22_50_10_0","0"
"22_50_10_1","43_29_9"
"26_50_10_0","0"
"26_50_10_1","51_25_9"
"28_50_10_0","0"
"28_50_10_1","55_23_9_1"
"28_50_10_2","55_23_9_0"
"32_50_10_0","0"
"32_50_10_1","63_19_9"
"2_50_11","3_49_10"
"4_50_11_0","7_47_10_1"
"4_50_11_1","7_47_10_0 + 7_47_10_1"
"6_50_11_0","0"
"6_50_11_1","11_45_10"
"8_50_11","15_43_10"
"10_50_11","19_41_10"
"11_50_11_0","0"
"11_50_11_1","21_40_10"
"14_50_11_0","0"
"14_50_11_1","27_37_10"
"20_50_11_0","39_31_10_1"
"20_50_11_1","39_31_10_0"
"26_50_11","51_25_10"
"27_50_11","53_24_10"
"28_50_11_0","0"
"28_50_11_1","55_23_10"
"29_50_11","57_22_10"
"32_50_11_0","0"
"32_50_11_1","63_19_10"
"2_50_12","3_49_11"
"6_50_12","11_45_11"
"8_50_12_0","15_43_11_1"
"8_50_12_1","15_43_11_0"
"10_50_12_0","0"
"10_50_12_1","19_41_11"
"20_50_12","39_31_11"
"26_50_12","51_25_11"
"27_50_12","53_24_11"
"28_50_12_0","0"
"28_50_12_1","55_23_11"
"32_50_12_0","0"
"32_50_12_1","63_19_11"
"3_50_13","5_48_12"
"4_50_13_0","0"
"4_50_13_1","7_47_12"
"6_50_13_0","0"
"6_50_13_1","11_45_12_1"
"6_50_13_2","11_45_12_0"
"8_50_13_0","0"
"8_50_13_1","0"
"8_50_13_2","15_43_12_0 + 15_43_12_1"
"8_50_13_3","15_43_12_1"
"14_50_13_0","0"
"14_50_13_1","27_37_12"
"20_50_13_0","0"
"20_50_13_1","39_31_12"
"26_50_13_0","0"
"26_50_13_1","51_25_12"
"28_50_13_0","0"
"28_50_13_1","0"
"28_50_13_2","55_23_12"
"2_50_14","3_49_13"
"4_50_14_0","7_47_13_1"
"4_50_14_1","7_47_13_0"
"5_50_14_0","0"
"5_50_14_1","9_46_13_0"
"6_50_14_0","0"
"6_50_14_1","0"
"6_50_14_2","11_45_13"
"8_50_14_0","0"
"8_50_14_1","15_43_13"
"12_50_14","23_39_13"
"14_50_14","27_37_13"
"18_50_14","35_33_13"
"20_50_14_0","39_31_13_1"
"20_50_14_1","39_31_13_0"
"24_50_14","47_27_13"
"2_50_15","3_49_14"
"3_50_15_0","0"
"3_50_15_1","5_48_14"
"4_50_15_0","0"
"4_50_15_1","0"
"4_50_15_2","7_47_14"
"6_50_15_0","0"
"6_50_15_1","11_45_14"
"12_50_15","23_39_14"
"18_50_15","35_33_14"
"19_50_15","37_32_14"
"20_50_15_0","0"
"20_50_15_1","39_31_14"
"21_50_15","41_30_14"
"24_50_15_0","0"
"24_50_15_1","47_27_14"
"2_50_16","3_49_15"
"4_50_16","7_47_15"
"6_50_16","11_45_15"
"18_50_16_0","0"
"18_50_16_1","35_33_15"
"19_50_16_0","0"
"19_50_16_1","37_32_15"
"20_50_16_0","0"
"20_50_16_1","0"
"20_50_16_2","39_31_15"
"24_50_16_0","0"
"24_50_16_1","0"
"24_50_16_2","47_27_15"
"2_50_17","3_49_16"
"4_50_17","7_47_16"
"6_50_17_0","0"
"6_50_17_1","11_45_16"
"12_50_17_0","0"
"12_50_17_1","23_39_16"
"18_50_17_0","0"
"18_50_17_1","35_33_16"
"20_50_17_0","0"
"20_50_17_1","0"
"20_50_17_2","39_31_16"
"3_50_18","5_48_17"
"4_50_18_0","0"
"4_50_18_1","7_47_17"
"6_50_18_0","0"
"6_50_18_1","11_45_17_1"
"6_50_18_2","11_45_17_0"
"10_50_18_0","0"
"10_50_18_1","19_41_17"
"12_50_18_0","0"
"12_50_18_1","23_39_17_1"
"12_50_18_2","23_39_17_0"
"16_50_18_0","0"
"16_50_18_1","31_35_17"
"4_50_19","7_47_18"
"6_50_19","11_45_18"
"7_50_19","13_44_18_0"
"10_50_19_0","0"
"10_50_19_1","19_41_18"
"11_50_19_0","0"
"11_50_19_1","21_40_18"
"12_50_19_0","0"
"12_50_19_1","0"
"12_50_19_2","23_39_18"
"13_50_19_0","0"
"13_50_19_1","25_38_18"
"16_50_19_0","0"
"16_50_19_1","0"
"16_50_19_2","31_35_18"
"2_50_20","3_49_19"
"5_50_20","9_46_19"
"6_50_20_0","0"
"6_50_20_1","11_45_19"
"10_50_20_0","0"
"10_50_20_1","19_41_19"
"11_50_20_0","0"
"11_50_20_1","21_40_19"
"12_50_20_0","0"
"12_50_20_1","0"
"12_50_20_2","23_39_19"
"16_50_20_0","0"
"16_50_20_1","0"
"16_50_20_2","31_35_19"
"3_50_21","5_48_20"
"4_50_21_0","0"
"4_50_21_1","7_47_20"
"6_50_21_0","0"
"6_50_21_1","11_45_20"
"10_50_21_0","0"
"10_50_21_1","19_41_20"
"12_50_21_0","0"
"12_50_21_1","0"
"12_50_21_2","23_39_20"
"4_50_22_0","7_47_21_1"
"4_50_22_1","7_47_21_0"
"8_50_22","15_43_21"
"2_50_23","3_49_22"
"3_50_23","5_48_22"
"4_50_23_0","0"
"4_50_23_1","7_47_22"
"5_50_23","9_46_22"
"8_50_23_0","0"
"8_50_23_1","15_43_22"
"2_50_24","3_49_23"
"3_50_24","5_48_23"
"4_50_24_0","0"
"4_50_24_1","7_47_23"
"8_50_24_0","0"
"8_50_24_1","15_43_23"
"2_50_25","3_49_24"
"4_50_25_0","0"
"4_50_25_1","7_47_24"
"2_50_26","3_49_25"
"52_51_2","103_0_1"
"20_51_3","39_32_2"
"36_51_3","71_16_2"
"44_51_3","87_8_2"
"46_51_3","91_6_2"
"52_51_3","103_0_2"
"14_51_4","27_38_3"
"18_51_4","35_34_3"
"19_51_4","37_33_3"
"22_51_4","43_30_3"
"34_51_4","67_18_3"
"35_51_4","69_17_3"
"38_51_4","75_14_3"
"43_51_4","85_9_3"
"44_51_4_0","0"
"44_51_4_1","87_8_3"
"52_51_4","103_0_3"
"8_51_5","15_44_4"
"12_51_5_0","0"
"12_51_5_1","23_40_4_1"
"12_51_5_2","23_40_4_2"
"12_51_5_3","23_40_4_0"
"14_51_5_0","0"
"14_51_5_1","0"
"14_51_5_2","27_38_4_0 + 27_38_4_1"
"18_51_5_0","0"
"18_51_5_1","0"
"18_51_5_2","35_34_4"
"22_51_5_0","0"
"22_51_5_1","43_30_4"
"30_51_5_0","0"
"30_51_5_1","59_22_4"
"32_51_5_0","0"
"32_51_5_1","0"
"32_51_5_2","63_20_4"
"34_51_5_0","0"
"34_51_5_1","0"
"34_51_5_2","67_18_4_1"
"43_51_5_0","0"
"43_51_5_1","85_9_4"
"52_51_5_0","0"
"52_51_5_1","103_0_4"
"7_51_6","13_45_5"
"8_51_6_0","0"
"8_51_6_1","15_44_5"
"11_51_6_0","0"
"11_51_6_1","21_41_5_2"
"11_51_6_2","21_41_5_0"
"12_51_6_0","0"
"12_51_6_1","0"
"12_51_6_2","0"
"12_51_6_3","23_40_5_0 + 23_40_5_2"
"12_51_6_4","23_40_5_0"
"12_51_6_5","23_40_5_0 + 23_40_5_1 + 23_40_5_2"
"14_51_6_0","0"
"14_51_6_1","0"
"14_51_6_2","27_38_5_1"
"14_51_6_3","27_38_5_0 + 27_38_5_1"
"19_51_6_0","0"
"19_51_6_1","37_33_5"
"22_51_6_0","0"
"22_51_6_1","43_30_5"
"28_51_6_0","0"
"28_51_6_1","55_24_5"
"31_51_6_0","0"
"31_51_6_1","61_21_5"
"32_51_6_0","0"
"32_51_6_1","0"
"32_51_6_2","63_20_5"
"34_51_6_0","0"
"34_51_6_1","0"
"34_51_6_2","67_18_5"
"38_51_6_0","0"
"38_51_6_1","75_14_5"
"52_51_6_0","0"
"52_51_6_1","103_0_5"
"5_51_7","9_47_6"
"8_51_7_0","0"
"8_51_7_1","15_44_6"
"10_51_7_0","0"
"10_51_7_1","19_42_6_1"
"10_51_7_2","19_42_6_0"
"12_51_7_0","0"
"12_51_7_1","0"
"12_51_7_2","23_40_6_0 + 23_40_6_2"
"12_51_7_3","23_40_6_2"
"12_51_7_4","23_40_6_1"
"14_51_7_0","0"
"14_51_7_1","0"
"14_51_7_2","27_38_6_2"
"14_51_7_3","27_38_6_0"
"16_51_7_0","0"
"16_51_7_1","0"
"16_51_7_2","31_36_6"
"20_51_7_0","0"
"20_51_7_1","0"
"20_51_7_2","39_32_6"
"26_51_7_0","0"
"26_51_7_1","51_26_6"
"29_51_7_0","0"
"29_51_7_1","57_23_6"
"32_51_7_0","0"
"32_51_7_1","0"
"32_51_7_2","63_20_6"
"36_51_7_0","0"
"36_51_7_1","71_16_6"
"38_51_7_0","0"
"38_51_7_1","75_14_6"
"52_51_7_0","0"
"52_51_7_1","103_0_6"
"4_51_8","7_48_7"
"10_51_8_0","0"
"10_51_8_1","19_42_7"
"11_51_8_0","0"
"11_51_8_1","21_41_7_0"
"12_51_8_0","0"
"12_51_8_1","0"
"12_51_8_2","23_40_7"
"13_51_8_0","0"
"13_51_8_1","25_39_7_0"
"14_51_8_0","0"
"14_51_8_1","0"
"14_51_8_2","27_38_7_1"
"14_51_8_3","27_38_7_0 + 27_38_7_1"
"15_51_8_0","0"
"15_51_8_1","0"
"15_51_8_2","29_37_7_0"
"19_51_8_0","0"
"19_51_8_1","37_33_7"
"22_51_8_0","0"
"22_51_8_1","43_30_7"
"26_51_8_0","0"
"26_51_8_1","51_26_7"
"35_51_8_0","0"
"35_51_8_1","69_17_7"
"36_51_8_0","0"
"36_51_8_1","0"
"36_51_8_2","71_16_7"
"52_51_8_0","0"
"52_51_8_1","103_0_7"
"4_51_9","7_48_8"
"6_51_9","11_46_8"
"10_51_9_0","0"
"10_51_9_1","19_42_8"
"12_51_9_0","0"
"12_51_9_1","23_40_8_1"
"12_51_9_2","23_40_8_0 + 23_40_8_1"
"14_51_9_0","0"
"14_51_9_1","0"
"14_51_9_2","27_38_8_0 + 27_38_8_1"
"14_51_9_3","27_38_8_1"
"20_51_9_0","0"
"20_51_9_1","39_32_8"
"22_51_9_0","0"
"22_51_9_1","43_30_8"
"24_51_9_0","0"
"24_51_9_1","47_28_8"
"26_51_9_0","0"
"26_51_9_1","0"
"26_51_9_2","51_26_8"
"35_51_9_0","0"
"35_51_9_1","69_17_8"
"52_51_9_0","0"
"52_51_9_1","103_0_8"
"4_51_10_0","7_48_9_0"
"4_51_10_1","7_48_9_2"
"4_51_10_2","7_48_9_1"
"6_51_10","11_46_9"
"8_51_10","15_44_9"
"10_51_10","19_42_9"
"12_51_10_0","0"
"12_51_10_1","23_40_9"
"14_51_10_0","27_38_9_0 + 27_38_9_1"
"14_51_10_1","27_38_9_1"
"18_51_10","35_34_9"
"20_51_10","39_32_9"
"22_51_10","43_30_9"
"23_51_10","45_29_9"
"24_51_10_0","0"
"24_51_10_1","47_28_9"
"26_51_10_0","0"
"26_51_10_1","51_26_9"
"30_51_10","59_22_9"
"52_51_10","103_0_9"
"2_51_11_0","3_50_10_0"
"2_51_11_1","3_50_10_0 + 3_50_10_1"
"3_51_11","5_49_10"
"4_51_11_0","0"
"4_51_11_1","7_48_10"
"6_51_11","11_46_10"
"8_51_11_0","15_44_10_1"
"8_51_11_1","15_44_10_0"
"12_51_11_0","23_40_10_1"
"12_51_11_1","23_40_10_0"
"18_51_11","35_34_10"
"21_51_11","41_31_10_0"
"22_51_11_0","0"
"22_51_11_1","43_30_10"
"24_51_11_0","0"
"24_51_11_1","47_28_10"
"28_51_11","55_24_10"
"30_51_11","59_22_10"
"52_51_11","103_0_10"
"3_51_12","5_49_11"
"6_51_12_0","0"
"6_51_12_1","11_46_11_1"
"6_51_12_2","11_46_11_0"
"8_51_12_0","0"
"8_51_12_1","0"
"8_51_12_2","15_44_11"
"10_51_12_0","0"
"10_51_12_1","19_42_11"
"11_51_12_0","0"
"11_51_12_1","21_41_11"
"12_51_12_0","0"
"12_51_12_1","0"
"12_51_12_2","23_40_11_1"
"18_51_12_0","0"
"18_51_12_1","35_34_11"
"22_51_12_0","0"
"22_51_12_1","0"
"22_51_12_2","43_30_11"
"27_51_12_0","0"
"27_51_12_1","53_25_11"
"28_51_12_0","0"
"28_51_12_1","0"
"28_51_12_2","55_24_11"
"52_51_12_0","0"
"52_51_12_1","103_0_11"
"2_51_13","3_50_12"
"4_51_13_0","7_48_12_1"
"4_51_13_1","7_48_12_0"
"6_51_13_0","0"
"6_51_13_1","11_46_12_0"
"6_51_13_2","11_46_12_1"
"10_51_13","19_42_12_1"
"12_51_13","23_40_12"
"16_51_13","31_36_12"
"18_51_13_0","0"
"18_51_13_1","35_34_12"
"27_51_13","53_25_12"
"52_51_13","103_0_12"
"2_51_14","3_50_13"
"4_51_14_0","0"
"4_51_14_1","7_48_13"
"6_51_14_0","11_46_13_0"
"6_51_14_1","11_46_13_1"
"10_51_14_0","19_42_13_0 + 19_42_13_1"
"10_51_14_1","19_42_13_1"
"12_51_14","23_40_13"
"15_51_14","29_37_13"
"16_51_14_0","0"
"16_51_14_1","31_36_13"
"18_51_14_0","0"
"18_51_14_1","35_34_13"
"22_51_14","43_30_13"
"52_51_14","103_0_13"
"4_51_15","7_48_14"
"6_51_15","11_46_14"
"7_51_15","13_45_14"
"10_51_15_0","0"
"10_51_15_1","19_42_14_0"
"10_51_15_2","19_42_14_0 + 19_42_14_1"
"13_51_15_0","0"
"13_51_15_1","25_39_14"
"16_51_15_0","0"
"16_51_15_1","0"
"16_51_15_2","31_36_14"
"20_51_15_0","0"
"20_51_15_1","39_32_14"
"22_51_15_0","0"
"22_51_15_1","43_30_14"
"52_51_15_0","0"
"52_51_15_1","103_0_14"
"2_51_16_0","3_50_15_0 + 3_50_15_1"
"2_51_16_1","3_50_15_0"
"3_51_16","5_49_15_0"
"4_51_16_0","0"
"4_51_16_1","7_48_15"
"6_51_16_0","0"
"6_51_16_1","11_46_15"
"10_51_16_0","0"
"10_51_16_1","19_42_15"
"19_51_16_0","0"
"19_51_16_1","37_33_15"
"20_51_16_0","0"
"20_51_16_1","0"
"20_51_16_2","39_32_15"
"52_51_16_0","0"
"52_51_16_1","103_0_15"
"3_51_17","5_49_16"
"4_51_17_0","0"
"4_51_17_1","7_48_16"
"6_51_17_0","0"
"6_51_17_1","11_46_16"
"8_51_17_0","0"
"8_51_17_1","15_44_16"
"10_51_17_0","0"
"10_51_17_1","0"
"10_51_17_2","19_42_16"
"19_51_17_0","0"
"19_51_17_1","37_33_16"
"52_51_17_0","0"
"52_51_17_1","103_0_16"
"4_51_18","7_48_17"
"6_51_18","11_46_17"
"7_51_18","13_45_17_0"
"8_51_18_0","0"
"8_51_18_1","15_44_17"
"10_51_18_0","0"
"10_51_18_1","19_42_17"
"14_51_18","27_38_17"
"52_51_18","103_0_17"
"2_51_19","3_50_18"
"4_51_19","7_48_18"
"5_51_19","9_47_18"
"6_51_19_0","0"
"6_51_19_1","11_46_18"
"8_51_19_0","0"
"8_51_19_1","15_44_18"
"12_51_19","23_40_18"
"14_51_19","27_38_18"
"52_51_19","103_0_18"
"3_51_20","5_49_19"
"4_51_20_0","0"
"4_51_20_1","7_48_19"
"6_51_20_0","0"
"6_51_20_1","11_46_19"
"11_51_20","21_41_19"
"12_51_20_0","0"
"12_51_20_1","23_40_19"
"52_51_20","103_0_19"
"4_51_21","7_48_20"
"11_51_21","21_41_20"
"52_51_21","103_0_20"
"2_51_22","3_50_21"
"6_51_22","11_46_21"
"52_51_22","103_0_21"
"4_51_23_0","7_48_22_1"
"4_51_23_1","7_48_22_0"
"6_51_23","11_46_22"
"52_51_23","103_0_22"
"2_51_24","3_50_23"
"3_51_24","5_49_23"
"4_51_24_0","0"
"4_51_24_1","7_48_23_1"
"4_51_24_2","7_48_23_0"
"52_51_24","103_0_23"
"2_51_25","3_50_24"
"3_51_25","5_49_24"
"5_51_25","9_47_24"
"52_51_25_0","0"
"52_51_25_1","103_0_24"
"2_51_26","3_50_25"
"3_51_26","5_49_25"
"52_51_26_0","0"
"52_51_26_1","103_0_25"
"2_51_27","3_50_26"
"52_51_27_0","0"
"52_51_27_1","103_0_26"
"52_51_28","103_0_27"
"52_51_29","103_0_28"
"52_51_30","103_0_29"
"52_51_31","103_0_30"
"52_51_32","103_0_31"
"52_51_33","103_0_32"
"52_51_34","103_0_33"
"52_51_35","103_0_34"
"52_51_36","103_0_35"
"52_51_37","103_0_36"
"52_51_38","103_0_37"
"52_51_39","103_0_38"
"52_51_40","103_0_39"
"52_51_41","103_0_40"
"52_51_42","103_0_41"
"52_51_43","103_0_42"
"52_51_44","103_0_43"
"52_51_45","103_0_44"
"52_51_46","103_0_45"
"52_51_47","103_0_46"
"52_51_48","103_0_47"
"52_51_49","103_0_48"
"52_52_2","103_1_1"
"22_52_3","43_31_2"
"38_52_3","75_15_2"
"46_52_3","91_7_2"
"50_52_3","99_3_2"
"51_52_3","101_2_2"
"12_52_4","23_41_3"
"16_52_4_0","0"
"16_52_4_1","31_37_3"
"20_52_4_0","0"
"20_52_4_1","39_33_3"
"22_52_4_0","0"
"22_52_4_1","43_31_3_1"
"32_52_4_0","0"
"32_52_4_1","63_21_3"
"36_52_4_0","0"
"36_52_4_1","71_17_3"
"38_52_4_0","0"
"38_52_4_1","75_15_3"
"44_52_4","87_9_3"
"46_52_4","91_7_3"
"50_52_4","99_3_3"
"5_52_5","9_48_4"
"8_52_5_0","0"
"8_52_5_1","15_45_4"
"12_52_5_0","0"
"12_52_5_1","23_41_4_0"
"12_52_5_2","23_41_4_1"
"12_52_5_3","23_41_4_1 + 23_41_4_2"
"13_52_5_0","0"
"13_52_5_1","0"
"13_52_5_2","25_40_4_1"
"16_52_5_0","0"
"16_52_5_1","0"
"16_52_5_2","31_37_4"
"19_52_5_0","0"
"19_52_5_1","37_34_4"
"20_52_5_0","0"
"20_52_5_1","0"
"20_52_5_2","39_33_4"
"22_52_5_0","0"
"22_52_5_1","0"
"22_52_5_2","43_31_4"
"31_52_5_0","0"
"31_52_5_1","0"
"31_52_5_2","61_22_4"
"35_52_5_0","0"
"35_52_5_1","69_18_4_1"
"38_52_5_0","0"
"38_52_5_1","75_15_4"
"44_52_5_0","0"
"44_52_5_1","87_9_4"
"46_52_5_0","0"
"46_52_5_1","91_7_4"
"6_52_6","11_47_5"
"8_52_6_0","0"
"8_52_6_1","15_45_5_0"
"8_52_6_2","15_45_5_0 + 15_45_5_1"
"11_52_6_0","0"
"11_52_6_1","0"
"11_52_6_2","21_42_5_0 + 21_42_5_1"
"12_52_6_0","0"
"12_52_6_1","0"
"12_52_6_2","0"
"12_52_6_3","23_41_5_1"
"12_52_6_4","23_41_5_0 + 23_41_5_1 + 23_41_5_2"
"12_52_6_5","23_41_5_2"
"14_52_6_0","0"
"14_52_6_1","0"
"14_52_6_2","27_39_5"
"16_52_6_0","0"
"16_52_6_1","0"
"16_52_6_2","31_37_5"
"20_52_6_0","0"
"20_52_6_1","0"
"20_52_6_2","0"
"20_52_6_3","39_33_5"
"22_52_6_0","0"
"22_52_6_1","0"
"22_52_6_2","43_31_5_1"
"30_52_6_0","0"
"30_52_6_1","0"
"30_52_6_2","59_23_5"
"32_52_6_0","0"
"32_52_6_1","0"
"32_52_6_2","63_21_5"
"36_52_6_0","0"
"36_52_6_1","71_17_5"
"38_52_6_0","0"
"38_52_6_1","75_15_5_0 + 75_15_5_1"
"42_52_6_0","0"
"42_52_6_1","83_11_5"
"44_52_6_0","0"
"44_52_6_1","0"
"44_52_6_2","87_9_5"
"6_52_7","11_47_6"
"7_52_7","13_46_6"
"8_52_7_0","0"
"8_52_7_1","15_45_6_0"
"8_52_7_2","15_45_6_0 + 15_45_6_1"
"9_52_7_0","0"
"9_52_7_1","0"
"9_52_7_2","17_44_6"
"12_52_7_0","0"
"12_52_7_1","0"
"12_52_7_2","0"
"12_52_7_3","23_41_6_0"
"12_52_7_4","23_41_6_1"
"13_52_7_0","0"
"13_52_7_1","0"
"13_52_7_2","25_40_6_0"
"15_52_7_0","0"
"15_52_7_1","0"
"15_52_7_2","29_38_6_0"
"16_52_7_0","0"
"16_52_7_1","0"
"16_52_7_2","0"
"16_52_7_3","31_37_6"
"22_52_7_0","0"
"22_52_7_1","43_31_6"
"27_52_7_0","0"
"27_52_7_1","53_26_6"
"30_52_7_0","0"
"30_52_7_1","59_23_6"
"36_52_7","71_17_6"
"38_52_7","75_15_6"
"42_52_7","83_11_6"
"43_52_7","85_10_6"
"5_52_8","9_48_7_1"
"6_52_8_0","0"
"6_52_8_1","11_47_7"
"7_52_8_0","0"
"7_52_8_1","0"
"7_52_8_2","13_46_7_1"
"7_52_8_3","13_46_7_0 + 13_46_7_1"
"8_52_8_0","0"
"8_52_8_1","0"
"8_52_8_2","0"
"8_52_8_3","0"
"8_52_8_4","15_45_7"
"10_52_8_0","0"
"10_52_8_1","0"
"10_52_8_2","0"
"10_52_8_3","19_43_7"
"12_52_8_0","0"
"12_52_8_1","0"
"12_52_8_2","23_41_7_1"
"12_52_8_3","23_41_7_0"
"14_52_8_0","0"
"14_52_8_1","0"
"14_52_8_2","27_39_7"
"16_52_8_0","0"
"16_52_8_1","0"
"16_52_8_2","0"
"16_52_8_3","31_37_7_1"
"16_52_8_4","31_37_7_0"
"20_52_8_0","0"
"20_52_8_1","0"
"20_52_8_2","39_33_7"
"22_52_8_0","0"
"22_52_8_1","0"
"22_52_8_2","43_31_7"
"24_52_8_0","0"
"24_52_8_1","47_29_7"
"36_52_8_0","0"
"36_52_8_1","71_17_7"
"38_52_8_0","0"
"38_52_8_1","75_15_7"
"42_52_8_0","0"
"42_52_8_1","83_11_7"
"4_52_9","7_49_8"
"6_52_9_0","11_47_8_2"
"6_52_9_1","11_47_8_0"
"7_52_9_0","0"
"7_52_9_1","13_46_8_0"
"8_52_9_0","0"
"8_52_9_1","0"
"8_52_9_2","15_45_8"
"10_52_9_0","0"
"10_52_9_1","0"
"10_52_9_2","19_43_8"
"11_52_9_0","0"
"11_52_9_1","0"
"11_52_9_2","21_42_8"
"16_52_9_0","0"
"16_52_9_1","0"
"16_52_9_2","31_37_8_0 + 31_37_8_1"
"16_52_9_3","31_37_8_0"
"18_52_9_0","0"
"18_52_9_1","0"
"18_52_9_2","35_35_8"
"22_52_9_0","43_31_8_0 + 43_31_8_1"
"22_52_9_1","43_31_8_1"
"24_52_9_0","0"
"24_52_9_1","47_29_8"
"30_52_9","59_23_8"
"36_52_9","71_17_8"
"38_52_9","75_15_8"
"4_52_10_0","7_49_9_1"
"4_52_10_1","7_49_9_0 + 7_49_9_1"
"5_52_10_0","0"
"5_52_10_1","9_48_9_0"
"8_52_10_0","0"
"8_52_10_1","15_45_9_1"
"8_52_10_2","15_45_9_0"
"10_52_10_0","0"
"10_52_10_1","0"
"10_52_10_2","19_43_9"
"15_52_10_0","0"
"15_52_10_1","29_38_9"
"16_52_10_0","0"
"16_52_10_1","0"
"16_52_10_2","31_37_9"
"18_52_10_0","0"
"18_52_10_1","35_35_9"
"21_52_10","41_32_9"
"22_52_10_0","0"
"22_52_10_1","43_31_9_0"
"22_52_10_2","43_31_9_1"
"24_52_10_0","0"
"24_52_10_1","47_29_9"
"28_52_10","55_25_9"
"30_52_10","59_23_9_1"
"34_52_10","67_19_9"
"36_52_10_0","0"
"36_52_10_1","71_17_9"
"4_52_11","7_49_10"
"5_52_11","9_48_10"
"6_52_11_0","0"
"6_52_11_1","11_47_10"
"8_52_11_0","0"
"8_52_11_1","0"
"8_52_11_2","15_45_10"
"10_52_11_0","0"
"10_52_11_1","19_43_10"
"12_52_11_0","0"
"12_52_11_1","23_41_10"
"16_52_11_0","0"
"16_52_11_1","31_37_10"
"19_52_11_0","0"
"19_52_11_1","37_34_10"
"22_52_11_0","0"
"22_52_11_1","0"
"22_52_11_2","43_31_10_1"
"22_52_11_3","43_31_10_0 + 43_31_10_1"
"28_52_11_0","0"
"28_52_11_1","55_25_10"
"30_52_11_0","0"
"30_52_11_1","59_23_10"
"34_52_11_0","0"
"34_52_11_1","67_19_10"
"35_52_11_0","0"
"35_52_11_1","69_18_10"
"2_52_12","3_51_11"
"4_52_12_0","7_49_11_1"
"4_52_12_1","7_49_11_0"
"6_52_12_0","0"
"6_52_12_1","11_47_11"
"8_52_12","15_45_11"
"10_52_12","19_43_11"
"12_52_12_0","0"
"12_52_12_1","23_41_11"
"16_52_12","31_37_11"
"22_52_12_0","0"
"22_52_12_1","43_31_11"
"28_52_12","55_25_11"
"30_52_12","59_23_11"
"34_52_12","67_19_11"
"2_52_13","3_51_12"
"6_52_13","11_47_12"
"8_52_13_0","15_45_12_1"
"8_52_13_1","15_45_12_0 + 15_45_12_1"
"10_52_13_0","0"
"10_52_13_1","19_43_12_0"
"10_52_13_2","19_43_12_1"
"12_52_13_0","0"
"12_52_13_1","23_41_12"
"14_52_13","27_39_12"
"16_52_13_0","0"
"16_52_13_1","31_37_12"
"22_52_13","43_31_12"
"28_52_13","55_25_12"
"30_52_13","59_23_12"
"3_52_14","5_50_13"
"6_52_14_0","0"
"6_52_14_1","11_47_13_1"
"7_52_14_0","0"
"7_52_14_1","13_46_13_0"
"8_52_14_0","0"
"8_52_14_1","0"
"8_52_14_2","15_45_13"
"10_52_14_0","0"
"10_52_14_1","19_43_13_0"
"10_52_14_2","19_43_13_1"
"13_52_14_0","0"
"13_52_14_1","25_40_13"
"14_52_14_0","0"
"14_52_14_1","0"
"14_52_14_2","27_39_13"
"16_52_14_0","0"
"16_52_14_1","0"
"16_52_14_2","31_37_13"
"20_52_14_0","0"
"20_52_14_1","39_33_13"
"22_52_14_0","0"
"22_52_14_1","43_31_13_1"
"26_52_14_0","0"
"26_52_14_1","51_27_13"
"28_52_14_0","0"
"28_52_14_1","0"
"28_52_14_2","55_25_13"
"2_52_15","3_51_14"
"4_52_15_0","7_49_14_1"
"4_52_15_1","7_49_14_0"
"8_52_15","15_45_14"
"11_52_15","21_42_14"
"14_52_15_0","0"
"14_52_15_1","27_39_14"
"20_52_15","39_33_14"
"22_52_15","43_31_14"
"26_52_15","51_27_14"
"27_52_15","53_26_14"
"3_52_16","5_50_15"
"4_52_16_0","0"
"4_52_16_1","7_49_15_0"
"4_52_16_2","7_49_15_1"
"8_52_16_0","15_45_15_1"
"8_52_16_1","15_45_15_0"
"20_52_16","39_33_15"
"22_52_16","43_31_15"
"26_52_16","51_27_15"
"2_52_17","3_51_16"
"4_52_17","7_49_16"
"6_52_17","11_47_16"
"8_52_17_0","0"
"8_52_17_1","15_45_16_1"
"8_52_17_2","15_45_16_0"
"14_52_17","27_39_16"
"20_52_17","39_33_16"
"22_52_17","43_31_16"
"2_52_18","3_51_17"
"4_52_18","7_49_17"
"5_52_18","9_48_17_0"
"6_52_18_0","0"
"6_52_18_1","11_47_17"
"8_52_18_0","0"
"8_52_18_1","15_45_17"
"12_52_18","23_41_17"
"14_52_18","27_39_17_1"
"18_52_18","35_35_17"
"20_52_18_0","0"
"20_52_18_1","39_33_17"
"3_52_19","5_50_18"
"4_52_19_0","0"
"4_52_19_1","7_49_18"
"6_52_19_0","0"
"6_52_19_1","11_47_18"
"12_52_19","23_41_18"
"14_52_19","27_39_18"
"18_52_19","35_35_18"
"19_52_19","37_34_18"
"4_52_20","7_49_19"
"7_52_20","13_46_19"
"12_52_20_0","0"
"12_52_20_1","23_41_19"
"14_52_20_0","0"
"14_52_20_1","27_39_19"
"18_52_20_0","0"
"18_52_20_1","35_35_19"
"2_52_21","3_51_20"
"5_52_21","9_48_20"
"12_52_21_0","0"
"12_52_21_1","23_41_20"
"14_52_21_0","0"
"14_52_21_1","27_39_20"
"3_52_22","5_50_21"
"4_52_22_0","0"
"4_52_22_1","7_49_21"
"6_52_22_0","0"
"6_52_22_1","11_47_21_1"
"10_52_22_0","0"
"10_52_22_1","19_43_21"
"12_52_22_0","0"
"12_52_22_1","0"
"12_52_22_2","23_41_21"
"4_52_23","7_49_22"
"6_52_23","11_47_22"
"10_52_23","19_43_22"
"11_52_23","21_42_22"
"4_52_24","7_49_23"
"6_52_24","11_47_23"
"10_52_24","19_43_23"
"2_52_25","3_51_24"
"4_52_25_0","7_49_24_1"
"4_52_25_1","7_49_24_0"
"6_52_25","11_47_24"
"2_52_26","3_51_25"
"3_52_26","5_50_25"
"4_52_26_0","0"
"4_52_26_1","7_49_25"
"2_52_27","3_51_26"
"3_52_27","5_50_26"
"2_52_28","3_51_27"
"54_53_2","107_0_1"
"16_53_3","31_38_2"
"24_53_3","47_30_2"
"48_53_3","95_6_2"
"52_53_3","103_2_2"
"54_53_3","107_0_2"
"15_53_4","29_39_3_0"
"16_53_4_0","0"
"16_53_4_1","31_38_3_0"
"16_53_4_2","31_38_3_1"
"18_53_4_0","0"
"18_53_4_1","35_36_3"
"20_53_4_0","0"
"20_53_4_1","39_34_3"
"23_53_4","45_31_3_0"
"24_53_4_0","0"
"24_53_4_1","47_30_3"
"36_53_4_0","0"
"36_53_4_1","71_18_3"
"40_53_4","79_14_3"
"45_53_4","89_9_3"
"51_53_4","101_3_3"
"54_53_4","107_0_3"
"6_53_5","11_48_4"
"9_53_5_0","0"
"9_53_5_1","17_45_4"
"12_53_5_0","0"
"12_53_5_1","0"
"12_53_5_2","23_42_4"
"14_53_5_0","0"
"14_53_5_1","0"
"14_53_5_2","27_40_4_1"
"14_53_5_3","27_40_4_0"
"16_53_5_0","0"
"16_53_5_1","0"
"16_53_5_2","0"
"16_53_5_3","0"
"16_53_5_4","31_38_4_0 + 31_38_4_1"
"16_53_5_5","31_38_4_0 + 31_38_4_1 + 31_38_4_2 + 31_38_4_3"
"16_53_5_6","31_38_4_0 + 31_38_4_1 + 31_38_4_2"
"16_53_5_7","31_38_4_0 + 31_38_4_2 + 31_38_4_3"
"20_53_5_0","0"
"20_53_5_1","0"
"20_53_5_2","0"
"20_53_5_3","0"
"20_53_5_4","39_34_4"
"24_53_5_0","0"
"24_53_5_1","0"
"24_53_5_2","0"
"24_53_5_3","47_30_4"
"32_53_5_0","0"
"32_53_5_1","0"
"32_53_5_2","0"
"32_53_5_3","63_22_4"
"36_53_5_0","0"
"36_53_5_1","0"
"36_53_5_2","71_18_4_1"
"40_53_5_0","0"
"40_53_5_1","79_14_4"
"54_53_5_0","0"
"54_53_5_1","107_0_4"
"6_53_6","11_48_5"
"8_53_6_0","0"
"8_53_6_1","15_46_5_0"
"8_53_6_2","15_46_5_1"
"9_53_6_0","0"
"9_53_6_1","0"
"9_53_6_2","17_45_5_0"
"10_53_6_0","0"
"10_53_6_1","0"
"10_53_6_2","0"
"10_53_6_3","19_44_5"
"12_53_6_0","0"
"12_53_6_1","0"
"12_53_6_2","0"
"12_53_6_3","23_42_5"
"13_53_6_0","0"
"13_53_6_1","0"
"13_53_6_2","25_41_5_0"
"14_53_6_0","0"
"14_53_6_1","0"
"14_53_6_2","0"
"14_53_6_3","27_40_5_0"
"14_53_6_4","27_40_5_0 + 27_40_5_2"
"15_53_6_0","0"
"15_53_6_1","0"
"15_53_6_2","0"
"15_53_6_3","0"
"15_53_6_4","29_39_5"
"16_53_6_0","0"
"16_53_6_1","0"
"16_53_6_2","0"
"16_53_6_3","0"
"16_53_6_4","0"
"16_53_6_5","31_38_5_0"
"16_53_6_6","31_38_5_1"
"23_53_6_0","0"
"23_53_6_1","45_31_5_0"
"24_53_6_0","0"
"24_53_6_1","0"
"24_53_6_2","47_30_5"
"34_53_6_0","0"
"34_53_6_1","67_20_5"
"36_53_6_0","0"
"36_53_6_1","71_18_5"
"39_53_6","77_15_5_0"
"40_53_6_0","0"
"40_53_6_1","79_14_5"
"54_53_6","107_0_5"
"4_53_7","7_50_6"
"5_53_7_0","0"
"5_53_7_1","9_49_6"
"6_53_7_0","0"
"6_53_7_1","0"
"6_53_7_2","11_48_6"
"7_53_7_0","0"
"7_53_7_1","0"
"7_53_7_2","13_47_6_1"
"7_53_7_3","13_47_6_0 + 13_47_6_1"
"8_53_7_0","0"
"8_53_7_1","0"
"8_53_7_2","0"
"8_53_7_3","0"
"8_53_7_4","15_46_6"
"10_53_7_0","0"
"10_53_7_1","0"
"10_53_7_2","0"
"10_53_7_3","19_44_6"
"12_53_7_0","0"
"12_53_7_1","0"
"12_53_7_2","0"
"12_53_7_3","23_42_6_1"
"14_53_7_0","0"
"14_53_7_1","0"
"14_53_7_2","0"
"14_53_7_3","27_40_6_0"
"14_53_7_4","27_40_6_2"
"16_53_7_0","0"
"16_53_7_1","0"
"16_53_7_2","0"
"16_53_7_3","31_38_6_2"
"16_53_7_4","31_38_6_0"
"16_53_7_5","31_38_6_0 + 31_38_6_1 + 31_38_6_2"
"28_53_7_0","0"
"28_53_7_1","55_26_6"
"34_53_7_0","0"
"34_53_7_1","67_20_6"
"38_53_7_0","0"
"38_53_7_1","75_16_6"
"40_53_7_0","0"
"40_53_7_1","0"
"40_53_7_2","79_14_6"
"44_53_7_0","0"
"44_53_7_1","87_10_6"
"54_53_7_0","0"
"54_53_7_1","107_0_6"
"3_53_8","5_51_7"
"6_53_8_0","0"
"6_53_8_1","11_48_7_1 + 11_48_7_2"
"6_53_8_2","11_48_7_2"
"6_53_8_3","11_48_7_0 + 11_48_7_1"
"7_53_8_0","0"
"7_53_8_1","0"
"7_53_8_2","13_47_7_0"
"8_53_8_0","0"
"8_53_8_1","0"
"8_53_8_2","0"
"8_53_8_3","15_46_7_2"
"8_53_8_4","15_46_7_1 + 15_46_7_2"
"8_53_8_5","15_46_7_0 + 15_46_7_1"
"9_53_8_0","0"
"9_53_8_1","0"
"9_53_8_2","0"
"9_53_8_3","17_45_7_0"
"10_53_8_0","0"
"10_53_8_1","0"
"10_53_8_2","0"
"10_53_8_3","0"
"10_53_8_4","19_44_7"
"12_53_8_0","0"
"12_53_8_1","0"
"12_53_8_2","0"
"12_53_8_3","0"
"12_53_8_4","23_42_7"
"15_53_8_0","0"
"15_53_8_1","0"
"15_53_8_2","29_39_7"
"16_53_8_0","0"
"16_53_8_1","0"
"16_53_8_2","0"
"16_53_8_3","31_38_7"
"24_53_8","47_30_7"
"37_53_8","73_17_7"
"43_53_8","85_11_7"
"54_53_8","107_0_7"
"3_53_9","5_51_8"
"6_53_9_0","0"
"6_53_9_1","11_48_8_0"
"7_53_9_0","0"
"7_53_9_1","13_47_8_0"
"7_53_9_2","13_47_8_0 + 13_47_8_1"
"8_53_9_0","0"
"8_53_9_1","0"
"8_53_9_2","0"
"8_53_9_3","15_46_8_1 + 15_46_8_2"
"8_53_9_4","15_46_8_1"
"8_53_9_5","15_46_8_0 + 15_46_8_1 + 15_46_8_2"
"10_53_9_0","0"
"10_53_9_1","0"
"10_53_9_2","0"
"10_53_9_3","19_44_8"
"12_53_9_0","0"
"12_53_9_1","0"
"12_53_9_2","0"
"12_53_9_3","23_42_8"
"16_53_9_0","0"
"16_53_9_1","0"
"16_53_9_2","0"
"16_53_9_3","31_38_8"
"22_53_9_0","0"
"22_53_9_1","43_32_8"
"24_53_9_0","0"
"24_53_9_1","47_30_8"
"28_53_9_0","0"
"28_53_9_1","55_26_8"
"32_53_9_0","0"
"32_53_9_1","63_22_8"
"54_53_9_0","0"
"54_53_9_1","107_0_8"
"5_53_10","9_49_9_0 + 9_49_9_1"
"6_53_10_0","0"
"6_53_10_1","11_48_9_0"
"6_53_10_2","11_48_9_0 + 11_48_9_1"
"7_53_10_0","0"
"7_53_10_1","0"
"7_53_10_2","13_47_9"
"8_53_10_0","0"
"8_53_10_1","0"
"8_53_10_2","0"
"8_53_10_3","15_46_9"
"10_53_10_0","0"
"10_53_10_1","19_44_9"
"12_53_10_0","0"
"12_53_10_1","23_42_9"
"16_53_10_0","0"
"16_53_10_1","31_38_9"
"19_53_10","37_35_9"
"20_53_10_0","0"
"20_53_10_1","39_34_9"
"22_53_10_0","0"
"22_53_10_1","43_32_9"
"24_53_10_0","0"
"24_53_10_1","47_30_9"
"26_53_10_0","0"
"26_53_10_1","51_28_9"
"28_53_10_0","0"
"28_53_10_1","55_26_9"
"31_53_10_0","0"
"31_53_10_1","61_23_9_0"
"32_53_10_0","0"
"32_53_10_1","0"
"32_53_10_2","63_22_9"
"54_53_10_0","0"
"54_53_10_1","107_0_9"
"4_53_11","7_50_10"
"6_53_11_0","0"
"6_53_11_1","11_48_10"
"8_53_11_0","0"
"8_53_11_1","15_46_10_0 + 15_46_10_1"
"8_53_11_2","15_46_10_0"
"10_53_11","19_44_10"
"17_53_11","33_37_10"
"20_53_11_0","0"
"20_53_11_1","39_34_10"
"24_53_11_0","0"
"24_53_11_1","47_30_10"
"26_53_11_0","0"
"26_53_11_1","51_28_10"
"30_53_11_0","0"
"30_53_11_1","59_24_10"
"32_53_11_0","0"
"32_53_11_1","0"
"32_53_11_2","63_22_10"
"36_53_11_0","0"
"36_53_11_1","71_18_10"
"54_53_11_0","0"
"54_53_11_1","107_0_10"
"3_53_12","5_51_11"
"8_53_12_0","15_46_11_1 + 15_46_11_2"
"8_53_12_1","15_46_11_1"
"8_53_12_2","15_46_11_0 + 15_46_11_1"
"12_53_12","23_42_11"
"14_53_12","27_40_11"
"24_53_12_0","0"
"24_53_12_1","47_30_11"
"29_53_12_0","0"
"29_53_12_1","57_25_11"
"35_53_12_0","0"
"35_53_12_1","69_19_11"
"54_53_12_0","0"
"54_53_12_1","107_0_11"
"3_53_13","5_51_12"
"6_53_13_0","0"
"6_53_13_1","11_48_12"
"8_53_13_0","0"
"8_53_13_1","0"
"8_53_13_2","15_46_12_0"
"8_53_13_3","15_46_12_0 + 15_46_12_1"
"12_53_13_0","0"
"12_53_13_1","23_42_12_1"
"12_53_13_2","23_42_12_0 + 23_42_12_1"
"14_53_13_0","0"
"14_53_13_1","0"
"14_53_13_2","27_40_12"
"20_53_13_0","0"
"20_53_13_1","0"
"20_53_13_2","39_34_12"
"24_53_13_0","0"
"24_53_13_1","0"
"24_53_13_2","47_30_12"
"54_53_13_0","0"
"54_53_13_1","0"
"54_53_13_2","107_0_12"
"2_53_14","3_52_13"
"4_53_14_0","7_50_13_1"
"4_53_14_1","7_50_13_0"
"8_53_14","15_46_13"
"11_53_14","21_43_13"
"12_53_14_0","0"
"12_53_14_1","23_42_13_0"
"12_53_14_2","23_42_13_0 + 23_42_13_1"
"14_53_14_0","0"
"14_53_14_1","27_40_13"
"18_53_14_0","0"
"18_53_14_1","35_36_13"
"20_53_14_0","0"
"20_53_14_1","39_34_13"
"23_53_14_0","0"
"23_53_14_1","45_31_13_0"
"24_53_14_0","0"
"24_53_14_1","0"
"24_53_14_2","47_30_13"
"54_53_14_0","0"
"54_53_14_1","107_0_13"
"2_53_15","3_52_14"
"4_53_15_0","0"
"4_53_15_1","7_50_14"
"8_53_15","15_46_14"
"10_53_15_0","0"
"10_53_15_1","19_44_14"
"12_53_15_0","0"
"12_53_15_1","23_42_14"
"18_53_15_0","0"
"18_53_15_1","35_36_14"
"22_53_15_0","0"
"22_53_15_1","43_32_14"
"24_53_15_0","0"
"24_53_15_1","0"
"24_53_15_2","47_30_14"
"28_53_15_0","0"
"28_53_15_1","55_26_14"
"54_53_15_0","0"
"54_53_15_1","107_0_14"
"4_53_16","7_50_15"
"5_53_16","9_49_15_0"
"6_53_16_0","0"
"6_53_16_1","11_48_15"
"8_53_16_0","0"
"8_53_16_1","0"
"8_53_16_2","15_46_15_0"
"8_53_16_3","15_46_15_0 + 15_46_15_1"
"10_53_16_0","0"
"10_53_16_1","0"
"10_53_16_2","19_44_15"
"21_53_16_0","0"
"21_53_16_1","0"
"21_53_16_2","41_33_15"
"27_53_16_0","0"
"27_53_16_1","0"
"27_53_16_2","53_27_15"
"54_53_16_0","0"
"54_53_16_1","0"
"54_53_16_2","107_0_15"
"2_53_17","3_52_16"
"4_53_17","7_50_16"
"6_53_17_0","0"
"6_53_17_1","11_48_16_1"
"6_53_17_2","11_48_16_0 + 11_48_16_1"
"8_53_17_0","0"
"8_53_17_1","15_46_16"
"12_53_17_0","0"
"12_53_17_1","23_42_16"
"16_53_17_0","0"
"16_53_17_1","31_38_16"
"54_53_17_0","0"
"54_53_17_1","107_0_16"
"3_53_18","5_51_17"
"4_53_18_0","0"
"4_53_18_1","7_50_17"
"6_53_18_0","0"
"6_53_18_1","11_48_17_0"
"6_53_18_2","11_48_17_0 + 11_48_17_1"
"8_53_18_0","0"
"8_53_18_1","15_46_17"
"10_53_18_0","0"
"10_53_18_1","19_44_17"
"12_53_18_0","0"
"12_53_18_1","23_42_17"
"15_53_18_0","0"
"15_53_18_1","29_39_17_0"
"16_53_18_0","0"
"16_53_18_1","0"
"16_53_18_2","31_38_17"
"54_53_18_0","0"
"54_53_18_1","107_0_17"
"4_53_19","7_50_18"
"6_53_19","11_48_18"
"7_53_19","13_47_18"
"8_53_19_0","0"
"8_53_19_1","15_46_18"
"10_53_19_0","0"
"10_53_19_1","19_44_18"
"14_53_19_0","0"
"14_53_19_1","27_40_18"
"16_53_19_0","0"
"16_53_19_1","0"
"16_53_19_2","31_38_18"
"20_53_19_0","0"
"20_53_19_1","39_34_18"
"54_53_19_0","0"
"54_53_19_1","107_0_18"
"2_53_20","3_52_19"
"4_53_20","7_50_19"
"8_53_20_0","0"
"8_53_20_1","15_46_19"
"13_53_20_0","0"
"13_53_20_1","25_41_19"
"19_53_20_0","0"
"19_53_20_1","37_35_19"
"54_53_20_0","0"
"54_53_20_1","107_0_19"
"3_53_21","5_51_20"
"4_53_21_0","0"
"4_53_21_1","7_50_20"
"8_53_21_0","0"
"8_53_21_1","15_46_20"
"54_53_21_0","0"
"54_53_21_1","107_0_20"
"4_53_22","7_50_21"
"7_53_22","13_47_21_0"
"8_53_22_0","0"
"8_53_22_1","15_46_21"
"54_53_22","107_0_21"
"2_53_23","3_52_22"
"6_53_23","11_48_22"
"8_53_23_0","0"
"8_53_23_1","15_46_22"
"12_53_23","23_42_22"
"54_53_23","107_0_22"
"4_53_24","7_50_23"
"5_53_24","9_49_23_0"
"11_53_24","21_43_23"
"54_53_24","107_0_23"
"4_53_25","7_50_24"
"54_53_25","107_0_24"
"4_53_26","7_50_25"
"54_53_26","107_0_25"
"2_53_27","3_52_26"
"4_53_27","7_50_26"
"54_53_27","107_0_26"
"2_53_28","3_52_27"
"3_53_28","5_51_27"
"54_53_28","107_0_27"
"54_53_29","107_0_28"
"54_53_30","107_0_29"
"54_53_31","107_0_30"
"54_53_32","107_0_31"
"54_53_33","107_0_32"
"54_53_34","107_0_33"
"54_53_35","107_0_34"
"54_53_36","107_0_35"
"54_53_37","107_0_36"
"54_53_38","107_0_37"
"54_53_39","107_0_38"
"54_53_40","107_0_39"
"54_53_41","107_0_40"
"54_53_42","107_0_41"
"54_53_43","107_0_42"
"54_53_44","107_0_43"
"54_53_45","107_0_44"
"54_53_46","107_0_45"
"54_53_47","107_0_46"
"48_54_2","95_7_1"
"24_54_3","47_31_2"
"40_54_3","79_15_2"
"47_54_3","93_8_2"
"48_54_3_0","0"
"48_54_3_1","95_7_2"
"52_54_3_0","0"
"52_54_3_1","103_3_2"
"10_54_4","19_45_3"
"14_54_4_0","0"
"14_54_4_1","27_41_3_0"
"16_54_4_0","0"
"16_54_4_1","0"
"16_54_4_2","31_39_3_0"
"16_54_4_3","31_39_3_1"
"24_54_4_0","0"
"24_54_4_1","47_31_3_1"
"24_54_4_2","47_31_3_0"
"40_54_4","79_15_3"
"41_54_4","81_14_3"
"46_54_4_0","0"
"46_54_4_1","91_9_3"
"48_54_4_0","0"
"48_54_4_1","0"
"48_54_4_2","95_7_3"
"52_54_4_0","0"
"52_54_4_1","103_3_3"
"7_54_5","13_48_4"
"8_54_5_0","0"
"8_54_5_1","15_47_4"
"10_54_5_0","0"
"10_54_5_1","19_45_4"
"14_54_5_0","0"
"14_54_5_1","27_41_4_1"
"14_54_5_2","27_41_4_0 + 27_41_4_1"
"15_54_5_0","0"
"15_54_5_1","29_40_4_1"
"15_54_5_2","29_40_4_2"
"16_54_5_0","0"
"16_54_5_1","0"
"16_54_5_2","0"
"16_54_5_3","31_39_4_1"
"16_54_5_4","31_39_4_0 + 31_39_4_1"
"18_54_5_0","0"
"18_54_5_1","0"
"18_54_5_2","35_37_4"
"22_54_5_0","0"
"22_54_5_1","43_33_4"
"24_54_5_0","0"
"24_54_5_1","0"
"24_54_5_2","47_31_4"
"32_54_5_0","0"
"32_54_5_1","63_23_4"
"38_54_5","75_17_4"
"40_54_5_0","0"
"40_54_5_1","79_15_4"
"48_54_5_0","0"
"48_54_5_1","95_7_4"
"3_54_6","5_52_5"
"6_54_6_0","0"
"6_54_6_1","11_49_5_1"
"6_54_6_2","11_49_5_0"
"8_54_6_0","0"
"8_54_6_1","0"
"8_54_6_2","15_47_5"
"10_54_6_0","0"
"10_54_6_1","0"
"10_54_6_2","0"
"10_54_6_3","19_45_5_0"
"12_54_6_0","0"
"12_54_6_1","0"
"12_54_6_2","23_43_5"
"14_54_6_0","0"
"14_54_6_1","0"
"14_54_6_2","27_41_5_0"
"14_54_6_3","27_41_5_1"
"15_54_6_0","0"
"15_54_6_1","0"
"15_54_6_2","29_40_5_1"
"16_54_6_0","0"
"16_54_6_1","0"
"16_54_6_2","0"
"16_54_6_3","31_39_5_1"
"16_54_6_4","31_39_5_0"
"22_54_6_0","0"
"22_54_6_1","0"
"22_54_6_2","43_33_5"
"24_54_6_0","0"
"24_54_6_1","47_31_5_1"
"24_54_6_2","47_31_5_0"
"31_54_6_0","0"
"31_54_6_1","0"
"31_54_6_2","61_24_5"
"32_54_6_0","0"
"32_54_6_1","0"
"32_54_6_2","0"
"32_54_6_3","63_23_5"
"37_54_6_0","0"
"37_54_6_1","73_18_5"
"38_54_6_0","0"
"38_54_6_1","0"
"38_54_6_2","75_17_5"
"40_54_6_0","0"
"40_54_6_1","0"
"40_54_6_2","79_15_5_0 + 79_15_5_1"
"40_54_6_3","79_15_5_0"
"4_54_7","7_51_6"
"5_54_7","9_50_6"
"6_54_7_0","0"
"6_54_7_1","11_49_6_0 + 11_49_6_2"
"6_54_7_2","11_49_6_2"
"6_54_7_3","11_49_6_0 + 11_49_6_1 + 11_49_6_2"
"8_54_7_0","0"
"8_54_7_1","15_47_6_0"
"8_54_7_2","15_47_6_2"
"8_54_7_3","15_47_6_1"
"10_54_7_0","0"
"10_54_7_1","19_45_6_0"
"10_54_7_2","19_45_6_0 + 19_45_6_1"
"12_54_7_0","0"
"12_54_7_1","0"
"12_54_7_2","23_43_6"
"15_54_7_0","0"
"15_54_7_1","29_40_6_0"
"18_54_7_0","0"
"18_54_7_1","35_37_6"
"21_54_7","41_34_6"
"24_54_7_0","0"
"24_54_7_1","47_31_6"
"29_54_7","57_26_6"
"32_54_7_0","0"
"32_54_7_1","63_23_6"
"35_54_7","69_20_6"
"38_54_7_0","0"
"38_54_7_1","75_17_6"
"39_54_7_0","0"
"39_54_7_1","77_16_6"
"40_54_7_0","0"
"40_54_7_1","0"
"40_54_7_2","79_15_6"
"44_54_7_0","0"
"44_54_7_1","87_11_6"
"4_54_8","7_51_7"
"6_54_8","11_49_7"
"7_54_8_0","13_48_7_2"
"7_54_8_1","13_48_7_1"
"8_54_8_0","0"
"8_54_8_1","0"
"8_54_8_2","15_47_7_0 + 15_47_7_1 + 15_47_7_2"
"8_54_8_3","15_47_7_0"
"8_54_8_4","15_47_7_0 + 15_47_7_2"
"10_54_8_0","0"
"10_54_8_1","19_45_7_0"
"12_54_8_0","0"
"12_54_8_1","23_43_7"
"14_54_8_0","0"
"14_54_8_1","27_41_7"
"16_54_8_0","0"
"16_54_8_1","0"
"16_54_8_2","31_39_7"
"18_54_8_0","0"
"18_54_8_1","0"
"18_54_8_2","35_37_7_1"
"22_54_8_0","0"
"22_54_8_1","43_33_7"
"24_54_8_0","0"
"24_54_8_1","0"
"24_54_8_2","47_31_7"
"26_54_8_0","0"
"26_54_8_1","51_29_7"
"32_54_8_0","0"
"32_54_8_1","0"
"32_54_8_2","63_23_7"
"38_54_8_0","0"
"38_54_8_1","0"
"38_54_8_2","75_17_7"
"40_54_8_0","0"
"40_54_8_1","0"
"40_54_8_2","79_15_7"
"44_54_8_0","0"
"44_54_8_1","0"
"44_54_8_2","87_11_7"
"2_54_9","3_53_8"
"3_54_9","5_52_8"
"4_54_9_0","0"
"4_54_9_1","7_51_8"
"6_54_9_0","0"
"6_54_9_1","0"
"6_54_9_2","11_49_8"
"7_54_9_0","0"
"7_54_9_1","0"
"7_54_9_2","13_48_8_2"
"7_54_9_3","13_48_8_1"
"8_54_9_0","0"
"8_54_9_1","0"
"8_54_9_2","0"
"8_54_9_3","0"
"8_54_9_4","15_47_8_2"
"8_54_9_5","15_47_8_0"
"8_54_9_6","15_47_8_0 + 15_47_8_1 + 15_47_8_2"
"10_54_9_0","0"
"10_54_9_1","0"
"10_54_9_2","19_45_8"
"12_54_9_0","0"
"12_54_9_1","23_43_8"
"13_54_9_0","0"
"13_54_9_1","25_42_8"
"18_54_9_0","0"
"18_54_9_1","35_37_8_0 + 35_37_8_1"
"20_54_9_0","0"
"20_54_9_1","39_35_8"
"24_54_9_0","0"
"24_54_9_1","47_31_8_0 + 47_31_8_1"
"24_54_9_2","47_31_8_1"
"26_54_9_0","0"
"26_54_9_1","0"
"26_54_9_2","51_29_8"
"30_54_9_0","0"
"30_54_9_1","59_25_8"
"32_54_9_0","0"
"32_54_9_1","0"
"32_54_9_2","63_23_8"
"40_54_9_0","0"
"40_54_9_1","0"
"40_54_9_2","79_15_8"
"2_54_10","3_53_9"
"4_54_10_0","0"
"4_54_10_1","7_51_9"
"6_54_10_0","0"
"6_54_10_1","0"
"6_54_10_2","11_49_9"
"7_54_10_0","0"
"7_54_10_1","0"
"7_54_10_2","13_48_9_0"
"7_54_10_3","13_48_9_0 + 13_48_9_1"
"8_54_10_0","0"
"8_54_10_1","0"
"8_54_10_2","0"
"8_54_10_3","0"
"8_54_10_4","15_47_9"
"10_54_10_0","0"
"10_54_10_1","19_45_9_1"
"16_54_10_0","0"
"16_54_10_1","31_39_9"
"17_54_10_0","0"
"17_54_10_1","0"
"17_54_10_2","33_38_9"
"18_54_10_0","0"
"18_54_10_1","0"
"18_54_10_2","0"
"18_54_10_3","35_37_9"
"20_54_10_0","0"
"20_54_10_1","0"
"20_54_10_2","39_35_9"
"23_54_10_0","0"
"23_54_10_1","0"
"23_54_10_2","45_32_9"
"24_54_10_0","0"
"24_54_10_1","0"
"24_54_10_2","0"
"24_54_10_3","47_31_9_1"
"24_54_10_4","47_31_9_0"
"26_54_10_0","0"
"26_54_10_1","0"
"26_54_10_2","0"
"26_54_10_3","51_29_9"
"29_54_10_0","0"
"29_54_10_1","0"
"29_54_10_2","57_26_9"
"30_54_10_0","0"
"30_54_10_1","0"
"30_54_10_2","0"
"30_54_10_3","59_25_9"
"32_54_10_0","0"
"32_54_10_1","0"
"32_54_10_2","0"
"32_54_10_3","63_23_9_1"
"32_54_10_4","63_23_9_0"
"3_54_11_0","5_52_10_0"
"3_54_11_1","5_52_10_0 + 5_52_10_1"
"8_54_11_0","0"
"8_54_11_1","15_47_10_1"
"8_54_11_2","15_47_10_0"
"10_54_11_0","0"
"10_54_11_1","0"
"10_54_11_2","19_45_10"
"14_54_11_0","0"
"14_54_11_1","27_41_10"
"15_54_11_0","0"
"15_54_11_1","0"
"15_54_11_2","29_40_10"
"18_54_11_0","0"
"18_54_11_1","0"
"18_54_11_2","35_37_10"
"21_54_11_0","0"
"21_54_11_1","0"
"21_54_11_2","41_34_10"
"24_54_11_0","0"
"24_54_11_1","0"
"24_54_11_2","0"
"24_54_11_3","47_31_10_0 + 47_31_10_1"
"24_54_11_4","47_31_10_0"
"27_54_11_0","0"
"27_54_11_1","0"
"27_54_11_2","53_28_10"
"30_54_11_0","0"
"30_54_11_1","0"
"30_54_11_2","0"
"30_54_11_3","59_25_10"
"31_54_11_0","0"
"31_54_11_1","0"
"31_54_11_2","0"
"31_54_11_3","61_24_10"
"32_54_11_0","0"
"32_54_11_1","0"
"32_54_11_2","0"
"32_54_11_3","0"
"32_54_11_4","63_23_10"
"36_54_11_0","0"
"36_54_11_1","0"
"36_54_11_2","0"
"36_54_11_3","71_19_10"
"3_54_12","5_52_11"
"6_54_12_0","0"
"6_54_12_1","11_49_11"
"8_54_12_0","0"
"8_54_12_1","0"
"8_54_12_2","15_47_11"
"10_54_12_0","0"
"10_54_12_1","19_45_11"
"12_54_12_0","0"
"12_54_12_1","23_43_11"
"14_54_12_0","0"
"14_54_12_1","0"
"14_54_12_2","27_41_11"
"18_54_12_0","0"
"18_54_12_1","0"
"18_54_12_2","35_37_11"
"24_54_12_0","0"
"24_54_12_1","0"
"24_54_12_2","0"
"24_54_12_3","47_31_11"
"25_54_12_0","0"
"25_54_12_1","0"
"25_54_12_2","49_30_11"
"30_54_12_0","0"
"30_54_12_1","0"
"30_54_12_2","0"
"30_54_12_3","59_25_11"
"32_54_12_0","0"
"32_54_12_1","0"
"32_54_12_2","0"
"32_54_12_3","63_23_11"
"36_54_12_0","0"
"36_54_12_1","0"
"36_54_12_2","0"
"36_54_12_3","71_19_11"
"2_54_13","3_53_12"
"4_54_13_0","7_51_12_1"
"4_54_13_1","7_51_12_0 + 7_51_12_1"
"6_54_13_0","0"
"6_54_13_1","11_49_12"
"10_54_13","19_45_12"
"12_54_13_0","0"
"12_54_13_1","23_43_12"
"16_54_13_0","0"
"16_54_13_1","31_39_12"
"18_54_13_0","0"
"18_54_13_1","0"
"18_54_13_2","35_37_12"
"22_54_13_0","0"
"22_54_13_1","43_33_12"
"24_54_13_0","0"
"24_54_13_1","0"
"24_54_13_2","47_31_12"
"32_54_13_0","0"
"32_54_13_1","0"
"32_54_13_2","63_23_12"
"2_54_14","3_53_13"
"6_54_14","11_49_13"
"8_54_14","15_47_13"
"9_54_14_0","0"
"9_54_14_1","17_46_13"
"10_54_14_0","0"
"10_54_14_1","0"
"10_54_14_2","19_45_13"
"12_54_14_0","0"
"12_54_14_1","23_43_13"
"15_54_14_0","0"
"15_54_14_1","29_40_13"
"16_54_14_0","0"
"16_54_14_1","0"
"16_54_14_2","31_39_13"
"18_54_14_0","0"
"18_54_14_1","0"
"18_54_14_2","35_37_13"
"21_54_14_0","0"
"21_54_14_1","41_34_13"
"22_54_14_0","0"
"22_54_14_1","0"
"22_54_14_2","43_33_13"
"24_54_14_0","0"
"24_54_14_1","0"
"24_54_14_2","47_31_13_1"
"24_54_14_3","47_31_13_0 + 47_31_13_1"
"3_54_15","5_52_14"
"6_54_15_0","0"
"6_54_15_1","11_49_14_1"
"6_54_15_2","11_49_14_0"
"7_54_15_0","0"
"7_54_15_1","0"
"7_54_15_2","13_48_14"
"10_54_15_0","0"
"10_54_15_1","0"
"10_54_15_2","19_45_14"
"13_54_15_0","0"
"13_54_15_1","0"
"13_54_15_2","25_42_14"
"16_54_15_0","0"
"16_54_15_1","0"
"16_54_15_2","0"
"16_54_15_3","31_39_14"
"19_54_15_0","0"
"19_54_15_1","0"
"19_54_15_2","37_36_14"
"22_54_15_0","0"
"22_54_15_1","0"
"22_54_15_2","0"
"22_54_15_3","43_33_14"
"23_54_15_0","0"
"23_54_15_1","0"
"23_54_15_2","0"
"23_54_15_3","45_32_14"
"24_54_15_0","0"
"24_54_15_1","0"
"24_54_15_2","0"
"24_54_15_3","0"
"24_54_15_4","47_31_14"
"28_54_15_0","0"
"28_54_15_1","0"
"28_54_15_2","0"
"28_54_15_3","55_27_14"
"2_54_16","3_53_15"
"4_54_16","7_51_15"
"6_54_16_0","0"
"6_54_16_1","11_49_15_0 + 11_49_15_1"
"6_54_16_2","11_49_15_1"
"10_54_16_0","0"
"10_54_16_1","19_45_15_1"
"10_54_16_2","19_45_15_0"
"16_54_16_0","0"
"16_54_16_1","0"
"16_54_16_2","31_39_15"
"22_54_16_0","0"
"22_54_16_1","0"
"22_54_16_2","43_33_15"
"24_54_16_0","0"
"24_54_16_1","0"
"24_54_16_2","47_31_15"
"28_54_16_0","0"
"28_54_16_1","0"
"28_54_16_2","55_27_15"
"3_54_17","5_52_16"
"4_54_17_0","0"
"4_54_17_1","7_51_16"
"6_54_17_0","0"
"6_54_17_1","11_49_16"
"8_54_17_0","0"
"8_54_17_1","15_47_16_1"
"8_54_17_2","15_47_16_0"
"10_54_17_0","0"
"10_54_17_1","0"
"10_54_17_2","19_45_16_0 + 19_45_16_1"
"10_54_17_3","19_45_16_1"
"14_54_17_0","0"
"14_54_17_1","27_41_16"
"16_54_17_0","0"
"16_54_17_1","0"
"16_54_17_2","31_39_16"
"24_54_17_0","0"
"24_54_17_1","0"
"24_54_17_2","47_31_16"
"4_54_18","7_51_17"
"6_54_18","11_49_17"
"7_54_18","13_48_17_0"
"8_54_18_0","0"
"8_54_18_1","15_47_17_0"
"8_54_18_2","15_47_17_0 + 15_47_17_1"
"10_54_18_0","0"
"10_54_18_1","19_45_17"
"13_54_18","25_42_17"
"14_54_18_0","0"
"14_54_18_1","27_41_17"
"16_54_18_0","0"
"16_54_18_1","31_39_17_1"
"16_54_18_2","31_39_17_0"
"2_54_19","3_53_18"
"4_54_19","7_51_18"
"5_54_19","9_50_18"
"8_54_19_0","0"
"8_54_19_1","15_47_18_0 + 15_47_18_1"
"8_54_19_2","15_47_18_1"
"11_54_19","21_44_18"
"14_54_19_0","0"
"14_54_19_1","27_41_18"
"15_54_19_0","0"
"15_54_19_1","29_40_18"
"16_54_19_0","0"
"16_54_19_1","0"
"16_54_19_2","31_39_18"
"20_54_19_0","0"
"20_54_19_1","39_35_18"
"3_54_20","5_52_19"
"4_54_20_0","0"
"4_54_20_1","7_51_19"
"8_54_20_0","0"
"8_54_20_1","15_47_19"
"9_54_20","17_46_19"
"14_54_20_0","0"
"14_54_20_1","27_41_19"
"16_54_20_0","0"
"16_54_20_1","31_39_19"
"20_54_20_0","0"
"20_54_20_1","39_35_19"
"4_54_21","7_51_20"
"6_54_21","11_49_20"
"8_54_21_0","0"
"8_54_21_1","15_47_20"
"16_54_21_0","0"
"16_54_21_1","31_39_20"
"2_54_22","3_53_21"
"5_54_22","9_50_21"
"6_54_22_0","0"
"6_54_22_1","11_49_21"
"8_54_22_0","0"
"8_54_22_1","15_47_21_1"
"8_54_22_2","15_47_21_0 + 15_47_21_1"
"3_54_23","5_52_22"
"6_54_23_0","0"
"6_54_23_1","11_49_22"
"7_54_23_0","0"
"7_54_23_1","13_48_22"
"8_54_23_0","0"
"8_54_23_1","0"
"8_54_23_2","15_47_22"
"12_54_23_0","0"
"12_54_23_1","23_43_22"
"6_54_24","11_49_23"
"7_54_24","13_48_23"
"8_54_24_0","0"
"8_54_24_1","15_47_23"
"12_54_24_0","0"
"12_54_24_1","23_43_23"
"6_54_25","11_49_24"
"8_54_25_0","0"
"8_54_25_1","15_47_24"
"4_54_26","7_51_25"
"4_54_27","7_51_26"
"4_54_28","7_51_27"
"2_54_29","3_53_28"
"56_55_2","111_0_1"
"24_55_3","47_32_2"
"40_55_3","79_16_2"
"42_55_3","83_14_2"
"48_55_3_0","0"
"48_55_3_1","95_8_2"
"56_55_3","111_0_2"
"18_55_4_0","35_38_3_0"
"18_55_4_1","35_38_3_1"
"22_55_4","43_34_3"
"23_55_4","45_33_3"
"26_55_4","51_30_3"
"38_55_4","75_18_3"
"39_55_4","77_17_3"
"42_55_4","83_14_3"
"47_55_4","93_9_3"
"48_55_4_0","0"
"48_55_4_1","95_8_3"
"56_55_4","111_0_3"
"6_55_5","11_50_4"
"8_55_5_0","0"
"8_55_5_1","15_48_4"
"16_55_5_0","0"
"16_55_5_1","0"
"16_55_5_2","31_40_4_1 + 31_40_4_2"
"16_55_5_3","31_40_4_1"
"16_55_5_4","31_40_4_0"
"18_55_5_0","0"
"18_55_5_1","0"
"18_55_5_2","0"
"18_55_5_3","35_38_4_0 + 35_38_4_1"
"18_55_5_4","35_38_4_2"
"22_55_5_0","0"
"22_55_5_1","0"
"22_55_5_2","43_34_4"
"26_55_5_0","0"
"26_55_5_1","51_30_4"
"38_55_5_0","75_18_4_1"
"38_55_5_1","75_18_4_0"
"47_55_5","93_9_4"
"56_55_5","111_0_4"
"4_55_6","7_52_5"
"6_55_6_0","0"
"6_55_6_1","11_50_5"
"8_55_6_0","0"
"8_55_6_1","15_48_5_1"
"8_55_6_2","15_48_5_0"
"11_55_6_0","0"
"11_55_6_1","0"
"11_55_6_2","21_45_5_0"
"12_55_6_0","0"
"12_55_6_1","0"
"12_55_6_2","0"
"12_55_6_3","23_44_5_0"
"12_55_6_4","23_44_5_0 + 23_44_5_1"
"15_55_6_0","0"
"15_55_6_1","0"
"15_55_6_2","0"
"15_55_6_3","29_41_5_1"
"15_55_6_4","29_41_5_0 + 29_41_5_1"
"16_55_6_0","0"
"16_55_6_1","0"
"16_55_6_2","0"
"16_55_6_3","0"
"16_55_6_4","0"
"16_55_6_5","31_40_5_0 + 31_40_5_2"
"16_55_6_6","31_40_5_0"
"16_55_6_7","31_40_5_0 + 31_40_5_1"
"18_55_6_0","0"
"18_55_6_1","0"
"18_55_6_2","0"
"18_55_6_3","35_38_5_0"
"18_55_6_4","35_38_5_1"
"23_55_6_0","0"
"23_55_6_1","0"
"23_55_6_2","45_33_5"
"26_55_6_0","0"
"26_55_6_1","51_30_5"
"32_55_6_0","0"
"32_55_6_1","63_24_5"
"36_55_6","71_20_5"
"38_55_6","75_18_5"
"42_55_6","83_14_5"
"56_55_6","111_0_5"
"2_55_7","3_54_6"
"4_55_7_0","0"
"4_55_7_1","7_52_6"
"6_55_7_0","0"
"6_55_7_1","11_50_6_1"
"6_55_7_2","11_50_6_0 + 11_50_6_1"
"7_55_7_0","0"
"7_55_7_1","0"
"7_55_7_2","13_49_6_0"
"8_55_7_0","0"
"8_55_7_1","0"
"8_55_7_2","0"
"8_55_7_3","15_48_6_0 + 15_48_6_1"
"8_55_7_4","15_48_6_1"
"8_55_7_5","15_48_6_0 + 15_48_6_1 + 15_48_6_2"
"9_55_7_0","0"
"9_55_7_1","0"
"9_55_7_2","0"
"9_55_7_3","0"
"9_55_7_4","17_47_6_0"
"11_55_7_0","0"
"11_55_7_1","0"
"11_55_7_2","0"
"11_55_7_3","0"
"11_55_7_4","21_45_6_1"
"12_55_7_0","0"
"12_55_7_1","0"
"12_55_7_2","0"
"12_55_7_3","0"
"12_55_7_4","23_44_6_0"
"12_55_7_5","23_44_6_0 + 23_44_6_1"
"14_55_7_0","0"
"14_55_7_1","0"
"14_55_7_2","0"
"14_55_7_3","27_42_6"
"16_55_7_0","0"
"16_55_7_1","0"
"16_55_7_2","0"
"16_55_7_3","0"
"16_55_7_4","31_40_6_2"
"16_55_7_5","31_40_6_0 + 31_40_6_2"
"16_55_7_6","31_40_6_1"
"18_55_7_0","0"
"18_55_7_1","0"
"18_55_7_2","0"
"18_55_7_3","35_38_6_0"
"22_55_7_0","0"
"22_55_7_1","0"
"22_55_7_2","43_34_6"
"24_55_7_0","0"
"24_55_7_1","0"
"24_55_7_2","0"
"24_55_7_3","47_32_6"
"30_55_7_0","0"
"30_55_7_1","0"
"30_55_7_2","59_26_6"
"36_55_7_0","0"
"36_55_7_1","71_20_6"
"40_55_7_0","0"
"40_55_7_1","79_16_6"
"42_55_7_0","0"
"42_55_7_1","83_14_6"
"56_55_7_0","0"
"56_55_7_1","111_0_6"
"3_55_8","5_53_7_0"
"4_55_8_0","0"
"4_55_8_1","7_52_7"
"5_55_8_0","0"
"5_55_8_1","9_51_7"
"6_55_8_0","0"
"6_55_8_1","0"
"6_55_8_2","11_50_7_0"
"6_55_8_3","11_50_7_1"
"7_55_8_0","0"
"7_55_8_1","0"
"7_55_8_2","13_49_7_0"
"8_55_8_0","0"
"8_55_8_1","0"
"8_55_8_2","0"
"8_55_8_3","15_48_7_1 + 15_48_7_2"
"8_55_8_4","15_48_7_2"
"8_55_8_5","15_48_7_3"
"8_55_8_6","15_48_7_0"
"10_55_8_0","0"
"10_55_8_1","0"
"10_55_8_2","0"
"10_55_8_3","0"
"10_55_8_4","19_46_7_1"
"11_55_8_0","0"
"11_55_8_1","0"
"11_55_8_2","21_45_7_2"
"12_55_8_0","0"
"12_55_8_1","0"
"12_55_8_2","0"
"12_55_8_3","23_44_7"
"14_55_8_0","0"
"14_55_8_1","27_42_7_0"
"14_55_8_2","27_42_7_1"
"15_55_8_0","0"
"15_55_8_1","29_41_7"
"16_55_8_0","0"
"16_55_8_1","0"
"16_55_8_2","31_40_7"
"18_55_8","35_38_7"
"19_55_8","37_37_7_0"
"23_55_8","45_33_7"
"24_55_8_0","0"
"24_55_8_1","47_32_7"
"26_55_8_0","0"
"26_55_8_1","51_30_7"
"39_55_8","77_17_7"
"40_55_8_0","0"
"40_55_8_1","79_16_7"
"56_55_8","111_0_7"
"3_55_9","5_53_8"
"4_55_9_0","0"
"4_55_9_1","7_52_8_2 + 7_52_8_3"
"4_55_9_2","7_52_8_1 + 7_52_8_2 + 7_52_8_3"
"4_55_9_3","7_52_8_2"
"4_55_9_4","7_52_8_0"
"5_55_9_0","0"
"5_55_9_1","0"
"5_55_9_2","9_51_8"
"7_55_9_0","0"
"7_55_9_1","0"
"7_55_9_2","0"
"7_55_9_3","13_49_8_1"
"8_55_9_0","0"
"8_55_9_1","0"
"8_55_9_2","0"
"8_55_9_3","0"
"8_55_9_4","15_48_8_0"
"8_55_9_5","15_48_8_0 + 15_48_8_1"
"10_55_9_0","0"
"10_55_9_1","0"
"10_55_9_2","19_46_8_1 + 19_46_8_2"
"10_55_9_3","19_46_8_1"
"14_55_9_0","0"
"14_55_9_1","27_42_8_0 + 27_42_8_1"
"14_55_9_2","27_42_8_1"
"16_55_9_0","0"
"16_55_9_1","31_40_8"
"18_55_9_0","0"
"18_55_9_1","35_38_8"
"22_55_9","43_34_8"
"24_55_9_0","0"
"24_55_9_1","47_32_8"
"26_55_9_0","0"
"26_55_9_1","51_30_8"
"30_55_9","59_26_8"
"39_55_9","77_17_8"
"56_55_9","111_0_8"
"2_55_10","3_54_9"
"3_55_10_0","0"
"3_55_10_1","5_53_9"
"4_55_10_0","0"
"4_55_10_1","0"
"4_55_10_2","7_52_9_0"
"4_55_10_3","7_52_9_0 + 7_52_9_1"
"7_55_10_0","0"
"7_55_10_1","0"
"7_55_10_2","13_49_9"
"8_55_10_0","0"
"8_55_10_1","0"
"8_55_10_2","0"
"8_55_10_3","15_48_9_0"
"8_55_10_4","15_48_9_2"
"8_55_10_5","15_48_9_1 + 15_48_9_2"
"10_55_10_0","0"
"10_55_10_1","19_46_9_0 + 19_46_9_1"
"10_55_10_2","19_46_9_1"
"14_55_10_0","27_42_9_1"
"14_55_10_1","27_42_9_0"
"18_55_10","35_38_9"
"21_55_10","41_35_9"
"22_55_10_0","0"
"22_55_10_1","43_34_9"
"24_55_10_0","0"
"24_55_10_1","47_32_9"
"26_55_10","51_30_9"
"28_55_10","55_28_9"
"30_55_10","59_26_9"
"34_55_10","67_22_9"
"56_55_10","111_0_9"
"2_55_11","3_54_10"
"3_55_11_0","0"
"3_55_11_1","5_53_10"
"4_55_11_0","0"
"4_55_11_1","0"
"4_55_11_2","7_52_10"
"6_55_11_0","0"
"6_55_11_1","11_50_10"
"10_55_11_0","0"
"10_55_11_1","19_46_10_0 + 19_46_10_1"
"10_55_11_2","19_46_10_1"
"12_55_11_0","0"
"12_55_11_1","23_44_10"
"14_55_11_0","0"
"14_55_11_1","0"
"14_55_11_2","27_42_10"
"16_55_11_0","0"
"16_55_11_1","31_40_10"
"19_55_11_0","0"
"19_55_11_1","37_37_10"
"22_55_11_0","0"
"22_55_11_1","0"
"22_55_11_2","43_34_10"
"26_55_11_0","0"
"26_55_11_1","51_30_10"
"28_55_11_0","0"
"28_55_11_1","55_28_10"
"32_55_11_0","0"
"32_55_11_1","63_24_10"
"34_55_11_0","0"
"34_55_11_1","67_22_10"
"56_55_11_0","0"
"56_55_11_1","111_0_10"
"2_55_12_0","3_54_11_0"
"2_55_12_1","3_54_11_0 + 3_54_11_1"
"4_55_12_0","0"
"4_55_12_1","7_52_11_1"
"4_55_12_2","7_52_11_0 + 7_52_11_1"
"6_55_12_0","0"
"6_55_12_1","0"
"6_55_12_2","11_50_11_0 + 11_50_11_1"
"6_55_12_3","11_50_11_1"
"10_55_12_0","0"
"10_55_12_1","19_46_11_1"
"10_55_12_2","19_46_11_0 + 19_46_11_1"
"15_55_12_0","0"
"15_55_12_1","29_41_11"
"16_55_12_0","0"
"16_55_12_1","0"
"16_55_12_2","31_40_11"
"26_55_12_0","0"
"26_55_12_1","51_30_11"
"31_55_12_0","0"
"31_55_12_1","61_25_11"
"32_55_12_0","0"
"32_55_12_1","0"
"32_55_12_2","63_24_11"
"56_55_12_0","0"
"56_55_12_1","111_0_11"
"2_55_13","3_54_12"
"6_55_13","11_50_12"
"8_55_13","15_48_12"
"10_55_13_0","0"
"10_55_13_1","19_46_12"
"14_55_13","27_42_12"
"16_55_13_0","0"
"16_55_13_1","31_40_12"
"22_55_13","43_34_12"
"31_55_13","61_25_12"
"56_55_13","111_0_12"
"3_55_14","5_53_13"
"6_55_14_0","0"
"6_55_14_1","11_50_13_1"
"6_55_14_2","11_50_13_0"
"10_55_14_0","0"
"10_55_14_1","19_46_13"
"13_55_14_0","0"
"13_55_14_1","25_43_13"
"14_55_14_0","0"
"14_55_14_1","0"
"14_55_14_2","27_42_13"
"16_55_14_0","0"
"16_55_14_1","0"
"16_55_14_2","31_40_13"
"20_55_14_0","0"
"20_55_14_1","39_36_13"
"22_55_14_0","0"
"22_55_14_1","43_34_13"
"26_55_14_0","0"
"26_55_14_1","51_30_13"
"56_55_14_0","0"
"56_55_14_1","111_0_13"
"2_55_15","3_54_14"
"4_55_15_0","7_52_14_1"
"4_55_15_1","7_52_14_0"
"8_55_15_0","15_48_14_1"
"8_55_15_1","15_48_14_0"
"10_55_15","19_46_14"
"14_55_15_0","0"
"14_55_15_1","27_42_14"
"20_55_15","39_36_14"
"24_55_15","47_32_14"
"26_55_15","51_30_14"
"56_55_15","111_0_14"
"2_55_16","3_54_15"
"7_55_16","13_49_15_0"
"8_55_16_0","0"
"8_55_16_1","15_48_15_1"
"8_55_16_2","15_48_15_0"
"10_55_16_0","0"
"10_55_16_1","19_46_15"
"23_55_16","45_33_15"
"24_55_16_0","0"
"24_55_16_1","47_32_15"
"56_55_16","111_0_15"
"3_55_17","5_53_16"
"6_55_17_0","0"
"6_55_17_1","11_50_16"
"8_55_17_0","0"
"8_55_17_1","0"
"8_55_17_2","15_48_16_0 + 15_48_16_1"
"8_55_17_3","15_48_16_1"
"10_55_17_0","0"
"10_55_17_1","0"
"10_55_17_2","19_46_16"
"14_55_17_0","0"
"14_55_17_1","27_42_16"
"23_55_17_0","0"
"23_55_17_1","45_33_16"
"56_55_17_0","0"
"56_55_17_1","111_0_16"
"2_55_18","3_54_17"
"4_55_18","7_52_17"
"5_55_18","9_51_17_0"
"6_55_18_0","0"
"6_55_18_1","11_50_17"
"8_55_18_0","0"
"8_55_18_1","15_48_17_0"
"8_55_18_2","15_48_17_1"
"10_55_18","19_46_17"
"12_55_18","23_44_17"
"14_55_18","27_42_17"
"18_55_18","35_38_17"
"56_55_18","111_0_17"
"3_55_19","5_53_18"
"4_55_19_0","0"
"4_55_19_1","7_52_18"
"6_55_19_0","0"
"6_55_19_1","11_50_18"
"8_55_19_0","0"
"8_55_19_1","15_48_18"
"10_55_19","19_46_18"
"12_55_19","23_44_18"
"16_55_19","31_40_18"
"18_55_19","35_38_18"
"56_55_19","111_0_18"
"4_55_20","7_52_19"
"6_55_20_0","11_50_19_1"
"6_55_20_1","11_50_19_0"
"8_55_20_0","0"
"8_55_20_1","15_48_19"
"10_55_20_0","0"
"10_55_20_1","19_46_19"
"15_55_20_0","0"
"15_55_20_1","29_41_19"
"16_55_20_0","0"
"16_55_20_1","0"
"16_55_20_2","31_40_19"
"56_55_20_0","0"
"56_55_20_1","111_0_19"
"2_55_21","3_54_20"
"4_55_21","7_52_20"
"6_55_21_0","0"
"6_55_21_1","11_50_20_0 + 11_50_20_1"
"6_55_21_2","11_50_20_0"
"15_55_21_0","0"
"15_55_21_1","29_41_20"
"56_55_21_0","0"
"56_55_21_1","111_0_20"
"3_55_22","5_53_21"
"4_55_22_0","0"
"4_55_22_1","7_52_21"
"6_55_22_0","0"
"6_55_22_1","11_50_21_0"
"6_55_22_2","11_50_21_1"
"10_55_22_0","0"
"10_55_22_1","19_46_21"
"56_55_22_0","0"
"56_55_22_1","111_0_21"
"4_55_23","7_52_22"
"6_55_23","11_50_22"
"8_55_23","15_48_22"
"10_55_23","19_46_22"
"14_55_23","27_42_22"
"56_55_23_0","0"
"56_55_23_1","111_0_22"
"2_55_24","3_54_23"
"7_55_24","13_49_23"
"8_55_24_0","0"
"8_55_24_1","15_48_23"
"13_55_24","25_43_23"
"56_55_24_0","0"
"56_55_24_1","111_0_23"
"3_55_25","5_53_24"
"7_55_25_0","0"
"7_55_25_1","13_49_24"
"9_55_25_0","0"
"9_55_25_1","17_47_24"
"56_55_25_0","0"
"56_55_25_1","0"
"56_55_25_2","111_0_24"
"7_55_26","13_49_25"
"56_55_26_0","0"
"56_55_26_1","111_0_25"
"6_55_27","11_50_26"
"56_55_27_0","0"
"56_55_27_1","111_0_26"
"5_55_28","9_51_27"
"56_55_28_0","0"
"56_55_28_1","111_0_27"
"56_55_29","111_0_28"
"56_55_30","111_0_29"
"56_55_31","111_0_30"
"56_55_32","111_0_31"
"56_55_33","111_0_32"
"56_55_34","111_0_33"
"56_55_35","111_0_34"
"56_55_36","111_0_35"
"56_55_37","111_0_36"
"56_55_38","111_0_37"
"56_55_39","111_0_38"
"56_55_40","111_0_39"
"56_55_41","111_0_40"
"56_55_42","111_0_41"
"56_55_43","111_0_42"
"56_55_44","111_0_43"
"56_55_45","111_0_44"
"56_56_2","111_1_1"
"26_56_3","51_31_2"
"42_56_3","83_15_2"
"50_56_3","99_7_2"
"54_56_3","107_3_2"
"55_56_3","109_2_2"
"12_56_4","23_45_3"
"16_56_4_0","0"
"16_56_4_1","31_41_3_1"
"16_56_4_2","31_41_3_0"
"24_56_4_0","0"
"24_56_4_1","47_33_3"
"26_56_4_0","0"
"26_56_4_1","51_31_3_1"
"38_56_4","75_19_3"
"40_56_4_0","0"
"40_56_4_1","79_17_3"
"42_56_4_0","0"
"42_56_4_1","83_15_3"
"48_56_4_0","0"
"48_56_4_1","95_9_3"
"50_56_4_0","0"
"50_56_4_1","99_7_3"
"54_56_4","107_3_3"
"7_56_5","13_50_4_0"
"8_56_5_0","0"
"8_56_5_1","15_49_4"
"9_56_5_0","0"
"9_56_5_1","17_48_4_0"
"12_56_5_0","0"
"12_56_5_1","0"
"12_56_5_2","23_45_4"
"13_56_5_0","0"
"13_56_5_1","0"
"13_56_5_2","25_44_4_1"
"14_56_5_0","0"
"14_56_5_1","0"
"14_56_5_2","0"
"14_56_5_3","27_43_4"
"16_56_5_0","0"
"16_56_5_1","0"
"16_56_5_2","0"
"16_56_5_3","31_41_4_0"
"16_56_5_4","31_41_4_1"
"23_56_5_0","0"
"23_56_5_1","45_34_4"
"26_56_5_0","0"
"26_56_5_1","51_31_4"
"39_56_5","77_18_4_1"
"40_56_5_0","0"
"40_56_5_1","79_17_4"
"42_56_5_0","0"
"42_56_5_1","83_15_4"
"48_56_5_0","0"
"48_56_5_1","95_9_4"
"50_56_5","99_7_4"
"4_56_6","7_53_5"
"5_56_6_0","0"
"5_56_6_1","9_52_5"
"8_56_6_0","0"
"8_56_6_1","0"
"8_56_6_2","15_49_5_1"
"8_56_6_3","15_49_5_1 + 15_49_5_2"
"8_56_6_4","15_49_5_0"
"10_56_6_0","0"
"10_56_6_1","0"
"10_56_6_2","0"
"10_56_6_3","19_47_5_0"
"11_56_6_0","0"
"11_56_6_1","0"
"11_56_6_2","0"
"11_56_6_3","0"
"11_56_6_4","21_46_5"
"12_56_6_0","0"
"12_56_6_1","0"
"12_56_6_2","0"
"12_56_6_3","0"
"12_56_6_4","0"
"12_56_6_5","23_45_5_2"
"12_56_6_6","23_45_5_0 + 23_45_5_2"
"16_56_6_0","0"
"16_56_6_1","0"
"16_56_6_2","0"
"16_56_6_3","0"
"16_56_6_4","31_41_5_0 + 31_41_5_1"
"16_56_6_5","31_41_5_0"
"22_56_6","43_35_5"
"24_56_6_0","0"
"24_56_6_1","47_33_5"
"26_56_6","51_31_5_1"
"36_56_6","71_21_5"
"39_56_6","77_18_5"
"40_56_6_0","0"
"40_56_6_1","79_17_5"
"42_56_6_0","0"
"42_56_6_1","83_15_5_0 + 83_15_5_1"
"46_56_6","91_11_5"
"48_56_6_0","0"
"48_56_6_1","95_9_5"
"3_56_7","5_54_6"
"4_56_7_0","0"
"4_56_7_1","7_53_6"
"5_56_7_0","0"
"5_56_7_1","9_52_6_1"
"5_56_7_2","9_52_6_0 + 9_52_6_1"
"6_56_7_0","0"
"6_56_7_1","0"
"6_56_7_2","0"
"6_56_7_3","11_51_6_0 + 11_51_6_2"
"6_56_7_4","11_51_6_0"
"6_56_7_5","11_51_6_0 + 11_51_6_1"
"7_56_7_0","0"
"7_56_7_1","0"
"7_56_7_2","0"
"7_56_7_3","13_50_6_0"
"8_56_7_0","0"
"8_56_7_1","0"
"8_56_7_2","0"
"8_56_7_3","0"
"8_56_7_4","15_49_6_1"
"8_56_7_5","15_49_6_0"
"8_56_7_6","15_49_6_0 + 15_49_6_2"
"10_56_7_0","0"
"10_56_7_1","0"
"10_56_7_2","0"
"10_56_7_3","19_47_6_0"
"10_56_7_4","19_47_6_0 + 19_47_6_1"
"12_56_7_0","0"
"12_56_7_1","0"
"12_56_7_2","0"
"12_56_7_3","23_45_6_0"
"12_56_7_4","23_45_6_0 + 23_45_6_1 + 23_45_6_2"
"12_56_7_5","23_45_6_0 + 23_45_6_2"
"14_56_7_0","0"
"14_56_7_1","0"
"14_56_7_2","27_43_6"
"19_56_7","37_38_6_0"
"20_56_7_0","0"
"20_56_7_1","39_37_6"
"23_56_7_0","0"
"23_56_7_1","45_34_6"
"26_56_7_0","0"
"26_56_7_1","51_31_6"
"34_56_7","67_23_6"
"37_56_7","73_20_6"
"40_56_7_0","0"
"40_56_7_1","79_17_6"
"42_56_7_0","0"
"42_56_7_1","83_15_6"
"46_56_7","91_11_6"
"47_56_7","93_10_6"
"2_56_8","3_55_7"
"3_56_8_0","0"
"3_56_8_1","5_54_7"
"4_56_8_0","0"
"4_56_8_1","0"
"4_56_8_2","7_53_7_2"
"4_56_8_3","7_53_7_1 + 7_53_7_3"
"4_56_8_4","7_53_7_1"
"4_56_8_5","7_53_7_0 + 7_53_7_1"
"6_56_8_0","0"
"6_56_8_1","0"
"6_56_8_2","0"
"6_56_8_3","11_51_7_0 + 11_51_7_1"
"6_56_8_4","11_51_7_1"
"7_56_8_0","0"
"7_56_8_1","0"
"7_56_8_2","13_50_7"
"8_56_8_0","0"
"8_56_8_1","0"
"8_56_8_2","0"
"8_56_8_3","15_49_7"
"10_56_8_0","0"
"10_56_8_1","0"
"10_56_8_2","19_47_7_0"
"12_56_8_0","0"
"12_56_8_1","23_45_7_0"
"12_56_8_2","23_45_7_1 + 23_45_7_2"
"12_56_8_3","23_45_7_0 + 23_45_7_1"
"16_56_8_0","0"
"16_56_8_1","31_41_7"
"20_56_8_0","39_37_7_1"
"20_56_8_1","39_37_7_0"
"24_56_8","47_33_7"
"26_56_8","51_31_7"
"34_56_8","67_23_7"
"40_56_8_0","0"
"40_56_8_1","79_17_7"
"42_56_8","83_15_7"
"46_56_8","91_11_7"
"2_56_9","3_55_8"
"4_56_9_0","0"
"4_56_9_1","7_53_8_0"
"4_56_9_2","7_53_8_2"
"4_56_9_3","7_53_8_0 + 7_53_8_1 + 7_53_8_2"
"5_56_9_0","0"
"5_56_9_1","9_52_8_1"
"5_56_9_2","9_52_8_0 + 9_52_8_1"
"6_56_9_0","0"
"6_56_9_1","0"
"6_56_9_2","11_51_8_1"
"6_56_9_3","11_51_8_0"
"8_56_9_0","0"
"8_56_9_1","0"
"8_56_9_2","0"
"8_56_9_3","15_49_8_1"
"8_56_9_4","15_49_8_0"
"10_56_9_0","0"
"10_56_9_1","0"
"10_56_9_2","19_47_8_2"
"12_56_9_0","0"
"12_56_9_1","0"
"12_56_9_2","23_45_8"
"14_56_9_0","0"
"14_56_9_1","27_43_8"
"15_56_9_0","0"
"15_56_9_1","29_42_8_0"
"16_56_9_0","0"
"16_56_9_1","0"
"16_56_9_2","31_41_8"
"20_56_9_0","0"
"20_56_9_1","39_37_8_0 + 39_37_8_1"
"20_56_9_2","39_37_8_1"
"22_56_9_0","0"
"22_56_9_1","0"
"22_56_9_2","43_35_8"
"26_56_9_0","0"
"26_56_9_1","51_31_8_0 + 51_31_8_1"
"28_56_9_0","0"
"28_56_9_1","55_29_8"
"32_56_9_0","0"
"32_56_9_1","63_25_8"
"34_56_9_0","0"
"34_56_9_1","0"
"34_56_9_2","67_23_8"
"40_56_9_0","0"
"40_56_9_1","0"
"40_56_9_2","79_17_8"
"42_56_9_0","0"
"42_56_9_1","83_15_8"
"2_56_10","3_55_9"
"3_56_10_0","5_54_9_1"
"3_56_10_1","5_54_9_0"
"4_56_10_0","0"
"4_56_10_1","0"
"4_56_10_2","7_53_9_1"
"4_56_10_3","7_53_9_2"
"4_56_10_4","7_53_9_0"
"6_56_10_0","0"
"6_56_10_1","0"
"6_56_10_2","11_51_9"
"8_56_10_0","0"
"8_56_10_1","0"
"8_56_10_2","15_49_9"
"9_56_10_0","0"
"9_56_10_1","0"
"9_56_10_2","17_48_9_1"
"10_56_10_0","0"
"10_56_10_1","0"
"10_56_10_2","19_47_9"
"12_56_10_0","0"
"12_56_10_1","0"
"12_56_10_2","23_45_9_1"
"12_56_10_3","23_45_9_0 + 23_45_9_1"
"14_56_10_0","0"
"14_56_10_1","0"
"14_56_10_2","0"
"14_56_10_3","27_43_9"
"19_56_10_0","0"
"19_56_10_1","0"
"19_56_10_2","37_38_9"
"20_56_10_0","0"
"20_56_10_1","0"
"20_56_10_2","0"
"20_56_10_3","39_37_9"
"22_56_10_0","0"
"22_56_10_1","0"
"22_56_10_2","43_35_9"
"26_56_10_0","0"
"26_56_10_1","0"
"26_56_10_2","51_31_9_0"
"26_56_10_3","51_31_9_1"
"28_56_10_0","0"
"28_56_10_1","0"
"28_56_10_2","55_29_9"
"31_56_10_0","0"
"31_56_10_1","0"
"31_56_10_2","61_26_9"
"32_56_10_0","0"
"32_56_10_1","0"
"32_56_10_2","0"
"32_56_10_3","63_25_9"
"34_56_10_0","0"
"34_56_10_1","0"
"34_56_10_2","0"
"34_56_10_3","67_23_9_1"
"38_56_10_0","0"
"38_56_10_1","0"
"38_56_10_2","75_19_9"
"40_56_10_0","0"
"40_56_10_1","0"
"40_56_10_2","0"
"40_56_10_3","79_17_9"
"2_56_11_0","3_55_10_1"
"2_56_11_1","3_55_10_0"
"3_56_11_0","0"
"3_56_11_1","5_54_10_0"
"4_56_11_0","0"
"4_56_11_1","0"
"4_56_11_2","7_53_10_2"
"4_56_11_3","7_53_10_0 + 7_53_10_1 + 7_53_10_2"
"4_56_11_4","7_53_10_1 + 7_53_10_2"
"5_56_11_0","0"
"5_56_11_1","9_52_10_0"
"6_56_11_0","0"
"6_56_11_1","0"
"6_56_11_2","11_51_10"
"8_56_11_0","0"
"8_56_11_1","0"
"8_56_11_2","15_49_10"
"10_56_11_0","0"
"10_56_11_1","19_47_10"
"12_56_11_0","0"
"12_56_11_1","0"
"12_56_11_2","23_45_10"
"16_56_11_0","0"
"16_56_11_1","31_41_10"
"20_56_11_0","0"
"20_56_11_1","39_37_10"
"26_56_11_0","0"
"26_56_11_1","51_31_10_0"
"26_56_11_2","51_31_10_0 + 51_31_10_1"
"29_56_11_0","0"
"29_56_11_1","57_28_10"
"32_56_11_0","0"
"32_56_11_1","0"
"32_56_11_2","63_25_10"
"34_56_11_0","0"
"34_56_11_1","0"
"34_56_11_2","67_23_10"
"38_56_11_0","0"
"38_56_11_1","75_19_10"
"39_56_11_0","0"
"39_56_11_1","77_18_10"
"2_56_12_0","3_55_11_0"
"2_56_12_1","3_55_11_1"
"3_56_12","5_54_11"
"4_56_12_0","0"
"4_56_12_1","7_53_11"
"8_56_12_0","0"
"8_56_12_1","15_49_11_1"
"8_56_12_2","15_49_11_0"
"12_56_12_0","0"
"12_56_12_1","23_45_11"
"14_56_12_0","0"
"14_56_12_1","27_43_11"
"16_56_12_0","0"
"16_56_12_1","0"
"16_56_12_2","31_41_11"
"26_56_12_0","0"
"26_56_12_1","51_31_11"
"27_56_12_0","0"
"27_56_12_1","53_30_11"
"32_56_12_0","0"
"32_56_12_1","0"
"32_56_12_2","63_25_11"
"34_56_12_0","0"
"34_56_12_1","67_23_11"
"38_56_12_0","0"
"38_56_12_1","75_19_11"
"2_56_13","3_55_12"
"3_56_13_0","0"
"3_56_13_1","5_54_12"
"6_56_13_0","0"
"6_56_13_1","0"
"6_56_13_2","11_51_12_1"
"6_56_13_3","11_51_12_0 + 11_51_12_1"
"8_56_13_0","0"
"8_56_13_1","0"
"8_56_13_2","0"
"8_56_13_3","15_49_12"
"12_56_13_0","0"
"12_56_13_1","0"
"12_56_13_2","23_45_12_1"
"12_56_13_3","23_45_12_0 + 23_45_12_1"
"14_56_13_0","0"
"14_56_13_1","0"
"14_56_13_2","0"
"14_56_13_3","27_43_12"
"20_56_13_0","0"
"20_56_13_1","0"
"20_56_13_2","39_37_12"
"24_56_13_0","0"
"24_56_13_1","0"
"24_56_13_2","47_33_12"
"26_56_13_0","0"
"26_56_13_1","0"
"26_56_13_2","0"
"26_56_13_3","51_31_12"
"32_56_13_0","0"
"32_56_13_1","0"
"32_56_13_2","0"
"32_56_13_3","63_25_12"
"34_56_13_0","0"
"34_56_13_1","0"
"34_56_13_2","67_23_12"
"2_56_14","3_55_13"
"4_56_14_0","7_53_13_1"
"4_56_14_1","7_53_13_0"
"8_56_14","15_49_13"
"11_56_14","21_46_13"
"14_56_14","27_43_13"
"18_56_14","35_39_13"
"20_56_14","39_37_13"
"23_56_14","45_34_13"
"24_56_14_0","0"
"24_56_14_1","47_33_13"
"26_56_14_0","0"
"26_56_14_1","51_31_13_1"
"30_56_14","59_27_13"
"32_56_14_0","0"
"32_56_14_1","63_25_13"
"2_56_15","3_55_14"
"8_56_15_0","15_49_14_1"
"8_56_15_1","15_49_14_0 + 15_49_14_1"
"18_56_15","35_39_14"
"21_56_15","41_36_14"
"24_56_15_0","0"
"24_56_15_1","47_33_14"
"26_56_15_0","0"
"26_56_15_1","51_31_14"
"30_56_15","59_27_14"
"31_56_15","61_26_14"
"3_56_16","5_54_15"
"6_56_16_0","0"
"6_56_16_1","11_51_15"
"8_56_16_0","0"
"8_56_16_1","0"
"8_56_16_2","15_49_15_0"
"8_56_16_3","15_49_15_0 + 15_49_15_1"
"18_56_16_0","0"
"18_56_16_1","35_39_15"
"24_56_16_0","0"
"24_56_16_1","0"
"24_56_16_2","47_33_15"
"26_56_16_0","0"
"26_56_16_1","51_31_15"
"30_56_16_0","0"
"30_56_16_1","59_27_15"
"2_56_17","3_55_16"
"4_56_17_0","7_53_16_0 + 7_53_16_1"
"4_56_17_1","7_53_16_0"
"6_56_17_0","0"
"6_56_17_1","11_51_16_0"
"6_56_17_2","11_51_16_1"
"12_56_17","23_45_16"
"16_56_17","31_41_16"
"18_56_17_0","0"
"18_56_17_1","35_39_16"
"24_56_17_0","0"
"24_56_17_1","47_33_16"
"26_56_17","51_31_16"
"2_56_18","3_55_17"
"3_56_18_0","0"
"3_56_18_1","5_54_17"
"4_56_18_0","0"
"4_56_18_1","0"
"4_56_18_2","7_53_17"
"6_56_18_0","0"
"6_56_18_1","11_51_17_0 + 11_51_17_1"
"6_56_18_2","11_51_17_0"
"10_56_18_0","0"
"10_56_18_1","19_47_17_0"
"10_56_18_2","19_47_17_1"
"12_56_18_0","0"
"12_56_18_1","23_45_17"
"15_56_18_0","0"
"15_56_18_1","29_42_17"
"16_56_18_0","0"
"16_56_18_1","0"
"16_56_18_2","31_41_17"
"18_56_18_0","0"
"18_56_18_1","0"
"18_56_18_2","35_39_17_1"
"22_56_18_0","0"
"22_56_18_1","43_35_17"
"24_56_18_0","0"
"24_56_18_1","0"
"24_56_18_2","47_33_17"
"4_56_19","7_53_18"
"6_56_19","11_51_18"
"7_56_19","13_50_18_0"
"10_56_19_0","0"
"10_56_19_1","19_47_18_0"
"10_56_19_2","19_47_18_0 + 19_47_18_1"
"13_56_19_0","0"
"13_56_19_1","25_44_18"
"16_56_19_0","0"
"16_56_19_1","0"
"16_56_19_2","31_41_18"
"18_56_19_0","0"
"18_56_19_1","0"
"18_56_19_2","35_39_18"
"22_56_19_0","0"
"22_56_19_1","43_35_18"
"23_56_19_0","0"
"23_56_19_1","45_34_18"
"2_56_20","3_55_19"
"4_56_20","7_53_19"
"10_56_20_0","0"
"10_56_20_1","19_47_19"
"11_56_20_0","0"
"11_56_20_1","21_46_19"
"16_56_20_0","0"
"16_56_20_1","0"
"16_56_20_2","31_41_19"
"18_56_20_0","0"
"18_56_20_1","35_39_19"
"22_56_20_0","0"
"22_56_20_1","43_35_19"
"3_56_21","5_54_20"
"4_56_21_0","0"
"4_56_21_1","7_53_20"
"6_56_21_0","0"
"6_56_21_1","11_51_20"
"8_56_21_0","0"
"8_56_21_1","15_49_20_1"
"8_56_21_2","15_49_20_0"
"10_56_21_0","0"
"10_56_21_1","0"
"10_56_21_2","19_47_20"
"16_56_21_0","0"
"16_56_21_1","0"
"16_56_21_2","31_41_20"
"18_56_21_0","0"
"18_56_21_1","35_39_20"
"4_56_22","7_53_21"
"6_56_22","11_51_21"
"7_56_22","13_50_21_0"
"8_56_22_0","0"
"8_56_22_1","15_49_21"
"10_56_22_0","0"
"10_56_22_1","19_47_21_1"
"14_56_22","27_43_21"
"16_56_22_0","0"
"16_56_22_1","31_41_21"
"2_56_23","3_55_22"
"4_56_23","7_53_22"
"5_56_23","9_52_22"
"8_56_23_0","0"
"8_56_23_1","15_49_22"
"10_56_23_0","0"
"10_56_23_1","19_47_22"
"14_56_23","27_43_22"
"15_56_23","29_42_22"
"3_56_24","5_54_23"
"4_56_24_0","0"
"4_56_24_1","7_53_23"
"8_56_24_0","0"
"8_56_24_1","15_49_23"
"10_56_24","19_47_23"
"14_56_24","27_43_23"
"4_56_25","7_53_24"
"8_56_25","15_49_24"
"10_56_25","19_47_24"
"2_56_26","3_55_25"
"6_56_26_0","0"
"6_56_26_1","11_51_25"
"8_56_26_0","0"
"8_56_26_1","0"
"8_56_26_2","15_49_25"
"3_56_27","5_54_26"
"6_56_27_0","0"
"6_56_27_1","11_51_26"
"7_56_27_0","0"
"7_56_27_1","13_50_26"
"6_56_28","11_51_27"
"58_57_2","115_0_1"
"24_57_3","47_34_2"
"40_57_3","79_18_2"
"44_57_3","87_14_2"
"56_57_3","111_2_2"
"58_57_3","115_0_2"
"20_57_4","39_38_3"
"21_57_4","41_37_3"
"24_57_4_0","0"
"24_57_4_1","47_34_3"
"28_57_4","55_30_3"
"37_57_4","73_21_3"
"39_57_4_0","0"
"39_57_4_1","77_19_3"
"40_57_4_0","0"
"40_57_4_1","0"
"40_57_4_2","79_18_3"
"44_57_4_0","0"
"44_57_4_1","87_14_3"
"55_57_4","109_3_3"
"58_57_4","115_0_3"
"8_57_5_0","15_50_4_1"
"8_57_5_1","15_50_4_0"
"10_57_5_0","0"
"10_57_5_1","19_48_4_0"
"14_57_5_0","0"
"14_57_5_1","27_44_4_1"
"19_57_5","37_39_4"
"20_57_5_0","0"
"20_57_5_1","39_38_4_0 + 39_38_4_1"
"24_57_5_0","0"
"24_57_5_1","47_34_4"
"28_57_5","55_30_4"
"35_57_5","69_23_4"
"36_57_5_0","0"
"36_57_5_1","71_22_4"
"40_57_5_0","0"
"40_57_5_1","0"
"40_57_5_2","79_18_4_1"
"40_57_5_3","79_18_4_0"
"58_57_5","115_0_4"
"4_57_6","7_54_5"
"5_57_6_0","0"
"5_57_6_1","9_53_5_0"
"6_57_6_0","0"
"6_57_6_1","0"
"6_57_6_2","11_52_5"
"7_57_6_0","0"
"7_57_6_1","0"
"7_57_6_2","13_51_5_1"
"8_57_6_0","0"
"8_57_6_1","0"
"8_57_6_2","0"
"8_57_6_3","15_50_5"
"10_57_6_0","0"
"10_57_6_1","19_48_5_1"
"12_57_6","23_46_5"
"14_57_6_0","27_44_5_1"
"14_57_6_1","27_44_5_0"
"18_57_6_0","35_40_5_0"
"18_57_6_1","35_40_5_1"
"19_57_6_0","0"
"19_57_6_1","37_39_5"
"20_57_6_0","0"
"20_57_6_1","0"
"20_57_6_2","39_38_5"
"23_57_6_0","0"
"23_57_6_1","45_35_5"
"28_57_6","55_30_5"
"34_57_6","67_24_5"
"37_57_6_0","0"
"37_57_6_1","73_21_5"
"38_57_6_0","0"
"38_57_6_1","0"
"38_57_6_2","75_20_5"
"40_57_6_0","0"
"40_57_6_1","0"
"40_57_6_2","79_18_5"
"44_57_6","87_14_5"
"58_57_6","115_0_5"
"3_57_7","5_55_6"
"4_57_7_0","0"
"4_57_7_1","7_54_6_1"
"4_57_7_2","7_54_6_0"
"6_57_7_0","0"
"6_57_7_1","11_52_6_1 + 11_52_6_2"
"6_57_7_2","11_52_6_1"
"6_57_7_3","11_52_6_0"
"8_57_7_0","0"
"8_57_7_1","15_50_6"
"10_57_7_0","0"
"10_57_7_1","19_48_6_1"
"10_57_7_2","19_48_6_0 + 19_48_6_1"
"11_57_7_0","0"
"11_57_7_1","21_47_6_1"
"12_57_7_0","0"
"12_57_7_1","0"
"12_57_7_2","23_46_6_3"
"12_57_7_3","23_46_6_1"
"12_57_7_4","23_46_6_0 + 23_46_6_1 + 23_46_6_3"
"14_57_7","27_44_6_0"
"16_57_7","31_42_6"
"18_57_7_0","0"
"18_57_7_1","35_40_6_0"
"20_57_7_0","0"
"20_57_7_1","39_38_6_0"
"24_57_7","47_34_6"
"28_57_7","55_30_6"
"32_57_7_0","0"
"32_57_7_1","63_26_6"
"35_57_7_0","0"
"35_57_7_1","0"
"35_57_7_2","69_23_6"
"38_57_7_0","0"
"38_57_7_1","0"
"38_57_7_2","75_20_6"
"44_57_7_0","0"
"44_57_7_1","87_14_6"
"48_57_7_0","0"
"48_57_7_1","95_10_6"
"58_57_7_0","0"
"58_57_7_1","115_0_6"
"2_57_8","3_56_7"
"3_57_8_0","5_55_7_0"
"3_57_8_1","5_55_7_0 + 5_55_7_1"
"4_57_8_0","0"
"4_57_8_1","0"
"4_57_8_2","7_54_7"
"5_57_8_0","0"
"5_57_8_1","9_53_7_0"
"6_57_8_0","0"
"6_57_8_1","11_52_7_1"
"6_57_8_2","11_52_7_0 + 11_52_7_1"
"7_57_8_0","0"
"7_57_8_1","13_51_7_0"
"8_57_8_0","0"
"8_57_8_1","0"
"8_57_8_2","15_50_7_0"
"8_57_8_3","15_50_7_0 + 15_50_7_1"
"10_57_8_0","0"
"10_57_8_1","0"
"10_57_8_2","19_48_7_1"
"11_57_8_0","0"
"11_57_8_1","0"
"11_57_8_2","21_47_7_0"
"12_57_8_0","0"
"12_57_8_1","0"
"12_57_8_2","0"
"12_57_8_3","23_46_7_1"
"12_57_8_4","23_46_7_1 + 23_46_7_2"
"12_57_8_5","23_46_7_0"
"13_57_8_0","0"
"13_57_8_1","0"
"13_57_8_2","25_45_7_0"
"16_57_8_0","0"
"16_57_8_1","0"
"16_57_8_2","31_42_7_1"
"16_57_8_3","31_42_7_0"
"19_57_8_0","0"
"19_57_8_1","37_39_7"
"20_57_8_0","0"
"20_57_8_1","0"
"20_57_8_2","39_38_7"
"21_57_8_0","0"
"21_57_8_1","0"
"21_57_8_2","41_37_7_0"
"26_57_8_0","0"
"26_57_8_1","0"
"26_57_8_2","51_32_7"
"28_57_8_0","0"
"28_57_8_1","0"
"28_57_8_2","0"
"28_57_8_3","55_30_7"
"32_57_8_0","0"
"32_57_8_1","0"
"32_57_8_2","0"
"32_57_8_3","63_26_7"
"47_57_8_0","0"
"47_57_8_1","0"
"47_57_8_2","93_11_7"
"58_57_8_0","0"
"58_57_8_1","0"
"58_57_8_2","115_0_7"
"2_57_9_0","3_56_8_0"
"2_57_9_1","3_56_8_1"
"3_57_9","5_55_8_0"
"4_57_9_0","0"
"4_57_9_1","7_54_8_0"
"4_57_9_2","7_54_8_1"
"5_57_9_0","0"
"5_57_9_1","9_53_8_0"
"6_57_9_0","0"
"6_57_9_1","0"
"6_57_9_2","11_52_8_1 + 11_52_8_2"
"6_57_9_3","11_52_8_1"
"6_57_9_4","11_52_8_0"
"7_57_9_0","0"
"7_57_9_1","0"
"7_57_9_2","13_51_8_1"
"8_57_9_0","0"
"8_57_9_1","0"
"8_57_9_2","0"
"8_57_9_3","15_50_8"
"10_57_9_0","0"
"10_57_9_1","0"
"10_57_9_2","19_48_8_0"
"11_57_9_0","0"
"11_57_9_1","21_47_8_0"
"11_57_9_2","21_47_8_1"
"12_57_9_0","0"
"12_57_9_1","0"
"12_57_9_2","0"
"12_57_9_3","23_46_8_1"
"12_57_9_4","23_46_8_2"
"12_57_9_5","23_46_8_0 + 23_46_8_1"
"16_57_9_0","0"
"16_57_9_1","0"
"16_57_9_2","0"
"16_57_9_3","31_42_8_0 + 31_42_8_1"
"16_57_9_4","31_42_8_0"
"20_57_9_0","0"
"20_57_9_1","0"
"20_57_9_2","39_38_8"
"24_57_9_0","0"
"24_57_9_1","0"
"24_57_9_2","47_34_8"
"26_57_9_0","0"
"26_57_9_1","0"
"26_57_9_2","0"
"26_57_9_3","51_32_8"
"28_57_9_0","0"
"28_57_9_1","0"
"28_57_9_2","0"
"28_57_9_3","55_30_8"
"30_57_9_0","0"
"30_57_9_1","0"
"30_57_9_2","59_28_8"
"32_57_9_0","0"
"32_57_9_1","0"
"32_57_9_2","0"
"32_57_9_3","63_26_8"
"58_57_9_0","0"
"58_57_9_1","0"
"58_57_9_2","115_0_8"
"2_57_10","3_56_9"
"3_57_10_0","5_55_9_0 + 5_55_9_1"
"3_57_10_1","5_55_9_0"
"4_57_10_0","0"
"4_57_10_1","0"
"4_57_10_2","7_54_9_1 + 7_54_9_3"
"4_57_10_3","7_54_9_3"
"4_57_10_4","7_54_9_2 + 7_54_9_3"
"4_57_10_5","7_54_9_0"
"6_57_10_0","0"
"6_57_10_1","11_52_9_0 + 11_52_9_2"
"6_57_10_2","11_52_9_0"
"6_57_10_3","11_52_9_1"
"7_57_10_0","0"
"7_57_10_1","0"
"7_57_10_2","13_51_9_0"
"8_57_10_0","0"
"8_57_10_1","0"
"8_57_10_2","0"
"8_57_10_3","15_50_9"
"10_57_10_0","0"
"10_57_10_1","0"
"10_57_10_2","19_48_9_0"
"10_57_10_3","19_48_9_0 + 19_48_9_1"
"12_57_10_0","0"
"12_57_10_1","0"
"12_57_10_2","0"
"12_57_10_3","23_46_9"
"16_57_10_0","0"
"16_57_10_1","0"
"16_57_10_2","31_42_9_1"
"16_57_10_3","31_42_9_0 + 31_42_9_1"
"20_57_10_0","0"
"20_57_10_1","39_38_9"
"23_57_10_0","0"
"23_57_10_1","45_35_9"
"24_57_10_0","0"
"24_57_10_1","0"
"24_57_10_2","47_34_9"
"26_57_10_0","0"
"26_57_10_1","0"
"26_57_10_2","51_32_9"
"28_57_10_0","0"
"28_57_10_1","55_30_9"
"29_57_10_0","0"
"29_57_10_1","57_29_9"
"30_57_10_0","0"
"30_57_10_1","0"
"30_57_10_2","59_28_9"
"32_57_10_0","0"
"32_57_10_1","0"
"32_57_10_2","63_26_9"
"36_57_10_0","0"
"36_57_10_1","71_22_9"
"58_57_10_0","0"
"58_57_10_1","115_0_9"
"2_57_11_0","3_56_10_1"
"2_57_11_1","3_56_10_0"
"3_57_11","5_55_10_0"
"4_57_11_0","0"
"4_57_11_1","7_54_10_2"
"4_57_11_2","7_54_10_3"
"4_57_11_3","7_54_10_0"
"4_57_11_4","7_54_10_0 + 7_54_10_1 + 7_54_10_2"
"5_57_11_0","0"
"5_57_11_1","0"
"5_57_11_2","9_53_10"
"6_57_11_0","0"
"6_57_11_1","11_52_10_0"
"8_57_11_0","0"
"8_57_11_1","15_50_10_1"
"8_57_11_2","15_50_10_0 + 15_50_10_1"
"12_57_11_0","0"
"12_57_11_1","0"
"12_57_11_2","23_46_10"
"14_57_11_0","0"
"14_57_11_1","27_44_10_1"
"14_57_11_2","27_44_10_0"
"21_57_11_0","0"
"21_57_11_1","41_37_10"
"24_57_11_0","0"
"24_57_11_1","0"
"24_57_11_2","47_34_10"
"27_57_11_0","0"
"27_57_11_1","53_31_10_0"
"28_57_11_0","0"
"28_57_11_1","0"
"28_57_11_2","55_30_10"
"30_57_11_0","0"
"30_57_11_1","0"
"30_57_11_2","59_28_10"
"36_57_11_0","0"
"36_57_11_1","71_22_10"
"40_57_11_0","0"
"40_57_11_1","79_18_10"
"58_57_11_0","0"
"58_57_11_1","115_0_10"
"2_57_12_0","3_56_11_0 + 3_56_11_1"
"2_57_12_1","3_56_11_1"
"3_57_12","5_55_11"
"4_57_12_0","0"
"4_57_12_1","7_54_11"
"5_57_12_0","0"
"5_57_12_1","9_53_11"
"6_57_12_0","0"
"6_57_12_1","0"
"6_57_12_2","11_52_11"
"8_57_12_0","0"
"8_57_12_1","0"
"8_57_12_2","15_50_11"
"12_57_12_0","0"
"12_57_12_1","23_46_11_1"
"12_57_12_2","23_46_11_2"
"12_57_12_3","23_46_11_0"
"14_57_12_0","0"
"14_57_12_1","0"
"14_57_12_2","27_44_11"
"18_57_12_0","0"
"18_57_12_1","35_40_11"
"24_57_12_0","0"
"24_57_12_1","0"
"24_57_12_2","47_34_11"
"28_57_12_0","0"
"28_57_12_1","0"
"28_57_12_2","55_30_11"
"39_57_12_0","0"
"39_57_12_1","77_19_11"
"58_57_12_0","0"
"58_57_12_1","115_0_11"
"2_57_13","3_56_12"
"3_57_13","5_55_12_0"
"4_57_13_0","0"
"4_57_13_1","7_54_12_1"
"4_57_13_2","7_54_12_0"
"6_57_13_0","0"
"6_57_13_1","11_52_12"
"10_57_13_0","19_48_12_1"
"10_57_13_1","19_48_12_0"
"12_57_13_0","0"
"12_57_13_1","23_46_12"
"16_57_13","31_42_12"
"18_57_13_0","0"
"18_57_13_1","35_40_12"
"22_57_13","43_36_12"
"24_57_13_0","0"
"24_57_13_1","47_34_12"
"58_57_13","115_0_12"
"2_57_14_0","3_56_13_0"
"2_57_14_1","3_56_13_0 + 3_56_13_1"
"6_57_14","11_52_13"
"8_57_14","15_50_13"
"10_57_14_0","0"
"10_57_14_1","19_48_13"
"12_57_14","23_46_13"
"15_57_14","29_43_13"
"16_57_14_0","0"
"16_57_14_1","31_42_13"
"18_57_14_0","0"
"18_57_14_1","35_40_13"
"21_57_14","41_37_13"
"22_57_14_0","0"
"22_57_14_1","43_36_13"
"24_57_14_0","0"
"24_57_14_1","47_34_13"
"28_57_14","55_30_13"
"58_57_14","115_0_13"
"3_57_15","5_55_14"
"6_57_15_0","0"
"6_57_15_1","11_52_14"
"10_57_15_0","0"
"10_57_15_1","19_48_14_1"
"12_57_15_0","0"
"12_57_15_1","23_46_14"
"16_57_15_0","0"
"16_57_15_1","0"
"16_57_15_2","31_42_14"
"19_57_15_0","0"
"19_57_15_1","37_39_14"
"22_57_15_0","0"
"22_57_15_1","0"
"22_57_15_2","43_36_14"
"28_57_15_0","0"
"28_57_15_1","55_30_14"
"32_57_15_0","0"
"32_57_15_1","63_26_14"
"58_57_15_0","0"
"58_57_15_1","115_0_14"
"2_57_16","3_56_15"
"4_57_16_0","7_54_15_1"
"4_57_16_1","7_54_15_1 + 7_54_15_2"
"4_57_16_2","7_54_15_0 + 7_54_15_2"
"6_57_16_0","0"
"6_57_16_1","11_52_15"
"10_57_16","19_48_15"
"12_57_16_0","0"
"12_57_16_1","23_46_15"
"16_57_16_0","0"
"16_57_16_1","31_42_15"
"31_57_16","61_27_15"
"58_57_16","115_0_15"
"2_57_17","3_56_16"
"4_57_17_0","0"
"4_57_17_1","7_54_16"
"6_57_17","11_52_16"
"8_57_17","15_50_16"
"10_57_17_0","0"
"10_57_17_1","19_48_16"
"12_57_17_0","0"
"12_57_17_1","23_46_16"
"14_57_17","27_44_16"
"16_57_17_0","0"
"16_57_17_1","31_42_16"
"58_57_17","115_0_16"
"3_57_18","5_55_17"
"4_57_18_0","0"
"4_57_18_1","7_54_17"
"6_57_18_0","0"
"6_57_18_1","11_52_17"
"7_57_18_0","0"
"7_57_18_1","13_51_17_0"
"8_57_18_0","0"
"8_57_18_1","0"
"8_57_18_2","15_50_17"
"10_57_18_0","0"
"10_57_18_1","0"
"10_57_18_2","19_48_17"
"12_57_18_0","0"
"12_57_18_1","23_46_17"
"13_57_18_0","0"
"13_57_18_1","25_45_17"
"14_57_18_0","0"
"14_57_18_1","0"
"14_57_18_2","27_44_17"
"16_57_18_0","0"
"16_57_18_1","0"
"16_57_18_2","31_42_17"
"20_57_18_0","0"
"20_57_18_1","39_38_17"
"58_57_18_0","0"
"58_57_18_1","115_0_17"
"2_57_19_0","3_56_18_1"
"2_57_19_1","3_56_18_0 + 3_56_18_1"
"4_57_19_0","0"
"4_57_19_1","7_54_18"
"5_57_19_0","0"
"5_57_19_1","9_53_18"
"8_57_19_0","0"
"8_57_19_1","0"
"8_57_19_2","15_50_18"
"11_57_19_0","0"
"11_57_19_1","21_47_18_0"
"12_57_19_0","0"
"12_57_19_1","0"
"12_57_19_2","23_46_18"
"14_57_19_0","0"
"14_57_19_1","0"
"14_57_19_2","27_44_18"
"20_57_19_0","0"
"20_57_19_1","39_38_18"
"24_57_19_0","0"
"24_57_19_1","47_34_18"
"58_57_19_0","0"
"58_57_19_1","115_0_18"
"3_57_20","5_55_19"
"4_57_20_0","0"
"4_57_20_1","7_54_19"
"8_57_20_0","0"
"8_57_20_1","15_50_19_1"
"8_57_20_2","15_50_19_0"
"12_57_20_0","0"
"12_57_20_1","23_46_19"
"23_57_20","45_35_19"
"58_57_20","115_0_19"
"4_57_21","7_54_20"
"6_57_21","11_52_20"
"8_57_21_0","0"
"8_57_21_1","15_50_20_0"
"8_57_21_2","15_50_20_1"
"58_57_21","115_0_20"
"2_57_22","3_56_21"
"4_57_22","7_54_21"
"5_57_22","9_53_21_0"
"6_57_22_0","0"
"6_57_22_1","11_52_21"
"8_57_22_0","0"
"8_57_22_1","15_50_21_0"
"8_57_22_2","15_50_21_1"
"12_57_22","23_46_21"
"58_57_22","115_0_21"
"3_57_23","5_55_22"
"4_57_23_0","0"
"4_57_23_1","7_54_22"
"6_57_23_0","0"
"6_57_23_1","11_52_22_0 + 11_52_22_1"
"6_57_23_2","11_52_22_0"
"12_57_23","23_46_22"
"16_57_23","31_42_22"
"58_57_23","115_0_22"
"4_57_24_0","7_54_23_0"
"4_57_24_1","7_54_23_0 + 7_54_23_1"
"6_57_24","11_52_23"
"9_57_24","17_49_23"
"15_57_24_0","0"
"15_57_24_1","29_43_23"
"58_57_24_0","0"
"58_57_24_1","115_0_23"
"2_57_25","3_56_24"
"4_57_25","7_54_24"
"58_57_25_0","0"
"58_57_25_1","115_0_24"
"3_57_26","5_55_25"
"4_57_26_0","0"
"4_57_26_1","7_54_25"
"58_57_26_0","0"
"58_57_26_1","115_0_25"
"2_57_27","3_56_26"
"4_57_27_0","0"
"4_57_27_1","7_54_26"
"8_57_27_0","0"
"8_57_27_1","15_50_26"
"58_57_27_0","0"
"58_57_27_1","115_0_26"
"2_57_28","3_56_27"
"7_57_28_0","0"
"7_57_28_1","13_51_27"
"58_57_28_0","0"
"58_57_28_1","115_0_27"
"3_57_29","5_55_28"
"58_57_29_0","0"
"58_57_29_1","115_0_28"
"58_57_30","115_0_29"
"58_57_31","115_0_30"
"58_57_32","115_0_31"
"58_57_33","115_0_32"
"58_57_34","115_0_33"
"58_57_35","115_0_34"
"58_57_36","115_0_35"
"58_57_37","115_0_36"
"58_57_38","115_0_37"
"58_57_39","115_0_38"
"58_57_40","115_0_39"
"58_57_41","115_0_40"
"58_57_42","115_0_41"
"58_57_43","115_0_42"
"56_58_2","111_3_1"
"28_58_3","55_31_2"
"44_58_3","87_15_2"
"52_58_3","103_7_2"
"53_58_3","105_6_2"
"56_58_3_0","0"
"56_58_3_1","111_3_2"
"20_58_4","39_39_3"
"22_58_4","43_37_3"
"28_58_4_0","55_31_3_1"
"28_58_4_1","55_31_3_0"
"38_58_4","75_21_3"
"40_58_4_0","0"
"40_58_4_1","79_19_3"
"44_58_4_0","0"
"44_58_4_1","87_15_3"
"51_58_4","101_8_3"
"52_58_4_0","0"
"52_58_4_1","103_7_3"
"56_58_4_0","0"
"56_58_4_1","111_3_3"
"10_58_5","19_49_4"
"14_58_5","27_45_4_0"
"18_58_5","35_41_4"
"19_58_5","37_40_4_1"
"20_58_5_0","0"
"20_58_5_1","39_39_4"
"26_58_5","51_33_4"
"28_58_5_0","0"
"28_58_5_1","55_31_4"
"36_58_5","71_23_4"
"37_58_5_0","0"
"37_58_5_1","73_22_4"
"44_58_5","87_15_4"
"50_58_5","99_9_4"
"52_58_5_0","0"
"52_58_5_1","103_7_4"
"4_58_6","7_55_5"
"6_58_6","11_53_5_0"
"8_58_6_0","0"
"8_58_6_1","15_51_5_1"
"8_58_6_2","15_51_5_0"
"10_58_6_0","0"
"10_58_6_1","0"
"10_58_6_2","19_49_5_1"
"12_58_6_0","0"
"12_58_6_1","23_47_5_1"
"12_58_6_2","23_47_5_0"
"14_58_6_0","0"
"14_58_6_1","0"
"14_58_6_2","27_45_5_2"
"18_58_6_0","0"
"18_58_6_1","35_41_5"
"19_58_6_0","0"
"19_58_6_1","37_40_5_1"
"20_58_6_0","0"
"20_58_6_1","39_39_5"
"24_58_6","47_35_5"
"26_58_6_0","0"
"26_58_6_1","51_33_5"
"28_58_6","55_31_5_1"
"29_58_6","57_30_5"
"35_58_6_0","0"
"35_58_6_1","69_24_5"
"38_58_6_0","0"
"38_58_6_1","75_21_5"
"42_58_6_0","0"
"42_58_6_1","83_17_5"
"44_58_6_0","0"
"44_58_6_1","87_15_5_0 + 87_15_5_1"
"44_58_6_2","87_15_5_0"
"48_58_6_0","0"
"48_58_6_1","95_11_5"
"3_58_7","5_56_6_0"
"4_58_7_0","0"
"4_58_7_1","7_55_6"
"5_58_7_0","0"
"5_58_7_1","9_54_6_2"
"6_58_7_0","0"
"6_58_7_1","11_53_6_0 + 11_53_6_1"
"6_58_7_2","11_53_6_1"
"7_58_7_0","0"
"7_58_7_1","13_52_6_0"
"8_58_7_0","0"
"8_58_7_1","0"
"8_58_7_2","15_51_6"
"10_58_7_0","0"
"10_58_7_1","19_49_6"
"11_58_7_0","0"
"11_58_7_1","21_48_6_1"
"12_58_7_0","0"
"12_58_7_1","23_47_6_0"
"12_58_7_2","23_47_6_0 + 23_47_6_1"
"14_58_7_0","27_45_6_0"
"14_58_7_1","27_45_6_0 + 27_45_6_1"
"19_58_7","37_40_6_0"
"21_58_7","41_38_6_0"
"22_58_7_0","0"
"22_58_7_1","43_37_6"
"23_58_7_0","0"
"23_58_7_1","45_36_6"
"27_58_7_0","0"
"27_58_7_1","53_32_6"
"28_58_7_0","0"
"28_58_7_1","0"
"28_58_7_2","55_31_6"
"36_58_7_0","0"
"36_58_7_1","71_23_6"
"42_58_7_0","0"
"42_58_7_1","83_17_6"
"43_58_7_0","0"
"43_58_7_1","85_16_6"
"44_58_7_0","0"
"44_58_7_1","0"
"44_58_7_2","87_15_6"
"45_58_7_0","0"
"45_58_7_1","89_14_6"
"48_58_7_0","0"
"48_58_7_1","0"
"48_58_7_2","95_11_6"
"2_58_8","3_57_7"
"3_58_8","5_56_7_0 + 5_56_7_1 + 5_56_7_2"
"4_58_8_0","0"
"4_58_8_1","7_55_7_2"
"4_58_8_2","7_55_7_0 + 7_55_7_2"
"4_58_8_3","7_55_7_0 + 7_55_7_1"
"6_58_8_0","0"
"6_58_8_1","11_53_7_1 + 11_53_7_2"
"6_58_8_2","11_53_7_2"
"6_58_8_3","11_53_7_0 + 11_53_7_2"
"8_58_8_0","0"
"8_58_8_1","15_51_7_0"
"8_58_8_2","15_51_7_1"
"10_58_8","19_49_7_0"
"12_58_8_0","0"
"12_58_8_1","23_47_7_2"
"12_58_8_2","23_47_7_1 + 23_47_7_2"
"12_58_8_3","23_47_7_0 + 23_47_7_1"
"14_58_8_0","27_45_7_0 + 27_45_7_1"
"14_58_8_1","27_45_7_0"
"20_58_8","39_39_7"
"22_58_8_0","43_37_7_1"
"22_58_8_1","43_37_7_0 + 43_37_7_1"
"24_58_8_0","0"
"24_58_8_1","47_35_7"
"26_58_8_0","0"
"26_58_8_1","51_33_7"
"28_58_8_0","0"
"28_58_8_1","0"
"28_58_8_2","55_31_7"
"42_58_8_0","0"
"42_58_8_1","83_17_7"
"43_58_8_0","0"
"43_58_8_1","85_16_7"
"44_58_8_0","0"
"44_58_8_1","0"
"44_58_8_2","87_15_7"
"48_58_8_0","0"
"48_58_8_1","0"
"48_58_8_2","95_11_7"
"2_58_9_0","3_57_8_0"
"2_58_9_1","3_57_8_1"
"3_58_9_0","5_56_8_0"
"3_58_9_1","5_56_8_0 + 5_56_8_2"
"4_58_9_0","0"
"4_58_9_1","0"
"4_58_9_2","7_55_8_1"
"4_58_9_3","7_55_8_0"
"4_58_9_4","7_55_8_0 + 7_55_8_2"
"6_58_9_0","11_53_8_0"
"6_58_9_1","11_53_8_3"
"6_58_9_2","11_53_8_1"
"7_58_9_0","0"
"7_58_9_1","13_52_8_0"
"8_58_9_0","0"
"8_58_9_1","0"
"8_58_9_2","15_51_8_2"
"8_58_9_3","15_51_8_1"
"8_58_9_4","15_51_8_0 + 15_51_8_2"
"10_58_9_0","0"
"10_58_9_1","0"
"10_58_9_2","19_49_8"
"12_58_9_0","0"
"12_58_9_1","0"
"12_58_9_2","23_47_8_0"
"12_58_9_3","23_47_8_1"
"22_58_9_0","43_37_8_0 + 43_37_8_1"
"22_58_9_1","43_37_8_1"
"24_58_9_0","0"
"24_58_9_1","47_35_8"
"28_58_9","55_31_8_0 + 55_31_8_1"
"30_58_9","59_29_8"
"36_58_9","71_23_8"
"42_58_9","83_17_8"
"44_58_9_0","0"
"44_58_9_1","87_15_8"
"2_58_10","3_57_9"
"3_58_10","5_56_9_0 + 5_56_9_2"
"4_58_10_0","0"
"4_58_10_1","7_55_9_0"
"4_58_10_2","7_55_9_3"
"4_58_10_3","7_55_9_0 + 7_55_9_2 + 7_55_9_3"
"4_58_10_4","7_55_9_1 + 7_55_9_2"
"6_58_10_0","0"
"6_58_10_1","11_53_9_1"
"7_58_10_0","0"
"7_58_10_1","13_52_9_1"
"8_58_10_0","0"
"8_58_10_1","0"
"8_58_10_2","15_51_9_1"
"8_58_10_3","15_51_9_0"
"10_58_10_0","0"
"10_58_10_1","19_49_9"
"11_58_10_0","0"
"11_58_10_1","21_48_9_0"
"11_58_10_2","21_48_9_1"
"14_58_10","27_45_9_1"
"20_58_10","39_39_9"
"21_58_10_0","0"
"21_58_10_1","41_38_9"
"22_58_10_0","0"
"22_58_10_1","0"
"22_58_10_2","43_37_9"
"24_58_10_0","0"
"24_58_10_1","47_35_9"
"28_58_10_0","55_31_9_1"
"28_58_10_1","55_31_9_0 + 55_31_9_1"
"30_58_10","59_29_9"
"34_58_10","67_25_9"
"36_58_10_0","71_23_9_1"
"36_58_10_1","71_23_9_0 + 71_23_9_1"
"40_58_10","79_19_9"
"2_58_11_0","3_57_10_1"
"2_58_11_1","3_57_10_0 + 3_57_10_1"
"4_58_11_0","7_55_10_1"
"4_58_11_1","7_55_10_1 + 7_55_10_2"
"4_58_11_2","7_55_10_0 + 7_55_10_1 + 7_55_10_2"
"5_58_11_0","0"
"5_58_11_1","9_54_10_1"
"6_58_11_0","0"
"6_58_11_1","11_53_10"
"7_58_11_0","0"
"7_58_11_1","13_52_10_1"
"10_58_11","19_49_10"
"12_58_11","23_47_10"
"14_58_11_0","0"
"14_58_11_1","27_45_10"
"18_58_11","35_41_10"
"19_58_11_0","0"
"19_58_11_1","37_40_10"
"22_58_11_0","0"
"22_58_11_1","43_37_10"
"28_58_11_0","55_31_10_0"
"28_58_11_1","55_31_10_0 + 55_31_10_1"
"34_58_11","67_25_10"
"35_58_11","69_24_10"
"36_58_11_0","0"
"36_58_11_1","71_23_10"
"37_58_11","73_22_10"
"40_58_11_0","0"
"40_58_11_1","79_19_10"
"2_58_12","3_57_11"
"3_58_12","5_56_11_0"
"4_58_12_0","0"
"4_58_12_1","7_55_11_0"
"4_58_12_2","7_55_11_1"
"6_58_12_0","0"
"6_58_12_1","11_53_11"
"10_58_12_0","19_49_11_1"
"10_58_12_1","19_49_11_0"
"14_58_12","27_45_11"
"16_58_12","31_43_11"
"18_58_12_0","0"
"18_58_12_1","35_41_11"
"28_58_12","55_31_11"
"34_58_12","67_25_11"
"35_58_12","69_24_11"
"36_58_12_0","0"
"36_58_12_1","71_23_11"
"40_58_12_0","0"
"40_58_12_1","79_19_11"
"2_58_13","3_57_12"
"3_58_13","5_56_12_1"
"4_58_13_0","0"
"4_58_13_1","7_55_12"
"8_58_13","15_51_12"
"10_58_13_0","0"
"10_58_13_1","19_49_12"
"12_58_13","23_47_12"
"14_58_13_0","27_45_12_1"
"14_58_13_1","27_45_12_0"
"16_58_13_0","0"
"16_58_13_1","31_43_12"
"22_58_13","43_37_12"
"28_58_13","55_31_12"
"34_58_13","67_25_12"
"36_58_13_0","0"
"36_58_13_1","71_23_12"
"2_58_14","3_57_13"
"3_58_14_0","5_56_13_0"
"3_58_14_1","5_56_13_1"
"6_58_14_0","0"
"6_58_14_1","11_53_13"
"10_58_14_0","0"
"10_58_14_1","19_49_13"
"12_58_14_0","0"
"12_58_14_1","23_47_13_1"
"12_58_14_2","23_47_13_0"
"13_58_14_0","0"
"13_58_14_1","0"
"13_58_14_2","25_46_13"
"16_58_14_0","0"
"16_58_14_1","0"
"16_58_14_2","31_43_13"
"20_58_14_0","0"
"20_58_14_1","39_39_13"
"22_58_14_0","0"
"22_58_14_1","43_37_13"
"26_58_14_0","0"
"26_58_14_1","51_33_13"
"28_58_14_0","0"
"28_58_14_1","55_31_13_1"
"28_58_14_2","55_31_13_0"
"32_58_14_0","0"
"32_58_14_1","63_27_13"
"2_58_15","3_57_14"
"4_58_15_0","7_55_14_1"
"4_58_15_1","7_55_14_0"
"6_58_15_0","0"
"6_58_15_1","11_53_14"
"8_58_15","15_51_14"
"10_58_15","19_49_14"
"11_58_15_0","0"
"11_58_15_1","21_48_14"
"12_58_15_0","0"
"12_58_15_1","0"
"12_58_15_2","23_47_14"
"20_58_15","39_39_14"
"26_58_15","51_33_14"
"27_58_15","53_32_14"
"28_58_15_0","0"
"28_58_15_1","55_31_14"
"29_58_15","57_30_14"
"32_58_15_0","0"
"32_58_15_1","63_27_14"
"2_58_16","3_57_15"
"6_58_16","11_53_15"
"8_58_16_0","15_51_15_1"
"8_58_16_1","15_51_15_0"
"10_58_16_0","0"
"10_58_16_1","19_49_15"
"12_58_16_0","0"
"12_58_16_1","23_47_15"
"26_58_16","51_33_15"
"27_58_16","53_32_15"
"28_58_16_0","0"
"28_58_16_1","55_31_15"
"32_58_16_0","0"
"32_58_16_1","63_27_15"
"3_58_17","5_56_16"
"4_58_17_0","0"
"4_58_17_1","7_55_16"
"6_58_17_0","0"
"6_58_17_1","11_53_16_0 + 11_53_16_1"
"6_58_17_2","11_53_16_0"
"8_58_17_0","0"
"8_58_17_1","0"
"8_58_17_2","15_51_16_0 + 15_51_16_1"
"8_58_17_3","15_51_16_0"
"12_58_17_0","0"
"12_58_17_1","23_47_16_1"
"14_58_17_0","0"
"14_58_17_1","27_45_16"
"20_58_17_0","0"
"20_58_17_1","39_39_16"
"26_58_17_0","0"
"26_58_17_1","51_33_16"
"28_58_17_0","0"
"28_58_17_1","0"
"28_58_17_2","55_31_16"
"2_58_18","3_57_17"
"4_58_18_0","7_55_17_1"
"4_58_18_1","7_55_17_0"
"5_58_18_0","0"
"5_58_18_1","9_54_17_0"
"6_58_18_0","0"
"6_58_18_1","0"
"6_58_18_2","11_53_17"
"8_58_18_0","0"
"8_58_18_1","15_51_17"
"12_58_18_0","23_47_17_0"
"12_58_18_1","23_47_17_0 + 23_47_17_1"
"14_58_18","27_45_17"
"18_58_18","35_41_17"
"20_58_18_0","39_39_17_1"
"20_58_18_1","39_39_17_0"
"24_58_18","47_35_17"
"2_58_19","3_57_18"
"3_58_19_0","0"
"3_58_19_1","5_56_18"
"4_58_19_0","0"
"4_58_19_1","0"
"4_58_19_2","7_55_18"
"6_58_19_0","0"
"6_58_19_1","11_53_18"
"12_58_19_0","23_47_18_0"
"12_58_19_1","23_47_18_0 + 23_47_18_1"
"18_58_19","35_41_18"
"19_58_19","37_40_18"
"20_58_19_0","0"
"20_58_19_1","39_39_18"
"21_58_19","41_38_18"
"24_58_19_0","0"
"24_58_19_1","47_35_18"
"2_58_20","3_57_19"
"4_58_20","7_55_19"
"6_58_20","11_53_19"
"12_58_20_0","0"
"12_58_20_1","23_47_19"
"18_58_20_0","0"
"18_58_20_1","35_41_19"
"19_58_20_0","0"
"19_58_20_1","37_40_19"
"20_58_20_0","0"
"20_58_20_1","0"
"20_58_20_2","39_39_19"
"24_58_20_0","0"
"24_58_20_1","0"
"24_58_20_2","47_35_19"
"2_58_21","3_57_20"
"4_58_21","7_55_20"
"6_58_21_0","0"
"6_58_21_1","11_53_20"
"12_58_21_0","0"
"12_58_21_1","23_47_20"
"18_58_21_0","0"
"18_58_21_1","35_41_20"
"20_58_21_0","0"
"20_58_21_1","0"
"20_58_21_2","39_39_20"
"3_58_22","5_56_21"
"4_58_22_0","0"
"4_58_22_1","7_55_21"
"6_58_22_0","0"
"6_58_22_1","11_53_21_0 + 11_53_21_1"
"6_58_22_2","11_53_21_0"
"10_58_22_0","0"
"10_58_22_1","19_49_21"
"12_58_22_0","0"
"12_58_22_1","23_47_21_1"
"12_58_22_2","23_47_21_0"
"16_58_22_0","0"
"16_58_22_1","31_43_21"
"4_58_23","7_55_22"
"6_58_23","11_53_22"
"7_58_23","13_52_22_0"
"10_58_23_0","0"
"10_58_23_1","19_49_22"
"11_58_23_0","0"
"11_58_23_1","21_48_22"
"12_58_23_0","0"
"12_58_23_1","0"
"12_58_23_2","23_47_22"
"13_58_23_0","0"
"13_58_23_1","25_46_22"
"16_58_23_0","0"
"16_58_23_1","0"
"16_58_23_2","31_43_22"
"2_58_24","3_57_23"
"5_58_24","9_54_23"
"6_58_24_0","0"
"6_58_24_1","11_53_23"
"10_58_24_0","0"
"10_58_24_1","19_49_23"
"11_58_24_0","0"
"11_58_24_1","21_48_23"
"12_58_24_0","0"
"12_58_24_1","0"
"12_58_24_2","23_47_23"
"16_58_24_0","0"
"16_58_24_1","0"
"16_58_24_2","31_43_23"
"3_58_25","5_56_24"
"4_58_25_0","0"
"4_58_25_1","7_55_24"
"6_58_25_0","0"
"6_58_25_1","11_53_24"
"10_58_25_0","0"
"10_58_25_1","19_49_24"
"12_58_25_0","0"
"12_58_25_1","0"
"12_58_25_2","23_47_24"
"4_58_26_0","7_55_25_1"
"4_58_26_1","7_55_25_0"
"8_58_26","15_51_25"
"2_58_27","3_57_26"
"3_58_27","5_56_26"
"4_58_27_0","0"
"4_58_27_1","7_55_26"
"5_58_27","9_54_26"
"8_58_27_0","0"
"8_58_27_1","15_51_26"
"2_58_28","3_57_27"
"3_58_28","5_56_27"
"4_58_28_0","0"
"4_58_28_1","7_55_27"
"8_58_28_0","0"
"8_58_28_1","15_51_27"
"2_58_29","3_57_28"
"4_58_29_0","0"
"4_58_29_1","7_55_28"
"2_58_30","3_57_29"
"60_59_2","119_0_1"
"28_59_3","55_32_2"
"44_59_3","87_16_2"
"52_59_3","103_8_2"
"54_59_3","107_6_2"
"60_59_3","119_0_2"
"20_59_4","39_40_3"
"22_59_4","43_38_3"
"26_59_4","51_34_3"
"27_59_4","53_33_3"
"30_59_4","59_30_3"
"42_59_4","83_18_3"
"43_59_4","85_17_3"
"46_59_4","91_14_3"
"51_59_4","101_9_3"
"52_59_4_0","0"
"52_59_4_1","103_8_3"
"60_59_4","119_0_3"
"8_59_5","15_52_4"
"12_59_5","23_48_4_0"
"16_59_5_0","0"
"16_59_5_1","31_44_4"
"18_59_5_0","0"
"18_59_5_1","0"
"18_59_5_2","35_42_4"
"20_59_5_0","0"
"20_59_5_1","39_40_4_1"
"22_59_5_0","0"
"22_59_5_1","43_38_4_0 + 43_38_4_1"
"26_59_5_0","0"
"26_59_5_1","51_34_4"
"30_59_5","59_30_4"
"38_59_5","75_22_4"
"40_59_5_0","0"
"40_59_5_1","79_20_4"
"42_59_5_0","0"
"42_59_5_1","83_18_4_1"
"51_59_5","101_9_4"
"60_59_5","119_0_4"
"4_59_6","7_56_5"
"5_59_6_0","0"
"5_59_6_1","9_55_5_0 + 9_55_5_1"
"7_59_6_0","0"
"7_59_6_1","13_53_5_0"
"8_59_6_0","0"
"8_59_6_1","0"
"8_59_6_2","15_52_5_1"
"8_59_6_3","15_52_5_0"
"10_59_6_0","0"
"10_59_6_1","0"
"10_59_6_2","19_50_5"
"11_59_6_0","0"
"11_59_6_1","21_49_5_1"
"12_59_6_0","0"
"12_59_6_1","0"
"12_59_6_2","23_48_5_1"
"15_59_6","29_45_5_0"
"16_59_6_0","0"
"16_59_6_1","31_44_5"
"18_59_6_0","0"
"18_59_6_1","35_42_5"
"19_59_6_0","0"
"19_59_6_1","37_41_5"
"20_59_6_0","0"
"20_59_6_1","0"
"20_59_6_2","39_40_5_0"
"20_59_6_3","39_40_5_1"
"22_59_6_0","0"
"22_59_6_1","0"
"22_59_6_2","43_38_5"
"27_59_6_0","0"
"27_59_6_1","53_33_5"
"30_59_6","59_30_5"
"36_59_6","71_24_5"
"39_59_6","77_21_5"
"40_59_6_0","0"
"40_59_6_1","79_20_5"
"42_59_6_0","0"
"42_59_6_1","83_18_5"
"46_59_6","91_14_5"
"60_59_6","119_0_5"
"3_59_7","5_57_6_0 + 5_57_6_1"
"4_59_7_0","0"
"4_59_7_1","7_56_6_0"
"4_59_7_2","7_56_6_0 + 7_56_6_1"
"5_59_7_0","0"
"5_59_7_1","9_55_6_0"
"6_59_7_0","0"
"6_59_7_1","11_54_6_1"
"8_59_7_0","0"
"8_59_7_1","0"
"8_59_7_2","15_52_6_0"
"8_59_7_3","15_52_6_1"
"11_59_7_0","0"
"11_59_7_1","21_49_6"
"12_59_7_0","0"
"12_59_7_1","0"
"12_59_7_2","23_48_6_0 + 23_48_6_1"
"12_59_7_3","23_48_6_0"
"13_59_7_0","0"
"13_59_7_1","0"
"13_59_7_2","25_47_6_0"
"14_59_7_0","0"
"14_59_7_1","0"
"14_59_7_2","27_46_6_1 + 27_46_6_2"
"16_59_7_0","0"
"16_59_7_1","0"
"16_59_7_2","31_44_6"
"18_59_7_0","0"
"18_59_7_1","0"
"18_59_7_2","35_42_6_1"
"18_59_7_3","35_42_6_0"
"20_59_7_0","0"
"20_59_7_1","0"
"20_59_7_2","0"
"20_59_7_3","39_40_6_0"
"20_59_7_4","39_40_6_0 + 39_40_6_1"
"22_59_7_0","0"
"22_59_7_1","0"
"22_59_7_2","43_38_6_0"
"24_59_7_0","0"
"24_59_7_1","47_36_6"
"28_59_7_0","0"
"28_59_7_1","55_32_6"
"34_59_7","67_26_6"
"37_59_7","73_23_6"
"40_59_7_0","0"
"40_59_7_1","79_20_6"
"44_59_7","87_16_6"
"46_59_7","91_14_6"
"60_59_7","119_0_6"
"2_59_8","3_58_7"
"4_59_8_0","7_56_7_0"
"4_59_8_1","7_56_7_2"
"4_59_8_2","7_56_7_1 + 7_56_7_2"
"4_59_8_3","7_56_7_0 + 7_56_7_2 + 7_56_7_3"
"6_59_8_0","0"
"6_59_8_1","11_54_7_1"
"6_59_8_2","11_54_7_0"
"7_59_8_0","0"
"7_59_8_1","13_53_7_0"
"7_59_8_2","13_53_7_2"
"8_59_8_0","0"
"8_59_8_1","0"
"8_59_8_2","0"
"8_59_8_3","15_52_7_1"
"8_59_8_4","15_52_7_0 + 15_52_7_2"
"8_59_8_5","15_52_7_0"
"9_59_8_0","0"
"9_59_8_1","0"
"9_59_8_2","0"
"9_59_8_3","0"
"9_59_8_4","17_51_7_0"
"12_59_8_0","0"
"12_59_8_1","0"
"12_59_8_2","0"
"12_59_8_3","23_48_7_1"
"14_59_8_0","0"
"14_59_8_1","0"
"14_59_8_2","27_46_7_1"
"18_59_8_0","0"
"18_59_8_1","35_42_7"
"19_59_8_0","0"
"19_59_8_1","37_41_7"
"21_59_8","41_39_7"
"22_59_8_0","0"
"22_59_8_1","43_38_7"
"23_59_8_0","0"
"23_59_8_1","45_37_7_0"
"27_59_8","53_33_7"
"30_59_8","59_30_7"
"34_59_8","67_26_7"
"43_59_8","85_17_7"
"44_59_8_0","0"
"44_59_8_1","87_16_7"
"60_59_8","119_0_7"
"2_59_9","3_58_8"
"3_59_9","5_57_8_1"
"4_59_9_0","0"
"4_59_9_1","7_56_8_0"
"4_59_9_2","7_56_8_2"
"4_59_9_3","7_56_8_1"
"5_59_9_0","0"
"5_59_9_1","9_55_8_0"
"7_59_9_0","0"
"7_59_9_1","13_53_8_0 + 13_53_8_1"
"7_59_9_2","13_53_8_0"
"8_59_9_0","0"
"8_59_9_1","0"
"8_59_9_2","0"
"8_59_9_3","15_52_8_1"
"8_59_9_4","15_52_8_1 + 15_52_8_2"
"8_59_9_5","15_52_8_0 + 15_52_8_2"
"12_59_9_0","0"
"12_59_9_1","0"
"12_59_9_2","23_48_8"
"14_59_9_0","0"
"14_59_9_1","27_46_8_1"
"18_59_9","35_42_8"
"20_59_9","39_40_8"
"22_59_9_0","0"
"22_59_9_1","43_38_8"
"28_59_9","55_32_8"
"30_59_9","59_30_8"
"32_59_9","63_28_8"
"34_59_9_0","0"
"34_59_9_1","67_26_8"
"43_59_9","85_17_8"
"60_59_9","119_0_8"
"2_59_10_0","3_58_9_0"
"2_59_10_1","3_58_9_1"
"4_59_10_0","7_56_9_0"
"4_59_10_1","7_56_9_2"
"4_59_10_2","7_56_9_1 + 7_56_9_2"
"5_59_10_0","0"
"5_59_10_1","0"
"5_59_10_2","9_55_9_0"
"7_59_10_0","0"
"7_59_10_1","0"
"7_59_10_2","13_53_9_2"
"7_59_10_3","13_53_9_0"
"8_59_10_0","0"
"8_59_10_1","0"
"8_59_10_2","0"
"8_59_10_3","0"
"8_59_10_4","15_52_9_0"
"8_59_10_5","15_52_9_0 + 15_52_9_1"
"10_59_10_0","0"
"10_59_10_1","19_50_9"
"12_59_10_0","0"
"12_59_10_1","23_48_9_0"
"12_59_10_2","23_48_9_1"
"14_59_10_0","0"
"14_59_10_1","27_46_9"
"18_59_10_0","0"
"18_59_10_1","35_42_9"
"22_59_10_0","0"
"22_59_10_1","43_38_9"
"26_59_10_0","0"
"26_59_10_1","51_34_9"
"28_59_10_0","0"
"28_59_10_1","55_32_9"
"30_59_10_0","0"
"30_59_10_1","59_30_9"
"31_59_10_0","0"
"31_59_10_1","61_29_9"
"32_59_10_0","0"
"32_59_10_1","0"
"32_59_10_2","63_28_9"
"34_59_10_0","0"
"34_59_10_1","0"
"34_59_10_2","67_26_9"
"38_59_10_0","0"
"38_59_10_1","75_22_9"
"60_59_10_0","0"
"60_59_10_1","119_0_9"
"2_59_11","3_58_10"
"3_59_11_0","0"
"3_59_11_1","5_57_10_0"
"4_59_11_0","0"
"4_59_11_1","0"
"4_59_11_2","7_56_10_0"
"4_59_11_3","7_56_10_1"
"5_59_11_0","0"
"5_59_11_1","9_55_10_1 + 9_55_10_2"
"6_59_11_0","0"
"6_59_11_1","0"
"6_59_11_2","11_54_10"
"7_59_11_0","0"
"7_59_11_1","0"
"7_59_11_2","13_53_10_0"
"8_59_11_0","0"
"8_59_11_1","0"
"8_59_11_2","0"
"8_59_11_3","15_52_10_0"
"8_59_11_4","15_52_10_0 + 15_52_10_1"
"12_59_11_0","0"
"12_59_11_1","0"
"12_59_11_2","23_48_10"
"14_59_11_0","0"
"14_59_11_1","27_46_10"
"16_59_11_0","0"
"16_59_11_1","31_44_10"
"20_59_11_0","0"
"20_59_11_1","39_40_10"
"26_59_11_0","0"
"26_59_11_1","51_34_10"
"29_59_11_0","0"
"29_59_11_1","57_31_10_0"
"30_59_11_0","0"
"30_59_11_1","0"
"30_59_11_2","59_30_10"
"32_59_11_0","0"
"32_59_11_1","0"
"32_59_11_2","63_28_10"
"36_59_11_0","0"
"36_59_11_1","71_24_10"
"38_59_11_0","0"
"38_59_11_1","75_22_10"
"60_59_11_0","0"
"60_59_11_1","119_0_10"
"3_59_12_0","5_57_11_0 + 5_57_11_1"
"3_59_12_1","5_57_11_1 + 5_57_11_2"
"4_59_12_0","0"
"4_59_12_1","0"
"4_59_12_2","7_56_11_0"
"4_59_12_3","7_56_11_1"
"8_59_12_0","0"
"8_59_12_1","15_52_11"
"12_59_12_0","0"
"12_59_12_1","23_48_11"
"14_59_12_0","0"
"14_59_12_1","27_46_11_1"
"14_59_12_2","27_46_11_0"
"19_59_12_0","0"
"19_59_12_1","37_41_11"
"26_59_12_0","0"
"26_59_12_1","51_34_11"
"30_59_12_0","0"
"30_59_12_1","0"
"30_59_12_2","59_30_11"
"35_59_12_0","0"
"35_59_12_1","69_25_11"
"36_59_12_0","0"
"36_59_12_1","0"
"36_59_12_2","71_24_11"
"60_59_12_0","0"
"60_59_12_1","119_0_11"
"2_59_13","3_58_12"
"3_59_13","5_57_12_0 + 5_57_12_1"
"4_59_13_0","0"
"4_59_13_1","7_56_12"
"6_59_13_0","0"
"6_59_13_1","11_54_12"
"12_59_13_0","0"
"12_59_13_1","23_48_12_1"
"12_59_13_2","23_48_12_0 + 23_48_12_1"
"14_59_13_0","0"
"14_59_13_1","0"
"14_59_13_2","27_46_12"
"20_59_13_0","0"
"20_59_13_1","39_40_12"
"24_59_13_0","0"
"24_59_13_1","47_36_12"
"26_59_13_0","0"
"26_59_13_1","0"
"26_59_13_2","51_34_12"
"35_59_13_0","0"
"35_59_13_1","69_25_12"
"60_59_13_0","0"
"60_59_13_1","119_0_12"
"2_59_14","3_58_13"
"4_59_14_0","7_56_13_0 + 7_56_13_2"
"4_59_14_1","7_56_13_0"
"4_59_14_2","7_56_13_0 + 7_56_13_1 + 7_56_13_2"
"6_59_14_0","0"
"6_59_14_1","11_54_13"
"8_59_14","15_52_13"
"10_59_14","19_50_13"
"12_59_14_0","0"
"12_59_14_1","23_48_13"
"14_59_14","27_46_13"
"18_59_14","35_42_13"
"20_59_14","39_40_13"
"23_59_14","45_37_13"
"24_59_14_0","0"
"24_59_14_1","47_36_13"
"26_59_14_0","0"
"26_59_14_1","51_34_13"
"30_59_14","59_30_13"
"60_59_14","119_0_13"
"2_59_15_0","3_58_14_0"
"2_59_15_1","3_58_14_1"
"6_59_15","11_54_14"
"8_59_15_0","15_52_14_1"
"8_59_15_1","15_52_14_0"
"12_59_15_0","23_48_14_1"
"12_59_15_1","23_48_14_0"
"18_59_15","35_42_14"
"21_59_15","41_39_14"
"24_59_15_0","0"
"24_59_15_1","47_36_14"
"28_59_15","55_32_14"
"30_59_15","59_30_14"
"60_59_15","119_0_14"
"3_59_16","5_57_15"
"6_59_16_0","0"
"6_59_16_1","11_54_15_1"
"6_59_16_2","11_54_15_0"
"8_59_16_0","0"
"8_59_16_1","0"
"8_59_16_2","15_52_15"
"10_59_16_0","0"
"10_59_16_1","19_50_15"
"11_59_16_0","0"
"11_59_16_1","21_49_15"
"12_59_16_0","0"
"12_59_16_1","0"
"12_59_16_2","23_48_15_1"
"14_59_16_0","0"
"14_59_16_1","27_46_15"
"18_59_16_0","0"
"18_59_16_1","35_42_15"
"27_59_16_0","0"
"27_59_16_1","53_33_15"
"28_59_16_0","0"
"28_59_16_1","0"
"28_59_16_2","55_32_15"
"60_59_16_0","0"
"60_59_16_1","119_0_15"
"2_59_17","3_58_16"
"4_59_17_0","7_56_16_1"
"4_59_17_1","7_56_16_0"
"6_59_17_0","0"
"6_59_17_1","11_54_16_1"
"6_59_17_2","11_54_16_0"
"10_59_17","19_50_16_1"
"12_59_17","23_48_16"
"14_59_17","27_46_16"
"16_59_17","31_44_16"
"18_59_17_0","0"
"18_59_17_1","35_42_16"
"27_59_17","53_33_16"
"60_59_17","119_0_16"
"2_59_18","3_58_17"
"4_59_18_0","0"
"4_59_18_1","7_56_17"
"6_59_18_0","11_54_17_0 + 11_54_17_1"
"6_59_18_1","11_54_17_0"
"10_59_18_0","19_50_17_0 + 19_50_17_1"
"10_59_18_1","19_50_17_1"
"12_59_18","23_48_17"
"14_59_18","27_46_17"
"15_59_18","29_45_17"
"16_59_18_0","0"
"16_59_18_1","31_44_17"
"18_59_18_0","0"
"18_59_18_1","35_42_17"
"22_59_18","43_38_17"
"60_59_18","119_0_17"
"4_59_19","7_56_18"
"6_59_19","11_54_18"
"7_59_19","13_53_18"
"10_59_19_0","0"
"10_59_19_1","19_50_18_1"
"10_59_19_2","19_50_18_0 + 19_50_18_1"
"13_59_19_0","0"
"13_59_19_1","25_47_18_0"
"14_59_19_0","0"
"14_59_19_1","0"
"14_59_19_2","27_46_18"
"16_59_19_0","0"
"16_59_19_1","0"
"16_59_19_2","31_44_18"
"20_59_19_0","0"
"20_59_19_1","39_40_18"
"22_59_19_0","0"
"22_59_19_1","43_38_18"
"60_59_19_0","0"
"60_59_19_1","119_0_18"
"2_59_20_0","3_58_19_0 + 3_58_19_1"
"2_59_20_1","3_58_19_0"
"3_59_20","5_57_19_0"
"4_59_20_0","0"
"4_59_20_1","7_56_19"
"6_59_20_0","0"
"6_59_20_1","11_54_19"
"10_59_20_0","0"
"10_59_20_1","19_50_19"
"14_59_20_0","0"
"14_59_20_1","0"
"14_59_20_2","27_46_19"
"19_59_20_0","0"
"19_59_20_1","37_41_19"
"20_59_20_0","0"
"20_59_20_1","0"
"20_59_20_2","39_40_19"
"60_59_20_0","0"
"60_59_20_1","119_0_19"
"3_59_21","5_57_20"
"4_59_21_0","0"
"4_59_21_1","7_56_20"
"6_59_21_0","0"
"6_59_21_1","11_54_20"
"8_59_21_0","0"
"8_59_21_1","15_52_20"
"10_59_21_0","0"
"10_59_21_1","0"
"10_59_21_2","19_50_20"
"19_59_21_0","0"
"19_59_21_1","37_41_20"
"60_59_21_0","0"
"60_59_21_1","119_0_20"
"4_59_22","7_56_21"
"6_59_22","11_54_21"
"7_59_22","13_53_21_0"
"8_59_22_0","0"
"8_59_22_1","15_52_21"
"10_59_22_0","0"
"10_59_22_1","19_50_21"
"14_59_22","27_46_21"
"60_59_22","119_0_21"
"2_59_23","3_58_22"
"4_59_23","7_56_22"
"5_59_23","9_55_22"
"6_59_23_0","0"
"6_59_23_1","11_54_22"
"8_59_23_0","0"
"8_59_23_1","15_52_22"
"12_59_23","23_48_22"
"14_59_23","27_46_22"
"60_59_23","119_0_22"
"3_59_24","5_57_23"
"4_59_24_0","0"
"4_59_24_1","7_56_23"
"6_59_24_0","0"
"6_59_24_1","11_54_23"
"11_59_24","21_49_23"
"12_59_24_0","0"
"12_59_24_1","23_48_23"
"60_59_24","119_0_23"
"4_59_25","7_56_24"
"11_59_25","21_49_24"
"60_59_25","119_0_24"
"2_59_26","3_58_25"
"6_59_26","11_54_25"
"60_59_26","119_0_25"
"4_59_27_0","7_56_26_1"
"4_59_27_1","7_56_26_0"
"6_59_27","11_54_26"
"60_59_27","119_0_26"
"2_59_28","3_58_27"
"3_59_28","5_57_27"
"4_59_28_0","0"
"4_59_28_1","7_56_27_1"
"4_59_28_2","7_56_27_0"
"60_59_28","119_0_27"
"2_59_29","3_58_28"
"3_59_29","5_57_28"
"5_59_29","9_55_28"
"60_59_29_0","0"
"60_59_29_1","119_0_28"
"2_59_30","3_58_29"
"3_59_30","5_57_29"
"60_59_30_0","0"
"60_59_30_1","119_0_29"
"2_59_31","3_58_30"
"60_59_31_0","0"
"60_59_31_1","119_0_30"
"60_59_32","119_0_31"
"60_59_33","119_0_32"
"60_59_34","119_0_33"
"60_59_35","119_0_34"
"60_59_36","119_0_35"
"60_59_37","119_0_36"
"60_59_38","119_0_37"
"60_59_39","119_0_38"
"60_59_40","119_0_39"
"60_59_41","119_0_40"
"60_60_2","119_1_1"
"30_60_3","59_31_2"
"46_60_3","91_15_2"
"54_60_3","107_7_2"
"58_60_3","115_3_2"
"59_60_3","117_2_2"
"16_60_4","31_45_3"
"24_60_4","47_37_3"
"28_60_4","55_33_3"
"30_60_4","59_31_3_1"
"40_60_4","79_21_3"
"44_60_4","87_17_3"
"46_60_4","91_15_3"
"52_60_4","103_9_3"
"54_60_4","107_7_3"
"58_60_4","115_3_3"
"8_60_5","15_53_4"
"10_60_5","19_51_4"
"12_60_5","23_49_4"
"16_60_5_0","31_45_4_0"
"16_60_5_1","31_45_4_1"
"18_60_5","35_43_4"
"20_60_5_0","39_41_4_0"
"20_60_5_1","39_41_4_1"
"21_60_5","41_40_4_1"
"27_60_5","53_34_4"
"30_60_5","59_31_4"
"39_60_5","77_22_4"
"43_60_5","85_18_4_1"
"46_60_5","91_15_4"
"52_60_5","103_9_4"
"54_60_5","107_7_4"
"6_60_6","11_55_5_0 + 11_55_5_1"
"7_60_6_0","0"
"7_60_6_1","13_54_5"
"8_60_6_0","0"
"8_60_6_1","0"
"8_60_6_2","15_53_5_1 + 15_53_5_2"
"8_60_6_3","15_53_5_2"
"8_60_6_4","15_53_5_0 + 15_53_5_1 + 15_53_5_2"
"8_60_6_5","15_53_5_0 + 15_53_5_1 + 15_53_5_2 + 15_53_5_3"
"12_60_6_0","0"
"12_60_6_1","0"
"12_60_6_2","23_49_5_1"
"12_60_6_3","23_49_5_0"
"14_60_6_0","0"
"14_60_6_1","0"
"14_60_6_2","27_47_5_0"
"16_60_6_0","0"
"16_60_6_1","0"
"16_60_6_2","0"
"16_60_6_3","31_45_5_2"
"16_60_6_4","31_45_5_0 + 31_45_5_2"
"16_60_6_5","31_45_5_0 + 31_45_5_1 + 31_45_5_2"
"18_60_6_0","0"
"18_60_6_1","0"
"18_60_6_2","0"
"18_60_6_3","0"
"18_60_6_4","35_43_5"
"20_60_6_0","0"
"20_60_6_1","0"
"20_60_6_2","0"
"20_60_6_3","0"
"20_60_6_4","39_41_5"
"28_60_6_0","0"
"28_60_6_1","55_33_5"
"30_60_6","59_31_5_1"
"38_60_6","75_23_5"
"40_60_6_0","0"
"40_60_6_1","79_21_5"
"44_60_6","87_17_5"
"46_60_6","91_15_5_0 + 91_15_5_1"
"50_60_6","99_11_5"
"52_60_6_0","0"
"52_60_6_1","103_9_5"
"4_60_7_0","7_57_6_0"
"4_60_7_1","7_57_6_2"
"4_60_7_2","7_57_6_1"
"5_60_7_0","0"
"5_60_7_1","9_56_6_0"
"6_60_7_0","0"
"6_60_7_1","11_55_6_1"
"6_60_7_2","11_55_6_0"
"6_60_7_3","11_55_6_2"
"7_60_7_0","0"
"7_60_7_1","0"
"7_60_7_2","0"
"7_60_7_3","0"
"7_60_7_4","13_54_6_0"
"8_60_7_0","0"
"8_60_7_1","0"
"8_60_7_2","0"
"8_60_7_3","0"
"8_60_7_4","0"
"8_60_7_5","15_53_6_0 + 15_53_6_1 + 15_53_6_2 + 15_53_6_3"
"8_60_7_6","15_53_6_1 + 15_53_6_2 + 15_53_6_3"
"8_60_7_7","15_53_6_0 + 15_53_6_1 + 15_53_6_2 + 15_53_6_4"
"8_60_7_8","15_53_6_1 + 15_53_6_2"
"8_60_7_9","15_53_6_2 + 15_53_6_4"
"9_60_7_0","0"
"9_60_7_1","0"
"9_60_7_2","0"
"9_60_7_3","0"
"9_60_7_4","17_52_6_0"
"10_60_7_0","0"
"10_60_7_1","0"
"10_60_7_2","0"
"10_60_7_3","0"
"10_60_7_4","19_51_6_0"
"12_60_7_0","0"
"12_60_7_1","0"
"12_60_7_2","0"
"12_60_7_3","23_49_6"
"14_60_7_0","0"
"14_60_7_1","0"
"14_60_7_2","27_47_6"
"15_60_7_0","0"
"15_60_7_1","0"
"15_60_7_2","29_46_6_0"
"16_60_7_0","0"
"16_60_7_1","0"
"16_60_7_2","0"
"16_60_7_3","31_45_6_0 + 31_45_6_1"
"16_60_7_4","31_45_6_0"
"23_60_7_0","0"
"23_60_7_1","45_38_6_0"
"24_60_7_0","0"
"24_60_7_1","0"
"24_60_7_2","47_37_6"
"30_60_7_0","0"
"30_60_7_1","59_31_6"
"35_60_7_0","0"
"35_60_7_1","69_26_6"
"38_60_7_0","0"
"38_60_7_1","0"
"38_60_7_2","75_23_6"
"44_60_7_0","0"
"44_60_7_1","87_17_6"
"46_60_7_0","0"
"46_60_7_1","91_15_6"
"50_60_7_0","0"
"50_60_7_1","99_11_6"
"51_60_7_0","0"
"51_60_7_1","101_10_6"
"2_60_8","3_59_7"
"3_60_8","5_58_7_0"
"4_60_8_0","0"
"4_60_8_1","7_57_7"
"5_60_8_0","0"
"5_60_8_1","9_56_7_0 + 9_56_7_1"
"6_60_8_0","0"
"6_60_8_1","11_55_7_3"
"6_60_8_2","11_55_7_4"
"6_60_8_3","11_55_7_2 + 11_55_7_3"
"6_60_8_4","11_55_7_0"
"7_60_8_0","0"
"7_60_8_1","0"
"7_60_8_2","13_54_7"
"8_60_8_0","0"
"8_60_8_1","0"
"8_60_8_2","0"
"8_60_8_3","15_53_7_2"
"8_60_8_4","15_53_7_1"
"8_60_8_5","15_53_7_0 + 15_53_7_2"
"10_60_8_0","0"
"10_60_8_1","0"
"10_60_8_2","19_51_7_0"
"14_60_8_0","0"
"14_60_8_1","27_47_7"
"16_60_8_0","0"
"16_60_8_1","0"
"16_60_8_2","31_45_7_0"
"16_60_8_3","31_45_7_1"
"20_60_8_0","0"
"20_60_8_1","39_41_7"
"22_60_8_0","0"
"22_60_8_1","43_39_7"
"24_60_8_0","0"
"24_60_8_1","0"
"24_60_8_2","47_37_7_1"
"24_60_8_3","47_37_7_0 + 47_37_7_1"
"28_60_8_0","0"
"28_60_8_1","55_33_7"
"30_60_8_0","0"
"30_60_8_1","59_31_7"
"32_60_8_0","0"
"32_60_8_1","63_29_7"
"44_60_8_0","0"
"44_60_8_1","87_17_7"
"46_60_8_0","0"
"46_60_8_1","91_15_7"
"50_60_8_0","0"
"50_60_8_1","99_11_7"
"3_60_9","5_58_8_0"
"4_60_9_0","0"
"4_60_9_1","7_57_8_0"
"4_60_9_2","7_57_8_0 + 7_57_8_1"
"5_60_9_0","0"
"5_60_9_1","0"
"5_60_9_2","9_56_8_0"
"6_60_9_0","0"
"6_60_9_1","0"
"6_60_9_2","0"
"6_60_9_3","11_55_8_2"
"6_60_9_4","11_55_8_0 + 11_55_8_2"
"7_60_9_0","0"
"7_60_9_1","0"
"7_60_9_2","0"
"7_60_9_3","13_54_8"
"8_60_9_0","0"
"8_60_9_1","0"
"8_60_9_2","0"
"8_60_9_3","0"
"8_60_9_4","15_53_8_0"
"8_60_9_5","15_53_8_0 + 15_53_8_1 + 15_53_8_2"
"8_60_9_6","15_53_8_0 + 15_53_8_1"
"10_60_9_0","0"
"10_60_9_1","0"
"10_60_9_2","0"
"10_60_9_3","19_51_8_1"
"12_60_9_0","0"
"12_60_9_1","0"
"12_60_9_2","23_49_8"
"14_60_9_0","0"
"14_60_9_1","0"
"14_60_9_2","27_47_8_0"
"15_60_9_0","0"
"15_60_9_1","0"
"15_60_9_2","0"
"15_60_9_3","29_46_8_0"
"16_60_9_0","0"
"16_60_9_1","0"
"16_60_9_2","0"
"16_60_9_3","0"
"16_60_9_4","31_45_8"
"19_60_9_0","0"
"19_60_9_1","0"
"19_60_9_2","0"
"19_60_9_3","37_42_8"
"24_60_9_0","0"
"24_60_9_1","0"
"24_60_9_2","0"
"24_60_9_3","47_37_8_0 + 47_37_8_1"
"24_60_9_4","47_37_8_1"
"26_60_9_0","0"
"26_60_9_1","0"
"26_60_9_2","0"
"26_60_9_3","51_35_8"
"30_60_9_0","0"
"30_60_9_1","0"
"30_60_9_2","59_31_8_0 + 59_31_8_1"
"30_60_9_3","59_31_8_0"
"32_60_9_0","0"
"32_60_9_1","0"
"32_60_9_2","0"
"32_60_9_3","63_29_8"
"38_60_9_0","0"
"38_60_9_1","0"
"38_60_9_2","75_23_8"
"44_60_9_0","0"
"44_60_9_1","0"
"44_60_9_2","87_17_8"
"46_60_9_0","0"
"46_60_9_1","0"
"46_60_9_2","91_15_8"
"2_60_10","3_59_9"
"4_60_10_0","7_57_9_0"
"4_60_10_1","7_57_9_0 + 7_57_9_2"
"4_60_10_2","7_57_9_0 + 7_57_9_1"
"6_60_10","11_55_9"
"7_60_10_0","0"
"7_60_10_1","13_54_9_0"
"8_60_10_0","0"
"8_60_10_1","0"
"8_60_10_2","15_53_9_1 + 15_53_9_2"
"8_60_10_3","15_53_9_2"
"8_60_10_4","15_53_9_0"
"12_60_10","23_49_9"
"13_60_10","25_48_9_0"
"16_60_10_0","0"
"16_60_10_1","31_45_9"
"23_60_10_0","0"
"23_60_10_1","45_38_9"
"24_60_10_0","0"
"24_60_10_1","0"
"24_60_10_2","47_37_9"
"26_60_10_0","0"
"26_60_10_1","51_35_9"
"29_60_10_0","0"
"29_60_10_1","57_32_9"
"30_60_10_0","0"
"30_60_10_1","0"
"30_60_10_2","59_31_9_0"
"30_60_10_3","59_31_9_1"
"32_60_10_0","0"
"32_60_10_1","0"
"32_60_10_2","63_29_9"
"36_60_10_0","0"
"36_60_10_1","71_25_9"
"38_60_10_0","0"
"38_60_10_1","75_23_9_1"
"42_60_10_0","0"
"42_60_10_1","83_19_9"
"44_60_10_0","0"
"44_60_10_1","0"
"44_60_10_2","87_17_9"
"3_60_11_0","5_58_10_1"
"3_60_11_1","5_58_10_0 + 5_58_10_1"
"4_60_11_0","0"
"4_60_11_1","0"
"4_60_11_2","7_57_10_0"
"4_60_11_3","7_57_10_1"
"4_60_11_4","7_57_10_2"
"7_60_11_0","0"
"7_60_11_1","0"
"7_60_11_2","13_54_10"
"8_60_11_0","0"
"8_60_11_1","0"
"8_60_11_2","0"
"8_60_11_3","15_53_10"
"9_60_11_0","0"
"9_60_11_1","17_52_10"
"12_60_11_0","0"
"12_60_11_1","0"
"12_60_11_2","23_49_10"
"14_60_11_0","0"
"14_60_11_1","0"
"14_60_11_2","27_47_10"
"20_60_11_0","0"
"20_60_11_1","0"
"20_60_11_2","39_41_10"
"24_60_11_0","0"
"24_60_11_1","0"
"24_60_11_2","47_37_10"
"27_60_11_0","0"
"27_60_11_1","0"
"27_60_11_2","53_34_10"
"30_60_11_0","0"
"30_60_11_1","0"
"30_60_11_2","0"
"30_60_11_3","59_31_10_0 + 59_31_10_1"
"30_60_11_4","59_31_10_0"
"36_60_11_0","0"
"36_60_11_1","0"
"36_60_11_2","71_25_10"
"38_60_11_0","0"
"38_60_11_1","0"
"38_60_11_2","75_23_10"
"42_60_11_0","0"
"42_60_11_1","0"
"42_60_11_2","83_19_10"
"43_60_11_0","0"
"43_60_11_1","0"
"43_60_11_2","85_18_10"
"2_60_12_0","3_59_11_1"
"2_60_12_1","3_59_11_0"
"3_60_12","5_58_11_1"
"4_60_12_0","0"
"4_60_12_1","7_57_11"
"6_60_12","11_55_11"
"7_60_12_0","0"
"7_60_12_1","13_54_11"
"12_60_12_0","0"
"12_60_12_1","0"
"12_60_12_2","23_49_11_1"
"12_60_12_3","23_49_11_0"
"18_60_12_0","0"
"18_60_12_1","0"
"18_60_12_2","35_43_11"
"20_60_12_0","0"
"20_60_12_1","0"
"20_60_12_2","0"
"20_60_12_3","39_41_11"
"24_60_12_0","0"
"24_60_12_1","0"
"24_60_12_2","47_37_11"
"30_60_12_0","0"
"30_60_12_1","0"
"30_60_12_2","0"
"30_60_12_3","59_31_11"
"36_60_12_0","0"
"36_60_12_1","0"
"36_60_12_2","71_25_11"
"38_60_12_0","0"
"38_60_12_1","0"
"38_60_12_2","75_23_11"
"42_60_12_0","0"
"42_60_12_1","0"
"42_60_12_2","83_19_11"
"2_60_13_0","3_59_12_0"
"2_60_13_1","3_59_12_1"
"4_60_13_0","7_57_12_1"
"4_60_13_1","7_57_12_0"
"6_60_13_0","0"
"6_60_13_1","11_55_12_1"
"6_60_13_2","11_55_12_0"
"8_60_13_0","0"
"8_60_13_1","15_53_12"
"10_60_13_0","0"
"10_60_13_1","19_51_12_1"
"10_60_13_2","19_51_12_0"
"16_60_13_0","0"
"16_60_13_1","31_45_12"
"18_60_13_0","0"
"18_60_13_1","0"
"18_60_13_2","35_43_12"
"22_60_13_0","0"
"22_60_13_1","43_39_12"
"24_60_13_0","0"
"24_60_13_1","0"
"24_60_13_2","47_37_12"
"30_60_13_0","0"
"30_60_13_1","59_31_12"
"36_60_13_0","0"
"36_60_13_1","71_25_12"
"38_60_13_0","0"
"38_60_13_1","75_23_12"
"2_60_14","3_59_13"
"5_60_14","9_56_13_0"
"8_60_14_0","0"
"8_60_14_1","15_53_13_1"
"8_60_14_2","15_53_13_0"
"10_60_14_0","0"
"10_60_14_1","0"
"10_60_14_2","19_51_13"
"14_60_14_0","0"
"14_60_14_1","27_47_13_1"
"18_60_14_0","0"
"18_60_14_1","35_43_13"
"21_60_14_0","0"
"21_60_14_1","41_40_13"
"22_60_14_0","0"
"22_60_14_1","0"
"22_60_14_2","43_39_13"
"24_60_14_0","0"
"24_60_14_1","0"
"24_60_14_2","47_37_13"
"28_60_14_0","0"
"28_60_14_1","55_33_13"
"30_60_14_0","0"
"30_60_14_1","59_31_13_1"
"34_60_14_0","0"
"34_60_14_1","67_27_13"
"36_60_14_0","0"
"36_60_14_1","0"
"36_60_14_2","71_25_13"
"3_60_15","5_58_14"
"6_60_15_0","0"
"6_60_15_1","11_55_14"
"8_60_15_0","0"
"8_60_15_1","0"
"8_60_15_2","15_53_14"
"10_60_15_0","0"
"10_60_15_1","19_51_14"
"12_60_15_0","0"
"12_60_15_1","23_49_14"
"14_60_15_0","0"
"14_60_15_1","0"
"14_60_15_2","27_47_14"
"19_60_15_0","0"
"19_60_15_1","37_42_14"
"22_60_15_0","0"
"22_60_15_1","0"
"22_60_15_2","43_39_14"
"28_60_15_0","0"
"28_60_15_1","55_33_14"
"30_60_15_0","0"
"30_60_15_1","59_31_14"
"34_60_15_0","0"
"34_60_15_1","67_27_14"
"35_60_15_0","0"
"35_60_15_1","69_26_14"
"2_60_16","3_59_15"
"4_60_16_0","7_57_15_1"
"4_60_16_1","7_57_15_0"
"6_60_16_0","0"
"6_60_16_1","11_55_15"
"8_60_16","15_53_15"
"10_60_16","19_51_15"
"12_60_16_0","0"
"12_60_16_1","23_49_15"
"14_60_16","27_47_15"
"16_60_16","31_45_15"
"28_60_16","55_33_15"
"30_60_16","59_31_15"
"34_60_16","67_27_15"
"2_60_17","3_59_16"
"6_60_17","11_55_16"
"8_60_17_0","15_53_16_0 + 15_53_16_1"
"8_60_17_1","15_53_16_1"
"10_60_17_0","0"
"10_60_17_1","19_51_16_1"
"10_60_17_2","19_51_16_0"
"12_60_17_0","0"
"12_60_17_1","23_49_16"
"14_60_17_0","27_47_16_1"
"14_60_17_1","27_47_16_0"
"16_60_17_0","0"
"16_60_17_1","31_45_16"
"22_60_17","43_39_16"
"28_60_17","55_33_16"
"30_60_17","59_31_16"
"3_60_18","5_58_17"
"6_60_18_0","0"
"6_60_18_1","11_55_17_1"
"7_60_18_0","0"
"7_60_18_1","13_54_17_0"
"8_60_18_0","0"
"8_60_18_1","0"
"8_60_18_2","15_53_17"
"10_60_18_0","0"
"10_60_18_1","19_51_17_0 + 19_51_17_1"
"10_60_18_2","19_51_17_0"
"13_60_18_0","0"
"13_60_18_1","25_48_17"
"14_60_18_0","0"
"14_60_18_1","0"
"14_60_18_2","27_47_17_0 + 27_47_17_1"
"14_60_18_3","27_47_17_0"
"16_60_18_0","0"
"16_60_18_1","0"
"16_60_18_2","31_45_17"
"20_60_18_0","0"
"20_60_18_1","39_41_17"
"22_60_18_0","0"
"22_60_18_1","43_39_17_1"
"26_60_18_0","0"
"26_60_18_1","51_35_17"
"28_60_18_0","0"
"28_60_18_1","0"
"28_60_18_2","55_33_17"
"2_60_19","3_59_18"
"4_60_19_0","7_57_18_1"
"4_60_19_1","7_57_18_0 + 7_57_18_1"
"8_60_19_0","15_53_18_0"
"8_60_19_1","15_53_18_0 + 15_53_18_1"
"11_60_19","21_50_18"
"14_60_19_0","0"
"14_60_19_1","27_47_18_0 + 27_47_18_1"
"14_60_19_2","27_47_18_0"
"20_60_19","39_41_18"
"22_60_19","43_39_18"
"26_60_19","51_35_18"
"27_60_19","53_34_18"
"3_60_20","5_58_19"
"4_60_20_0","0"
"4_60_20_1","7_57_19_0"
"4_60_20_2","7_57_19_0 + 7_57_19_1"
"8_60_20_0","15_53_19_1"
"8_60_20_1","15_53_19_0 + 15_53_19_1"
"14_60_20_0","0"
"14_60_20_1","27_47_19"
"20_60_20","39_41_19"
"22_60_20","43_39_19"
"26_60_20","51_35_19"
"2_60_21","3_59_20"
"4_60_21","7_57_20"
"6_60_21","11_55_20"
"8_60_21_0","0"
"8_60_21_1","15_53_20_0"
"8_60_21_2","15_53_20_0 + 15_53_20_1"
"14_60_21","27_47_20"
"20_60_21","39_41_20"
"22_60_21","43_39_20"
"2_60_22","3_59_21"
"4_60_22","7_57_21"
"5_60_22","9_56_21_0"
"6_60_22_0","0"
"6_60_22_1","11_55_21"
"8_60_22_0","0"
"8_60_22_1","15_53_21"
"12_60_22","23_49_21"
"14_60_22","27_47_21_1"
"18_60_22","35_43_21"
"20_60_22_0","0"
"20_60_22_1","39_41_21"
"3_60_23","5_58_22"
"4_60_23_0","0"
"4_60_23_1","7_57_22"
"6_60_23_0","0"
"6_60_23_1","11_55_22"
"12_60_23","23_49_22"
"14_60_23","27_47_22"
"18_60_23","35_43_22"
"19_60_23","37_42_22"
"4_60_24","7_57_23"
"7_60_24","13_54_23"
"12_60_24_0","0"
"12_60_24_1","23_49_23"
"14_60_24_0","0"
"14_60_24_1","27_47_23"
"18_60_24_0","0"
"18_60_24_1","35_43_23"
"2_60_25","3_59_24"
"5_60_25","9_56_24"
"12_60_25_0","0"
"12_60_25_1","23_49_24"
"14_60_25_0","0"
"14_60_25_1","27_47_24"
"3_60_26","5_58_25"
"4_60_26_0","0"
"4_60_26_1","7_57_25"
"6_60_26_0","0"
"6_60_26_1","11_55_25_1"
"10_60_26_0","0"
"10_60_26_1","19_51_25"
"12_60_26_0","0"
"12_60_26_1","0"
"12_60_26_2","23_49_25"
"4_60_27","7_57_26"
"6_60_27","11_55_26"
"10_60_27","19_51_26"
"11_60_27","21_50_26"
"4_60_28","7_57_27"
"6_60_28","11_55_27"
"10_60_28","19_51_27"
"2_60_29","3_59_28"
"4_60_29_0","7_57_28_1"
"4_60_29_1","7_57_28_0"
"6_60_29","11_55_28"
"2_60_30","3_59_29"
"3_60_30","5_58_29"
"4_60_30_0","0"
"4_60_30_1","7_57_29"
"2_60_31","3_59_30"
"3_60_31","5_58_30"
"2_60_32","3_59_31"
"62_61_2","123_0_1"
"32_61_3","63_30_2"
"48_61_3","95_14_2"
"56_61_3","111_6_2"
"60_61_3","119_2_2"
"62_61_3","123_0_2"
"16_61_4","31_46_3"
"20_61_4","39_42_3"
"23_61_4","45_39_3"
"24_61_4_0","0"
"24_61_4_1","47_38_3"
"28_61_4_0","0"
"28_61_4_1","55_34_3"
"31_61_4_0","0"
"31_61_4_1","61_31_3_0"
"32_61_4_0","0"
"32_61_4_1","0"
"32_61_4_2","63_30_3"
"41_61_4_0","0"
"41_61_4_1","0"
"41_61_4_2","81_21_3"
"44_61_4_0","0"
"44_61_4_1","0"
"44_61_4_2","0"
"44_61_4_3","87_18_3"
"48_61_4_0","0"
"48_61_4_1","0"
"48_61_4_2","95_14_3"
"53_61_4_0","0"
"53_61_4_1","0"
"53_61_4_2","105_9_3"
"59_61_4_0","0"
"59_61_4_1","117_3_3"
"62_61_4_0","0"
"62_61_4_1","123_0_3"
"8_61_5_0","15_54_4_0"
"8_61_5_1","15_54_4_0 + 15_54_4_1"
"14_61_5","27_48_4_0"
"16_61_5_0","0"
"16_61_5_1","31_46_4_1"
"16_61_5_2","31_46_4_0 + 31_46_4_1"
"17_61_5_0","0"
"17_61_5_1","0"
"17_61_5_2","33_45_4_0"
"20_61_5_0","0"
"20_61_5_1","0"
"20_61_5_2","39_42_4"
"22_61_5_0","0"
"22_61_5_1","43_40_4_1"
"24_61_5_0","0"
"24_61_5_1","0"
"24_61_5_2","47_38_4_0 + 47_38_4_1"
"28_61_5_0","0"
"28_61_5_1","55_34_4"
"32_61_5_0","0"
"32_61_5_1","63_30_4"
"39_61_5_0","0"
"39_61_5_1","77_23_4"
"40_61_5_0","0"
"40_61_5_1","0"
"40_61_5_2","79_22_4"
"44_61_5_0","0"
"44_61_5_1","0"
"44_61_5_2","87_18_4_1"
"48_61_5_0","0"
"48_61_5_1","95_14_4"
"62_61_5","123_0_4"
"6_61_6","11_56_5_0"
"7_61_6_0","13_55_5_0 + 13_55_5_1"
"7_61_6_1","13_55_5_0"
"8_61_6_0","0"
"8_61_6_1","0"
"8_61_6_2","15_54_5_1"
"8_61_6_3","15_54_5_1 + 15_54_5_2"
"8_61_6_4","15_54_5_0"
"10_61_6_0","0"
"10_61_6_1","19_52_5_1"
"14_61_6_0","27_48_5_1"
"14_61_6_1","27_48_5_0"
"15_61_6_0","0"
"15_61_6_1","29_47_5_1"
"16_61_6_0","0"
"16_61_6_1","0"
"16_61_6_2","31_46_5"
"18_61_6_0","0"
"18_61_6_1","35_44_5"
"20_61_6_0","0"
"20_61_6_1","39_42_5"
"21_61_6_0","0"
"21_61_6_1","41_41_5"
"22_61_6_0","0"
"22_61_6_1","0"
"22_61_6_2","43_40_5_0"
"23_61_6_0","0"
"23_61_6_1","0"
"23_61_6_2","45_39_5"
"24_61_6_0","0"
"24_61_6_1","0"
"24_61_6_2","0"
"24_61_6_3","47_38_5"
"29_61_6_0","0"
"29_61_6_1","0"
"29_61_6_2","57_33_5"
"31_61_6_0","0"
"31_61_6_1","0"
"31_61_6_2","0"
"31_61_6_3","61_31_5_0"
"32_61_6_0","0"
"32_61_6_1","0"
"32_61_6_2","0"
"32_61_6_3","0"
"32_61_6_4","63_30_5"
"38_61_6_0","0"
"38_61_6_1","0"
"38_61_6_2","0"
"38_61_6_3","0"
"38_61_6_4","75_24_5"
"42_61_6_0","0"
"42_61_6_1","0"
"42_61_6_2","0"
"42_61_6_3","0"
"42_61_6_4","83_20_5"
"44_61_6_0","0"
"44_61_6_1","0"
"44_61_6_2","0"
"44_61_6_3","0"
"44_61_6_4","87_18_5"
"47_61_6_0","0"
"47_61_6_1","0"
"47_61_6_2","93_15_5_0"
"48_61_6_0","0"
"48_61_6_1","0"
"48_61_6_2","0"
"48_61_6_3","95_14_5"
"62_61_6_0","0"
"62_61_6_1","0"
"62_61_6_2","123_0_5"
"3_61_7","5_59_6_1"
"4_61_7_0","0"
"4_61_7_1","7_58_6"
"6_61_7_0","0"
"6_61_7_1","11_56_6_0"
"6_61_7_2","11_56_6_1"
"6_61_7_3","11_56_6_0 + 11_56_6_3 + 11_56_6_4"
"6_61_7_4","11_56_6_4"
"7_61_7_0","0"
"7_61_7_1","0"
"7_61_7_2","13_55_6_0"
"8_61_7_0","0"
"8_61_7_1","0"
"8_61_7_2","0"
"8_61_7_3","15_54_6_2"
"8_61_7_4","15_54_6_1"
"8_61_7_5","15_54_6_0"
"10_61_7_0","0"
"10_61_7_1","0"
"10_61_7_2","19_52_6_2"
"10_61_7_3","19_52_6_0 + 19_52_6_2"
"13_61_7_0","0"
"13_61_7_1","0"
"13_61_7_2","25_49_6"
"14_61_7_0","0"
"14_61_7_1","0"
"14_61_7_2","0"
"14_61_7_3","27_48_6_0 + 27_48_6_1"
"14_61_7_4","27_48_6_0"
"15_61_7_0","0"
"15_61_7_1","0"
"15_61_7_2","0"
"15_61_7_3","29_47_6"
"16_61_7_0","0"
"16_61_7_1","0"
"16_61_7_2","0"
"16_61_7_3","0"
"16_61_7_4","31_46_6_1"
"16_61_7_5","31_46_6_0 + 31_46_6_1"
"18_61_7_0","0"
"18_61_7_1","0"
"18_61_7_2","0"
"18_61_7_3","35_44_6_1"
"18_61_7_4","35_44_6_0 + 35_44_6_1"
"22_61_7_0","0"
"22_61_7_1","0"
"22_61_7_2","0"
"22_61_7_3","43_40_6_0"
"24_61_7_0","0"
"24_61_7_1","0"
"24_61_7_2","0"
"24_61_7_3","47_38_6_0"
"24_61_7_4","47_38_6_1"
"32_61_7_0","0"
"32_61_7_1","0"
"32_61_7_2","0"
"32_61_7_3","63_30_6"
"36_61_7_0","0"
"36_61_7_1","0"
"36_61_7_2","0"
"36_61_7_3","71_26_6"
"42_61_7_0","0"
"42_61_7_1","0"
"42_61_7_2","0"
"42_61_7_3","83_20_6"
"46_61_7_0","0"
"46_61_7_1","0"
"46_61_7_2","91_16_6"
"48_61_7_0","0"
"48_61_7_1","0"
"48_61_7_2","0"
"48_61_7_3","95_14_6"
"52_61_7_0","0"
"52_61_7_1","0"
"52_61_7_2","103_10_6"
"62_61_7_0","0"
"62_61_7_1","0"
"62_61_7_2","123_0_6"
"3_61_8_0","5_59_7_0"
"3_61_8_1","5_59_7_1"
"4_61_8_0","0"
"4_61_8_1","0"
"4_61_8_2","7_58_7_0 + 7_58_7_1"
"4_61_8_3","7_58_7_1"
"5_61_8_0","0"
"5_61_8_1","9_57_7_0"
"6_61_8_0","0"
"6_61_8_1","0"
"6_61_8_2","11_56_7_0 + 11_56_7_2"
"6_61_8_3","11_56_7_0 + 11_56_7_1"
"6_61_8_4","11_56_7_0"
"7_61_8_0","0"
"7_61_8_1","0"
"7_61_8_2","13_55_7_0 + 13_55_7_1"
"7_61_8_3","13_55_7_1"
"8_61_8_0","0"
"8_61_8_1","0"
"8_61_8_2","0"
"8_61_8_3","0"
"8_61_8_4","15_54_7_1"
"8_61_8_5","15_54_7_0"
"10_61_8_0","0"
"10_61_8_1","0"
"10_61_8_2","19_52_7_0 + 19_52_7_1"
"10_61_8_3","19_52_7_1"
"11_61_8_0","0"
"11_61_8_1","0"
"11_61_8_2","21_51_7_0"
"14_61_8_0","0"
"14_61_8_1","0"
"14_61_8_2","27_48_7_1"
"14_61_8_3","27_48_7_0"
"15_61_8_0","0"
"15_61_8_1","0"
"15_61_8_2","0"
"15_61_8_3","29_47_7"
"16_61_8_0","0"
"16_61_8_1","0"
"16_61_8_2","0"
"16_61_8_3","0"
"16_61_8_4","31_46_7_1"
"16_61_8_5","31_46_7_1 + 31_46_7_2"
"16_61_8_6","31_46_7_0 + 31_46_7_1"
"18_61_8_0","0"
"18_61_8_1","0"
"18_61_8_2","0"
"18_61_8_3","0"
"18_61_8_4","35_44_7"
"20_61_8_0","0"
"20_61_8_1","0"
"20_61_8_2","0"
"20_61_8_3","39_42_7"
"23_61_8_0","0"
"23_61_8_1","0"
"23_61_8_2","0"
"23_61_8_3","45_39_7"
"24_61_8_0","0"
"24_61_8_1","0"
"24_61_8_2","0"
"24_61_8_3","0"
"24_61_8_4","47_38_7"
"30_61_8_0","0"
"30_61_8_1","0"
"30_61_8_2","59_32_7"
"32_61_8_0","0"
"32_61_8_1","0"
"32_61_8_2","63_30_7"
"45_61_8_0","0"
"45_61_8_1","89_17_7"
"51_61_8_0","0"
"51_61_8_1","101_11_7"
"62_61_8_0","0"
"62_61_8_1","123_0_7"
"2_61_9","3_60_8"
"4_61_9","7_58_8"
"6_61_9","11_56_8_0"
"7_61_9","13_55_8"
"8_61_9_0","0"
"8_61_9_1","15_54_8_0"
"8_61_9_2","15_54_8_0 + 15_54_8_1"
"10_61_9_0","0"
"10_61_9_1","19_52_8_1"
"14_61_9_0","0"
"14_61_9_1","27_48_8_0"
"14_61_9_2","27_48_8_1"
"15_61_9_0","0"
"15_61_9_1","29_47_8_0"
"15_61_9_2","29_47_8_0 + 29_47_8_1"
"16_61_9_0","0"
"16_61_9_1","0"
"16_61_9_2","0"
"16_61_9_3","31_46_8_1"
"16_61_9_4","31_46_8_0 + 31_46_8_1"
"20_61_9_0","0"
"20_61_9_1","0"
"20_61_9_2","0"
"20_61_9_3","39_42_8"
"24_61_9_0","0"
"24_61_9_1","0"
"24_61_9_2","0"
"24_61_9_3","47_38_8"
"28_61_9_0","0"
"28_61_9_1","55_34_8"
"30_61_9_0","0"
"30_61_9_1","0"
"30_61_9_2","59_32_8"
"32_61_9_0","0"
"32_61_9_1","0"
"32_61_9_2","63_30_8"
"36_61_9_0","0"
"36_61_9_1","0"
"36_61_9_2","71_26_8"
"40_61_9_0","0"
"40_61_9_1","79_22_8"
"62_61_9_0","0"
"62_61_9_1","123_0_8"
"2_61_10","3_60_9"
"3_61_10_0","5_59_9_0"
"3_61_10_1","5_59_9_0 + 5_59_9_1"
"4_61_10_0","0"
"4_61_10_1","0"
"4_61_10_2","7_58_9_0"
"4_61_10_3","7_58_9_1"
"6_61_10_0","0"
"6_61_10_1","0"
"6_61_10_2","11_56_9_1"
"6_61_10_3","11_56_9_0"
"7_61_10_0","0"
"7_61_10_1","0"
"7_61_10_2","13_55_9"
"8_61_10_0","0"
"8_61_10_1","0"
"8_61_10_2","0"
"8_61_10_3","15_54_9_1"
"8_61_10_4","15_54_9_0 + 15_54_9_1"
"10_61_10_0","0"
"10_61_10_1","0"
"10_61_10_2","19_52_9_0"
"10_61_10_3","19_52_9_1"
"11_61_10_0","0"
"11_61_10_1","21_51_9"
"14_61_10_0","0"
"14_61_10_1","0"
"14_61_10_2","27_48_9_0"
"14_61_10_3","27_48_9_0 + 27_48_9_2"
"14_61_10_4","27_48_9_1"
"16_61_10_0","0"
"16_61_10_1","0"
"16_61_10_2","0"
"16_61_10_3","31_46_9"
"20_61_10_0","0"
"20_61_10_1","0"
"20_61_10_2","39_42_9"
"24_61_10_0","0"
"24_61_10_1","0"
"24_61_10_2","47_38_9"
"27_61_10_0","0"
"27_61_10_1","53_35_9"
"28_61_10_0","0"
"28_61_10_1","0"
"28_61_10_2","55_34_9"
"30_61_10_0","0"
"30_61_10_1","0"
"30_61_10_2","59_32_9"
"32_61_10_0","0"
"32_61_10_1","0"
"32_61_10_2","63_30_9"
"34_61_10_0","0"
"34_61_10_1","0"
"34_61_10_2","67_28_9"
"36_61_10_0","0"
"36_61_10_1","0"
"36_61_10_2","71_26_9"
"39_61_10_0","0"
"39_61_10_1","77_23_9_0"
"40_61_10_0","0"
"40_61_10_1","0"
"40_61_10_2","79_22_9"
"62_61_10_0","0"
"62_61_10_1","123_0_9"
"3_61_11","5_59_10_0 + 5_59_10_1 + 5_59_10_2"
"4_61_11_0","0"
"4_61_11_1","7_58_10_0"
"4_61_11_2","7_58_10_0 + 7_58_10_1"
"5_61_11","9_57_10_0"
"6_61_11_0","0"
"6_61_11_1","11_56_10_0"
"8_61_11_0","0"
"8_61_11_1","0"
"8_61_11_2","15_54_10"
"9_61_11_0","0"
"9_61_11_1","0"
"9_61_11_2","17_53_10"
"10_61_11_0","0"
"10_61_11_1","0"
"10_61_11_2","19_52_10"
"12_61_11_0","0"
"12_61_11_1","0"
"12_61_11_2","23_50_10"
"14_61_11_0","0"
"14_61_11_1","0"
"14_61_11_2","0"
"14_61_11_3","27_48_10"
"16_61_11_0","0"
"16_61_11_1","0"
"16_61_11_2","0"
"16_61_11_3","31_46_10"
"18_61_11_0","0"
"18_61_11_1","0"
"18_61_11_2","35_44_10"
"25_61_11_0","0"
"25_61_11_1","0"
"25_61_11_2","49_37_10"
"28_61_11_0","0"
"28_61_11_1","0"
"28_61_11_2","0"
"28_61_11_3","55_34_10"
"32_61_11_0","0"
"32_61_11_1","0"
"32_61_11_2","0"
"32_61_11_3","63_30_10"
"34_61_11_0","0"
"34_61_11_1","0"
"34_61_11_2","0"
"34_61_11_3","67_28_10"
"38_61_11_0","0"
"38_61_11_1","0"
"38_61_11_2","75_24_10"
"40_61_11_0","0"
"40_61_11_1","0"
"40_61_11_2","0"
"40_61_11_3","79_22_10"
"44_61_11_0","0"
"44_61_11_1","0"
"44_61_11_2","87_18_10"
"62_61_11_0","0"
"62_61_11_1","0"
"62_61_11_2","123_0_10"
"2_61_12_0","3_60_11_0"
"2_61_12_1","3_60_11_0 + 3_60_11_1"
"4_61_12_0","0"
"4_61_12_1","7_58_11_0"
"4_61_12_2","7_58_11_0 + 7_58_11_1"
"5_61_12_0","0"
"5_61_12_1","9_57_11_0"
"6_61_12_0","0"
"6_61_12_1","0"
"6_61_12_2","11_56_11_1"
"6_61_12_3","11_56_11_0"
"8_61_12_0","0"
"8_61_12_1","0"
"8_61_12_2","15_54_11_2"
"8_61_12_3","15_54_11_0 + 15_54_11_1"
"8_61_12_4","15_54_11_0"
"10_61_12_0","0"
"10_61_12_1","19_52_11_1"
"10_61_12_2","19_52_11_0 + 19_52_11_1"
"16_61_12_0","0"
"16_61_12_1","31_46_11"
"22_61_12_0","0"
"22_61_12_1","43_40_11"
"32_61_12_0","0"
"32_61_12_1","0"
"32_61_12_2","63_30_11"
"37_61_12_0","0"
"37_61_12_1","73_25_11"
"43_61_12_0","0"
"43_61_12_1","85_19_11"
"62_61_12_0","0"
"62_61_12_1","123_0_11"
"2_61_13","3_60_12"
"3_61_13","5_59_12"
"4_61_13_0","0"
"4_61_13_1","7_58_12"
"6_61_13_0","0"
"6_61_13_1","11_56_12"
"7_61_13_0","0"
"7_61_13_1","13_55_12"
"8_61_13_0","0"
"8_61_13_1","0"
"8_61_13_2","15_54_12_0 + 15_54_12_1"
"8_61_13_3","15_54_12_0"
"10_61_13_0","0"
"10_61_13_1","0"
"10_61_13_2","19_52_12"
"14_61_13_0","0"
"14_61_13_1","27_48_12"
"20_61_13_0","0"
"20_61_13_1","39_42_12"
"22_61_13_0","0"
"22_61_13_1","0"
"22_61_13_2","43_40_12"
"28_61_13_0","0"
"28_61_13_1","0"
"28_61_13_2","55_34_12"
"32_61_13_0","0"
"32_61_13_1","0"
"32_61_13_2","63_30_12"
"62_61_13_0","0"
"62_61_13_1","123_0_12"
"3_61_14","5_59_13"
"6_61_14_0","0"
"6_61_14_1","11_56_13_0"
"6_61_14_2","11_56_13_0 + 11_56_13_1"
"8_61_14_0","0"
"8_61_14_1","0"
"8_61_14_2","15_54_13"
"10_61_14_0","0"
"10_61_14_1","19_52_13"
"12_61_14_0","0"
"12_61_14_1","23_50_13"
"19_61_14_0","0"
"19_61_14_1","37_43_13"
"20_61_14_0","0"
"20_61_14_1","0"
"20_61_14_2","39_42_13"
"22_61_14_0","0"
"22_61_14_1","0"
"22_61_14_2","43_40_13"
"26_61_14_0","0"
"26_61_14_1","0"
"26_61_14_2","51_36_13"
"28_61_14_0","0"
"28_61_14_1","0"
"28_61_14_2","55_34_13"
"31_61_14_0","0"
"31_61_14_1","61_31_13_0"
"32_61_14_0","0"
"32_61_14_1","0"
"32_61_14_2","63_30_13"
"62_61_14_0","0"
"62_61_14_1","123_0_13"
"2_61_15","3_60_14"
"4_61_15_0","7_58_14_1"
"4_61_15_1","7_58_14_0"
"6_61_15_0","0"
"6_61_15_1","11_56_14"
"8_61_15_0","15_54_14_0"
"8_61_15_1","15_54_14_1"
"10_61_15","19_52_14"
"16_61_15","31_46_14"
"20_61_15_0","0"
"20_61_15_1","39_42_14"
"26_61_15_0","0"
"26_61_15_1","51_36_14"
"30_61_15","59_32_14"
"32_61_15_0","0"
"32_61_15_1","63_30_14"
"36_61_15","71_26_14"
"62_61_15","123_0_14"
"2_61_16","3_60_15"
"8_61_16_0","15_54_15_1"
"8_61_16_1","15_54_15_2"
"8_61_16_2","15_54_15_0 + 15_54_15_1"
"12_61_16","23_50_15"
"14_61_16","27_48_15"
"16_61_16_0","0"
"16_61_16_1","31_46_15"
"29_61_16","57_33_15"
"35_61_16","69_27_15"
"62_61_16","123_0_15"
"3_61_17","5_59_16"
"6_61_17_0","0"
"6_61_17_1","11_56_16"
"8_61_17_0","0"
"8_61_17_1","0"
"8_61_17_2","15_54_16_0"
"8_61_17_3","15_54_16_0 + 15_54_16_1"
"12_61_17_0","0"
"12_61_17_1","23_50_16_1"
"12_61_17_2","23_50_16_0"
"14_61_17_0","0"
"14_61_17_1","0"
"14_61_17_2","27_48_16"
"16_61_17_0","0"
"16_61_17_1","0"
"16_61_17_2","31_46_16"
"20_61_17_0","0"
"20_61_17_1","0"
"20_61_17_2","39_42_16"
"24_61_17_0","0"
"24_61_17_1","47_38_16"
"62_61_17_0","0"
"62_61_17_1","123_0_16"
"2_61_18","3_60_17"
"4_61_18_0","7_58_17_1"
"4_61_18_1","7_58_17_0 + 7_58_17_1"
"8_61_18_0","15_54_17_0"
"8_61_18_1","15_54_17_0 + 15_54_17_1"
"11_61_18","21_51_17"
"12_61_18_0","0"
"12_61_18_1","23_50_17_0 + 23_50_17_1"
"12_61_18_2","23_50_17_0"
"14_61_18_0","0"
"14_61_18_1","27_48_17"
"16_61_18_0","0"
"16_61_18_1","31_46_17"
"18_61_18_0","0"
"18_61_18_1","35_44_17"
"20_61_18_0","0"
"20_61_18_1","39_42_17"
"23_61_18","45_39_17_0"
"24_61_18_0","0"
"24_61_18_1","47_38_17"
"62_61_18","123_0_17"
"2_61_19","3_60_18"
"4_61_19_0","0"
"4_61_19_1","7_58_18"
"8_61_19","15_54_18"
"9_61_19","17_53_18_0"
"10_61_19_0","0"
"10_61_19_1","19_52_18"
"12_61_19_0","0"
"12_61_19_1","23_50_18"
"16_61_19_0","0"
"16_61_19_1","31_46_18"
"18_61_19_0","0"
"18_61_19_1","35_44_18"
"22_61_19","43_40_18"
"24_61_19_0","0"
"24_61_19_1","47_38_18"
"28_61_19","55_34_18"
"62_61_19","123_0_18"
"4_61_20","7_58_19"
"5_61_20","9_57_19_0"
"6_61_20_0","0"
"6_61_20_1","11_56_19"
"8_61_20_0","0"
"8_61_20_1","0"
"8_61_20_2","15_54_19_1"
"8_61_20_3","15_54_19_0"
"10_61_20_0","0"
"10_61_20_1","0"
"10_61_20_2","19_52_19"
"16_61_20_0","0"
"16_61_20_1","0"
"16_61_20_2","31_46_19"
"21_61_20_0","0"
"21_61_20_1","41_41_19"
"27_61_20_0","0"
"27_61_20_1","53_35_19"
"62_61_20_0","0"
"62_61_20_1","123_0_19"
"2_61_21","3_60_20"
"4_61_21","7_58_20"
"6_61_21_0","0"
"6_61_21_1","11_56_20_0 + 11_56_20_1"
"6_61_21_2","11_56_20_0"
"8_61_21_0","0"
"8_61_21_1","15_54_20"
"12_61_21_0","0"
"12_61_21_1","23_50_20"
"16_61_21_0","0"
"16_61_21_1","31_46_20"
"62_61_21","123_0_20"
"3_61_22","5_59_21"
"4_61_22_0","0"
"4_61_22_1","7_58_21"
"6_61_22_0","0"
"6_61_22_1","11_56_21_0 + 11_56_21_1"
"6_61_22_2","11_56_21_0"
"8_61_22_0","0"
"8_61_22_1","15_54_21"
"10_61_22_0","0"
"10_61_22_1","19_52_21"
"12_61_22_0","0"
"12_61_22_1","23_50_21"
"15_61_22","29_47_21_0"
"16_61_22_0","0"
"16_61_22_1","31_46_21"
"62_61_22","123_0_21"
"4_61_23","7_58_22"
"6_61_23","11_56_22"
"7_61_23","13_55_22"
"8_61_23_0","0"
"8_61_23_1","15_54_22"
"10_61_23_0","0"
"10_61_23_1","19_52_22"
"14_61_23_0","0"
"14_61_23_1","27_48_22"
"16_61_23_0","0"
"16_61_23_1","0"
"16_61_23_2","31_46_22"
"20_61_23_0","0"
"20_61_23_1","39_42_22"
"62_61_23_0","0"
"62_61_23_1","123_0_22"
"2_61_24","3_60_23"
"4_61_24","7_58_23"
"13_61_24_0","0"
"13_61_24_1","25_49_23"
"19_61_24_0","0"
"19_61_24_1","37_43_23"
"62_61_24_0","0"
"62_61_24_1","123_0_23"
"3_61_25","5_59_24"
"4_61_25_0","0"
"4_61_25_1","7_58_24"
"8_61_25_0","0"
"8_61_25_1","15_54_24"
"62_61_25_0","0"
"62_61_25_1","123_0_24"
"4_61_26","7_58_25"
"7_61_26","13_55_25_0"
"8_61_26_0","0"
"8_61_26_1","15_54_25"
"62_61_26","123_0_25"
"2_61_27","3_60_26"
"6_61_27","11_56_26"
"8_61_27_0","0"
"8_61_27_1","15_54_26"
"12_61_27","23_50_26"
"62_61_27","123_0_26"
"4_61_28","7_58_27"
"5_61_28","9_57_27_0"
"11_61_28","21_51_27"
"62_61_28","123_0_27"
"4_61_29","7_58_28"
"62_61_29","123_0_28"
"4_61_30","7_58_29"
"62_61_30","123_0_29"
"2_61_31","3_60_30"
"4_61_31","7_58_30"
"62_61_31","123_0_30"
"2_61_32","3_60_31"
"3_61_32","5_59_31"
"62_61_32","123_0_31"
"62_61_33","123_0_32"
"62_61_34","123_0_33"
"62_61_35","123_0_34"
"62_61_36","123_0_35"
"62_61_37","123_0_36"
"62_61_38","123_0_37"
"62_61_39","123_0_38"
"32_62_2","63_31_1"
"31_62_3","61_32_2"
"32_62_3_0","0"
"32_62_3_1","63_31_2"
"48_62_3_0","0"
"48_62_3_1","95_15_2"
"56_62_3_0","0"
"56_62_3_1","111_7_2"
"60_62_3_0","0"
"60_62_3_1","119_3_2"
"16_62_4","31_47_3"
"18_62_4","35_45_3_0"
"20_62_4_0","0"
"20_62_4_1","39_43_3"
"24_62_4_0","0"
"24_62_4_1","47_39_3"
"30_62_4_0","0"
"30_62_4_1","59_33_3"
"32_62_4_0","0"
"32_62_4_1","0"
"32_62_4_2","63_31_3_1"
"32_62_4_3","63_31_3_0 + 63_31_3_1"
"42_62_4_0","0"
"42_62_4_1","0"
"42_62_4_2","83_21_3"
"48_62_4_0","0"
"48_62_4_1","0"
"48_62_4_2","95_15_3"
"54_62_4_0","0"
"54_62_4_1","107_9_3"
"56_62_4_0","0"
"56_62_4_1","0"
"56_62_4_2","111_7_3"
"60_62_4_0","0"
"60_62_4_1","119_3_3"
"10_62_5","19_53_4"
"13_62_5","25_50_4"
"14_62_5_0","0"
"14_62_5_1","27_49_4"
"15_62_5_0","0"
"15_62_5_1","29_48_4_1 + 29_48_4_2"
"15_62_5_2","29_48_4_0"
"16_62_5_0","0"
"16_62_5_1","0"
"16_62_5_2","0"
"16_62_5_3","31_47_4"
"18_62_5_0","0"
"18_62_5_1","0"
"18_62_5_2","35_45_4_0"
"18_62_5_3","35_45_4_1"
"19_62_5_0","0"
"19_62_5_1","0"
"19_62_5_2","37_44_4_1"
"22_62_5_0","0"
"22_62_5_1","0"
"22_62_5_2","43_41_4"
"23_62_5_0","0"
"23_62_5_1","0"
"23_62_5_2","45_40_4_1"
"24_62_5_0","0"
"24_62_5_1","0"
"24_62_5_2","0"
"24_62_5_3","47_39_4"
"29_62_5_0","0"
"29_62_5_1","0"
"29_62_5_2","57_34_4"
"30_62_5_0","0"
"30_62_5_1","0"
"30_62_5_2","0"
"30_62_5_3","59_33_4"
"31_62_5_0","0"
"31_62_5_1","0"
"31_62_5_2","0"
"31_62_5_3","0"
"31_62_5_4","61_32_4"
"32_62_5_0","0"
"32_62_5_1","0"
"32_62_5_2","0"
"32_62_5_3","0"
"32_62_5_4","0"
"32_62_5_5","63_31_4"
"40_62_5_0","0"
"40_62_5_1","0"
"40_62_5_2","0"
"40_62_5_3","0"
"40_62_5_4","79_23_4"
"48_62_5_0","0"
"48_62_5_1","0"
"48_62_5_2","0"
"48_62_5_3","95_15_4"
"56_62_5_0","0"
"56_62_5_1","0"
"56_62_5_2","0"
"56_62_5_3","111_7_4"
"6_62_6","11_57_5_1"
"8_62_6_0","0"
"8_62_6_1","15_55_5_0"
"8_62_6_2","15_55_5_1"
"10_62_6_0","0"
"10_62_6_1","19_53_5_1"
"10_62_6_2","19_53_5_0"
"12_62_6_0","0"
"12_62_6_1","23_51_5"
"14_62_6_0","0"
"14_62_6_1","0"
"14_62_6_2","27_49_5_1"
"14_62_6_3","27_49_5_2"
"14_62_6_4","27_49_5_0 + 27_49_5_1"
"16_62_6_0","0"
"16_62_6_1","0"
"16_62_6_2","0"
"16_62_6_3","31_47_5_1"
"16_62_6_4","31_47_5_0"
"18_62_6_0","0"
"18_62_6_1","0"
"18_62_6_2","0"
"18_62_6_3","0"
"18_62_6_4","0"
"18_62_6_5","35_45_5_2"
"22_62_6_0","0"
"22_62_6_1","0"
"22_62_6_2","43_41_5"
"23_62_6_0","0"
"23_62_6_1","0"
"23_62_6_2","45_40_5_1"
"24_62_6_0","0"
"24_62_6_1","0"
"24_62_6_2","47_39_5"
"25_62_6_0","0"
"25_62_6_1","0"
"25_62_6_2","49_38_5"
"30_62_6_0","0"
"30_62_6_1","0"
"30_62_6_2","59_33_5"
"32_62_6_0","0"
"32_62_6_1","0"
"32_62_6_2","63_31_5_1"
"32_62_6_3","63_31_5_0 + 63_31_5_1"
"39_62_6_0","0"
"39_62_6_1","0"
"39_62_6_2","0"
"39_62_6_3","77_24_5"
"40_62_6_0","0"
"40_62_6_1","0"
"40_62_6_2","0"
"40_62_6_3","0"
"40_62_6_4","79_23_5"
"46_62_6_0","0"
"46_62_6_1","0"
"46_62_6_2","91_17_5"
"48_62_6_0","0"
"48_62_6_1","0"
"48_62_6_2","95_15_5_0 + 95_15_5_1"
"48_62_6_3","95_15_5_0"
"4_62_7_0","7_59_6_0"
"4_62_7_1","7_59_6_1"
"7_62_7_0","13_56_6_0"
"7_62_7_1","13_56_6_0 + 13_56_6_1 + 13_56_6_2"
"8_62_7_0","0"
"8_62_7_1","0"
"8_62_7_2","15_55_6_1 + 15_55_6_3"
"8_62_7_3","15_55_6_4"
"8_62_7_4","15_55_6_3"
"8_62_7_5","15_55_6_0 + 15_55_6_1 + 15_55_6_4"
"8_62_7_6","15_55_6_0 + 15_55_6_2 + 15_55_6_3 + 15_55_6_4"
"10_62_7_0","0"
"10_62_7_1","0"
"10_62_7_2","19_53_6_0"
"10_62_7_3","19_53_6_1 + 19_53_6_2"
"11_62_7_0","0"
"11_62_7_1","21_52_6_0"
"12_62_7_0","0"
"12_62_7_1","0"
"12_62_7_2","23_51_6"
"14_62_7_0","0"
"14_62_7_1","0"
"14_62_7_2","27_49_6_0"
"14_62_7_3","27_49_6_1"
"15_62_7_0","0"
"15_62_7_1","0"
"15_62_7_2","29_48_6_1"
"16_62_7_0","0"
"16_62_7_1","0"
"16_62_7_2","0"
"16_62_7_3","31_47_6"
"18_62_7_0","0"
"18_62_7_1","0"
"18_62_7_2","35_45_6_0"
"18_62_7_3","35_45_6_0 + 35_45_6_1"
"23_62_7_0","45_40_6_0"
"23_62_7_1","45_40_6_1"
"26_62_7_0","0"
"26_62_7_1","51_37_6"
"29_62_7_0","0"
"29_62_7_1","57_34_6"
"32_62_7_0","0"
"32_62_7_1","0"
"32_62_7_2","63_31_6"
"37_62_7_0","0"
"37_62_7_1","73_26_6"
"40_62_7_0","0"
"40_62_7_1","0"
"40_62_7_2","79_23_6"
"46_62_7_0","0"
"46_62_7_1","91_17_6"
"47_62_7_0","0"
"47_62_7_1","93_16_6"
"48_62_7_0","0"
"48_62_7_1","0"
"48_62_7_2","95_15_6"
"52_62_7_0","0"
"52_62_7_1","103_11_6"
"2_62_8","3_61_7"
"3_62_8_0","0"
"3_62_8_1","5_60_7_1"
"4_62_8_0","0"
"4_62_8_1","0"
"4_62_8_2","7_59_7_0"
"4_62_8_3","7_59_7_1"
"5_62_8_0","0"
"5_62_8_1","0"
"5_62_8_2","9_58_7"
"6_62_8_0","0"
"6_62_8_1","0"
"6_62_8_2","11_57_7_1"
"7_62_8_0","0"
"7_62_8_1","0"
"7_62_8_2","13_56_7_0"
"8_62_8_0","0"
"8_62_8_1","0"
"8_62_8_2","0"
"8_62_8_3","15_55_7_2 + 15_55_7_3"
"8_62_8_4","15_55_7_1 + 15_55_7_2 + 15_55_7_3"
"8_62_8_5","15_55_7_1 + 15_55_7_3"
"8_62_8_6","15_55_7_0"
"10_62_8_0","0"
"10_62_8_1","19_53_7_1"
"10_62_8_2","19_53_7_0"
"12_62_8_0","0"
"12_62_8_1","0"
"12_62_8_2","23_51_7"
"14_62_8_0","0"
"14_62_8_1","0"
"14_62_8_2","27_49_7_1"
"14_62_8_3","27_49_7_0 + 27_49_7_1"
"15_62_8_0","0"
"15_62_8_1","0"
"15_62_8_2","29_48_7_1"
"16_62_8_0","0"
"16_62_8_1","0"
"16_62_8_2","0"
"16_62_8_3","31_47_7"
"18_62_8_0","0"
"18_62_8_1","0"
"18_62_8_2","35_45_7_0"
"18_62_8_3","35_45_7_0 + 35_45_7_1"
"22_62_8_0","0"
"22_62_8_1","0"
"22_62_8_2","43_41_7"
"24_62_8_0","0"
"24_62_8_1","0"
"24_62_8_2","0"
"24_62_8_3","47_39_7"
"26_62_8_0","0"
"26_62_8_1","0"
"26_62_8_2","0"
"26_62_8_3","51_37_7_1"
"30_62_8_0","0"
"30_62_8_1","0"
"30_62_8_2","0"
"30_62_8_3","59_33_7"
"32_62_8_0","0"
"32_62_8_1","0"
"32_62_8_2","0"
"32_62_8_3","0"
"32_62_8_4","63_31_7"
"34_62_8_0","0"
"34_62_8_1","0"
"34_62_8_2","0"
"34_62_8_3","67_29_7"
"46_62_8_0","0"
"46_62_8_1","0"
"46_62_8_2","0"
"46_62_8_3","91_17_7"
"48_62_8_0","0"
"48_62_8_1","0"
"48_62_8_2","0"
"48_62_8_3","95_15_7"
"52_62_8_0","0"
"52_62_8_1","0"
"52_62_8_2","0"
"52_62_8_3","103_11_7"
"2_62_9_0","3_61_8_0"
"2_62_9_1","3_61_8_0 + 3_61_8_1"
"3_62_9_0","0"
"3_62_9_1","5_60_8_0"
"4_62_9_0","0"
"4_62_9_1","0"
"4_62_9_2","7_59_8_2"
"4_62_9_3","7_59_8_1"
"4_62_9_4","7_59_8_0 + 7_59_8_2"
"6_62_9_0","0"
"6_62_9_1","0"
"6_62_9_2","0"
"6_62_9_3","0"
"6_62_9_4","11_57_8_1 + 11_57_8_2"
"6_62_9_5","11_57_8_2"
"6_62_9_6","11_57_8_0"
"8_62_9_0","0"
"8_62_9_1","0"
"8_62_9_2","0"
"8_62_9_3","0"
"8_62_9_4","15_55_8_1"
"8_62_9_5","15_55_8_0"
"10_62_9_0","0"
"10_62_9_1","0"
"10_62_9_2","19_53_8"
"12_62_9_0","0"
"12_62_9_1","23_51_8"
"14_62_9_0","0"
"14_62_9_1","0"
"14_62_9_2","27_49_8"
"16_62_9_0","0"
"16_62_9_1","0"
"16_62_9_2","31_47_8_2"
"16_62_9_3","31_47_8_0"
"16_62_9_4","31_47_8_0 + 31_47_8_1"
"18_62_9_0","0"
"18_62_9_1","0"
"18_62_9_2","35_45_8"
"21_62_9_0","0"
"21_62_9_1","41_42_8"
"26_62_9_0","0"
"26_62_9_1","51_37_8_0 + 51_37_8_1"
"28_62_9_0","0"
"28_62_9_1","55_35_8"
"32_62_9_0","0"
"32_62_9_1","63_31_8_0 + 63_31_8_1"
"32_62_9_2","63_31_8_0"
"34_62_9_0","0"
"34_62_9_1","0"
"34_62_9_2","67_29_8"
"40_62_9_0","0"
"40_62_9_1","79_23_8"
"48_62_9_0","0"
"48_62_9_1","95_15_8"
"3_62_10_0","5_60_9_2"
"3_62_10_1","5_60_9_0 + 5_60_9_2"
"3_62_10_2","5_60_9_1"
"4_62_10_0","0"
"4_62_10_1","0"
"4_62_10_2","0"
"4_62_10_3","7_59_9_0"
"4_62_10_4","7_59_9_0 + 7_59_9_1"
"4_62_10_5","7_59_9_1 + 7_59_9_2"
"6_62_10_0","0"
"6_62_10_1","11_57_9_0"
"6_62_10_2","11_57_9_2"
"6_62_10_3","11_57_9_1 + 11_57_9_2"
"7_62_10_0","0"
"7_62_10_1","13_56_9"
"8_62_10_0","0"
"8_62_10_1","0"
"8_62_10_2","15_55_9"
"10_62_10_0","0"
"10_62_10_1","0"
"10_62_10_2","19_53_9_1"
"12_62_10_0","0"
"12_62_10_1","0"
"12_62_10_2","23_51_9"
"14_62_10_0","0"
"14_62_10_1","0"
"14_62_10_2","0"
"14_62_10_3","27_49_9"
"15_62_10_0","0"
"15_62_10_1","0"
"15_62_10_2","0"
"15_62_10_3","29_48_9_0 + 29_48_9_1"
"15_62_10_4","29_48_9_1"
"16_62_10_0","0"
"16_62_10_1","0"
"16_62_10_2","0"
"16_62_10_3","0"
"16_62_10_4","0"
"16_62_10_5","31_47_9"
"24_62_10_0","0"
"24_62_10_1","0"
"24_62_10_2","47_39_9"
"25_62_10_0","0"
"25_62_10_1","0"
"25_62_10_2","0"
"25_62_10_3","49_38_9"
"26_62_10_0","0"
"26_62_10_1","0"
"26_62_10_2","0"
"26_62_10_3","0"
"26_62_10_4","51_37_9"
"28_62_10_0","0"
"28_62_10_1","0"
"28_62_10_2","0"
"28_62_10_3","55_35_9"
"31_62_10_0","0"
"31_62_10_1","0"
"31_62_10_2","0"
"31_62_10_3","61_32_9"
"32_62_10_0","0"
"32_62_10_1","0"
"32_62_10_2","0"
"32_62_10_3","0"
"32_62_10_4","63_31_9_0"
"32_62_10_5","63_31_9_1"
"34_62_10_0","0"
"34_62_10_1","0"
"34_62_10_2","0"
"34_62_10_3","0"
"34_62_10_4","67_29_9"
"38_62_10_0","0"
"38_62_10_1","0"
"38_62_10_2","0"
"38_62_10_3","75_25_9"
"40_62_10_0","0"
"40_62_10_1","0"
"40_62_10_2","0"
"40_62_10_3","79_23_9_1"
"40_62_10_4","79_23_9_0 + 79_23_9_1"
"2_62_11_0","3_61_10_0"
"2_62_11_1","3_61_10_0 + 3_61_10_1"
"4_62_11_0","0"
"4_62_11_1","7_59_10_0"
"4_62_11_2","7_59_10_0 + 7_59_10_1"
"4_62_11_3","7_59_10_2"
"4_62_11_4","7_59_10_2 + 7_59_10_3"
"6_62_11_0","0"
"6_62_11_1","0"
"6_62_11_2","11_57_10_0"
"6_62_11_3","11_57_10_1 + 11_57_10_2"
"6_62_11_4","11_57_10_1"
"7_62_11_0","0"
"7_62_11_1","0"
"7_62_11_2","13_56_10_0"
"8_62_11_0","0"
"8_62_11_1","0"
"8_62_11_2","0"
"8_62_11_3","15_55_10"
"12_62_11_0","0"
"12_62_11_1","0"
"12_62_11_2","23_51_10"
"16_62_11_0","0"
"16_62_11_1","31_47_10"
"22_62_11_0","0"
"22_62_11_1","43_41_10"
"23_62_11_0","0"
"23_62_11_1","0"
"23_62_11_2","45_40_10"
"26_62_11_0","0"
"26_62_11_1","0"
"26_62_11_2","51_37_10"
"29_62_11_0","0"
"29_62_11_1","0"
"29_62_11_2","57_34_10"
"32_62_11_0","0"
"32_62_11_1","0"
"32_62_11_2","0"
"32_62_11_3","63_31_10_0"
"32_62_11_4","63_31_10_1"
"38_62_11_0","0"
"38_62_11_1","0"
"38_62_11_2","75_25_10"
"39_62_11_0","0"
"39_62_11_1","0"
"39_62_11_2","77_24_10"
"40_62_11_0","0"
"40_62_11_1","0"
"40_62_11_2","0"
"40_62_11_3","79_23_10"
"44_62_11_0","0"
"44_62_11_1","0"
"44_62_11_2","87_19_10"
"2_62_12","3_61_11"
"3_62_12","5_60_11_0"
"4_62_12_0","0"
"4_62_12_1","7_59_11_1"
"4_62_12_2","7_59_11_0 + 7_59_11_1"
"4_62_12_3","7_59_11_0 + 7_59_11_1 + 7_59_11_2"
"6_62_12_0","0"
"6_62_12_1","0"
"6_62_12_2","11_57_11_0"
"8_62_12_0","0"
"8_62_12_1","0"
"8_62_12_2","15_55_11"
"10_62_12_0","0"
"10_62_12_1","0"
"10_62_12_2","19_53_11"
"12_62_12_0","0"
"12_62_12_1","0"
"12_62_12_2","23_51_11"
"14_62_12_0","0"
"14_62_12_1","27_49_11"
"20_62_12_0","0"
"20_62_12_1","39_43_11"
"22_62_12_0","0"
"22_62_12_1","0"
"22_62_12_2","43_41_11"
"26_62_12_0","0"
"26_62_12_1","0"
"26_62_12_2","51_37_11"
"32_62_12_0","0"
"32_62_12_1","0"
"32_62_12_2","0"
"32_62_12_3","63_31_11"
"38_62_12_0","0"
"38_62_12_1","0"
"38_62_12_2","75_25_11"
"40_62_12_0","0"
"40_62_12_1","0"
"40_62_12_2","79_23_11"
"44_62_12_0","0"
"44_62_12_1","0"
"44_62_12_2","87_19_11"
"2_62_13","3_61_12"
"3_62_13","5_60_12"
"4_62_13_0","0"
"4_62_13_1","7_59_12"
"5_62_13","9_58_12"
"6_62_13_0","0"
"6_62_13_1","11_57_12"
"8_62_13_0","0"
"8_62_13_1","0"
"8_62_13_2","15_55_12_1"
"8_62_13_3","15_55_12_0"
"10_62_13_0","0"
"10_62_13_1","19_53_12"
"12_62_13_0","0"
"12_62_13_1","23_51_12_1"
"12_62_13_2","23_51_12_0 + 23_51_12_1"
"18_62_13_0","0"
"18_62_13_1","35_45_12"
"20_62_13_0","0"
"20_62_13_1","0"
"20_62_13_2","39_43_12"
"24_62_13_0","0"
"24_62_13_1","0"
"24_62_13_2","47_39_12"
"26_62_13_0","0"
"26_62_13_1","0"
"26_62_13_2","0"
"26_62_13_3","51_37_12"
"32_62_13_0","0"
"32_62_13_1","0"
"32_62_13_2","63_31_12"
"40_62_13_0","0"
"40_62_13_1","0"
"40_62_13_2","79_23_12"
"2_62_14","3_61_13"
"4_62_14_0","7_59_13_1"
"4_62_14_1","7_59_13_0"
"6_62_14_0","0"
"6_62_14_1","11_57_13"
"7_62_14","13_56_13_0"
"8_62_14_0","0"
"8_62_14_1","15_55_13"
"10_62_14_0","19_53_13_1"
"10_62_14_1","19_53_13_0"
"16_62_14_0","31_47_13_0"
"16_62_14_1","31_47_13_0 + 31_47_13_1"
"20_62_14_0","0"
"20_62_14_1","39_43_13"
"23_62_14_0","0"
"23_62_14_1","45_40_13"
"24_62_14_0","0"
"24_62_14_1","0"
"24_62_14_2","47_39_13"
"26_62_14_0","0"
"26_62_14_1","0"
"26_62_14_2","51_37_13"
"30_62_14_0","0"
"30_62_14_1","59_33_13"
"32_62_14_0","0"
"32_62_14_1","63_31_13_1"
"32_62_14_2","63_31_13_0"
"2_62_15","3_61_14"
"3_62_15_0","0"
"3_62_15_1","5_60_14"
"8_62_15_0","0"
"8_62_15_1","15_55_14_1"
"8_62_15_2","15_55_14_0"
"10_62_15_0","0"
"10_62_15_1","0"
"10_62_15_2","19_53_14"
"14_62_15_0","0"
"14_62_15_1","27_49_14"
"15_62_15_0","0"
"15_62_15_1","0"
"15_62_15_2","29_48_14"
"16_62_15_0","0"
"16_62_15_1","0"
"16_62_15_2","0"
"16_62_15_3","31_47_14"
"21_62_15_0","0"
"21_62_15_1","0"
"21_62_15_2","41_42_14"
"24_62_15_0","0"
"24_62_15_1","0"
"24_62_15_2","0"
"24_62_15_3","47_39_14"
"30_62_15_0","0"
"30_62_15_1","0"
"30_62_15_2","59_33_14"
"31_62_15_0","0"
"31_62_15_1","0"
"31_62_15_2","61_32_14"
"32_62_15_0","0"
"32_62_15_1","0"
"32_62_15_2","0"
"32_62_15_3","63_31_14"
"36_62_15_0","0"
"36_62_15_1","0"
"36_62_15_2","71_27_14"
"3_62_16","5_60_15"
"6_62_16_0","0"
"6_62_16_1","11_57_15"
"8_62_16_0","0"
"8_62_16_1","0"
"8_62_16_2","15_55_15"
"10_62_16_0","0"
"10_62_16_1","19_53_15"
"12_62_16_0","0"
"12_62_16_1","23_51_15"
"14_62_16_0","0"
"14_62_16_1","0"
"14_62_16_2","27_49_15"
"16_62_16_0","0"
"16_62_16_1","0"
"16_62_16_2","31_47_15"
"18_62_16_0","0"
"18_62_16_1","0"
"18_62_16_2","35_45_15"
"30_62_16_0","0"
"30_62_16_1","0"
"30_62_16_2","59_33_15"
"32_62_16_0","0"
"32_62_16_1","0"
"32_62_16_2","63_31_15"
"36_62_16_0","0"
"36_62_16_1","0"
"36_62_16_2","71_27_15"
"2_62_17","3_61_16"
"4_62_17_0","7_59_16_1"
"4_62_17_1","7_59_16_0 + 7_59_16_1"
"6_62_17_0","0"
"6_62_17_1","11_57_16"
"10_62_17_0","19_53_16_0 + 19_53_16_1"
"10_62_17_1","19_53_16_0"
"12_62_17_0","0"
"12_62_17_1","23_51_16"
"16_62_17_0","0"
"16_62_17_1","31_47_16_1"
"16_62_17_2","31_47_16_0"
"18_62_17_0","0"
"18_62_17_1","0"
"18_62_17_2","35_45_16"
"24_62_17_0","0"
"24_62_17_1","47_39_16"
"32_62_17_0","0"
"32_62_17_1","63_31_16"
"2_62_18","3_61_17"
"6_62_18","11_57_17"
"8_62_18","15_55_17"
"9_62_18_0","0"
"9_62_18_1","17_54_17_0"
"10_62_18_0","0"
"10_62_18_1","0"
"10_62_18_2","19_53_17_1"
"10_62_18_3","19_53_17_0 + 19_53_17_1"
"12_62_18_0","0"
"12_62_18_1","23_51_17"
"15_62_18_0","0"
"15_62_18_1","29_48_17"
"16_62_18_0","0"
"16_62_18_1","0"
"16_62_18_2","31_47_17_0"
"16_62_18_3","31_47_17_1"
"18_62_18_0","0"
"18_62_18_1","0"
"18_62_18_2","35_45_17"
"22_62_18_0","0"
"22_62_18_1","43_41_17"
"24_62_18_0","0"
"24_62_18_1","47_39_17_1"
"24_62_18_2","47_39_17_0"
"3_62_19","5_60_18"
"6_62_19_0","0"
"6_62_19_1","11_57_18_1"
"6_62_19_2","11_57_18_0"
"7_62_19_0","0"
"7_62_19_1","0"
"7_62_19_2","13_56_18"
"10_62_19_0","0"
"10_62_19_1","0"
"10_62_19_2","19_53_18_0"
"10_62_19_3","19_53_18_0 + 19_53_18_1"
"13_62_19_0","0"
"13_62_19_1","0"
"13_62_19_2","25_50_18"
"16_62_19_0","0"
"16_62_19_1","0"
"16_62_19_2","0"
"16_62_19_3","31_47_18_0 + 31_47_18_1"
"16_62_19_4","31_47_18_1"
"22_62_19_0","0"
"22_62_19_1","0"
"22_62_19_2","43_41_18"
"23_62_19_0","0"
"23_62_19_1","0"
"23_62_19_2","45_40_18"
"24_62_19_0","0"
"24_62_19_1","0"
"24_62_19_2","0"
"24_62_19_3","47_39_18"
"28_62_19_0","0"
"28_62_19_1","0"
"28_62_19_2","55_35_18"
"2_62_20","3_61_19"
"4_62_20","7_59_19"
"6_62_20_0","0"
"6_62_20_1","11_57_19_1"
"6_62_20_2","11_57_19_0 + 11_57_19_1"
"10_62_20_0","0"
"10_62_20_1","19_53_19_1"
"10_62_20_2","19_53_19_0"
"16_62_20_0","0"
"16_62_20_1","0"
"16_62_20_2","31_47_19"
"22_62_20_0","0"
"22_62_20_1","43_41_19"
"24_62_20_0","0"
"24_62_20_1","47_39_19"
"28_62_20_0","0"
"28_62_20_1","55_35_19"
"3_62_21","5_60_20"
"4_62_21_0","0"
"4_62_21_1","7_59_20"
"6_62_21_0","0"
"6_62_21_1","11_57_20"
"8_62_21_0","0"
"8_62_21_1","15_55_20_1"
"8_62_21_2","15_55_20_0"
"10_62_21_0","0"
"10_62_21_1","0"
"10_62_21_2","19_53_20_0"
"10_62_21_3","19_53_20_0 + 19_53_20_1"
"16_62_21_0","0"
"16_62_21_1","31_47_20"
"24_62_21_0","0"
"24_62_21_1","47_39_20"
"4_62_22","7_59_21"
"6_62_22","11_57_21"
"7_62_22","13_56_21_0"
"8_62_22_0","0"
"8_62_22_1","15_55_21_1"
"8_62_22_2","15_55_21_0"
"10_62_22_0","0"
"10_62_22_1","19_53_21"
"13_62_22","25_50_21"
"14_62_22_0","0"
"14_62_22_1","27_49_21"
"16_62_22_0","0"
"16_62_22_1","31_47_21_1"
"16_62_22_2","31_47_21_0"
"2_62_23","3_61_22"
"4_62_23","7_59_22"
"5_62_23","9_58_22"
"8_62_23_0","0"
"8_62_23_1","15_55_22"
"11_62_23","21_52_22"
"14_62_23_0","0"
"14_62_23_1","27_49_22"
"15_62_23_0","0"
"15_62_23_1","29_48_22"
"16_62_23_0","0"
"16_62_23_1","0"
"16_62_23_2","31_47_22"
"20_62_23_0","0"
"20_62_23_1","39_43_22"
"3_62_24","5_60_23"
"4_62_24_0","0"
"4_62_24_1","7_59_23"
"8_62_24_0","0"
"8_62_24_1","15_55_23"
"14_62_24_0","0"
"14_62_24_1","27_49_23"
"16_62_24_0","0"
"16_62_24_1","31_47_23"
"20_62_24_0","0"
"20_62_24_1","39_43_23"
"4_62_25","7_59_24"
"6_62_25","11_57_24"
"8_62_25_0","0"
"8_62_25_1","15_55_24"
"16_62_25_0","0"
"16_62_25_1","31_47_24"
"2_62_26","3_61_25"
"5_62_26","9_58_25"
"6_62_26_0","0"
"6_62_26_1","11_57_25"
"8_62_26_0","0"
"8_62_26_1","15_55_25_1"
"8_62_26_2","15_55_25_0 + 15_55_25_1"
"3_62_27","5_60_26"
"6_62_27_0","0"
"6_62_27_1","11_57_26"
"7_62_27_0","0"
"7_62_27_1","13_56_26"
"8_62_27_0","0"
"8_62_27_1","0"
"8_62_27_2","15_55_26"
"12_62_27_0","0"
"12_62_27_1","23_51_26"
"6_62_28","11_57_27"
"7_62_28","13_56_27"
"8_62_28_0","0"
"8_62_28_1","15_55_27"
"12_62_28_0","0"
"12_62_28_1","23_51_27"
"6_62_29","11_57_28"
"8_62_29_0","0"
"8_62_29_1","15_55_28"
"4_62_30","7_59_29"
"4_62_31","7_59_30"
"4_62_32","7_59_31"
"2_62_33","3_61_32"
"64_63_1","127_0_0"
"63_63_2","125_1_1"
"64_63_2_0","0"
"64_63_2_1","127_0_1"
"30_63_3","59_34_2"
"32_63_3_0","0"
"32_63_3_1","63_32_2"
"48_63_3_0","0"
"48_63_3_1","95_16_2"
"56_63_3_0","0"
"56_63_3_1","111_8_2"
"62_63_3_0","0"
"62_63_3_1","123_2_2"
"64_63_3_0","0"
"64_63_3_1","0"
"64_63_3_2","127_0_2"
"18_63_4","35_46_3"
"26_63_4","51_38_3"
"30_63_4","59_34_3"
"31_63_4","61_33_3"
"34_63_4","67_30_3"
"46_63_4","91_18_3"
"47_63_4","93_17_3"
"50_63_4","99_14_3"
"55_63_4","109_9_3"
"56_63_4_0","0"
"56_63_4_1","111_8_3"
"61_63_4","121_3_3"
"64_63_4_0","0"
"64_63_4_1","127_0_3"
"8_63_5","15_56_4"
"14_63_5","27_50_4"
"16_63_5_0","0"
"16_63_5_1","31_48_4_1 + 31_48_4_2"
"16_63_5_2","31_48_4_1"
"16_63_5_3","31_48_4_0"
"18_63_5_0","0"
"18_63_5_1","0"
"18_63_5_2","0"
"18_63_5_3","35_46_4"
"24_63_5_0","0"
"24_63_5_1","47_40_4_1"
"26_63_5_0","0"
"26_63_5_1","51_38_4_0 + 51_38_4_1"
"30_63_5_0","0"
"30_63_5_1","59_34_4"
"32_63_5_0","0"
"32_63_5_1","63_32_4"
"34_63_5_0","0"
"34_63_5_1","67_30_4"
"46_63_5_0","91_18_4_1"
"46_63_5_1","91_18_4_0 + 91_18_4_1"
"55_63_5","109_9_4"
"57_63_5","113_7_4"
"64_63_5_0","0"
"64_63_5_1","127_0_4"
"7_63_6","13_57_5_1"
"8_63_6_0","0"
"8_63_6_1","15_56_5_2"
"8_63_6_2","15_56_5_1"
"8_63_6_3","15_56_5_0"
"9_63_6_0","0"
"9_63_6_1","17_55_5_0 + 17_55_5_1"
"11_63_6_0","0"
"11_63_6_1","21_53_5_0"
"12_63_6_0","0"
"12_63_6_1","0"
"12_63_6_2","23_52_5_1"
"12_63_6_3","23_52_5_0"
"15_63_6_0","0"
"15_63_6_1","0"
"15_63_6_2","0"
"15_63_6_3","0"
"15_63_6_4","29_49_5_1"
"16_63_6_0","0"
"16_63_6_1","0"
"16_63_6_2","0"
"16_63_6_3","0"
"16_63_6_4","0"
"16_63_6_5","31_48_5_1"
"16_63_6_6","31_48_5_0"
"18_63_6_0","0"
"18_63_6_1","0"
"18_63_6_2","0"
"18_63_6_3","35_46_5"
"20_63_6_0","0"
"20_63_6_1","0"
"20_63_6_2","0"
"20_63_6_3","39_44_5"
"24_63_6_0","0"
"24_63_6_1","0"
"24_63_6_2","0"
"24_63_6_3","47_40_5_0"
"24_63_6_4","47_40_5_0 + 47_40_5_1"
"26_63_6_0","0"
"26_63_6_1","0"
"26_63_6_2","51_38_5"
"29_63_6_0","0"
"29_63_6_1","57_35_5"
"31_63_6_0","0"
"31_63_6_1","0"
"31_63_6_2","61_33_5"
"34_63_6_0","0"
"34_63_6_1","0"
"34_63_6_2","67_30_5"
"40_63_6_0","0"
"40_63_6_1","0"
"40_63_6_2","79_24_5"
"44_63_6_0","0"
"44_63_6_1","87_20_5"
"46_63_6_0","0"
"46_63_6_1","91_18_5"
"50_63_6_0","0"
"50_63_6_1","99_14_5"
"55_63_6_0","0"
"55_63_6_1","109_9_5"
"64_63_6_0","0"
"64_63_6_1","0"
"64_63_6_2","127_0_5"
"4_63_7_0","7_60_6_0"
"4_63_7_1","7_60_6_1"
"6_63_7_0","0"
"6_63_7_1","11_58_6_1"
"8_63_7_0","0"
"8_63_7_1","0"
"8_63_7_2","15_56_6_0"
"8_63_7_3","15_56_6_0 + 15_56_6_1"
"8_63_7_4","15_56_6_0 + 15_56_6_2 + 15_56_6_3"
"8_63_7_5","15_56_6_0 + 15_56_6_1 + 15_56_6_2"
"11_63_7_0","0"
"11_63_7_1","0"
"11_63_7_2","21_53_6_1"
"12_63_7_0","0"
"12_63_7_1","0"
"12_63_7_2","0"
"12_63_7_3","23_52_6_1"
"12_63_7_4","23_52_6_0 + 23_52_6_1"
"14_63_7_0","0"
"14_63_7_1","0"
"14_63_7_2","27_50_6_1"
"14_63_7_3","27_50_6_0"
"15_63_7_0","0"
"15_63_7_1","0"
"15_63_7_2","29_49_6_0"
"16_63_7_0","0"
"16_63_7_1","0"
"16_63_7_2","0"
"16_63_7_3","31_48_6_0"
"16_63_7_4","31_48_6_0 + 31_48_6_1"
"18_63_7_0","0"
"18_63_7_1","0"
"18_63_7_2","35_46_6_1"
"20_63_7_0","0"
"20_63_7_1","39_44_6"
"22_63_7_0","0"
"22_63_7_1","43_42_6"
"24_63_7_0","0"
"24_63_7_1","0"
"24_63_7_2","47_40_6_0"
"24_63_7_3","47_40_6_0 + 47_40_6_1"
"26_63_7_0","0"
"26_63_7_1","0"
"26_63_7_2","51_38_6_0"
"28_63_7_0","0"
"28_63_7_1","0"
"28_63_7_2","55_36_6"
"30_63_7_0","0"
"30_63_7_1","0"
"30_63_7_2","0"
"30_63_7_3","59_34_6"
"32_63_7_0","0"
"32_63_7_1","0"
"32_63_7_2","0"
"32_63_7_3","0"
"32_63_7_4","63_32_6"
"38_63_7_0","0"
"38_63_7_1","0"
"38_63_7_2","0"
"38_63_7_3","75_26_6"
"44_63_7_0","0"
"44_63_7_1","0"
"44_63_7_2","87_20_6"
"48_63_7_0","0"
"48_63_7_1","0"
"48_63_7_2","95_16_6"
"50_63_7_0","0"
"50_63_7_1","0"
"50_63_7_2","99_14_6"
"54_63_7_0","0"
"54_63_7_1","0"
"54_63_7_2","107_10_6"
"64_63_7_0","0"
"64_63_7_1","0"
"64_63_7_2","0"
"64_63_7_3","127_0_6"
"3_63_8","5_61_7_0"
"4_63_8_0","0"
"4_63_8_1","7_60_7_0 + 7_60_7_1"
"4_63_8_2","7_60_7_0 + 7_60_7_2 + 7_60_7_3"
"4_63_8_3","7_60_7_1 + 7_60_7_2"
"4_63_8_4","7_60_7_0"
"4_63_8_5","7_60_7_0 + 7_60_7_2 + 7_60_7_3 + 7_60_7_4"
"5_63_8_0","0"
"5_63_8_1","0"
"5_63_8_2","9_59_7_1"
"5_63_8_3","9_59_7_0"
"6_63_8_0","0"
"6_63_8_1","0"
"6_63_8_2","0"
"6_63_8_3","11_58_7_0 + 11_58_7_1"
"6_63_8_4","11_58_7_1"
"8_63_8_0","0"
"8_63_8_1","0"
"8_63_8_2","15_56_7_0 + 15_56_7_1"
"8_63_8_3","15_56_7_1"
"10_63_8_0","0"
"10_63_8_1","19_54_7"
"12_63_8_0","0"
"12_63_8_1","23_52_7"
"13_63_8_0","0"
"13_63_8_1","25_51_7"
"16_63_8_0","0"
"16_63_8_1","0"
"16_63_8_2","31_48_7_1 + 31_48_7_2"
"16_63_8_3","31_48_7_2"
"16_63_8_4","31_48_7_0 + 31_48_7_1 + 31_48_7_2"
"18_63_8_0","0"
"18_63_8_1","0"
"18_63_8_2","0"
"18_63_8_3","35_46_7_1"
"22_63_8_0","0"
"22_63_8_1","43_42_7"
"23_63_8_0","0"
"23_63_8_1","45_41_7"
"26_63_8_0","0"
"26_63_8_1","51_38_7"
"27_63_8_0","0"
"27_63_8_1","53_37_7_0"
"31_63_8_0","0"
"31_63_8_1","61_33_7"
"32_63_8_0","0"
"32_63_8_1","0"
"32_63_8_2","63_32_7"
"34_63_8_0","0"
"34_63_8_1","0"
"34_63_8_2","67_30_7"
"47_63_8_0","0"
"47_63_8_1","93_17_7"
"48_63_8_0","0"
"48_63_8_1","0"
"48_63_8_2","95_16_7"
"53_63_8_0","0"
"53_63_8_1","105_11_7"
"64_63_8_0","0"
"64_63_8_1","0"
"64_63_8_2","127_0_7"
"2_63_9_0","3_62_8_1"
"2_63_9_1","3_62_8_0 + 3_62_8_1"
"3_63_9_0","0"
"3_63_9_1","5_61_8_1"
"3_63_9_2","5_61_8_0"
"4_63_9_0","0"
"4_63_9_1","0"
"4_63_9_2","0"
"4_63_9_3","7_60_8_0 + 7_60_8_2"
"4_63_9_4","7_60_8_2"
"4_63_9_5","7_60_8_1"
"6_63_9_0","0"
"6_63_9_1","11_58_8"
"8_63_9_0","0"
"8_63_9_1","15_56_8"
"10_63_9_0","0"
"10_63_9_1","19_54_8_0 + 19_54_8_1"
"12_63_9_0","0"
"12_63_9_1","0"
"12_63_9_2","23_52_8_1"
"12_63_9_3","23_52_8_0"
"13_63_9_0","0"
"13_63_9_1","0"
"13_63_9_2","0"
"13_63_9_3","25_51_8"
"16_63_9_0","0"
"16_63_9_1","0"
"16_63_9_2","0"
"16_63_9_3","0"
"16_63_9_4","31_48_8_0"
"16_63_9_5","31_48_8_1"
"18_63_9_0","0"
"18_63_9_1","0"
"18_63_9_2","0"
"18_63_9_3","35_46_8_1"
"22_63_9_0","0"
"22_63_9_1","0"
"22_63_9_2","43_42_8"
"24_63_9_0","0"
"24_63_9_1","0"
"24_63_9_2","47_40_8"
"26_63_9_0","0"
"26_63_9_1","0"
"26_63_9_2","0"
"26_63_9_3","51_38_8"
"30_63_9_0","0"
"30_63_9_1","0"
"30_63_9_2","59_34_8"
"32_63_9_0","0"
"32_63_9_1","0"
"32_63_9_2","0"
"32_63_9_3","63_32_8"
"34_63_9_0","0"
"34_63_9_1","0"
"34_63_9_2","0"
"34_63_9_3","67_30_8"
"38_63_9_0","0"
"38_63_9_1","0"
"38_63_9_2","75_26_8"
"47_63_9_0","0"
"47_63_9_1","0"
"47_63_9_2","93_17_8"
"49_63_9_0","0"
"49_63_9_1","0"
"49_63_9_2","97_15_8"
"64_63_9_0","0"
"64_63_9_1","0"
"64_63_9_2","0"
"64_63_9_3","127_0_8"
"2_63_10_0","3_62_9_1"
"2_63_10_1","3_62_9_0 + 3_62_9_1"
"4_63_10_0","0"
"4_63_10_1","7_60_9_0 + 7_60_9_1 + 7_60_9_2"
"4_63_10_2","7_60_9_1"
"4_63_10_3","7_60_9_1 + 7_60_9_2"
"4_63_10_4","7_60_9_0 + 7_60_9_3"
"6_63_10_0","0"
"6_63_10_1","0"
"6_63_10_2","11_58_9_1 + 11_58_9_2"
"6_63_10_3","11_58_9_0 + 11_58_9_1"
"6_63_10_4","11_58_9_0"
"8_63_10_0","0"
"8_63_10_1","0"
"8_63_10_2","0"
"8_63_10_3","15_56_9_1"
"8_63_10_4","15_56_9_0 + 15_56_9_1"
"10_63_10_0","0"
"10_63_10_1","0"
"10_63_10_2","0"
"10_63_10_3","19_54_9"
"11_63_10_0","0"
"11_63_10_1","0"
"11_63_10_2","0"
"11_63_10_3","21_53_9"
"12_63_10_0","0"
"12_63_10_1","0"
"12_63_10_2","0"
"12_63_10_3","0"
"12_63_10_4","23_52_9"
"16_63_10_0","0"
"16_63_10_1","0"
"16_63_10_2","0"
"16_63_10_3","31_48_9_2"
"16_63_10_4","31_48_9_0 + 31_48_9_2"
"16_63_10_5","31_48_9_1"
"18_63_10_0","0"
"18_63_10_1","0"
"18_63_10_2","35_46_9"
"22_63_10_0","0"
"22_63_10_1","43_42_9"
"26_63_10_0","0"
"26_63_10_1","51_38_9"
"29_63_10_0","0"
"29_63_10_1","57_35_9"
"30_63_10_0","0"
"30_63_10_1","0"
"30_63_10_2","59_34_9"
"32_63_10_0","0"
"32_63_10_1","0"
"32_63_10_2","63_32_9"
"34_63_10_0","0"
"34_63_10_1","67_30_9"
"36_63_10_0","0"
"36_63_10_1","71_28_9"
"38_63_10_0","0"
"38_63_10_1","75_26_9"
"42_63_10_0","0"
"42_63_10_1","83_22_9"
"47_63_10_0","0"
"47_63_10_1","93_17_9"
"64_63_10_0","0"
"64_63_10_1","0"
"64_63_10_2","127_0_9"
"2_63_11_0","3_62_10_0"
"2_63_11_1","3_62_10_0 + 3_62_10_1"
"2_63_11_2","3_62_10_0 + 3_62_10_2"
"3_63_11_0","0"
"3_63_11_1","5_61_10_0"
"4_63_11_0","0"
"4_63_11_1","0"
"4_63_11_2","7_60_10_1"
"4_63_11_3","7_60_10_0 + 7_60_10_1"
"5_63_11_0","0"
"5_63_11_1","0"
"5_63_11_2","9_59_10_0"
"6_63_11_0","0"
"6_63_11_1","0"
"6_63_11_2","11_58_10_1 + 11_58_10_2"
"6_63_11_3","11_58_10_1"
"7_63_11_0","0"
"7_63_11_1","0"
"7_63_11_2","13_57_10_0"
"8_63_11_0","0"
"8_63_11_1","0"
"8_63_11_2","0"
"8_63_11_3","15_56_10_2"
"8_63_11_4","15_56_10_0"
"8_63_11_5","15_56_10_1 + 15_56_10_2"
"10_63_11_0","0"
"10_63_11_1","0"
"10_63_11_2","0"
"10_63_11_3","0"
"10_63_11_4","19_54_10_0"
"12_63_11_0","0"
"12_63_11_1","0"
"12_63_11_2","0"
"12_63_11_3","0"
"12_63_11_4","23_52_10"
"16_63_11_0","0"
"16_63_11_1","0"
"16_63_11_2","0"
"16_63_11_3","31_48_10"
"20_63_11_0","0"
"20_63_11_1","0"
"20_63_11_2","39_44_10"
"24_63_11_0","0"
"24_63_11_1","0"
"24_63_11_2","47_40_10"
"27_63_11_0","0"
"27_63_11_1","0"
"27_63_11_2","53_37_10"
"30_63_11_0","0"
"30_63_11_1","0"
"30_63_11_2","0"
"30_63_11_3","59_34_10"
"34_63_11_0","0"
"34_63_11_1","0"
"34_63_11_2","67_30_10"
"36_63_11_0","0"
"36_63_11_1","0"
"36_63_11_2","71_28_10"
"40_63_11_0","0"
"40_63_11_1","0"
"40_63_11_2","79_24_10"
"42_63_11_0","0"
"42_63_11_1","0"
"42_63_11_2","83_22_10"
"46_63_11_0","0"
"46_63_11_1","0"
"46_63_11_2","91_18_10"
"64_63_11_0","0"
"64_63_11_1","0"
"64_63_11_2","0"
"64_63_11_3","127_0_10"
"2_63_12","3_62_11"
"4_63_12_0","0"
"4_63_12_1","7_60_11_1"
"4_63_12_2","7_60_11_2"
"4_63_12_3","7_60_11_0"
"5_63_12_0","0"
"5_63_12_1","9_59_11_0"
"7_63_12_0","0"
"7_63_12_1","13_57_11_1"
"7_63_12_2","13_57_11_0"
"8_63_12_0","0"
"8_63_12_1","0"
"8_63_12_2","0"
"8_63_12_3","15_56_11"
"10_63_12_0","0"
"10_63_12_1","19_54_11_0 + 19_54_11_1"
"12_63_12_0","23_52_11_1"
"12_63_12_1","23_52_11_0"
"14_63_12_0","0"
"14_63_12_1","27_50_11"
"16_63_12","31_48_11"
"18_63_12","35_46_11"
"23_63_12","45_41_11"
"24_63_12_0","0"
"24_63_12_1","47_40_11"
"34_63_12","67_30_11"
"39_63_12","77_25_11"
"40_63_12_0","0"
"40_63_12_1","79_24_11"
"45_63_12","89_19_11"
"64_63_12_0","0"
"64_63_12_1","127_0_11"
"2_63_13","3_62_12"
"3_63_13","5_61_12_0"
"4_63_13_0","0"
"4_63_13_1","7_60_12_1"
"4_63_13_2","7_60_12_0"
"5_63_13_0","0"
"5_63_13_1","9_59_12_0"
"6_63_13_0","0"
"6_63_13_1","0"
"6_63_13_2","11_58_12"
"8_63_13_0","0"
"8_63_13_1","0"
"8_63_13_2","15_56_12_1"
"8_63_13_3","15_56_12_0"
"10_63_13_0","0"
"10_63_13_1","19_54_12_2"
"10_63_13_2","19_54_12_0 + 19_54_12_1"
"10_63_13_3","19_54_12_1"
"14_63_13","27_50_12"
"16_63_13","31_48_12"
"22_63_13","43_42_12"
"24_63_13_0","0"
"24_63_13_1","47_40_12"
"30_63_13","59_34_12"
"39_63_13","77_25_12"
"41_63_13","81_23_12"
"64_63_13_0","0"
"64_63_13_1","127_0_12"
"2_63_14","3_62_13"
"3_63_14_0","5_61_13_1"
"3_63_14_1","5_61_13_0"
"4_63_14_0","0"
"4_63_14_1","0"
"4_63_14_2","7_60_13"
"8_63_14_0","0"
"8_63_14_1","15_56_13_0 + 15_56_13_2"
"8_63_14_2","15_56_13_0"
"8_63_14_3","15_56_13_0 + 15_56_13_1 + 15_56_13_2"
"10_63_14_0","0"
"10_63_14_1","19_54_13_0 + 19_54_13_1"
"10_63_14_2","19_54_13_0"
"14_63_14_0","27_50_13_1"
"14_63_14_1","27_50_13_0"
"21_63_14","41_43_13"
"22_63_14_0","0"
"22_63_14_1","43_42_13"
"24_63_14_0","0"
"24_63_14_1","47_40_13"
"28_63_14","55_36_13"
"30_63_14","59_34_13"
"34_63_14","67_30_13"
"39_63_14","77_25_13"
"64_63_14_0","0"
"64_63_14_1","127_0_13"
"3_63_15","5_61_14"
"4_63_15_0","0"
"4_63_15_1","7_60_14"
"6_63_15_0","0"
"6_63_15_1","11_58_14"
"10_63_15_0","0"
"10_63_15_1","19_54_14_1"
"10_63_15_2","19_54_14_0 + 19_54_14_1"
"12_63_15_0","0"
"12_63_15_1","23_52_14"
"14_63_15_0","0"
"14_63_15_1","0"
"14_63_15_2","27_50_14"
"16_63_15_0","0"
"16_63_15_1","31_48_14"
"18_63_15_0","0"
"18_63_15_1","35_46_14"
"22_63_15_0","0"
"22_63_15_1","0"
"22_63_15_2","43_42_14"
"28_63_15_0","0"
"28_63_15_1","55_36_14"
"32_63_15_0","0"
"32_63_15_1","63_32_14"
"34_63_15_0","0"
"34_63_15_1","67_30_14"
"38_63_15_0","0"
"38_63_15_1","75_26_14"
"64_63_15_0","0"
"64_63_15_1","0"
"64_63_15_2","127_0_14"
"2_63_16_0","3_62_15_0"
"2_63_16_1","3_62_15_0 + 3_62_15_1"
"4_63_16_0","0"
"4_63_16_1","7_60_15_1"
"4_63_16_2","7_60_15_0"
"6_63_16_0","0"
"6_63_16_1","0"
"6_63_16_2","11_58_15_0"
"6_63_16_3","11_58_15_0 + 11_58_15_1"
"10_63_16_0","0"
"10_63_16_1","19_54_15_2"
"10_63_16_2","19_54_15_1 + 19_54_15_2"
"10_63_16_3","19_54_15_0"
"15_63_16_0","0"
"15_63_16_1","29_49_15"
"16_63_16_0","0"
"16_63_16_1","0"
"16_63_16_2","31_48_15"
"18_63_16_0","0"
"18_63_16_1","0"
"18_63_16_2","35_46_15"
"31_63_16_0","0"
"31_63_16_1","61_33_15"
"32_63_16_0","0"
"32_63_16_1","0"
"32_63_16_2","63_32_15"
"37_63_16_0","0"
"37_63_16_1","73_27_15"
"64_63_16_0","0"
"64_63_16_1","0"
"64_63_16_2","127_0_15"
"2_63_17","3_62_16"
"6_63_17","11_58_16"
"8_63_17","15_56_16"
"10_63_17_0","0"
"10_63_17_1","19_54_16_0"
"10_63_17_2","19_54_16_1"
"14_63_17","27_50_16"
"16_63_17_0","0"
"16_63_17_1","31_48_16"
"18_63_17_0","0"
"18_63_17_1","35_46_16"
"22_63_17","43_42_16"
"31_63_17","61_33_16"
"33_63_17","65_31_16"
"64_63_17_0","0"
"64_63_17_1","127_0_16"
"3_63_18","5_61_17"
"6_63_18_0","0"
"6_63_18_1","11_58_17_1"
"6_63_18_2","11_58_17_0"
"10_63_18_0","0"
"10_63_18_1","19_54_17_0"
"10_63_18_2","19_54_17_1"
"13_63_18_0","0"
"13_63_18_1","25_51_17"
"14_63_18_0","0"
"14_63_18_1","0"
"14_63_18_2","27_50_17"
"16_63_18_0","0"
"16_63_18_1","0"
"16_63_18_2","31_48_17"
"18_63_18_0","0"
"18_63_18_1","35_46_17"
"20_63_18_0","0"
"20_63_18_1","39_44_17"
"22_63_18_0","0"
"22_63_18_1","43_42_17"
"26_63_18_0","0"
"26_63_18_1","51_38_17"
"31_63_18_0","0"
"31_63_18_1","61_33_17"
"64_63_18_0","0"
"64_63_18_1","0"
"64_63_18_2","127_0_17"
"2_63_19","3_62_18"
"4_63_19_0","7_60_18_1"
"4_63_19_1","7_60_18_0 + 7_60_18_1"
"8_63_19_0","15_56_18_1"
"8_63_19_1","15_56_18_0"
"10_63_19","19_54_18"
"11_63_19","21_53_18_0"
"14_63_19_0","0"
"14_63_19_1","27_50_18"
"18_63_19","35_46_18"
"20_63_19","39_44_18"
"24_63_19","47_40_18"
"26_63_19","51_38_18"
"30_63_19","59_34_18"
"64_63_19_0","0"
"64_63_19_1","127_0_18"
"2_63_20","3_62_19"
"7_63_20","13_57_19_0"
"8_63_20_0","0"
"8_63_20_1","15_56_19_1"
"8_63_20_2","15_56_19_0 + 15_56_19_1"
"10_63_20_0","0"
"10_63_20_1","19_54_19"
"18_63_20","35_46_19"
"23_63_20","45_41_19"
"24_63_20_0","0"
"24_63_20_1","47_40_19"
"29_63_20","57_35_19"
"64_63_20_0","0"
"64_63_20_1","127_0_19"
"3_63_21","5_61_20"
"6_63_21_0","0"
"6_63_21_1","11_58_20"
"8_63_21_0","0"
"8_63_21_1","0"
"8_63_21_2","15_56_20_0"
"8_63_21_3","15_56_20_0 + 15_56_20_1"
"10_63_21_0","0"
"10_63_21_1","0"
"10_63_21_2","19_54_20"
"14_63_21_0","0"
"14_63_21_1","27_50_20"
"23_63_21_0","0"
"23_63_21_1","45_41_20"
"25_63_21_0","0"
"25_63_21_1","49_39_20"
"64_63_21_0","0"
"64_63_21_1","0"
"64_63_21_2","127_0_20"
"2_63_22","3_62_21"
"4_63_22","7_60_21"
"5_63_22","9_59_21_0"
"6_63_22_0","0"
"6_63_22_1","11_58_21"
"8_63_22_0","0"
"8_63_22_1","15_56_21_1"
"8_63_22_2","15_56_21_0"
"10_63_22","19_54_21"
"12_63_22","23_52_21"
"14_63_22","27_50_21"
"18_63_22","35_46_21"
"23_63_22","45_41_21"
"64_63_22_0","0"
"64_63_22_1","127_0_21"
"3_63_23","5_61_22"
"4_63_23_0","0"
"4_63_23_1","7_60_22"
"6_63_23_0","0"
"6_63_23_1","11_58_22"
"8_63_23_0","0"
"8_63_23_1","15_56_22"
"12_63_23","23_52_22"
"16_63_23","31_48_22"
"18_63_23","35_46_22"
"22_63_23","43_42_22"
"64_63_23_0","0"
"64_63_23_1","127_0_22"
"4_63_24","7_60_23"
"6_63_24_0","11_58_23_1"
"6_63_24_1","11_58_23_0"
"8_63_24_0","0"
"8_63_24_1","15_56_23"
"15_63_24_0","0"
"15_63_24_1","29_49_23"
"16_63_24_0","0"
"16_63_24_1","0"
"16_63_24_2","31_48_23"
"21_63_24_0","0"
"21_63_24_1","41_43_23"
"64_63_24_0","0"
"64_63_24_1","0"
"64_63_24_2","127_0_23"
"2_63_25","3_62_24"
"4_63_25","7_60_24"
"6_63_25_0","0"
"6_63_25_1","11_58_24_1"
"6_63_25_2","11_58_24_0"
"15_63_25_0","0"
"15_63_25_1","29_49_24"
"17_63_25_0","0"
"17_63_25_1","33_47_24"
"64_63_25_0","0"
"64_63_25_1","0"
"64_63_25_2","127_0_24"
"3_63_26","5_61_25"
"4_63_26_0","0"
"4_63_26_1","7_60_25"
"6_63_26_0","0"
"6_63_26_1","11_58_25_1"
"6_63_26_2","11_58_25_0"
"10_63_26_0","0"
"10_63_26_1","19_54_25"
"15_63_26_0","0"
"15_63_26_1","29_49_25"
"64_63_26_0","0"
"64_63_26_1","0"
"64_63_26_2","127_0_25"
"4_63_27","7_60_26"
"6_63_27","11_58_26"
"8_63_27","15_56_26"
"10_63_27","19_54_26"
"14_63_27","27_50_26"
"64_63_27_0","0"
"64_63_27_1","127_0_26"
"2_63_28","3_62_27"
"7_63_28","13_57_27"
"8_63_28_0","0"
"8_63_28_1","15_56_27"
"13_63_28","25_51_27"
"64_63_28_0","0"
"64_63_28_1","127_0_27"
"3_63_29","5_61_28"
"7_63_29_0","0"
"7_63_29_1","13_57_28"
"9_63_29_0","0"
"9_63_29_1","17_55_28"
"64_63_29_0","0"
"64_63_29_1","0"
"64_63_29_2","127_0_28"
"7_63_30","13_57_29"
"64_63_30_0","0"
"64_63_30_1","127_0_29"
"6_63_31","11_58_30"
"64_63_31_0","0"
"64_63_31_1","127_0_30"
"5_63_32","9_59_31"
"64_63_32_0","0"
"64_63_32_1","127_0_31"
"64_63_33","127_0_32"
"64_63_34","127_0_33"
"64_63_35","127_0_34"
"64_63_36","127_0_35"
"64_63_37","127_0_36"
"62_64_2","123_3_1"
"64_64_2_0","0"
"64_64_2_1","127_1_1"
"34_64_3","67_31_2"
"50_64_3","99_15_2"
"58_64_3","115_7_2"
"62_64_3","123_3_2"
"63_64_3","125_2_2"
"16_64_4","31_49_3"
"20_64_4","39_45_3_0"
"28_64_4_0","0"
"28_64_4_1","55_37_3"
"32_64_4_0","0"
"32_64_4_1","0"
"32_64_4_2","63_33_3"
"34_64_4_0","0"
"34_64_4_1","0"
"34_64_4_2","67_31_3_1"
"44_64_4_0","0"
"44_64_4_1","87_21_3"
"48_64_4_0","0"
"48_64_4_1","0"
"48_64_4_2","95_17_3"
"50_64_4_0","0"
"50_64_4_1","0"
"50_64_4_2","99_15_3"
"56_64_4_0","0"
"56_64_4_1","111_9_3"
"58_64_4_0","0"
"58_64_4_1","115_7_3"
"62_64_4_0","0"
"62_64_4_1","123_3_3"
"11_64_5","21_54_4_0"
"12_64_5_0","0"
"12_64_5_1","23_53_4"
"13_64_5_0","0"
"13_64_5_1","25_52_4"
"15_64_5_0","0"
"15_64_5_1","0"
"15_64_5_2","29_50_4"
"16_64_5_0","0"
"16_64_5_1","0"
"16_64_5_2","0"
"16_64_5_3","31_49_4_1"
"16_64_5_4","31_49_4_0"
"20_64_5_0","0"
"20_64_5_1","0"
"20_64_5_2","39_45_4_0 + 39_45_4_1"
"20_64_5_3","39_45_4_1"
"24_64_5_0","0"
"24_64_5_1","0"
"24_64_5_2","47_41_4"
"31_64_5_0","0"
"31_64_5_1","0"
"31_64_5_2","61_34_4"
"32_64_5_0","0"
"32_64_5_1","0"
"32_64_5_2","0"
"32_64_5_3","63_33_4"
"34_64_5_0","0"
"34_64_5_1","0"
"34_64_5_2","0"
"34_64_5_3","67_31_4"
"47_64_5_0","0"
"47_64_5_1","93_18_4_1"
"48_64_5_0","0"
"48_64_5_1","0"
"48_64_5_2","95_17_4"
"50_64_5_0","0"
"50_64_5_1","0"
"50_64_5_2","99_15_4"
"56_64_5_0","0"
"56_64_5_1","0"
"56_64_5_2","111_9_4"
"58_64_5_0","0"
"58_64_5_1","115_7_4"
"8_64_6_0","15_57_5_0"
"8_64_6_1","15_57_5_1"
"10_64_6_0","19_55_5_0 + 19_55_5_1"
"10_64_6_1","19_55_5_1"
"11_64_6_0","0"
"11_64_6_1","0"
"11_64_6_2","21_54_5"
"12_64_6_0","0"
"12_64_6_1","0"
"12_64_6_2","0"
"12_64_6_3","23_53_5_1"
"12_64_6_4","23_53_5_2"
"12_64_6_5","23_53_5_0 + 23_53_5_1"
"16_64_6_0","0"
"16_64_6_1","0"
"16_64_6_2","0"
"16_64_6_3","0"
"16_64_6_4","0"
"16_64_6_5","31_49_5_1 + 31_49_5_2"
"16_64_6_6","31_49_5_1"
"16_64_6_7","31_49_5_0 + 31_49_5_1 + 31_49_5_2"
"20_64_6_0","0"
"20_64_6_1","0"
"20_64_6_2","0"
"20_64_6_3","39_45_5_0"
"24_64_6_0","0"
"24_64_6_1","0"
"24_64_6_2","47_41_5"
"26_64_6_0","0"
"26_64_6_1","51_39_5"
"28_64_6_0","0"
"28_64_6_1","55_37_5"
"30_64_6_0","0"
"30_64_6_1","0"
"30_64_6_2","59_35_5"
"32_64_6_0","0"
"32_64_6_1","0"
"32_64_6_2","0"
"32_64_6_3","63_33_5"
"34_64_6_0","0"
"34_64_6_1","0"
"34_64_6_2","67_31_5_1"
"44_64_6_0","0"
"44_64_6_1","87_21_5"
"47_64_6_0","0"
"47_64_6_1","93_18_5"
"48_64_6_0","0"
"48_64_6_1","0"
"48_64_6_2","95_17_5"
"50_64_6_0","0"
"50_64_6_1","0"
"50_64_6_2","99_15_5_0 + 99_15_5_1"
"54_64_6_0","0"
"54_64_6_1","107_11_5"
"56_64_6_0","0"
"56_64_6_1","0"
"56_64_6_2","111_9_5"
"4_64_7_0","7_61_6_1"
"4_64_7_1","7_61_6_0"
"5_64_7","9_60_6_0"
"6_64_7_0","0"
"6_64_7_1","11_59_6_1"
"9_64_7","17_56_6_0"
"10_64_7_0","0"
"10_64_7_1","19_55_6_1"
"10_64_7_2","19_55_6_0"
"11_64_7_0","0"
"11_64_7_1","0"
"11_64_7_2","21_54_6_1"
"11_64_7_3","21_54_6_0 + 21_54_6_1"
"12_64_7_0","0"
"12_64_7_1","0"
"12_64_7_2","0"
"12_64_7_3","0"
"12_64_7_4","23_53_6_0"
"13_64_7_0","0"
"13_64_7_1","0"
"13_64_7_2","0"
"13_64_7_3","25_52_6_0"
"14_64_7_0","0"
"14_64_7_1","0"
"14_64_7_2","0"
"14_64_7_3","0"
"14_64_7_4","27_51_6"
"15_64_7_0","0"
"15_64_7_1","0"
"15_64_7_2","0"
"15_64_7_3","0"
"15_64_7_4","29_50_6"
"16_64_7_0","0"
"16_64_7_1","0"
"16_64_7_2","0"
"16_64_7_3","0"
"16_64_7_4","0"
"16_64_7_5","31_49_6_0 + 31_49_6_2"
"16_64_7_6","31_49_6_1 + 31_49_6_2"
"16_64_7_7","31_49_6_0 + 31_49_6_1 + 31_49_6_2"
"18_64_7_0","0"
"18_64_7_1","0"
"18_64_7_2","0"
"18_64_7_3","35_47_6"
"20_64_7_0","0"
"20_64_7_1","0"
"20_64_7_2","0"
"20_64_7_3","39_45_6"
"25_64_7_0","0"
"25_64_7_1","49_40_6_0"
"27_64_7_0","0"
"27_64_7_1","0"
"27_64_7_2","53_38_6_0"
"28_64_7_0","0"
"28_64_7_1","0"
"28_64_7_2","0"
"28_64_7_3","55_37_6"
"31_64_7_0","0"
"31_64_7_1","0"
"31_64_7_2","0"
"31_64_7_3","61_34_6"
"34_64_7_0","0"
"34_64_7_1","0"
"34_64_7_2","0"
"34_64_7_3","67_31_6"
"42_64_7_0","0"
"42_64_7_1","0"
"42_64_7_2","83_23_6"
"45_64_7_0","0"
"45_64_7_1","0"
"45_64_7_2","89_20_6"
"48_64_7_0","0"
"48_64_7_1","0"
"48_64_7_2","0"
"48_64_7_3","95_17_6"
"50_64_7_0","0"
"50_64_7_1","0"
"50_64_7_2","0"
"50_64_7_3","99_15_6"
"54_64_7_0","0"
"54_64_7_1","0"
"54_64_7_2","107_11_6"
"55_64_7_0","0"
"55_64_7_1","0"
"55_64_7_2","109_10_6"
"4_64_8_0","7_61_7_2"
"4_64_8_1","7_61_7_0"
"4_64_8_2","7_61_7_0 + 7_61_7_1"
"6_64_8_0","11_59_7_0"
"6_64_8_1","11_59_7_0 + 11_59_7_1"
"10_64_8_0","0"
"10_64_8_1","19_55_7_1"
"10_64_8_2","19_55_7_0"
"11_64_8_0","0"
"11_64_8_1","0"
"11_64_8_2","21_54_7"
"12_64_8_0","0"
"12_64_8_1","0"
"12_64_8_2","0"
"12_64_8_3","23_53_7_1"
"12_64_8_4","23_53_7_0 + 23_53_7_1"
"14_64_8_0","0"
"14_64_8_1","0"
"14_64_8_2","0"
"14_64_8_3","0"
"14_64_8_4","27_51_7_0"
"14_64_8_5","27_51_7_1"
"16_64_8_0","0"
"16_64_8_1","0"
"16_64_8_2","0"
"16_64_8_3","0"
"16_64_8_4","31_49_7"
"18_64_8_0","0"
"18_64_8_1","0"
"18_64_8_2","0"
"18_64_8_3","35_47_7"
"20_64_8_0","0"
"20_64_8_1","0"
"20_64_8_2","0"
"20_64_8_3","39_45_7"
"24_64_8_0","0"
"24_64_8_1","0"
"24_64_8_2","0"
"24_64_8_3","47_41_7"
"26_64_8_0","0"
"26_64_8_1","0"
"26_64_8_2","0"
"26_64_8_3","51_39_7"
"28_64_8_0","0"
"28_64_8_1","0"
"28_64_8_2","0"
"28_64_8_3","0"
"28_64_8_4","55_37_7_1"
"28_64_8_5","55_37_7_0"
"32_64_8_0","0"
"32_64_8_1","0"
"32_64_8_2","0"
"32_64_8_3","0"
"32_64_8_4","63_33_7"
"34_64_8_0","0"
"34_64_8_1","0"
"34_64_8_2","0"
"34_64_8_3","0"
"34_64_8_4","67_31_7"
"42_64_8_0","0"
"42_64_8_1","0"
"42_64_8_2","0"
"42_64_8_3","83_23_7"
"48_64_8_0","0"
"48_64_8_1","0"
"48_64_8_2","0"
"48_64_8_3","0"
"48_64_8_4","95_17_7"
"50_64_8_0","0"
"50_64_8_1","0"
"50_64_8_2","0"
"50_64_8_3","99_15_7"
"54_64_8_0","0"
"54_64_8_1","0"
"54_64_8_2","0"
"54_64_8_3","107_11_7"
"2_64_9","3_63_8"
"3_64_9_0","5_62_8_0"
"3_64_9_1","5_62_8_0 + 5_62_8_1"
"4_64_9_0","0"
"4_64_9_1","0"
"4_64_9_2","7_61_8_2"
"4_64_9_3","7_61_8_3"
"4_64_9_4","7_61_8_0 + 7_61_8_2"
"4_64_9_5","7_61_8_1"
"6_64_9_0","11_59_8_1"
"6_64_9_1","11_59_8_0 + 11_59_8_1 + 11_59_8_2"
"6_64_9_2","11_59_8_1 + 11_59_8_2"
"8_64_9_0","15_57_8_1"
"8_64_9_1","15_57_8_0"
"10_64_9_0","0"
"10_64_9_1","19_55_8"
"14_64_9_0","0"
"14_64_9_1","0"
"14_64_9_2","27_51_8_1"
"14_64_9_3","27_51_8_0"
"23_64_9_0","0"
"23_64_9_1","45_42_8"
"28_64_9_0","0"
"28_64_9_1","55_37_8_0 + 55_37_8_1"
"28_64_9_2","55_37_8_0"
"30_64_9_0","0"
"30_64_9_1","0"
"30_64_9_2","59_35_8"
"34_64_9_0","0"
"34_64_9_1","67_31_8_0 + 67_31_8_1"
"36_64_9_0","0"
"36_64_9_1","71_29_8"
"40_64_9_0","0"
"40_64_9_1","79_25_8"
"42_64_9_0","0"
"42_64_9_1","0"
"42_64_9_2","83_23_8"
"48_64_9_0","0"
"48_64_9_1","0"
"48_64_9_2","95_17_8"
"50_64_9_0","0"
"50_64_9_1","99_15_8"
"2_64_10_0","3_63_9_2"
"2_64_10_1","3_63_9_0"
"2_64_10_2","3_63_9_0 + 3_63_9_1 + 3_63_9_2"
"3_64_10_0","5_62_9_0"
"3_64_10_1","5_62_9_0 + 5_62_9_1"
"4_64_10_0","0"
"4_64_10_1","0"
"4_64_10_2","7_61_9"
"5_64_10","9_60_9_0"
"6_64_10_0","0"
"6_64_10_1","11_59_9_0"
"8_64_10_0","0"
"8_64_10_1","15_57_9_0 + 15_57_9_1"
"8_64_10_2","15_57_9_1"
"8_64_10_3","15_57_9_0 + 15_57_9_1 + 15_57_9_2"
"12_64_10_0","0"
"12_64_10_1","23_53_9"
"14_64_10_0","0"
"14_64_10_1","0"
"14_64_10_2","27_51_9_1"
"17_64_10_0","0"
"17_64_10_1","33_48_9_0 + 33_48_9_1"
"20_64_10_0","0"
"20_64_10_1","0"
"20_64_10_2","39_45_9"
"27_64_10_0","0"
"27_64_10_1","0"
"27_64_10_2","53_38_9"
"28_64_10_0","0"
"28_64_10_1","0"
"28_64_10_2","0"
"28_64_10_3","55_37_9"
"30_64_10_0","0"
"30_64_10_1","0"
"30_64_10_2","59_35_9"
"34_64_10_0","0"
"34_64_10_1","0"
"34_64_10_2","67_31_9_0 + 67_31_9_1"
"34_64_10_3","67_31_9_0"
"36_64_10_0","0"
"36_64_10_1","0"
"36_64_10_2","71_29_9"
"39_64_10_0","0"
"39_64_10_1","0"
"39_64_10_2","77_26_9"
"40_64_10_0","0"
"40_64_10_1","0"
"40_64_10_2","0"
"40_64_10_3","79_25_9"
"42_64_10_0","0"
"42_64_10_1","0"
"42_64_10_2","0"
"42_64_10_3","83_23_9_1"
"46_64_10_0","0"
"46_64_10_1","0"
"46_64_10_2","91_19_9"
"48_64_10_0","0"
"48_64_10_1","0"
"48_64_10_2","0"
"48_64_10_3","95_17_9"
"2_64_11","3_63_10"
"3_64_11","5_62_10"
"4_64_11_0","0"
"4_64_11_1","7_61_10_2"
"4_64_11_2","7_61_10_1 + 7_61_10_2"
"4_64_11_3","7_61_10_0 + 7_61_10_2"
"7_64_11_0","0"
"7_64_11_1","13_58_10"
"8_64_11_0","0"
"8_64_11_1","0"
"8_64_11_2","15_57_10_1"
"8_64_11_3","15_57_10_0"
"11_64_11","21_54_10_0"
"14_64_11","27_51_10"
"18_64_11","35_47_10"
"24_64_11","47_41_10"
"28_64_11","55_37_10"
"34_64_11_0","67_31_10_0"
"34_64_11_1","67_31_10_1"
"37_64_11","73_28_10"
"40_64_11_0","0"
"40_64_11_1","79_25_10"
"42_64_11_0","0"
"42_64_11_1","83_23_10"
"46_64_11","91_19_10"
"47_64_11","93_18_10"
"2_64_12_0","3_63_11_1"
"2_64_12_1","3_63_11_0"
"3_64_12_0","0"
"3_64_12_1","5_62_11_0"
"4_64_12_0","0"
"4_64_12_1","0"
"4_64_12_2","7_61_11_0"
"4_64_12_3","7_61_11_0 + 7_61_11_1"
"6_64_12_0","0"
"6_64_12_1","0"
"6_64_12_2","11_59_11_0"
"6_64_12_3","11_59_11_1"
"8_64_12_0","0"
"8_64_12_1","0"
"8_64_12_2","15_57_11_1"
"8_64_12_3","15_57_11_0"
"10_64_12","19_55_11_1"
"12_64_12","23_53_11"
"16_64_12","31_49_11"
"22_64_12","43_43_11"
"24_64_12_0","0"
"24_64_12_1","47_41_11"
"34_64_12","67_31_11"
"35_64_12","69_30_11"
"40_64_12_0","0"
"40_64_12_1","79_25_11"
"42_64_12","83_23_11"
"46_64_12","91_19_11"
"2_64_13","3_63_12"
"3_64_13_0","5_62_12_1"
"3_64_13_1","5_62_12_0"
"4_64_13_0","0"
"4_64_13_1","0"
"4_64_13_2","7_61_12_0"
"4_64_13_3","7_61_12_1"
"6_64_13_0","0"
"6_64_13_1","11_59_12"
"8_64_13_0","0"
"8_64_13_1","15_57_12"
"10_64_13_0","0"
"10_64_13_1","19_55_12_1"
"12_64_13","23_53_12"
"14_64_13_0","27_51_12_1"
"14_64_13_1","27_51_12_0 + 27_51_12_1"
"16_64_13_0","0"
"16_64_13_1","31_49_12"
"20_64_13","39_45_12"
"22_64_13_0","0"
"22_64_13_1","43_43_12"
"28_64_13","55_37_12"
"32_64_13","63_33_12"
"34_64_13_0","0"
"34_64_13_1","67_31_12"
"40_64_13_0","0"
"40_64_13_1","79_25_12"
"42_64_13","83_23_12"
"2_64_14","3_63_13"
"3_64_14","5_62_13"
"4_64_14_0","0"
"4_64_14_1","7_61_13_0"
"4_64_14_2","7_61_13_0 + 7_61_13_1"
"6_64_14_0","0"
"6_64_14_1","11_59_13"
"9_64_14_0","0"
"9_64_14_1","17_56_13_0"
"10_64_14_0","0"
"10_64_14_1","0"
"10_64_14_2","19_55_13"
"12_64_14_0","0"
"12_64_14_1","0"
"12_64_14_2","23_53_13_1"
"12_64_14_3","23_53_13_0"
"14_64_14_0","0"
"14_64_14_1","0"
"14_64_14_2","0"
"14_64_14_3","27_51_13"
"18_64_14_0","0"
"18_64_14_1","0"
"18_64_14_2","35_47_13_1"
"22_64_14_0","0"
"22_64_14_1","0"
"22_64_14_2","43_43_13"
"26_64_14_0","0"
"26_64_14_1","0"
"26_64_14_2","51_39_13"
"28_64_14_0","0"
"28_64_14_1","0"
"28_64_14_2","55_37_13"
"31_64_14_0","0"
"31_64_14_1","0"
"31_64_14_2","61_34_13"
"32_64_14_0","0"
"32_64_14_1","0"
"32_64_14_2","0"
"32_64_14_3","63_33_13"
"34_64_14_0","0"
"34_64_14_1","0"
"34_64_14_2","0"
"34_64_14_3","67_31_13_1"
"38_64_14_0","0"
"38_64_14_1","0"
"38_64_14_2","75_27_13"
"40_64_14_0","0"
"40_64_14_1","0"
"40_64_14_2","0"
"40_64_14_3","79_25_13"
"2_64_15_0","3_63_14_1"
"2_64_15_1","3_63_14_0 + 3_63_14_1"
"4_64_15_0","7_61_14_1"
"4_64_15_1","7_61_14_0 + 7_61_14_1"
"5_64_15_0","0"
"5_64_15_1","9_60_14_0"
"6_64_15_0","0"
"6_64_15_1","0"
"6_64_15_2","11_59_14"
"8_64_15_0","0"
"8_64_15_1","15_57_14"
"10_64_15_0","0"
"10_64_15_1","19_55_14"
"12_64_15_0","0"
"12_64_15_1","0"
"12_64_15_2","23_53_14_0 + 23_53_14_1"
"12_64_15_3","23_53_14_1"
"16_64_15_0","0"
"16_64_15_1","31_49_14"
"18_64_15_0","0"
"18_64_15_1","0"
"18_64_15_2","35_47_14"
"26_64_15_0","0"
"26_64_15_1","51_39_14"
"29_64_15_0","0"
"29_64_15_1","57_36_14"
"32_64_15_0","0"
"32_64_15_1","0"
"32_64_15_2","63_33_14"
"34_64_15_0","0"
"34_64_15_1","0"
"34_64_15_2","67_31_14"
"38_64_15_0","0"
"38_64_15_1","75_27_14"
"39_64_15_0","0"
"39_64_15_1","77_26_14"
"2_64_16","3_63_15"
"3_64_16_0","0"
"3_64_16_1","5_62_15"
"8_64_16_0","0"
"8_64_16_1","15_57_15_1"
"8_64_16_2","15_57_15_0"
"12_64_16_0","0"
"12_64_16_1","23_53_15_0 + 23_53_15_1"
"12_64_16_2","23_53_15_1"
"14_64_16_0","0"
"14_64_16_1","27_51_15"
"16_64_16_0","0"
"16_64_16_1","0"
"16_64_16_2","31_49_15"
"18_64_16_0","0"
"18_64_16_1","35_47_15"
"26_64_16_0","0"
"26_64_16_1","51_39_15"
"32_64_16_0","0"
"32_64_16_1","0"
"32_64_16_2","63_33_15"
"34_64_16_0","0"
"34_64_16_1","67_31_15"
"38_64_16_0","0"
"38_64_16_1","75_27_15"
"2_64_17","3_63_16"
"3_64_17_0","0"
"3_64_17_1","5_62_16"
"6_64_17_0","0"
"6_64_17_1","0"
"6_64_17_2","11_59_16_1"
"6_64_17_3","11_59_16_0"
"8_64_17_0","0"
"8_64_17_1","0"
"8_64_17_2","0"
"8_64_17_3","15_57_16"
"12_64_17_0","0"
"12_64_17_1","0"
"12_64_17_2","23_53_16_2"
"12_64_17_3","23_53_16_0 + 23_53_16_1 + 23_53_16_2"
"12_64_17_4","23_53_16_1"
"14_64_17_0","0"
"14_64_17_1","0"
"14_64_17_2","0"
"14_64_17_3","27_51_16"
"18_64_17_0","0"
"18_64_17_1","0"
"18_64_17_2","35_47_16_1"
"20_64_17_0","0"
"20_64_17_1","0"
"20_64_17_2","39_45_16"
"24_64_17_0","0"
"24_64_17_1","0"
"24_64_17_2","47_41_16"
"26_64_17_0","0"
"26_64_17_1","0"
"26_64_17_2","0"
"26_64_17_3","51_39_16"
"32_64_17_0","0"
"32_64_17_1","0"
"32_64_17_2","0"
"32_64_17_3","63_33_16"
"34_64_17_0","0"
"34_64_17_1","0"
"34_64_17_2","67_31_16"
"2_64_18","3_63_17"
"4_64_18_0","7_61_17_1"
"4_64_18_1","7_61_17_0"
"8_64_18","15_57_17"
"11_64_18","21_54_17_0"
"12_64_18_0","0"
"12_64_18_1","23_53_17"
"14_64_18","27_51_17"
"18_64_18_0","35_47_17_0"
"18_64_18_1","35_47_17_0 + 35_47_17_1"
"20_64_18","39_45_17"
"23_64_18","45_42_17"
"24_64_18_0","0"
"24_64_18_1","47_41_17"
"26_64_18_0","0"
"26_64_18_1","51_39_17_1"
"30_64_18","59_35_17"
"32_64_18_0","0"
"32_64_18_1","63_33_17"
"2_64_19","3_63_18"
"8_64_19_0","15_57_18_1"
"8_64_19_1","15_57_18_0"
"12_64_19","23_53_18"
"18_64_19_0","35_47_18_0"
"18_64_19_1","35_47_18_1"
"21_64_19","41_44_18"
"24_64_19_0","0"
"24_64_19_1","47_41_18"
"26_64_19_0","0"
"26_64_19_1","51_39_18"
"30_64_19","59_35_18"
"31_64_19","61_34_18"
"3_64_20","5_62_19"
"6_64_20_0","0"
"6_64_20_1","11_59_19"
"8_64_20_0","0"
"8_64_20_1","0"
"8_64_20_2","15_57_19_0"
"8_64_20_3","15_57_19_0 + 15_57_19_1"
"18_64_20_0","0"
"18_64_20_1","35_47_19"
"19_64_20_0","0"
"19_64_20_1","37_46_19"
"24_64_20_0","0"
"24_64_20_1","0"
"24_64_20_2","47_41_19"
"26_64_20_0","0"
"26_64_20_1","51_39_19"
"30_64_20_0","0"
"30_64_20_1","59_35_19"
"2_64_21","3_63_20"
"4_64_21_0","7_61_20_1"
"4_64_21_1","7_61_20_0"
"6_64_21_0","0"
"6_64_21_1","11_59_20_0 + 11_59_20_1"
"6_64_21_2","11_59_20_0"
"12_64_21","23_53_20"
"16_64_21","31_49_20"
"18_64_21_0","0"
"18_64_21_1","35_47_20"
"24_64_21_0","0"
"24_64_21_1","47_41_20"
"26_64_21","51_39_20"
"2_64_22","3_63_21"
"3_64_22_0","0"
"3_64_22_1","5_62_21"
"4_64_22_0","0"
"4_64_22_1","0"
"4_64_22_2","7_61_21"
"6_64_22_0","0"
"6_64_22_1","11_59_21_0 + 11_59_21_1"
"6_64_22_2","11_59_21_0"
"10_64_22_0","0"
"10_64_22_1","19_55_21"
"12_64_22_0","0"
"12_64_22_1","23_53_21"
"15_64_22_0","0"
"15_64_22_1","29_50_21"
"16_64_22_0","0"
"16_64_22_1","0"
"16_64_22_2","31_49_21"
"18_64_22_0","0"
"18_64_22_1","0"
"18_64_22_2","35_47_21_1"
"22_64_22_0","0"
"22_64_22_1","43_43_21"
"24_64_22_0","0"
"24_64_22_1","0"
"24_64_22_2","47_41_21"
"4_64_23","7_61_22"
"6_64_23","11_59_22"
"7_64_23","13_58_22_0"
"10_64_23_0","0"
"10_64_23_1","19_55_22"
"13_64_23_0","0"
"13_64_23_1","25_52_22"
"16_64_23_0","0"
"16_64_23_1","0"
"16_64_23_2","31_49_22"
"18_64_23_0","0"
"18_64_23_1","0"
"18_64_23_2","35_47_22"
"22_64_23_0","0"
"22_64_23_1","43_43_22"
"23_64_23_0","0"
"23_64_23_1","45_42_22"
"2_64_24","3_63_23"
"4_64_24","7_61_23"
"10_64_24_0","0"
"10_64_24_1","19_55_23"
"16_64_24_0","0"
"16_64_24_1","0"
"16_64_24_2","31_49_23"
"18_64_24_0","0"
"18_64_24_1","35_47_23"
"22_64_24_0","0"
"22_64_24_1","43_43_23"
"3_64_25","5_62_24"
"4_64_25_0","0"
"4_64_25_1","7_61_24"
"6_64_25_0","0"
"6_64_25_1","11_59_24"
"8_64_25_0","0"
"8_64_25_1","15_57_24_1"
"8_64_25_2","15_57_24_0"
"10_64_25_0","0"
"10_64_25_1","0"
"10_64_25_2","19_55_24"
"16_64_25_0","0"
"16_64_25_1","0"
"16_64_25_2","31_49_24"
"18_64_25_0","0"
"18_64_25_1","35_47_24"
"4_64_26","7_61_25"
"6_64_26","11_59_25"
"7_64_26","13_58_25_0"
"8_64_26_0","0"
"8_64_26_1","15_57_25"
"10_64_26_0","0"
"10_64_26_1","19_55_25_1"
"14_64_26","27_51_25"
"16_64_26_0","0"
"16_64_26_1","31_49_25"
"2_64_27","3_63_26"
"4_64_27","7_61_26"
"5_64_27","9_60_26"
"8_64_27_0","0"
"8_64_27_1","15_57_26"
"10_64_27_0","0"
"10_64_27_1","19_55_26"
"14_64_27","27_51_26"
"15_64_27","29_50_26"
"3_64_28","5_62_27"
"4_64_28_0","0"
"4_64_28_1","7_61_27"
"8_64_28_0","0"
"8_64_28_1","15_57_27"
"10_64_28","19_55_27"
"14_64_28","27_51_27"
"4_64_29","7_61_28"
"8_64_29","15_57_28"
"10_64_29","19_55_28"
"2_64_30","3_63_29"
"6_64_30_0","0"
"6_64_30_1","11_59_29"
"8_64_30_0","0"
"8_64_30_1","0"
"8_64_30_2","15_57_29"
"3_64_31","5_62_30"
"6_64_31_0","0"
"6_64_31_1","11_59_30"
"7_64_31_0","0"
"7_64_31_1","13_58_30"
"6_64_32","11_59_31"
"66_65_2","131_0_1"
"28_65_3","55_38_2"
"32_65_3_0","0"
"32_65_3_1","63_34_2"
"48_65_3_0","0"
"48_65_3_1","95_18_2"
"60_65_3_0","0"
"60_65_3_1","119_6_2"
"64_65_3_0","0"
"64_65_3_1","0"
"64_65_3_2","127_2_2"
"66_65_3_0","0"
"66_65_3_1","0"
"66_65_3_2","131_0_2"
"20_65_4","39_46_3"
"22_65_4","43_44_3"
"27_65_4","53_39_3"
"28_65_4_0","0"
"28_65_4_1","55_38_3"
"29_65_4_0","0"
"29_65_4_1","57_37_3"
"32_65_4_0","0"
"32_65_4_1","0"
"32_65_4_2","63_34_3"
"36_65_4_0","0"
"36_65_4_1","71_30_3"
"45_65_4_0","0"
"45_65_4_1","89_21_3"
"48_65_4_0","0"
"48_65_4_1","0"
"48_65_4_2","95_18_3"
"52_65_4_0","0"
"52_65_4_1","103_14_3"
"63_65_4_0","0"
"63_65_4_1","125_3_3"
"66_65_4_0","0"
"66_65_4_1","131_0_3"
"10_65_5","19_56_4_0"
"12_65_5_0","0"
"12_65_5_1","23_54_4"
"14_65_5_0","0"
"14_65_5_1","27_52_4"
"16_65_5_0","0"
"16_65_5_1","0"
"16_65_5_2","31_50_4_1"
"16_65_5_3","31_50_4_0"
"20_65_5_0","0"
"20_65_5_1","0"
"20_65_5_2","39_46_4_0"
"20_65_5_3","39_46_4_0 + 39_46_4_1"
"26_65_5","51_40_4_1"
"27_65_5_0","0"
"27_65_5_1","53_39_4"
"28_65_5_0","0"
"28_65_5_1","0"
"28_65_5_2","55_38_4_0 + 55_38_4_1"
"32_65_5_0","0"
"32_65_5_1","0"
"32_65_5_2","63_34_4"
"36_65_5_0","0"
"36_65_5_1","71_30_4"
"43_65_5_0","0"
"43_65_5_1","85_23_4"
"48_65_5_0","0"
"48_65_5_1","0"
"48_65_5_2","95_18_4_1"
"48_65_5_3","95_18_4_0"
"66_65_5_0","0"
"66_65_5_1","131_0_4"
"7_65_6","13_59_5"
"10_65_6_0","0"
"10_65_6_1","19_56_5"
"11_65_6_0","0"
"11_65_6_1","21_55_5_0"
"12_65_6_0","0"
"12_65_6_1","0"
"12_65_6_2","23_54_5_1"
"12_65_6_3","23_54_5_0 + 23_54_5_1"
"13_65_6_0","0"
"13_65_6_1","0"
"13_65_6_2","25_53_5_0"
"14_65_6_0","0"
"14_65_6_1","0"
"14_65_6_2","0"
"14_65_6_3","27_52_5_1"
"14_65_6_4","27_52_5_0"
"16_65_6_0","0"
"16_65_6_1","0"
"16_65_6_2","0"
"16_65_6_3","0"
"16_65_6_4","31_50_5"
"18_65_6_0","0"
"18_65_6_1","0"
"18_65_6_2","35_48_5_1"
"20_65_6_0","0"
"20_65_6_1","0"
"20_65_6_2","39_46_5"
"22_65_6_0","0"
"22_65_6_1","43_44_5"
"26_65_6_0","0"
"26_65_6_1","51_40_5_0"
"26_65_6_2","51_40_5_1"
"27_65_6_0","0"
"27_65_6_1","0"
"27_65_6_2","53_39_5"
"28_65_6_0","0"
"28_65_6_1","0"
"28_65_6_2","0"
"28_65_6_3","55_38_5"
"31_65_6_0","0"
"31_65_6_1","0"
"31_65_6_2","61_35_5"
"36_65_6_0","0"
"36_65_6_1","71_30_5"
"42_65_6_0","0"
"42_65_6_1","83_24_5"
"45_65_6_0","0"
"45_65_6_1","0"
"45_65_6_2","89_21_5"
"46_65_6_0","0"
"46_65_6_1","0"
"46_65_6_2","0"
"46_65_6_3","91_20_5"
"48_65_6_0","0"
"48_65_6_1","0"
"48_65_6_2","0"
"48_65_6_3","95_18_5"
"52_65_6_0","0"
"52_65_6_1","103_14_5"
"66_65_6_0","0"
"66_65_6_1","131_0_5"
"4_65_7","7_62_6"
"6_65_7","11_60_6_1"
"8_65_7_0","0"
"8_65_7_1","15_58_6"
"10_65_7_0","0"
"10_65_7_1","0"
"10_65_7_2","19_56_6"
"11_65_7_0","0"
"11_65_7_1","0"
"11_65_7_2","21_55_6_0"
"12_65_7_0","0"
"12_65_7_1","0"
"12_65_7_2","23_54_6_1"
"12_65_7_3","23_54_6_0"
"13_65_7_0","0"
"13_65_7_1","0"
"13_65_7_2","0"
"13_65_7_3","25_53_6_0"
"14_65_7_0","0"
"14_65_7_1","0"
"14_65_7_2","0"
"14_65_7_3","27_52_6_1"
"14_65_7_4","27_52_6_0"
"16_65_7_0","0"
"16_65_7_1","0"
"16_65_7_2","0"
"16_65_7_3","31_50_6_1"
"16_65_7_4","31_50_6_0 + 31_50_6_1"
"18_65_7_0","0"
"18_65_7_1","0"
"18_65_7_2","0"
"18_65_7_3","35_48_6_0 + 35_48_6_1"
"18_65_7_4","35_48_6_1"
"20_65_7_0","0"
"20_65_7_1","0"
"20_65_7_2","0"
"20_65_7_3","39_46_6_1"
"20_65_7_4","39_46_6_0"
"22_65_7_0","0"
"22_65_7_1","0"
"22_65_7_2","43_44_6"
"24_65_7_0","0"
"24_65_7_1","0"
"24_65_7_2","47_42_6"
"26_65_7_0","0"
"26_65_7_1","0"
"26_65_7_2","0"
"26_65_7_3","51_40_6_0"
"28_65_7_0","0"
"28_65_7_1","0"
"28_65_7_2","0"
"28_65_7_3","55_38_6_0"
"28_65_7_4","55_38_6_1"
"32_65_7_0","0"
"32_65_7_1","0"
"32_65_7_2","0"
"32_65_7_3","63_34_6"
"40_65_7_0","0"
"40_65_7_1","0"
"40_65_7_2","79_26_6"
"43_65_7_0","0"
"43_65_7_1","0"
"43_65_7_2","0"
"43_65_7_3","85_23_6"
"46_65_7_0","0"
"46_65_7_1","0"
"46_65_7_2","0"
"46_65_7_3","91_20_6"
"52_65_7_0","0"
"52_65_7_1","0"
"52_65_7_2","103_14_6"
"56_65_7_0","0"
"56_65_7_1","0"
"56_65_7_2","111_10_6"
"66_65_7_0","0"
"66_65_7_1","0"
"66_65_7_2","131_0_6"
"3_65_8","5_63_7_0"
"4_65_8_0","0"
"4_65_8_1","7_62_7_0"
"4_65_8_2","7_62_7_0 + 7_62_7_1"
"6_65_8_0","0"
"6_65_8_1","11_60_7_0"
"10_65_8","19_56_7"
"11_65_8_0","0"
"11_65_8_1","21_55_7_0"
"11_65_8_2","21_55_7_1"
"12_65_8_0","0"
"12_65_8_1","0"
"12_65_8_2","23_54_7"
"13_65_8_0","0"
"13_65_8_1","25_53_7"
"14_65_8_0","0"
"14_65_8_1","0"
"14_65_8_2","27_52_7_0"
"14_65_8_3","27_52_7_0 + 27_52_7_1"
"18_65_8_0","0"
"18_65_8_1","35_48_7_1"
"19_65_8_0","0"
"19_65_8_1","37_47_7"
"20_65_8_0","0"
"20_65_8_1","0"
"20_65_8_2","39_46_7"
"21_65_8_0","0"
"21_65_8_1","0"
"21_65_8_2","41_45_7"
"24_65_8_0","0"
"24_65_8_1","0"
"24_65_8_2","47_42_7"
"27_65_8_0","0"
"27_65_8_1","53_39_7"
"28_65_8_0","0"
"28_65_8_1","0"
"28_65_8_2","55_38_7"
"29_65_8_0","0"
"29_65_8_1","0"
"29_65_8_2","57_37_7_0"
"34_65_8_0","0"
"34_65_8_1","0"
"34_65_8_2","67_32_7"
"36_65_8_0","0"
"36_65_8_1","0"
"36_65_8_2","71_30_7"
"40_65_8_0","0"
"40_65_8_1","0"
"40_65_8_2","79_26_7"
"55_65_8_0","0"
"55_65_8_1","109_11_7"
"66_65_8_0","0"
"66_65_8_1","131_0_7"
"3_65_9","5_63_8_0 + 5_63_8_3"
"4_65_9_0","0"
"4_65_9_1","7_62_8_0"
"4_65_9_2","7_62_8_0 + 7_62_8_1"
"4_65_9_3","7_62_8_2"
"6_65_9_0","0"
"6_65_9_1","11_60_8_0"
"6_65_9_2","11_60_8_0 + 11_60_8_1"
"7_65_9_0","0"
"7_65_9_1","13_59_8_0"
"10_65_9_0","0"
"10_65_9_1","0"
"10_65_9_2","19_56_8"
"12_65_9_0","0"
"12_65_9_1","0"
"12_65_9_2","23_54_8_1"
"14_65_9_0","0"
"14_65_9_1","0"
"14_65_9_2","0"
"14_65_9_3","27_52_8_1"
"14_65_9_4","27_52_8_0 + 27_52_8_1"
"18_65_9_0","0"
"18_65_9_1","0"
"18_65_9_2","0"
"18_65_9_3","35_48_8"
"19_65_9_0","0"
"19_65_9_1","0"
"19_65_9_2","37_47_8_0"
"19_65_9_3","37_47_8_1"
"20_65_9_0","0"
"20_65_9_1","0"
"20_65_9_2","0"
"20_65_9_3","0"
"20_65_9_4","39_46_8"
"24_65_9_0","0"
"24_65_9_1","0"
"24_65_9_2","0"
"24_65_9_3","0"
"24_65_9_4","47_42_8"
"28_65_9_0","0"
"28_65_9_1","0"
"28_65_9_2","0"
"28_65_9_3","55_38_8"
"32_65_9_0","0"
"32_65_9_1","0"
"32_65_9_2","0"
"32_65_9_3","63_34_8"
"34_65_9_0","0"
"34_65_9_1","0"
"34_65_9_2","0"
"34_65_9_3","67_32_8"
"36_65_9_0","0"
"36_65_9_1","0"
"36_65_9_2","0"
"36_65_9_3","71_30_8"
"38_65_9_0","0"
"38_65_9_1","0"
"38_65_9_2","75_28_8"
"40_65_9_0","0"
"40_65_9_1","0"
"40_65_9_2","0"
"40_65_9_3","79_26_8"
"66_65_9_0","0"
"66_65_9_1","0"
"66_65_9_2","131_0_8"
"2_65_10_0","3_64_9_0"
"2_65_10_1","3_64_9_0 + 3_64_9_1"
"4_65_10_0","7_62_9_3"
"4_65_10_1","7_62_9_2 + 7_62_9_3"
"4_65_10_2","7_62_9_1 + 7_62_9_2"
"4_65_10_3","7_62_9_0 + 7_62_9_3"
"6_65_10","11_60_9_0"
"7_65_10","13_59_9"
"11_65_10_0","0"
"11_65_10_1","21_55_9"
"12_65_10_0","0"
"12_65_10_1","0"
"12_65_10_2","23_54_9"
"14_65_10_0","0"
"14_65_10_1","27_52_9"
"15_65_10_0","0"
"15_65_10_1","29_51_9_0"
"18_65_10_0","0"
"18_65_10_1","0"
"18_65_10_2","35_48_9_0"
"18_65_10_3","35_48_9_0 + 35_48_9_1"
"24_65_10_0","0"
"24_65_10_1","0"
"24_65_10_2","47_42_9"
"28_65_10_0","0"
"28_65_10_1","55_38_9"
"31_65_10_0","0"
"31_65_10_1","61_35_9"
"32_65_10_0","0"
"32_65_10_1","0"
"32_65_10_2","63_34_9"
"34_65_10_0","0"
"34_65_10_1","0"
"34_65_10_2","67_32_9"
"36_65_10_0","0"
"36_65_10_1","71_30_9"
"37_65_10_0","0"
"37_65_10_1","73_29_9"
"38_65_10_0","0"
"38_65_10_1","0"
"38_65_10_2","75_28_9"
"40_65_10_0","0"
"40_65_10_1","0"
"40_65_10_2","79_26_9"
"44_65_10_0","0"
"44_65_10_1","87_22_9"
"66_65_10_0","0"
"66_65_10_1","131_0_9"
"2_65_11_0","3_64_10_0"
"2_65_11_1","3_64_10_1"
"3_65_11","5_63_10_0"
"4_65_11_0","0"
"4_65_11_1","7_62_10_0"
"4_65_11_2","7_62_10_0 + 7_62_10_1"
"10_65_11_0","0"
"10_65_11_1","19_56_10_2"
"12_65_11_0","0"
"12_65_11_1","23_54_10_0"
"12_65_11_2","23_54_10_0 + 23_54_10_2"
"12_65_11_3","23_54_10_0 + 23_54_10_1 + 23_54_10_2"
"16_65_11_0","0"
"16_65_11_1","0"
"16_65_11_2","31_50_10"
"22_65_11_0","0"
"22_65_11_1","0"
"22_65_11_2","43_44_10"
"29_65_11_0","0"
"29_65_11_1","0"
"29_65_11_2","57_37_10"
"32_65_11_0","0"
"32_65_11_1","0"
"32_65_11_2","0"
"32_65_11_3","63_34_10"
"35_65_11_0","0"
"35_65_11_1","0"
"35_65_11_2","69_31_10_0"
"36_65_11_0","0"
"36_65_11_1","0"
"36_65_11_2","0"
"36_65_11_3","71_30_10"
"38_65_11_0","0"
"38_65_11_1","0"
"38_65_11_2","0"
"38_65_11_3","75_28_10"
"44_65_11_0","0"
"44_65_11_1","0"
"44_65_11_2","87_22_10"
"48_65_11_0","0"
"48_65_11_1","0"
"48_65_11_2","95_18_10"
"66_65_11_0","0"
"66_65_11_1","0"
"66_65_11_2","131_0_10"
"2_65_12","3_64_11"
"3_65_12_0","5_63_11_0"
"3_65_12_1","5_63_11_1 + 5_63_11_2"
"4_65_12_0","0"
"4_65_12_1","0"
"4_65_12_2","7_62_11_1"
"4_65_12_3","7_62_11_0"
"4_65_12_4","7_62_11_2"
"6_65_12_0","0"
"6_65_12_1","11_60_11_1"
"6_65_12_2","11_60_11_0"
"10_65_12_0","0"
"10_65_12_1","0"
"10_65_12_2","19_56_11"
"12_65_12_0","0"
"12_65_12_1","0"
"12_65_12_2","23_54_11_2"
"12_65_12_3","23_54_11_0 + 23_54_11_1"
"12_65_12_4","23_54_11_0"
"14_65_12_0","0"
"14_65_12_1","0"
"14_65_12_2","27_52_11"
"16_65_12_0","0"
"16_65_12_1","0"
"16_65_12_2","0"
"16_65_12_3","31_50_11"
"20_65_12_0","0"
"20_65_12_1","0"
"20_65_12_2","39_46_11"
"26_65_12_0","0"
"26_65_12_1","0"
"26_65_12_2","51_40_11"
"32_65_12_0","0"
"32_65_12_1","0"
"32_65_12_2","0"
"32_65_12_3","63_34_11"
"36_65_12_0","0"
"36_65_12_1","0"
"36_65_12_2","0"
"36_65_12_3","71_30_11"
"47_65_12_0","0"
"47_65_12_1","0"
"47_65_12_2","93_19_11"
"66_65_12_0","0"
"66_65_12_1","0"
"66_65_12_2","131_0_11"
"2_65_13_0","3_64_12_0"
"2_65_13_1","3_64_12_0 + 3_64_12_1"
"3_65_13","5_63_12_1"
"4_65_13_0","0"
"4_65_13_1","7_62_12_0"
"4_65_13_2","7_62_12_0 + 7_62_12_1"
"6_65_13_0","11_60_12_1"
"6_65_13_1","11_60_12_0"
"7_65_13_0","0"
"7_65_13_1","13_59_12"
"10_65_13_0","0"
"10_65_13_1","0"
"10_65_13_2","19_56_12"
"11_65_13_0","0"
"11_65_13_1","0"
"11_65_13_2","21_55_12_0"
"12_65_13_0","0"
"12_65_13_1","0"
"12_65_13_2","0"
"12_65_13_3","23_54_12_0 + 23_54_12_1"
"12_65_13_4","23_54_12_2"
"12_65_13_5","23_54_12_1"
"16_65_13_0","0"
"16_65_13_1","0"
"16_65_13_2","31_50_12"
"18_65_13_0","0"
"18_65_13_1","0"
"18_65_13_2","35_48_12"
"24_65_13_0","0"
"24_65_13_1","0"
"24_65_13_2","47_42_12"
"26_65_13_0","0"
"26_65_13_1","0"
"26_65_13_2","0"
"26_65_13_3","51_40_12"
"30_65_13_0","0"
"30_65_13_1","0"
"30_65_13_2","59_36_12"
"32_65_13_0","0"
"32_65_13_1","0"
"32_65_13_2","0"
"32_65_13_3","63_34_12"
"66_65_13_0","0"
"66_65_13_1","0"
"66_65_13_2","131_0_12"
"2_65_14_0","3_64_13_0"
"2_65_14_1","3_64_13_0 + 3_64_13_1"
"4_65_14_0","0"
"4_65_14_1","7_62_13_1"
"4_65_14_2","7_62_13_0 + 7_62_13_1"
"5_65_14_0","0"
"5_65_14_1","9_61_13_0"
"6_65_14_0","0"
"6_65_14_1","0"
"6_65_14_2","11_60_13_0"
"6_65_14_3","11_60_13_1"
"8_65_14_0","0"
"8_65_14_1","15_58_13"
"10_65_14_0","0"
"10_65_14_1","19_56_13_0"
"10_65_14_2","19_56_13_0 + 19_56_13_1"
"12_65_14_0","0"
"12_65_14_1","0"
"12_65_14_2","23_54_13_0"
"12_65_14_3","23_54_13_1"
"16_65_14_0","0"
"16_65_14_1","31_50_13_1"
"16_65_14_2","31_50_13_0"
"23_65_14_0","0"
"23_65_14_1","45_43_13"
"24_65_14_0","0"
"24_65_14_1","0"
"24_65_14_2","47_42_13"
"26_65_14_0","0"
"26_65_14_1","0"
"26_65_14_2","51_40_13"
"29_65_14_0","0"
"29_65_14_1","57_37_13"
"30_65_14_0","0"
"30_65_14_1","0"
"30_65_14_2","59_36_13"
"32_65_14_0","0"
"32_65_14_1","0"
"32_65_14_2","63_34_13"
"36_65_14_0","0"
"36_65_14_1","71_30_13"
"66_65_14_0","0"
"66_65_14_1","131_0_13"
"2_65_15","3_64_14"
"3_65_15_0","0"
"3_65_15_1","5_63_14"
"4_65_15_0","0"
"4_65_15_1","0"
"4_65_15_2","7_62_14"
"6_65_15_0","0"
"6_65_15_1","11_60_14"
"8_65_15_0","0"
"8_65_15_1","15_58_14_1"
"8_65_15_2","15_58_14_0 + 15_58_14_1"
"12_65_15_0","0"
"12_65_15_1","23_54_14_0"
"12_65_15_2","23_54_14_1"
"14_65_15_0","0"
"14_65_15_1","27_52_14_1"
"14_65_15_2","27_52_14_0"
"20_65_15_0","0"
"20_65_15_1","39_46_14"
"24_65_15_0","0"
"24_65_15_1","0"
"24_65_15_2","47_42_14"
"27_65_15_0","0"
"27_65_15_1","53_39_14"
"30_65_15_0","0"
"30_65_15_1","0"
"30_65_15_2","59_36_14"
"36_65_15_0","0"
"36_65_15_1","71_30_14"
"40_65_15_0","0"
"40_65_15_1","79_26_14"
"66_65_15_0","0"
"66_65_15_1","131_0_14"
"3_65_16","5_63_15"
"4_65_16_0","0"
"4_65_16_1","7_62_15"
"6_65_16_0","0"
"6_65_16_1","0"
"6_65_16_2","11_60_15"
"8_65_16_0","0"
"8_65_16_1","0"
"8_65_16_2","15_58_15"
"12_65_16_0","0"
"12_65_16_1","23_54_15_3"
"12_65_16_2","23_54_15_2 + 23_54_15_3"
"12_65_16_3","23_54_15_1"
"12_65_16_4","23_54_15_0 + 23_54_15_3"
"14_65_16_0","0"
"14_65_16_1","0"
"14_65_16_2","27_52_15"
"18_65_16_0","0"
"18_65_16_1","35_48_15"
"20_65_16_0","0"
"20_65_16_1","0"
"20_65_16_2","39_46_15"
"24_65_16_0","0"
"24_65_16_1","0"
"24_65_16_2","47_42_15"
"39_65_16_0","0"
"39_65_16_1","77_27_15"
"66_65_16_0","0"
"66_65_16_1","131_0_15"
"2_65_17_0","3_64_16_1"
"2_65_17_1","3_64_16_0 + 3_64_16_1"
"3_65_17","5_63_16_0"
"4_65_17_0","0"
"4_65_17_1","7_62_16_1"
"4_65_17_2","7_62_16_0"
"6_65_17_0","0"
"6_65_17_1","11_60_16"
"10_65_17_0","19_56_16_1"
"10_65_17_1","19_56_16_0 + 19_56_16_1"
"12_65_17_0","0"
"12_65_17_1","23_54_16_0"
"12_65_17_2","23_54_16_0 + 23_54_16_1"
"16_65_17","31_50_16"
"18_65_17_0","0"
"18_65_17_1","35_48_16"
"20_65_17_0","0"
"20_65_17_1","39_46_16"
"22_65_17","43_44_16"
"24_65_17_0","0"
"24_65_17_1","47_42_16"
"66_65_17","131_0_16"
"2_65_18_0","3_64_17_0"
"2_65_18_1","3_64_17_0 + 3_64_17_1"
"6_65_18","11_60_17"
"8_65_18","15_58_17"
"10_65_18_0","0"
"10_65_18_1","19_56_17"
"12_65_18_0","23_54_17_0"
"12_65_18_1","23_54_17_0 + 23_54_17_1"
"15_65_18","29_51_17"
"16_65_18_0","0"
"16_65_18_1","31_50_17"
"18_65_18_0","0"
"18_65_18_1","35_48_17"
"20_65_18","39_46_17"
"21_65_18","41_45_17"
"22_65_18_0","0"
"22_65_18_1","43_44_17"
"24_65_18_0","0"
"24_65_18_1","47_42_17"
"28_65_18","55_38_17"
"66_65_18","131_0_17"
"3_65_19","5_63_18"
"6_65_19_0","0"
"6_65_19_1","11_60_18"
"10_65_19_0","0"
"10_65_19_1","19_56_18_1"
"12_65_19_0","0"
"12_65_19_1","23_54_18"
"13_65_19_0","0"
"13_65_19_1","25_53_18"
"16_65_19_0","0"
"16_65_19_1","0"
"16_65_19_2","31_50_18"
"19_65_19_0","0"
"19_65_19_1","37_47_18_0"
"20_65_19_0","0"
"20_65_19_1","0"
"20_65_19_2","39_46_18"
"22_65_19_0","0"
"22_65_19_1","0"
"22_65_19_2","43_44_18"
"28_65_19_0","0"
"28_65_19_1","55_38_18"
"32_65_19_0","0"
"32_65_19_1","63_34_18"
"66_65_19_0","0"
"66_65_19_1","131_0_18"
"2_65_20","3_64_19"
"4_65_20_0","7_62_19_0 + 7_62_19_1 + 7_62_19_2"
"4_65_20_1","7_62_19_0 + 7_62_19_1"
"4_65_20_2","7_62_19_1 + 7_62_19_2"
"6_65_20_0","0"
"6_65_20_1","11_60_19"
"10_65_20","19_56_19"
"16_65_20_0","0"
"16_65_20_1","31_50_19"
"20_65_20_0","0"
"20_65_20_1","39_46_19"
"31_65_20","61_35_19"
"66_65_20","131_0_19"
"2_65_21","3_64_20"
"4_65_21_0","0"
"4_65_21_1","7_62_20"
"6_65_21","11_60_20"
"8_65_21","15_58_20"
"10_65_21_0","0"
"10_65_21_1","19_56_20"
"14_65_21","27_52_20"
"16_65_21_0","0"
"16_65_21_1","31_50_20"
"66_65_21","131_0_20"
"3_65_22","5_63_21"
"4_65_22_0","0"
"4_65_22_1","7_62_21"
"6_65_22_0","0"
"6_65_22_1","11_60_21"
"7_65_22_0","0"
"7_65_22_1","13_59_21_0"
"8_65_22_0","0"
"8_65_22_1","0"
"8_65_22_2","15_58_21"
"10_65_22_0","0"
"10_65_22_1","0"
"10_65_22_2","19_56_21"
"13_65_22_0","0"
"13_65_22_1","25_53_21"
"14_65_22_0","0"
"14_65_22_1","0"
"14_65_22_2","27_52_21"
"16_65_22_0","0"
"16_65_22_1","0"
"16_65_22_2","31_50_21"
"20_65_22_0","0"
"20_65_22_1","39_46_21"
"66_65_22_0","0"
"66_65_22_1","131_0_21"
"2_65_23_0","3_64_22_1"
"2_65_23_1","3_64_22_0 + 3_64_22_1"
"4_65_23_0","0"
"4_65_23_1","7_62_22"
"5_65_23_0","0"
"5_65_23_1","9_61_22"
"8_65_23_0","0"
"8_65_23_1","0"
"8_65_23_2","15_58_22"
"11_65_23_0","0"
"11_65_23_1","21_55_22"
"14_65_23_0","0"
"14_65_23_1","0"
"14_65_23_2","27_52_22"
"20_65_23_0","0"
"20_65_23_1","39_46_22"
"24_65_23_0","0"
"24_65_23_1","47_42_22"
"66_65_23_0","0"
"66_65_23_1","131_0_22"
"3_65_24","5_63_23"
"4_65_24_0","0"
"4_65_24_1","7_62_23"
"8_65_24_0","0"
"8_65_24_1","15_58_23_1"
"8_65_24_2","15_58_23_0"
"23_65_24","45_43_23"
"66_65_24","131_0_23"
"4_65_25","7_62_24"
"6_65_25","11_60_24"
"8_65_25_0","0"
"8_65_25_1","15_58_24_0"
"8_65_25_2","15_58_24_1"
"66_65_25","131_0_24"
"2_65_26","3_64_25"
"4_65_26","7_62_25"
"5_65_26","9_61_25_0"
"6_65_26_0","0"
"6_65_26_1","11_60_25"
"8_65_26_0","0"
"8_65_26_1","15_58_25_0"
"8_65_26_2","15_58_25_1"
"12_65_26","23_54_25"
"66_65_26","131_0_25"
"3_65_27","5_63_26"
"4_65_27_0","0"
"4_65_27_1","7_62_26"
"6_65_27_0","0"
"6_65_27_1","11_60_26_0 + 11_60_26_1"
"6_65_27_2","11_60_26_0"
"12_65_27","23_54_26"
"16_65_27","31_50_26"
"66_65_27","131_0_26"
"4_65_28_0","7_62_27_0"
"4_65_28_1","7_62_27_0 + 7_62_27_1"
"6_65_28","11_60_27"
"9_65_28","17_57_27"
"15_65_28_0","0"
"15_65_28_1","29_51_27"
"66_65_28_0","0"
"66_65_28_1","131_0_27"
"2_65_29","3_64_28"
"4_65_29","7_62_28"
"66_65_29_0","0"
"66_65_29_1","131_0_28"
"3_65_30","5_63_29"
"4_65_30_0","0"
"4_65_30_1","7_62_29"
"66_65_30_0","0"
"66_65_30_1","131_0_29"
"2_65_31","3_64_30"
"4_65_31_0","0"
"4_65_31_1","7_62_30"
"8_65_31_0","0"
"8_65_31_1","15_58_30"
"66_65_31_0","0"
"66_65_31_1","131_0_30"
"2_65_32","3_64_31"
"7_65_32_0","0"
"7_65_32_1","13_59_31"
"66_65_32_0","0"
"66_65_32_1","131_0_31"
"3_65_33","5_63_32"
"66_65_33_0","0"
"66_65_33_1","131_0_32"
"66_65_34","131_0_33"
"66_65_35","131_0_34"
"60_66_2","119_7_1"
"64_66_2_0","0"
"64_66_2_1","127_3_1"
"36_66_3","71_31_2"
"52_66_3","103_15_2"
"59_66_3","117_8_2"
"60_66_3_0","0"
"60_66_3_1","119_7_2"
"61_66_3_0","0"
"61_66_3_1","121_6_2"
"64_66_3_0","0"
"64_66_3_1","0"
"64_66_3_2","127_3_2"
"20_66_4","39_47_3"
"28_66_4","55_39_3"
"30_66_4","59_37_3"
"36_66_4_0","71_31_3_1"
"36_66_4_1","71_31_3_0"
"46_66_4","91_21_3"
"48_66_4_0","0"
"48_66_4_1","95_19_3"
"52_66_4_0","0"
"52_66_4_1","103_15_3"
"58_66_4","115_9_3"
"59_66_4_0","0"
"59_66_4_1","117_8_3"
"60_66_4_0","0"
"60_66_4_1","0"
"60_66_4_2","119_7_3"
"64_66_4_0","0"
"64_66_4_1","0"
"64_66_4_2","127_3_3"
"12_66_5","23_55_4"
"14_66_5","27_53_4"
"18_66_5","35_49_4"
"19_66_5","37_48_4_1"
"20_66_5_0","0"
"20_66_5_1","39_47_4"
"22_66_5_0","43_45_4_0"
"22_66_5_1","43_45_4_0 + 43_45_4_1"
"26_66_5","51_41_4"
"27_66_5","53_40_4_1"
"28_66_5_0","0"
"28_66_5_1","55_39_4"
"34_66_5","67_33_4"
"36_66_5_0","0"
"36_66_5_1","71_31_4"
"44_66_5","87_23_4"
"45_66_5_0","0"
"45_66_5_1","89_22_4"
"52_66_5","103_15_4"
"58_66_5","115_9_4"
"60_66_5_0","0"
"60_66_5_1","119_7_4"
"8_66_6","15_59_5"
"10_66_6_0","0"
"10_66_6_1","19_57_5"
"12_66_6","23_55_5_0"
"14_66_6_0","27_53_5_1"
"14_66_6_1","27_53_5_0"
"16_66_6_0","0"
"16_66_6_1","31_51_5_1"
"16_66_6_2","31_51_5_0"
"18_66_6_0","0"
"18_66_6_1","35_49_5_1"
"20_66_6_0","0"
"20_66_6_1","39_47_5_1"
"20_66_6_2","39_47_5_0"
"26_66_6_0","0"
"26_66_6_1","51_41_5"
"27_66_6_0","0"
"27_66_6_1","53_40_5_1"
"28_66_6_0","0"
"28_66_6_1","0"
"28_66_6_2","55_39_5"
"32_66_6_0","0"
"32_66_6_1","63_35_5"
"34_66_6_0","0"
"34_66_6_1","0"
"34_66_6_2","67_33_5"
"36_66_6_0","0"
"36_66_6_1","71_31_5_1"
"43_66_6_0","0"
"43_66_6_1","85_24_5"
"46_66_6_0","0"
"46_66_6_1","91_21_5"
"50_66_6_0","0"
"50_66_6_1","99_17_5"
"52_66_6_0","0"
"52_66_6_1","103_15_5_0 + 103_15_5_1"
"52_66_6_2","103_15_5_0"
"56_66_6_0","0"
"56_66_6_1","111_11_5"
"4_66_7","7_63_6"
"5_66_7_0","0"
"5_66_7_1","9_62_6_0 + 9_62_6_1 + 9_62_6_2"
"7_66_7_0","0"
"7_66_7_1","13_60_6_0 + 13_60_6_2"
"7_66_7_2","13_60_6_0"
"8_66_7_0","0"
"8_66_7_1","0"
"8_66_7_2","0"
"8_66_7_3","15_59_6"
"10_66_7_0","0"
"10_66_7_1","0"
"10_66_7_2","19_57_6_0"
"10_66_7_3","19_57_6_0 + 19_57_6_1"
"12_66_7_0","0"
"12_66_7_1","0"
"12_66_7_2","0"
"12_66_7_3","23_55_6_1"
"12_66_7_4","23_55_6_0"
"14_66_7_0","0"
"14_66_7_1","0"
"14_66_7_2","0"
"14_66_7_3","27_53_6_0"
"14_66_7_4","27_53_6_1"
"15_66_7_0","0"
"15_66_7_1","0"
"15_66_7_2","0"
"15_66_7_3","29_52_6_0"
"16_66_7_0","0"
"16_66_7_1","0"
"16_66_7_2","0"
"16_66_7_3","0"
"16_66_7_4","31_51_6_0"
"16_66_7_5","31_51_6_1"
"18_66_7_0","0"
"18_66_7_1","0"
"18_66_7_2","0"
"18_66_7_3","35_49_6"
"20_66_7_0","0"
"20_66_7_1","0"
"20_66_7_2","39_47_6"
"22_66_7_0","0"
"22_66_7_1","0"
"22_66_7_2","43_45_6"
"27_66_7_0","0"
"27_66_7_1","0"
"27_66_7_2","53_40_6_0"
"29_66_7_0","0"
"29_66_7_1","0"
"29_66_7_2","57_38_6_0"
"30_66_7_0","0"
"30_66_7_1","0"
"30_66_7_2","0"
"30_66_7_3","59_37_6"
"31_66_7_0","0"
"31_66_7_1","0"
"31_66_7_2","0"
"31_66_7_3","61_36_6"
"36_66_7_0","0"
"36_66_7_1","0"
"36_66_7_2","0"
"36_66_7_3","71_31_6"
"44_66_7_0","0"
"44_66_7_1","0"
"44_66_7_2","87_23_6"
"50_66_7_0","0"
"50_66_7_1","0"
"50_66_7_2","99_17_6"
"51_66_7_0","0"
"51_66_7_1","0"
"51_66_7_2","101_16_6"
"52_66_7_0","0"
"52_66_7_1","0"
"52_66_7_2","0"
"52_66_7_3","103_15_6"
"53_66_7_0","0"
"53_66_7_1","0"
"53_66_7_2","105_14_6"
"56_66_7_0","0"
"56_66_7_1","0"
"56_66_7_2","0"
"56_66_7_3","111_11_6"
"3_66_8","5_64_7"
"4_66_8_0","0"
"4_66_8_1","7_63_7_0"
"4_66_8_2","7_63_7_0 + 7_63_7_1"
"6_66_8_0","0"
"6_66_8_1","11_61_7_0 + 11_61_7_1"
"6_66_8_2","11_61_7_0"
"8_66_8_0","0"
"8_66_8_1","0"
"8_66_8_2","0"
"8_66_8_3","15_59_7_0 + 15_59_7_1"
"8_66_8_4","15_59_7_0"
"10_66_8_0","0"
"10_66_8_1","0"
"10_66_8_2","0"
"10_66_8_3","19_57_7"
"12_66_8_0","0"
"12_66_8_1","0"
"12_66_8_2","23_55_7_2"
"12_66_8_3","23_55_7_0"
"12_66_8_4","23_55_7_1"
"14_66_8_0","0"
"14_66_8_1","0"
"14_66_8_2","0"
"14_66_8_3","27_53_7"
"16_66_8_0","0"
"16_66_8_1","0"
"16_66_8_2","0"
"16_66_8_3","31_51_7_1"
"16_66_8_4","31_51_7_0"
"20_66_8_0","0"
"20_66_8_1","39_47_7"
"22_66_8_0","0"
"22_66_8_1","43_45_7"
"28_66_8_0","0"
"28_66_8_1","55_39_7"
"30_66_8_0","0"
"30_66_8_1","59_37_7_1"
"30_66_8_2","59_37_7_0"
"32_66_8_0","0"
"32_66_8_1","0"
"32_66_8_2","63_35_7"
"36_66_8_0","0"
"36_66_8_1","0"
"36_66_8_2","71_31_7"
"50_66_8_0","0"
"50_66_8_1","99_17_7"
"51_66_8_0","0"
"51_66_8_1","101_16_7"
"52_66_8_0","0"
"52_66_8_1","0"
"52_66_8_2","103_15_7"
"56_66_8_0","0"
"56_66_8_1","0"
"56_66_8_2","111_11_7"
"2_66_9","3_65_8"
"4_66_9_0","7_63_8_1"
"4_66_9_1","7_63_8_0"
"6_66_9_0","0"
"6_66_9_1","11_61_8_2"
"6_66_9_2","11_61_8_1 + 11_61_8_2"
"8_66_9_0","0"
"8_66_9_1","0"
"8_66_9_2","15_59_8_1"
"8_66_9_3","15_59_8_0"
"10_66_9_0","0"
"10_66_9_1","0"
"10_66_9_2","19_57_8_0 + 19_57_8_1"
"10_66_9_3","19_57_8_0"
"11_66_9_0","0"
"11_66_9_1","0"
"11_66_9_2","0"
"11_66_9_3","21_56_8"
"12_66_9_0","0"
"12_66_9_1","0"
"12_66_9_2","0"
"12_66_9_3","0"
"12_66_9_4","23_55_8"
"15_66_9_0","0"
"15_66_9_1","29_52_8_0"
"16_66_9_0","0"
"16_66_9_1","0"
"16_66_9_2","31_51_8_1"
"16_66_9_3","31_51_8_0 + 31_51_8_1"
"20_66_9_0","0"
"20_66_9_1","39_47_8_0"
"20_66_9_2","39_47_8_0 + 39_47_8_1"
"30_66_9_0","59_37_8_0 + 59_37_8_1"
"30_66_9_1","59_37_8_1"
"32_66_9_0","0"
"32_66_9_1","63_35_8"
"36_66_9","71_31_8_0 + 71_31_8_1"
"38_66_9","75_29_8"
"44_66_9","87_23_8"
"50_66_9","99_17_8"
"52_66_9_0","0"
"52_66_9_1","103_15_8"
"2_66_10","3_65_9"
"4_66_10","7_63_9"
"5_66_10","9_62_9_1"
"6_66_10_0","0"
"6_66_10_1","11_61_9"
"7_66_10_0","0"
"7_66_10_1","13_60_9_0 + 13_60_9_1"
"10_66_10_0","0"
"10_66_10_1","19_57_9_0"
"10_66_10_2","19_57_9_0 + 19_57_9_1"
"11_66_10_0","0"
"11_66_10_1","21_56_9_0"
"12_66_10_0","0"
"12_66_10_1","0"
"12_66_10_2","23_55_9"
"14_66_10_0","0"
"14_66_10_1","0"
"14_66_10_2","27_53_9"
"16_66_10_0","0"
"16_66_10_1","0"
"16_66_10_2","0"
"16_66_10_3","31_51_9"
"19_66_10_0","0"
"19_66_10_1","0"
"19_66_10_2","0"
"19_66_10_3","37_48_9_0 + 37_48_9_1"
"19_66_10_4","37_48_9_1"
"28_66_10_0","0"
"28_66_10_1","0"
"28_66_10_2","55_39_9"
"29_66_10_0","0"
"29_66_10_1","0"
"29_66_10_2","0"
"29_66_10_3","57_38_9"
"30_66_10_0","0"
"30_66_10_1","0"
"30_66_10_2","0"
"30_66_10_3","0"
"30_66_10_4","59_37_9"
"32_66_10_0","0"
"32_66_10_1","0"
"32_66_10_2","0"
"32_66_10_3","63_35_9"
"36_66_10_0","0"
"36_66_10_1","0"
"36_66_10_2","71_31_9_0"
"36_66_10_3","71_31_9_0 + 71_31_9_1"
"38_66_10_0","0"
"38_66_10_1","0"
"38_66_10_2","75_29_9"
"42_66_10_0","0"
"42_66_10_1","0"
"42_66_10_2","83_25_9"
"44_66_10_0","0"
"44_66_10_1","0"
"44_66_10_2","87_23_9_1"
"44_66_10_3","87_23_9_0"
"48_66_10_0","0"
"48_66_10_1","0"
"48_66_10_2","95_19_9"
"4_66_11_0","7_63_10_0"
"4_66_11_1","7_63_10_0 + 7_63_10_1"
"4_66_11_2","7_63_10_0 + 7_63_10_1 + 7_63_10_2"
"6_66_11_0","0"
"6_66_11_1","11_61_10_0"
"8_66_11_0","0"
"8_66_11_1","15_59_10"
"10_66_11_0","0"
"10_66_11_1","0"
"10_66_11_2","19_57_10"
"11_66_11_0","0"
"11_66_11_1","0"
"11_66_11_2","21_56_10_0"
"12_66_11_0","0"
"12_66_11_1","0"
"12_66_11_2","0"
"12_66_11_3","23_55_10"
"13_66_11_0","0"
"13_66_11_1","0"
"13_66_11_2","0"
"13_66_11_3","25_54_10_0"
"20_66_11_0","0"
"20_66_11_1","0"
"20_66_11_2","39_47_10"
"26_66_11_0","0"
"26_66_11_1","0"
"26_66_11_2","51_41_10"
"27_66_11_0","0"
"27_66_11_1","0"
"27_66_11_2","0"
"27_66_11_3","53_40_10"
"30_66_11_0","0"
"30_66_11_1","0"
"30_66_11_2","0"
"30_66_11_3","59_37_10"
"36_66_11_0","0"
"36_66_11_1","0"
"36_66_11_2","71_31_10_0"
"36_66_11_3","71_31_10_1"
"42_66_11_0","0"
"42_66_11_1","0"
"42_66_11_2","83_25_10"
"43_66_11_0","0"
"43_66_11_1","0"
"43_66_11_2","85_24_10"
"44_66_11_0","0"
"44_66_11_1","0"
"44_66_11_2","0"
"44_66_11_3","87_23_10"
"45_66_11_0","0"
"45_66_11_1","0"
"45_66_11_2","89_22_10"
"48_66_11_0","0"
"48_66_11_1","0"
"48_66_11_2","0"
"48_66_11_3","95_19_10"
"2_66_12","3_65_11"
"4_66_12_0","7_63_11_2"
"4_66_12_1","7_63_11_1 + 7_63_11_2"
"4_66_12_2","7_63_11_0"
"6_66_12","11_61_11_0"
"7_66_12_0","0"
"7_66_12_1","13_60_11_0"
"8_66_12_0","0"
"8_66_12_1","0"
"8_66_12_2","15_59_11"
"10_66_12_0","0"
"10_66_12_1","0"
"10_66_12_2","19_57_11"
"12_66_12_0","0"
"12_66_12_1","0"
"12_66_12_2","23_55_11_1"
"12_66_12_3","23_55_11_0 + 23_55_11_1"
"14_66_12_0","0"
"14_66_12_1","0"
"14_66_12_2","0"
"14_66_12_3","27_53_11"
"18_66_12_0","0"
"18_66_12_1","0"
"18_66_12_2","35_49_11"
"24_66_12_0","0"
"24_66_12_1","0"
"24_66_12_2","47_43_11"
"26_66_12_0","0"
"26_66_12_1","0"
"26_66_12_2","0"
"26_66_12_3","51_41_11"
"36_66_12_0","0"
"36_66_12_1","0"
"36_66_12_2","71_31_11"
"42_66_12_0","0"
"42_66_12_1","0"
"42_66_12_2","83_25_11"
"43_66_12_0","0"
"43_66_12_1","0"
"43_66_12_2","85_24_11"
"44_66_12_0","0"
"44_66_12_1","0"
"44_66_12_2","0"
"44_66_12_3","87_23_11"
"48_66_12_0","0"
"48_66_12_1","0"
"48_66_12_2","0"
"48_66_12_3","95_19_11"
"2_66_13_0","3_65_12_0"
"2_66_13_1","3_65_12_1"
"3_66_13","5_64_12_0"
"4_66_13_0","0"
"4_66_13_1","7_63_12_0"
"4_66_13_2","7_63_12_2"
"4_66_13_3","7_63_12_1 + 7_63_12_2"
"5_66_13","9_62_12_0"
"6_66_13_0","0"
"6_66_13_1","11_61_12_1"
"6_66_13_2","11_61_12_0 + 11_61_12_1"
"8_66_13_0","0"
"8_66_13_1","15_59_12_0"
"8_66_13_2","15_59_12_0 + 15_59_12_1"
"10_66_13_0","0"
"10_66_13_1","19_57_12_1"
"10_66_13_2","19_57_12_0 + 19_57_12_1"
"12_66_13_0","0"
"12_66_13_1","23_55_12"
"14_66_13","27_53_12"
"16_66_13","31_51_12"
"22_66_13","43_45_12"
"24_66_13_0","0"
"24_66_13_1","47_43_12"
"30_66_13","59_37_12"
"36_66_13","71_31_12"
"42_66_13","83_25_12"
"44_66_13_0","0"
"44_66_13_1","87_23_12"
"2_66_14","3_65_13"
"3_66_14","5_64_13"
"4_66_14_0","0"
"4_66_14_1","7_63_13_1"
"4_66_14_2","7_63_13_0"
"6_66_14_0","0"
"6_66_14_1","11_61_13"
"8_66_14_0","0"
"8_66_14_1","15_59_13"
"10_66_14_0","0"
"10_66_14_1","19_57_13"
"11_66_14","21_56_13_0"
"14_66_14_0","27_53_13_1"
"14_66_14_1","27_53_13_1 + 27_53_13_2"
"14_66_14_2","27_53_13_0"
"20_66_14_0","39_47_13_0"
"20_66_14_1","39_47_13_0 + 39_47_13_1"
"24_66_14_0","0"
"24_66_14_1","47_43_13"
"28_66_14","55_39_13"
"30_66_14","59_37_13"
"34_66_14","67_33_13"
"36_66_14_0","71_31_13_1"
"36_66_14_1","71_31_13_0"
"40_66_14","79_27_13"
"2_66_15","3_65_14"
"3_66_15","5_64_14"
"4_66_15_0","0"
"4_66_15_1","7_63_14"
"6_66_15_0","0"
"6_66_15_1","11_61_14"
"10_66_15_0","0"
"10_66_15_1","19_57_14"
"12_66_15_0","0"
"12_66_15_1","23_55_14"
"14_66_15_0","0"
"14_66_15_1","0"
"14_66_15_2","27_53_14_0 + 27_53_14_1"
"14_66_15_3","27_53_14_1"
"18_66_15_0","0"
"18_66_15_1","35_49_14"
"19_66_15_0","0"
"19_66_15_1","0"
"19_66_15_2","37_48_14"
"20_66_15_0","0"
"20_66_15_1","0"
"20_66_15_2","0"
"20_66_15_3","39_47_14"
"28_66_15_0","0"
"28_66_15_1","55_39_14"
"34_66_15_0","0"
"34_66_15_1","67_33_14"
"35_66_15_0","0"
"35_66_15_1","69_32_14"
"36_66_15_0","0"
"36_66_15_1","0"
"36_66_15_2","71_31_14"
"37_66_15_0","0"
"37_66_15_1","73_30_14"
"40_66_15_0","0"
"40_66_15_1","0"
"40_66_15_2","79_27_14"
"2_66_16_0","3_65_15_0 + 3_65_15_1"
"2_66_16_1","3_65_15_1"
"4_66_16_0","7_63_15_1"
"4_66_16_1","7_63_15_0 + 7_63_15_1"
"6_66_16_0","0"
"6_66_16_1","11_61_15"
"10_66_16_0","19_57_15_1"
"10_66_16_1","19_57_15_0"
"14_66_16_0","27_53_15_1"
"14_66_16_1","27_53_15_0"
"16_66_16","31_51_15"
"18_66_16_0","0"
"18_66_16_1","35_49_15"
"20_66_16_0","0"
"20_66_16_1","39_47_15"
"34_66_16","67_33_15"
"35_66_16","69_32_15"
"36_66_16_0","0"
"36_66_16_1","71_31_15"
"40_66_16_0","0"
"40_66_16_1","79_27_15"
"2_66_17","3_65_16"
"4_66_17_0","0"
"4_66_17_1","7_63_16"
"8_66_17","15_59_16"
"10_66_17_0","0"
"10_66_17_1","19_57_16"
"12_66_17","23_55_16"
"14_66_17_0","27_53_16_0 + 27_53_16_1"
"14_66_17_1","27_53_16_2"
"14_66_17_2","27_53_16_0"
"16_66_17_0","0"
"16_66_17_1","31_51_16"
"20_66_17","39_47_16_1"
"22_66_17","43_45_16"
"28_66_17","55_39_16"
"34_66_17","67_33_16"
"36_66_17_0","0"
"36_66_17_1","71_31_16"
"2_66_18","3_65_17"
"3_66_18_0","5_64_17_0"
"3_66_18_1","5_64_17_0 + 5_64_17_1"
"6_66_18_0","0"
"6_66_18_1","11_61_17"
"10_66_18_0","0"
"10_66_18_1","19_57_17"
"12_66_18_0","0"
"12_66_18_1","23_55_17_1"
"12_66_18_2","23_55_17_0 + 23_55_17_1"
"13_66_18_0","0"
"13_66_18_1","0"
"13_66_18_2","25_54_17_0"
"14_66_18_0","0"
"14_66_18_1","0"
"14_66_18_2","0"
"14_66_18_3","27_53_17"
"16_66_18_0","0"
"16_66_18_1","0"
"16_66_18_2","31_51_17"
"20_66_18_0","0"
"20_66_18_1","39_47_17_0"
"20_66_18_2","39_47_17_0 + 39_47_17_1"
"22_66_18_0","0"
"22_66_18_1","43_45_17"
"26_66_18_0","0"
"26_66_18_1","51_41_17"
"28_66_18_0","0"
"28_66_18_1","55_39_17_1"
"28_66_18_2","55_39_17_0"
"32_66_18_0","0"
"32_66_18_1","63_35_17"
"2_66_19","3_65_18"
"4_66_19_0","7_63_18_1"
"4_66_19_1","7_63_18_0 + 7_63_18_1"
"6_66_19_0","0"
"6_66_19_1","11_61_18"
"8_66_19","15_59_18"
"10_66_19","19_57_18"
"11_66_19_0","0"
"11_66_19_1","21_56_18"
"14_66_19_0","0"
"14_66_19_1","27_53_18"
"20_66_19_0","39_47_18_0"
"20_66_19_1","39_47_18_1"
"26_66_19","51_41_18"
"27_66_19","53_40_18"
"28_66_19_0","0"
"28_66_19_1","55_39_18"
"29_66_19","57_38_18"
"32_66_19_0","0"
"32_66_19_1","63_35_18"
"2_66_20","3_65_19"
"6_66_20","11_61_19"
"8_66_20_0","15_59_19_1"
"8_66_20_1","15_59_19_0 + 15_59_19_1"
"10_66_20_0","0"
"10_66_20_1","19_57_19"
"20_66_20","39_47_19"
"26_66_20","51_41_19"
"27_66_20","53_40_19"
"28_66_20_0","0"
"28_66_20_1","55_39_19"
"32_66_20_0","0"
"32_66_20_1","63_35_19"
"3_66_21","5_64_20"
"4_66_21_0","0"
"4_66_21_1","7_63_20"
"6_66_21_0","0"
"6_66_21_1","11_61_20_1"
"6_66_21_2","11_61_20_0 + 11_61_20_1"
"8_66_21_0","0"
"8_66_21_1","0"
"8_66_21_2","15_59_20_0 + 15_59_20_1"
"8_66_21_3","15_59_20_0"
"14_66_21_0","0"
"14_66_21_1","27_53_20"
"20_66_21_0","0"
"20_66_21_1","39_47_20"
"26_66_21_0","0"
"26_66_21_1","51_41_20"
"28_66_21_0","0"
"28_66_21_1","0"
"28_66_21_2","55_39_20"
"2_66_22","3_65_21"
"4_66_22_0","7_63_21_1"
"4_66_22_1","7_63_21_0"
"5_66_22_0","0"
"5_66_22_1","9_62_21_0"
"6_66_22_0","0"
"6_66_22_1","0"
"6_66_22_2","11_61_21"
"8_66_22_0","0"
"8_66_22_1","15_59_21"
"12_66_22","23_55_21"
"14_66_22","27_53_21"
"18_66_22","35_49_21"
"20_66_22_0","39_47_21_1"
"20_66_22_1","39_47_21_0"
"24_66_22","47_43_21"
"2_66_23","3_65_22"
"3_66_23_0","0"
"3_66_23_1","5_64_22"
"4_66_23_0","0"
"4_66_23_1","0"
"4_66_23_2","7_63_22"
"6_66_23_0","0"
"6_66_23_1","11_61_22"
"12_66_23","23_55_22"
"18_66_23","35_49_22"
"19_66_23","37_48_22"
"20_66_23_0","0"
"20_66_23_1","39_47_22"
"21_66_23","41_46_22"
"24_66_23_0","0"
"24_66_23_1","47_43_22"
"2_66_24","3_65_23"
"4_66_24","7_63_23"
"6_66_24","11_61_23"
"18_66_24_0","0"
"18_66_24_1","35_49_23"
"19_66_24_0","0"
"19_66_24_1","37_48_23"
"20_66_24_0","0"
"20_66_24_1","0"
"20_66_24_2","39_47_23"
"24_66_24_0","0"
"24_66_24_1","0"
"24_66_24_2","47_43_23"
"2_66_25","3_65_24"
"4_66_25","7_63_24"
"6_66_25_0","0"
"6_66_25_1","11_61_24"
"12_66_25_0","0"
"12_66_25_1","23_55_24"
"18_66_25_0","0"
"18_66_25_1","35_49_24"
"20_66_25_0","0"
"20_66_25_1","0"
"20_66_25_2","39_47_24"
"3_66_26","5_64_25"
"4_66_26_0","0"
"4_66_26_1","7_63_25"
"6_66_26_0","0"
"6_66_26_1","11_61_25_1"
"6_66_26_2","11_61_25_0"
"10_66_26_0","0"
"10_66_26_1","19_57_25"
"12_66_26_0","0"
"12_66_26_1","23_55_25_1"
"12_66_26_2","23_55_25_0"
"16_66_26_0","0"
"16_66_26_1","31_51_25"
"4_66_27","7_63_26"
"6_66_27","11_61_26"
"7_66_27","13_60_26_0"
"10_66_27_0","0"
"10_66_27_1","19_57_26"
"11_66_27_0","0"
"11_66_27_1","21_56_26"
"12_66_27_0","0"
"12_66_27_1","0"
"12_66_27_2","23_55_26"
"13_66_27_0","0"
"13_66_27_1","25_54_26"
"16_66_27_0","0"
"16_66_27_1","0"
"16_66_27_2","31_51_26"
"2_66_28","3_65_27"
"5_66_28","9_62_27"
"6_66_28_0","0"
"6_66_28_1","11_61_27"
"10_66_28_0","0"
"10_66_28_1","19_57_27"
"11_66_28_0","0"
"11_66_28_1","21_56_27"
"12_66_28_0","0"
"12_66_28_1","0"
"12_66_28_2","23_55_27"
"16_66_28_0","0"
"16_66_28_1","0"
"16_66_28_2","31_51_27"
"3_66_29","5_64_28"
"4_66_29_0","0"
"4_66_29_1","7_63_28"
"6_66_29_0","0"
"6_66_29_1","11_61_28"
"10_66_29_0","0"
"10_66_29_1","19_57_28"
"12_66_29_0","0"
"12_66_29_1","0"
"12_66_29_2","23_55_28"
"4_66_30_0","7_63_29_1"
"4_66_30_1","7_63_29_0"
"8_66_30","15_59_29"
"2_66_31","3_65_30"
"3_66_31","5_64_30"
"4_66_31_0","0"
"4_66_31_1","7_63_30"
"5_66_31","9_62_30"
"8_66_31_0","0"
"8_66_31_1","15_59_30"
"2_66_32","3_65_31"
"3_66_32","5_64_31"
"4_66_32_0","0"
"4_66_32_1","7_63_31"
"8_66_32_0","0"
"8_66_32_1","15_59_31"
"2_66_33","3_65_32"
"4_66_33_0","0"
"4_66_33_1","7_63_32"
"2_66_34","3_65_33"
"68_67_2","135_0_1"
"36_67_3","71_32_2"
"52_67_3","103_16_2"
"60_67_3","119_8_2"
"62_67_3","123_6_2"
"68_67_3","135_0_2"
"22_67_4","43_46_3"
"30_67_4","59_38_3"
"34_67_4","67_34_3"
"35_67_4","69_33_3"
"38_67_4","75_30_3"
"50_67_4","99_18_3"
"51_67_4","101_17_3"
"54_67_4","107_14_3"
"59_67_4","117_9_3"
"60_67_4_0","0"
"60_67_4_1","119_8_3"
"68_67_4","135_0_3"
"16_67_5","31_52_4"
"20_67_5_0","39_48_4_1"
"20_67_5_1","39_48_4_0 + 39_48_4_1"
"22_67_5_0","0"
"22_67_5_1","43_46_4"
"24_67_5_0","0"
"24_67_5_1","47_44_4"
"28_67_5_0","0"
"28_67_5_1","0"
"28_67_5_2","55_40_4_1"
"28_67_5_3","55_40_4_0"
"30_67_5_0","0"
"30_67_5_1","0"
"30_67_5_2","0"
"30_67_5_3","59_38_4_0 + 59_38_4_1"
"34_67_5_0","0"
"34_67_5_1","0"
"34_67_5_2","0"
"34_67_5_3","67_34_4"
"38_67_5_0","0"
"38_67_5_1","0"
"38_67_5_2","75_30_4"
"46_67_5_0","0"
"46_67_5_1","0"
"46_67_5_2","91_22_4"
"48_67_5_0","0"
"48_67_5_1","0"
"48_67_5_2","0"
"48_67_5_3","95_20_4"
"50_67_5_0","0"
"50_67_5_1","0"
"50_67_5_2","0"
"50_67_5_3","99_18_4_1"
"59_67_5_0","0"
"59_67_5_1","0"
"59_67_5_2","117_9_4"
"68_67_5_0","0"
"68_67_5_1","0"
"68_67_5_2","135_0_4"
"5_67_6","9_63_5"
"10_67_6_0","0"
"10_67_6_1","19_58_5"
"12_67_6_0","0"
"12_67_6_1","23_56_5_1"
"12_67_6_2","23_56_5_0"
"13_67_6_0","0"
"13_67_6_1","25_55_5_0"
"15_67_6_0","0"
"15_67_6_1","0"
"15_67_6_2","29_53_5_0"
"16_67_6_0","0"
"16_67_6_1","0"
"16_67_6_2","0"
"16_67_6_3","31_52_5_1"
"16_67_6_4","31_52_5_1 + 31_52_5_2"
"16_67_6_5","31_52_5_0 + 31_52_5_1"
"19_67_6_0","0"
"19_67_6_1","0"
"19_67_6_2","37_49_5_1"
"20_67_6_0","0"
"20_67_6_1","0"
"20_67_6_2","0"
"20_67_6_3","39_48_5_1"
"22_67_6_0","0"
"22_67_6_1","43_46_5"
"23_67_6_0","0"
"23_67_6_1","45_45_5_0"
"24_67_6_0","0"
"24_67_6_1","0"
"24_67_6_2","47_44_5"
"27_67_6_0","0"
"27_67_6_1","0"
"27_67_6_2","53_41_5"
"28_67_6_0","0"
"28_67_6_1","0"
"28_67_6_2","0"
"28_67_6_3","55_40_5_0"
"28_67_6_4","55_40_5_0 + 55_40_5_1"
"30_67_6_0","0"
"30_67_6_1","0"
"30_67_6_2","0"
"30_67_6_3","59_38_5"
"35_67_6_0","0"
"35_67_6_1","0"
"35_67_6_2","69_33_5"
"38_67_6_0","0"
"38_67_6_1","0"
"38_67_6_2","75_30_5"
"44_67_6_0","0"
"44_67_6_1","0"
"44_67_6_2","87_24_5"
"47_67_6_0","0"
"47_67_6_1","0"
"47_67_6_2","93_21_5"
"48_67_6_0","0"
"48_67_6_1","0"
"48_67_6_2","0"
"48_67_6_3","95_20_5"
"50_67_6_0","0"
"50_67_6_1","0"
"50_67_6_2","0"
"50_67_6_3","99_18_5"
"54_67_6_0","0"
"54_67_6_1","0"
"54_67_6_2","107_14_5"
"68_67_6_0","0"
"68_67_6_1","0"
"68_67_6_2","135_0_5"
"6_67_7_0","11_62_6_0"
"6_67_7_1","11_62_6_1"
"8_67_7_0","0"
"8_67_7_1","0"
"8_67_7_2","15_60_6_1 + 15_60_6_2"
"8_67_7_3","15_60_6_2"
"8_67_7_4","15_60_6_0"
"10_67_7_0","0"
"10_67_7_1","0"
"10_67_7_2","0"
"10_67_7_3","19_58_6_1"
"13_67_7_0","0"
"13_67_7_1","0"
"13_67_7_2","25_55_6"
"15_67_7_0","0"
"15_67_7_1","0"
"15_67_7_2","29_53_6_1"
"16_67_7_0","0"
"16_67_7_1","0"
"16_67_7_2","0"
"16_67_7_3","31_52_6_0"
"16_67_7_4","31_52_6_1"
"20_67_7_0","39_48_6_0"
"20_67_7_1","39_48_6_0 + 39_48_6_1"
"21_67_7","41_47_6"
"24_67_7_0","0"
"24_67_7_1","47_44_6"
"26_67_7_0","0"
"26_67_7_1","51_42_6"
"28_67_7_0","0"
"28_67_7_1","0"
"28_67_7_2","55_40_6_0"
"28_67_7_3","55_40_6_0 + 55_40_6_1"
"30_67_7_0","0"
"30_67_7_1","0"
"30_67_7_2","59_38_6_0"
"32_67_7_0","0"
"32_67_7_1","0"
"32_67_7_2","63_36_6"
"36_67_7_0","0"
"36_67_7_1","0"
"36_67_7_2","71_32_6"
"42_67_7_0","0"
"42_67_7_1","83_26_6"
"45_67_7_0","0"
"45_67_7_1","89_23_6"
"48_67_7_0","0"
"48_67_7_1","0"
"48_67_7_2","95_20_6"
"52_67_7_0","0"
"52_67_7_1","103_16_6"
"54_67_7_0","0"
"54_67_7_1","107_14_6"
"68_67_7_0","0"
"68_67_7_1","135_0_6"
"4_67_8_0","7_64_7_0"
"4_67_8_1","7_64_7_0 + 7_64_7_1"
"5_67_8_0","9_63_7_1"
"5_67_8_1","9_63_7_0"
"6_67_8_0","0"
"6_67_8_1","0"
"6_67_8_2","11_62_7_0 + 11_62_7_1"
"6_67_8_3","11_62_7_1"
"7_67_8_0","0"
"7_67_8_1","0"
"7_67_8_2","0"
"7_67_8_3","13_61_7_0"
"7_67_8_4","13_61_7_0 + 13_61_7_1"
"8_67_8_0","0"
"8_67_8_1","0"
"8_67_8_2","0"
"8_67_8_3","0"
"8_67_8_4","0"
"8_67_8_5","15_60_7_1 + 15_60_7_2"
"8_67_8_6","15_60_7_2"
"8_67_8_7","15_60_7_0"
"10_67_8_0","0"
"10_67_8_1","0"
"10_67_8_2","0"
"10_67_8_3","19_58_7"
"12_67_8_0","0"
"12_67_8_1","0"
"12_67_8_2","0"
"12_67_8_3","23_56_7_0"
"12_67_8_4","23_56_7_0 + 23_56_7_1"
"15_67_8_0","0"
"15_67_8_1","0"
"15_67_8_2","29_53_7_1"
"15_67_8_3","29_53_7_0 + 29_53_7_1"
"16_67_8_0","0"
"16_67_8_1","0"
"16_67_8_2","0"
"16_67_8_3","0"
"16_67_8_4","31_52_7"
"18_67_8_0","0"
"18_67_8_1","0"
"18_67_8_2","35_50_7"
"20_67_8_0","0"
"20_67_8_1","39_48_7_1"
"20_67_8_2","39_48_7_2"
"26_67_8_0","0"
"26_67_8_1","51_42_7"
"27_67_8_0","0"
"27_67_8_1","53_41_7"
"29_67_8_0","0"
"29_67_8_1","57_39_7"
"30_67_8_0","0"
"30_67_8_1","0"
"30_67_8_2","59_38_7"
"31_67_8_0","0"
"31_67_8_1","0"
"31_67_8_2","61_37_7_0"
"35_67_8_0","0"
"35_67_8_1","69_33_7"
"38_67_8_0","0"
"38_67_8_1","75_30_7"
"42_67_8_0","0"
"42_67_8_1","83_26_7"
"51_67_8_0","0"
"51_67_8_1","101_17_7"
"52_67_8_0","0"
"52_67_8_1","0"
"52_67_8_2","103_16_7"
"68_67_8_0","0"
"68_67_8_1","135_0_7"
"2_67_9","3_66_8"
"4_67_9","7_64_8"
"6_67_9_0","0"
"6_67_9_1","11_62_8_0"
"6_67_9_2","11_62_8_1"
"7_67_9_0","0"
"7_67_9_1","13_61_8_0"
"8_67_9_0","0"
"8_67_9_1","0"
"8_67_9_2","15_60_8_0 + 15_60_8_1"
"8_67_9_3","15_60_8_1"
"11_67_9_0","0"
"11_67_9_1","0"
"11_67_9_2","21_57_8_2"
"14_67_9_0","0"
"14_67_9_1","27_54_8_1"
"14_67_9_2","27_54_8_0"
"16_67_9_0","0"
"16_67_9_1","0"
"16_67_9_2","31_52_8"
"18_67_9_0","0"
"18_67_9_1","0"
"18_67_9_2","0"
"18_67_9_3","35_50_8"
"20_67_9_0","0"
"20_67_9_1","0"
"20_67_9_2","0"
"20_67_9_3","39_48_8"
"26_67_9_0","0"
"26_67_9_1","0"
"26_67_9_2","51_42_8"
"28_67_9_0","0"
"28_67_9_1","0"
"28_67_9_2","55_40_8"
"30_67_9_0","0"
"30_67_9_1","0"
"30_67_9_2","0"
"30_67_9_3","59_38_8"
"36_67_9_0","0"
"36_67_9_1","0"
"36_67_9_2","71_32_8"
"38_67_9_0","0"
"38_67_9_1","0"
"38_67_9_2","75_30_8"
"40_67_9_0","0"
"40_67_9_1","0"
"40_67_9_2","79_28_8"
"42_67_9_0","0"
"42_67_9_1","0"
"42_67_9_2","0"
"42_67_9_3","83_26_8"
"51_67_9_0","0"
"51_67_9_1","0"
"51_67_9_2","101_17_8"
"68_67_9_0","0"
"68_67_9_1","0"
"68_67_9_2","135_0_8"
"3_67_10","5_65_9"
"6_67_10","11_62_9"
"8_67_10_0","0"
"8_67_10_1","15_60_9_1"
"8_67_10_2","15_60_9_0"
"8_67_10_3","15_60_9_0 + 15_60_9_3"
"8_67_10_4","15_60_9_1 + 15_60_9_2"
"11_67_10_0","0"
"11_67_10_1","0"
"11_67_10_2","21_57_9_1"
"12_67_10_0","0"
"12_67_10_1","0"
"12_67_10_2","23_56_9_1"
"12_67_10_3","23_56_9_0"
"14_67_10_0","0"
"14_67_10_1","0"
"14_67_10_2","0"
"14_67_10_3","27_54_9_1"
"14_67_10_4","27_54_9_0"
"18_67_10_0","0"
"18_67_10_1","35_50_9"
"20_67_10_0","0"
"20_67_10_1","39_48_9_0"
"20_67_10_2","39_48_9_0 + 39_48_9_1"
"26_67_10_0","0"
"26_67_10_1","51_42_9"
"30_67_10_0","0"
"30_67_10_1","59_38_9"
"34_67_10_0","0"
"34_67_10_1","67_34_9"
"36_67_10_0","0"
"36_67_10_1","71_32_9"
"38_67_10_0","0"
"38_67_10_1","75_30_9"
"39_67_10_0","0"
"39_67_10_1","77_29_9"
"40_67_10_0","0"
"40_67_10_1","0"
"40_67_10_2","79_28_9"
"42_67_10_0","0"
"42_67_10_1","0"
"42_67_10_2","83_26_9"
"46_67_10_0","0"
"46_67_10_1","91_22_9"
"68_67_10_0","0"
"68_67_10_1","135_0_9"
"4_67_11","7_64_10"
"5_67_11","9_63_10_0"
"6_67_11_0","0"
"6_67_11_1","11_62_10_1"
"7_67_11_0","0"
"7_67_11_1","0"
"7_67_11_2","13_61_10_1"
"7_67_11_3","13_61_10_0"
"8_67_11_0","0"
"8_67_11_1","0"
"8_67_11_2","0"
"8_67_11_3","0"
"8_67_11_4","15_60_10"
"11_67_11_0","0"
"11_67_11_1","0"
"11_67_11_2","21_57_10"
"12_67_11_0","0"
"12_67_11_1","0"
"12_67_11_2","0"
"12_67_11_3","23_56_10_0"
"14_67_11_0","0"
"14_67_11_1","0"
"14_67_11_2","0"
"14_67_11_3","27_54_10_0 + 27_54_10_2"
"14_67_11_4","27_54_10_2"
"14_67_11_5","27_54_10_1"
"18_67_11_0","0"
"18_67_11_1","0"
"18_67_11_2","0"
"18_67_11_3","35_50_10_1"
"24_67_11_0","0"
"24_67_11_1","0"
"24_67_11_2","47_44_10"
"28_67_11_0","0"
"28_67_11_1","0"
"28_67_11_2","55_40_10"
"34_67_11_0","0"
"34_67_11_1","0"
"34_67_11_2","67_34_10"
"37_67_11_0","0"
"37_67_11_1","0"
"37_67_11_2","73_31_10_0"
"38_67_11_0","0"
"38_67_11_1","0"
"38_67_11_2","0"
"38_67_11_3","75_30_10"
"40_67_11_0","0"
"40_67_11_1","0"
"40_67_11_2","0"
"40_67_11_3","79_28_10"
"44_67_11_0","0"
"44_67_11_1","0"
"44_67_11_2","87_24_10"
"46_67_11_0","0"
"46_67_11_1","0"
"46_67_11_2","91_22_10"
"68_67_11_0","0"
"68_67_11_1","0"
"68_67_11_2","135_0_10"
"4_67_12_0","7_64_11_0"
"4_67_12_1","7_64_11_0 + 7_64_11_1"
"5_67_12","9_63_11_1"
"6_67_12_0","0"
"6_67_12_1","11_62_11_1"
"6_67_12_2","11_62_11_0"
"7_67_12_0","0"
"7_67_12_1","13_61_11_0"
"8_67_12_0","0"
"8_67_12_1","0"
"8_67_12_2","15_60_11_2"
"8_67_12_3","15_60_11_1 + 15_60_11_2"
"8_67_12_4","15_60_11_0 + 15_60_11_2"
"10_67_12_0","0"
"10_67_12_1","0"
"10_67_12_2","19_58_11_0"
"10_67_12_3","19_58_11_1"
"12_67_12_0","0"
"12_67_12_1","0"
"12_67_12_2","23_56_11"
"14_67_12_0","0"
"14_67_12_1","27_54_11_2"
"14_67_12_2","27_54_11_0 + 27_54_11_1"
"16_67_12_0","0"
"16_67_12_1","31_52_11"
"22_67_12_0","0"
"22_67_12_1","43_46_11"
"27_67_12_0","0"
"27_67_12_1","53_41_11"
"34_67_12_0","0"
"34_67_12_1","67_34_11"
"38_67_12_0","0"
"38_67_12_1","0"
"38_67_12_2","75_30_11"
"43_67_12_0","0"
"43_67_12_1","85_25_11"
"44_67_12_0","0"
"44_67_12_1","0"
"44_67_12_2","87_24_11"
"68_67_12_0","0"
"68_67_12_1","135_0_11"
"3_67_13","5_65_12_0"
"4_67_13_0","0"
"4_67_13_1","7_64_12_0"
"4_67_13_2","7_64_12_0 + 7_64_12_1"
"6_67_13_0","0"
"6_67_13_1","11_62_12_0"
"8_67_13_0","0"
"8_67_13_1","15_60_12_1"
"8_67_13_2","15_60_12_0 + 15_60_12_1"
"10_67_13_0","0"
"10_67_13_1","19_58_12"
"12_67_13_0","0"
"12_67_13_1","23_56_12"
"14_67_13_0","27_54_12_0 + 27_54_12_1"
"14_67_13_1","27_54_12_0 + 27_54_12_1 + 27_54_12_2"
"14_67_13_2","27_54_12_0"
"20_67_13","39_48_12"
"28_67_13","55_40_12"
"32_67_13","63_36_12"
"34_67_13_0","0"
"34_67_13_1","67_34_12"
"43_67_13","85_25_12"
"68_67_13","135_0_12"
"2_67_14","3_66_13"
"4_67_14","7_64_13"
"5_67_14","9_63_13_0"
"6_67_14_0","0"
"6_67_14_1","11_62_13"
"7_67_14_0","0"
"7_67_14_1","0"
"7_67_14_2","13_61_13"
"8_67_14_0","0"
"8_67_14_1","0"
"8_67_14_2","0"
"8_67_14_3","15_60_13"
"10_67_14_0","0"
"10_67_14_1","0"
"10_67_14_2","19_58_13"
"12_67_14_0","0"
"12_67_14_1","0"
"12_67_14_2","23_56_13_0"
"12_67_14_3","23_56_13_1"
"14_67_14_0","0"
"14_67_14_1","0"
"14_67_14_2","0"
"14_67_14_3","27_54_13_0"
"14_67_14_4","27_54_13_1"
"18_67_14_0","0"
"18_67_14_1","0"
"18_67_14_2","35_50_13"
"26_67_14_0","0"
"26_67_14_1","0"
"26_67_14_2","51_42_13"
"28_67_14_0","0"
"28_67_14_1","0"
"28_67_14_2","55_40_13"
"31_67_14_0","0"
"31_67_14_1","0"
"31_67_14_2","61_37_13"
"32_67_14_0","0"
"32_67_14_1","0"
"32_67_14_2","0"
"32_67_14_3","63_36_13"
"34_67_14_0","0"
"34_67_14_1","0"
"34_67_14_2","0"
"34_67_14_3","67_34_13"
"38_67_14_0","0"
"38_67_14_1","0"
"38_67_14_2","75_30_13"
"68_67_14_0","0"
"68_67_14_1","0"
"68_67_14_2","135_0_13"
"2_67_15","3_66_14"
"4_67_15_0","7_64_14_1"
"4_67_15_1","7_64_14_0"
"5_67_15_0","0"
"5_67_15_1","9_63_14_0"
"6_67_15_0","0"
"6_67_15_1","0"
"6_67_15_2","11_62_14"
"8_67_15_0","0"
"8_67_15_1","15_60_14_1"
"8_67_15_2","15_60_14_0"
"10_67_15_0","0"
"10_67_15_1","19_58_14"
"12_67_15_0","0"
"12_67_15_1","0"
"12_67_15_2","23_56_14"
"14_67_15_0","0"
"14_67_15_1","27_54_14_0"
"14_67_15_2","27_54_14_1"
"16_67_15_0","0"
"16_67_15_1","31_52_14"
"20_67_15_0","0"
"20_67_15_1","39_48_14"
"26_67_15_0","0"
"26_67_15_1","51_42_14"
"29_67_15_0","0"
"29_67_15_1","57_39_14"
"32_67_15_0","0"
"32_67_15_1","0"
"32_67_15_2","63_36_14"
"36_67_15_0","0"
"36_67_15_1","71_32_14"
"38_67_15_0","0"
"38_67_15_1","75_30_14"
"68_67_15_0","0"
"68_67_15_1","135_0_14"
"2_67_16","3_66_15"
"3_67_16_0","0"
"3_67_16_1","5_65_15"
"4_67_16_0","0"
"4_67_16_1","0"
"4_67_16_2","7_64_15"
"8_67_16_0","0"
"8_67_16_1","15_60_15"
"12_67_16_0","0"
"12_67_16_1","23_56_15"
"14_67_16_0","0"
"14_67_16_1","27_54_15_1"
"14_67_16_2","27_54_15_1 + 27_54_15_2"
"14_67_16_3","27_54_15_0"
"19_67_16_0","0"
"19_67_16_1","37_49_15"
"22_67_16_0","0"
"22_67_16_1","43_46_15"
"26_67_16_0","0"
"26_67_16_1","51_42_15"
"35_67_16_0","0"
"35_67_16_1","69_33_15"
"36_67_16_0","0"
"36_67_16_1","0"
"36_67_16_2","71_32_15"
"68_67_16_0","0"
"68_67_16_1","135_0_15"
"3_67_17","5_65_16_0"
"4_67_17_0","0"
"4_67_17_1","7_64_16"
"6_67_17_0","0"
"6_67_17_1","11_62_16"
"12_67_17_0","0"
"12_67_17_1","23_56_16_1"
"12_67_17_2","23_56_16_0"
"14_67_17_0","0"
"14_67_17_1","0"
"14_67_17_2","27_54_16_0"
"14_67_17_3","27_54_16_0 + 27_54_16_1"
"20_67_17_0","0"
"20_67_17_1","39_48_16"
"22_67_17_0","0"
"22_67_17_1","43_46_16"
"24_67_17_0","0"
"24_67_17_1","47_44_16"
"26_67_17_0","0"
"26_67_17_1","0"
"26_67_17_2","51_42_16"
"35_67_17_0","0"
"35_67_17_1","69_33_16"
"68_67_17_0","0"
"68_67_17_1","135_0_16"
"2_67_18","3_66_17"
"4_67_18_0","7_64_17_2"
"4_67_18_1","7_64_17_0"
"4_67_18_2","7_64_17_0 + 7_64_17_1 + 7_64_17_2"
"6_67_18_0","0"
"6_67_18_1","11_62_17"
"8_67_18","15_60_17"
"10_67_18","19_58_17"
"12_67_18_0","0"
"12_67_18_1","23_56_17"
"14_67_18_0","27_54_17_0 + 27_54_17_1"
"14_67_18_1","27_54_17_1"
"18_67_18","35_50_17"
"20_67_18","39_48_17"
"22_67_18","43_46_17"
"23_67_18","45_45_17"
"24_67_18_0","0"
"24_67_18_1","47_44_17"
"26_67_18_0","0"
"26_67_18_1","51_42_17"
"30_67_18","59_38_17"
"68_67_18","135_0_17"
"2_67_19_0","3_66_18_0"
"2_67_19_1","3_66_18_1"
"6_67_19","11_62_18"
"8_67_19_0","15_60_18_1"
"8_67_19_1","15_60_18_0"
"12_67_19_0","23_56_18_1"
"12_67_19_1","23_56_18_0"
"18_67_19","35_50_18"
"21_67_19","41_47_18_0"
"22_67_19_0","0"
"22_67_19_1","43_46_18"
"24_67_19_0","0"
"24_67_19_1","47_44_18"
"28_67_19","55_40_18"
"30_67_19","59_38_18"
"68_67_19","135_0_18"
"3_67_20","5_65_19"
"6_67_20_0","0"
"6_67_20_1","11_62_19_0 + 11_62_19_1"
"6_67_20_2","11_62_19_0"
"8_67_20_0","0"
"8_67_20_1","0"
"8_67_20_2","15_60_19"
"10_67_20_0","0"
"10_67_20_1","19_58_19"
"11_67_20_0","0"
"11_67_20_1","21_57_19"
"12_67_20_0","0"
"12_67_20_1","0"
"12_67_20_2","23_56_19_1"
"18_67_20_0","0"
"18_67_20_1","35_50_19"
"22_67_20_0","0"
"22_67_20_1","0"
"22_67_20_2","43_46_19"
"27_67_20_0","0"
"27_67_20_1","53_41_19"
"28_67_20_0","0"
"28_67_20_1","0"
"28_67_20_2","55_40_19"
"68_67_20_0","0"
"68_67_20_1","135_0_19"
"2_67_21","3_66_20"
"4_67_21_0","7_64_20_1"
"4_67_21_1","7_64_20_0"
"6_67_21_0","0"
"6_67_21_1","11_62_20_0"
"6_67_21_2","11_62_20_0 + 11_62_20_1"
"10_67_21","19_58_20_1"
"12_67_21","23_56_20"
"16_67_21","31_52_20"
"18_67_21_0","0"
"18_67_21_1","35_50_20"
"27_67_21","53_41_20"
"68_67_21","135_0_20"
"2_67_22","3_66_21"
"4_67_22_0","0"
"4_67_22_1","7_64_21"
"6_67_22_0","11_62_21_0"
"6_67_22_1","11_62_21_0 + 11_62_21_1"
"10_67_22_0","19_58_21_0"
"10_67_22_1","19_58_21_1"
"12_67_22","23_56_21"
"15_67_22","29_53_21"
"16_67_22_0","0"
"16_67_22_1","31_52_21"
"18_67_22_0","0"
"18_67_22_1","35_50_21"
"22_67_22","43_46_21"
"68_67_22","135_0_21"
"4_67_23","7_64_22"
"6_67_23","11_62_22"
"7_67_23","13_61_22"
"10_67_23_0","0"
"10_67_23_1","19_58_22_1"
"10_67_23_2","19_58_22_0 + 19_58_22_1"
"13_67_23_0","0"
"13_67_23_1","25_55_22"
"16_67_23_0","0"
"16_67_23_1","0"
"16_67_23_2","31_52_22"
"20_67_23_0","0"
"20_67_23_1","39_48_22"
"22_67_23_0","0"
"22_67_23_1","43_46_22"
"68_67_23_0","0"
"68_67_23_1","135_0_22"
"2_67_24_0","3_66_23_0 + 3_66_23_1"
"2_67_24_1","3_66_23_0"
"3_67_24","5_65_23_0"
"4_67_24_0","0"
"4_67_24_1","7_64_23"
"6_67_24_0","0"
"6_67_24_1","11_62_23"
"10_67_24_0","0"
"10_67_24_1","19_58_23"
"19_67_24_0","0"
"19_67_24_1","37_49_23"
"20_67_24_0","0"
"20_67_24_1","0"
"20_67_24_2","39_48_23"
"68_67_24_0","0"
"68_67_24_1","135_0_23"
"3_67_25","5_65_24"
"4_67_25_0","0"
"4_67_25_1","7_64_24"
"6_67_25_0","0"
"6_67_25_1","11_62_24"
"8_67_25_0","0"
"8_67_25_1","15_60_24"
"10_67_25_0","0"
"10_67_25_1","0"
"10_67_25_2","19_58_24"
"19_67_25_0","0"
"19_67_25_1","37_49_24"
"68_67_25_0","0"
"68_67_25_1","135_0_24"
"4_67_26","7_64_25"
"6_67_26","11_62_25"
"7_67_26","13_61_25_0"
"8_67_26_0","0"
"8_67_26_1","15_60_25"
"10_67_26_0","0"
"10_67_26_1","19_58_25"
"14_67_26","27_54_25"
"68_67_26","135_0_25"
"2_67_27","3_66_26"
"4_67_27","7_64_26"
"5_67_27","9_63_26"
"6_67_27_0","0"
"6_67_27_1","11_62_26"
"8_67_27_0","0"
"8_67_27_1","15_60_26"
"12_67_27","23_56_26"
"14_67_27","27_54_26"
"68_67_27","135_0_26"
"3_67_28","5_65_27"
"4_67_28_0","0"
"4_67_28_1","7_64_27"
"6_67_28_0","0"
"6_67_28_1","11_62_27"
"11_67_28","21_57_27"
"12_67_28_0","0"
"12_67_28_1","23_56_27"
"68_67_28","135_0_27"
"4_67_29","7_64_28"
"11_67_29","21_57_28"
"68_67_29","135_0_28"
"2_67_30","3_66_29"
"6_67_30","11_62_29"
"68_67_30","135_0_29"
"4_67_31_0","7_64_30_1"
"4_67_31_1","7_64_30_0"
"6_67_31","11_62_30"
"68_67_31","135_0_30"
"2_67_32","3_66_31"
"3_67_32","5_65_31"
"4_67_32_0","0"
"4_67_32_1","7_64_31_1"
"4_67_32_2","7_64_31_0"
"68_67_32","135_0_31"
"2_67_33","3_66_32"
"3_67_33","5_65_32"
"5_67_33","9_63_32"
"68_67_33_0","0"
"68_67_33_1","135_0_32"
"68_68_2","135_1_1"
"38_68_3","75_31_2"
"54_68_3","107_15_2"
"62_68_3","123_7_2"
"66_68_3","131_3_2"
"67_68_3","133_2_2"
"16_68_4","31_53_3"
"24_68_4","47_45_3"
"28_68_4_0","0"
"28_68_4_1","55_41_3"
"32_68_4_0","0"
"32_68_4_1","0"
"32_68_4_2","63_37_3"
"36_68_4_0","0"
"36_68_4_1","0"
"36_68_4_2","71_33_3"
"38_68_4_0","0"
"38_68_4_1","0"
"38_68_4_2","75_31_3_1"
"48_68_4_0","0"
"48_68_4_1","95_21_3"
"52_68_4_0","0"
"52_68_4_1","103_17_3"
"54_68_4_0","0"
"54_68_4_1","107_15_3"
"60_68_4_0","0"
"60_68_4_1","119_9_3"
"62_68_4_0","0"
"62_68_4_1","123_7_3"
"66_68_4_0","0"
"66_68_4_1","131_3_3"
"9_68_5","17_60_4"
"12_68_5_0","0"
"12_68_5_1","23_57_4"
"15_68_5_0","0"
"15_68_5_1","29_54_4"
"16_68_5_0","0"
"16_68_5_1","0"
"16_68_5_2","31_53_4"
"18_68_5_0","0"
"18_68_5_1","0"
"18_68_5_2","35_51_4"
"20_68_5_0","0"
"20_68_5_1","0"
"20_68_5_2","39_49_4"
"24_68_5_0","0"
"24_68_5_1","47_45_4"
"28_68_5_0","0"
"28_68_5_1","55_41_4"
"29_68_5_0","0"
"29_68_5_1","57_40_4_1"
"35_68_5_0","0"
"35_68_5_1","69_34_4"
"36_68_5_0","0"
"36_68_5_1","0"
"36_68_5_2","71_33_4"
"38_68_5_0","0"
"38_68_5_1","0"
"38_68_5_2","75_31_4"
"47_68_5_0","0"
"47_68_5_1","0"
"47_68_5_2","93_22_4"
"51_68_5_0","0"
"51_68_5_1","101_18_4_1"
"54_68_5_0","0"
"54_68_5_1","107_15_4"
"60_68_5_0","0"
"60_68_5_1","119_9_4"
"62_68_5_0","0"
"62_68_5_1","123_7_4"
"6_68_6","11_63_5"
"7_68_6_0","0"
"7_68_6_1","13_62_5"
"8_68_6_0","0"
"8_68_6_1","0"
"8_68_6_2","15_61_5"
"12_68_6_0","0"
"12_68_6_1","0"
"12_68_6_2","0"
"12_68_6_3","23_57_5"
"14_68_6_0","0"
"14_68_6_1","0"
"14_68_6_2","27_55_5"
"16_68_6_0","0"
"16_68_6_1","0"
"16_68_6_2","0"
"16_68_6_3","31_53_5_1"
"16_68_6_4","31_53_5_2"
"16_68_6_5","31_53_5_0 + 31_53_5_2"
"20_68_6_0","0"
"20_68_6_1","0"
"20_68_6_2","39_49_5_1"
"22_68_6","43_47_5"
"24_68_6_0","0"
"24_68_6_1","47_45_5_0"
"24_68_6_2","47_45_5_0 + 47_45_5_1"
"28_68_6_0","0"
"28_68_6_1","0"
"28_68_6_2","55_41_5"
"30_68_6_0","0"
"30_68_6_1","0"
"30_68_6_2","59_39_5"
"32_68_6_0","0"
"32_68_6_1","0"
"32_68_6_2","63_37_5"
"36_68_6_0","0"
"36_68_6_1","0"
"36_68_6_2","0"
"36_68_6_3","71_33_5"
"38_68_6_0","0"
"38_68_6_1","0"
"38_68_6_2","75_31_5_1"
"46_68_6_0","0"
"46_68_6_1","0"
"46_68_6_2","91_23_5"
"48_68_6_0","0"
"48_68_6_1","0"
"48_68_6_2","95_21_5"
"52_68_6_0","0"
"52_68_6_1","103_17_5"
"54_68_6_0","0"
"54_68_6_1","107_15_5_0 + 107_15_5_1"
"58_68_6_0","0"
"58_68_6_1","115_11_5"
"60_68_6_0","0"
"60_68_6_1","0"
"60_68_6_2","119_9_5"
"4_68_7","7_65_6"
"6_68_7_0","0"
"6_68_7_1","11_63_6_0"
"6_68_7_2","11_63_6_1"
"7_68_7_0","0"
"7_68_7_1","0"
"7_68_7_2","0"
"7_68_7_3","13_62_6_0"
"8_68_7_0","0"
"8_68_7_1","0"
"8_68_7_2","0"
"8_68_7_3","0"
"8_68_7_4","15_61_6_0 + 15_61_6_1"
"8_68_7_5","15_61_6_0"
"10_68_7_0","0"
"10_68_7_1","0"
"10_68_7_2","0"
"10_68_7_3","19_59_6_0"
"10_68_7_4","19_59_6_0 + 19_59_6_1"
"12_68_7_0","0"
"12_68_7_1","0"
"12_68_7_2","0"
"12_68_7_3","0"
"12_68_7_4","23_57_6_0"
"12_68_7_5","23_57_6_1"
"14_68_7_0","0"
"14_68_7_1","0"
"14_68_7_2","0"
"14_68_7_3","0"
"14_68_7_4","0"
"14_68_7_5","27_55_6"
"16_68_7_0","0"
"16_68_7_1","0"
"16_68_7_2","0"
"16_68_7_3","0"
"16_68_7_4","0"
"16_68_7_5","0"
"16_68_7_6","31_53_6_1"
"16_68_7_7","31_53_6_0 + 31_53_6_1"
"18_68_7_0","0"
"18_68_7_1","0"
"18_68_7_2","0"
"18_68_7_3","35_51_6_0"
"18_68_7_4","35_51_6_0 + 35_51_6_1"
"20_68_7_0","0"
"20_68_7_1","0"
"20_68_7_2","0"
"20_68_7_3","39_49_6"
"22_68_7_0","0"
"22_68_7_1","0"
"22_68_7_2","43_47_6"
"23_68_7_0","0"
"23_68_7_1","0"
"23_68_7_2","45_46_6"
"24_68_7_0","0"
"24_68_7_1","0"
"24_68_7_2","0"
"24_68_7_3","47_45_6"
"25_68_7_0","0"
"25_68_7_1","0"
"25_68_7_2","0"
"25_68_7_3","49_44_6"
"29_68_7_0","0"
"29_68_7_1","0"
"29_68_7_2","0"
"29_68_7_3","0"
"29_68_7_4","57_40_6_0"
"31_68_7_0","0"
"31_68_7_1","0"
"31_68_7_2","0"
"31_68_7_3","0"
"31_68_7_4","61_38_6_0"
"32_68_7_0","0"
"32_68_7_1","0"
"32_68_7_2","0"
"32_68_7_3","0"
"32_68_7_4","0"
"32_68_7_5","63_37_6"
"38_68_7_0","0"
"38_68_7_1","0"
"38_68_7_2","0"
"38_68_7_3","75_31_6"
"43_68_7_0","0"
"43_68_7_1","0"
"43_68_7_2","0"
"43_68_7_3","85_26_6"
"46_68_7_0","0"
"46_68_7_1","0"
"46_68_7_2","0"
"46_68_7_3","91_23_6"
"52_68_7_0","0"
"52_68_7_1","0"
"52_68_7_2","103_17_6"
"54_68_7_0","0"
"54_68_7_1","0"
"54_68_7_2","107_15_6"
"58_68_7_0","0"
"58_68_7_1","0"
"58_68_7_2","115_11_6"
"59_68_7_0","0"
"59_68_7_1","0"
"59_68_7_2","117_10_6"
"3_68_8","5_66_7_1"
"4_68_8_0","0"
"4_68_8_1","7_65_7"
"5_68_8_0","0"
"5_68_8_1","9_64_7"
"6_68_8_0","0"
"6_68_8_1","0"
"6_68_8_2","11_63_7_2"
"6_68_8_3","11_63_7_0 + 11_63_7_2"
"6_68_8_4","11_63_7_0 + 11_63_7_1"
"8_68_8_0","0"
"8_68_8_1","0"
"8_68_8_2","0"
"8_68_8_3","15_61_7_0 + 15_61_7_2"
"8_68_8_4","15_61_7_1 + 15_61_7_2"
"8_68_8_5","15_61_7_0"
"8_68_8_6","15_61_7_1 + 15_61_7_3"
"10_68_8_0","0"
"10_68_8_1","0"
"10_68_8_2","0"
"10_68_8_3","19_59_7_0"
"10_68_8_4","19_59_7_0 + 19_59_7_1 + 19_59_7_2"
"10_68_8_5","19_59_7_2"
"11_68_8_0","0"
"11_68_8_1","0"
"11_68_8_2","0"
"11_68_8_3","21_58_7"
"14_68_8_0","0"
"14_68_8_1","0"
"14_68_8_2","0"
"14_68_8_3","27_55_7_0 + 27_55_7_1"
"16_68_8_0","0"
"16_68_8_1","0"
"16_68_8_2","0"
"16_68_8_3","0"
"16_68_8_4","31_53_7_1"
"16_68_8_5","31_53_7_0"
"18_68_8_0","0"
"18_68_8_1","0"
"18_68_8_2","0"
"18_68_8_3","35_51_7"
"22_68_8_0","0"
"22_68_8_1","0"
"22_68_8_2","43_47_7"
"23_68_8_0","0"
"23_68_8_1","0"
"23_68_8_2","0"
"23_68_8_3","45_46_7"
"24_68_8_0","0"
"24_68_8_1","0"
"24_68_8_2","0"
"24_68_8_3","0"
"24_68_8_4","47_45_7"
"28_68_8_0","0"
"28_68_8_1","0"
"28_68_8_2","0"
"28_68_8_3","55_41_7"
"30_68_8_0","0"
"30_68_8_1","0"
"30_68_8_2","0"
"30_68_8_3","59_39_7"
"32_68_8_0","0"
"32_68_8_1","0"
"32_68_8_2","0"
"32_68_8_3","0"
"32_68_8_4","63_37_7_1"
"32_68_8_5","63_37_7_0 + 63_37_7_1"
"36_68_8_0","0"
"36_68_8_1","0"
"36_68_8_2","0"
"36_68_8_3","71_33_7"
"38_68_8_0","0"
"38_68_8_1","0"
"38_68_8_2","0"
"38_68_8_3","75_31_7"
"40_68_8_0","0"
"40_68_8_1","0"
"40_68_8_2","79_29_7"
"52_68_8_0","0"
"52_68_8_1","0"
"52_68_8_2","103_17_7"
"54_68_8_0","0"
"54_68_8_1","0"
"54_68_8_2","107_15_7"
"58_68_8_0","0"
"58_68_8_1","0"
"58_68_8_2","115_11_7"
"3_68_9","5_66_8"
"4_68_9_0","0"
"4_68_9_1","7_65_8"
"6_68_9_0","0"
"6_68_9_1","11_63_8_1"
"6_68_9_2","11_63_8_0 + 11_63_8_1"
"7_68_9_0","0"
"7_68_9_1","0"
"7_68_9_2","13_62_8_0"
"7_68_9_3","13_62_8_0 + 13_62_8_1"
"8_68_9_0","0"
"8_68_9_1","0"
"8_68_9_2","0"
"8_68_9_3","0"
"8_68_9_4","15_61_8_1 + 15_61_8_3"
"8_68_9_5","15_61_8_1"
"8_68_9_6","15_61_8_0"
"8_68_9_7","15_61_8_2"
"10_68_9_0","0"
"10_68_9_1","0"
"10_68_9_2","19_59_8_0"
"10_68_9_3","19_59_8_1"
"12_68_9_0","0"
"12_68_9_1","23_57_8_2"
"12_68_9_2","23_57_8_1 + 23_57_8_2"
"14_68_9_0","0"
"14_68_9_1","0"
"14_68_9_2","27_55_8"
"18_68_9_0","0"
"18_68_9_1","35_51_8_1"
"20_68_9_0","0"
"20_68_9_1","39_49_8"
"22_68_9_0","0"
"22_68_9_1","43_47_8_0"
"23_68_9_0","0"
"23_68_9_1","0"
"23_68_9_2","45_46_8"
"27_68_9_0","0"
"27_68_9_1","0"
"27_68_9_2","0"
"27_68_9_3","53_42_8"
"32_68_9_0","0"
"32_68_9_1","0"
"32_68_9_2","0"
"32_68_9_3","63_37_8_0 + 63_37_8_1"
"32_68_9_4","63_37_8_1"
"34_68_9_0","0"
"34_68_9_1","0"
"34_68_9_2","0"
"34_68_9_3","67_35_8"
"38_68_9_0","0"
"38_68_9_1","75_31_8_0 + 75_31_8_1"
"38_68_9_2","75_31_8_0"
"40_68_9_0","0"
"40_68_9_1","0"
"40_68_9_2","79_29_8"
"46_68_9_0","0"
"46_68_9_1","91_23_8"
"52_68_9_0","0"
"52_68_9_1","103_17_8"
"54_68_9_0","0"
"54_68_9_1","107_15_8"
"3_68_10","5_66_9"
"4_68_10_0","0"
"4_68_10_1","7_65_9_0 + 7_65_9_1"
"4_68_10_2","7_65_9_1"
"6_68_10_0","0"
"6_68_10_1","0"
"6_68_10_2","11_63_9_0"
"6_68_10_3","11_63_9_0 + 11_63_9_1"
"7_68_10_0","0"
"7_68_10_1","0"
"7_68_10_2","13_62_9_0"
"7_68_10_3","13_62_9_1"
"8_68_10_0","0"
"8_68_10_1","0"
"8_68_10_2","0"
"8_68_10_3","0"
"8_68_10_4","15_61_9_1"
"8_68_10_5","15_61_9_0"
"8_68_10_6","15_61_9_0 + 15_61_9_1 + 15_61_9_2"
"12_68_10_0","0"
"12_68_10_1","0"
"12_68_10_2","0"
"12_68_10_3","23_57_9_1"
"12_68_10_4","23_57_9_0 + 23_57_9_1"
"14_68_10_0","0"
"14_68_10_1","0"
"14_68_10_2","0"
"14_68_10_3","27_55_9"
"16_68_10_0","0"
"16_68_10_1","0"
"16_68_10_2","0"
"16_68_10_3","31_53_9"
"18_68_10_0","0"
"18_68_10_1","0"
"18_68_10_2","0"
"18_68_10_3","35_51_9_1"
"21_68_10_0","0"
"21_68_10_1","0"
"21_68_10_2","41_48_9_0"
"24_68_10_0","0"
"24_68_10_1","0"
"24_68_10_2","0"
"24_68_10_3","47_45_9"
"31_68_10_0","0"
"31_68_10_1","0"
"31_68_10_2","0"
"31_68_10_3","61_38_9"
"32_68_10_0","0"
"32_68_10_1","0"
"32_68_10_2","0"
"32_68_10_3","0"
"32_68_10_4","63_37_9"
"34_68_10_0","0"
"34_68_10_1","0"
"34_68_10_2","0"
"34_68_10_3","67_35_9"
"37_68_10_0","0"
"37_68_10_1","0"
"37_68_10_2","73_32_9"
"38_68_10_0","0"
"38_68_10_1","0"
"38_68_10_2","0"
"38_68_10_3","75_31_9_0"
"38_68_10_4","75_31_9_0 + 75_31_9_1"
"40_68_10_0","0"
"40_68_10_1","0"
"40_68_10_2","0"
"40_68_10_3","79_29_9"
"44_68_10_0","0"
"44_68_10_1","0"
"44_68_10_2","87_25_9"
"46_68_10_0","0"
"46_68_10_1","0"
"46_68_10_2","91_23_9_1"
"50_68_10_0","0"
"50_68_10_1","0"
"50_68_10_2","99_19_9"
"52_68_10_0","0"
"52_68_10_1","0"
"52_68_10_2","0"
"52_68_10_3","103_17_9"
"2_68_11","3_67_10"
"3_68_11","5_66_10"
"4_68_11_0","0"
"4_68_11_1","7_65_10"
"6_68_11_0","0"
"6_68_11_1","11_63_10_0"
"6_68_11_2","11_63_10_3"
"6_68_11_3","11_63_10_0 + 11_63_10_2 + 11_63_10_3"
"6_68_11_4","11_63_10_1"
"7_68_11_0","0"
"7_68_11_1","0"
"7_68_11_2","13_62_10_0"
"8_68_11_0","0"
"8_68_11_1","0"
"8_68_11_2","0"
"8_68_11_3","15_61_10_0 + 15_61_10_2"
"8_68_11_4","15_61_10_0"
"8_68_11_5","15_61_10_0 + 15_61_10_1"
"10_68_11_0","0"
"10_68_11_1","0"
"10_68_11_2","19_59_10_1"
"12_68_11_0","0"
"12_68_11_1","0"
"12_68_11_2","23_57_10_1"
"12_68_11_3","23_57_10_0"
"15_68_11_0","0"
"15_68_11_1","0"
"15_68_11_2","29_54_10_0"
"16_68_11_0","0"
"16_68_11_1","0"
"16_68_11_2","0"
"16_68_11_3","31_53_10_1"
"16_68_11_4","31_53_10_0 + 31_53_10_1"
"22_68_11_0","0"
"22_68_11_1","0"
"22_68_11_2","0"
"22_68_11_3","43_47_10"
"28_68_11_0","0"
"28_68_11_1","0"
"28_68_11_2","0"
"28_68_11_3","55_41_10"
"32_68_11_0","0"
"32_68_11_1","0"
"32_68_11_2","0"
"32_68_11_3","63_37_10"
"35_68_11_0","0"
"35_68_11_1","0"
"35_68_11_2","69_34_10"
"38_68_11_0","0"
"38_68_11_1","0"
"38_68_11_2","0"
"38_68_11_3","75_31_10_1"
"38_68_11_4","75_31_10_0 + 75_31_10_1"
"44_68_11_0","0"
"44_68_11_1","0"
"44_68_11_2","87_25_10"
"46_68_11_0","0"
"46_68_11_1","0"
"46_68_11_2","91_23_10"
"50_68_11_0","0"
"50_68_11_1","0"
"50_68_11_2","99_19_10"
"51_68_11_0","0"
"51_68_11_1","0"
"51_68_11_2","101_18_10"
"3_68_12","5_66_11"
"4_68_12_0","0"
"4_68_12_1","7_65_11"
"6_68_12_0","0"
"6_68_12_1","11_63_11_1"
"6_68_12_2","11_63_11_1 + 11_63_11_3"
"6_68_12_3","11_63_11_0"
"8_68_12_0","0"
"8_68_12_1","0"
"8_68_12_2","15_61_11_1"
"8_68_12_3","15_61_11_2"
"8_68_12_4","15_61_11_0"
"10_68_12_0","0"
"10_68_12_1","0"
"10_68_12_2","0"
"10_68_12_3","19_59_11"
"12_68_12_0","0"
"12_68_12_1","0"
"12_68_12_2","0"
"12_68_12_3","23_57_11_1"
"12_68_12_4","23_57_11_0 + 23_57_11_1"
"15_68_12_0","0"
"15_68_12_1","0"
"15_68_12_2","29_54_11_0"
"16_68_12_0","0"
"16_68_12_1","0"
"16_68_12_2","0"
"16_68_12_3","31_53_11_0 + 31_53_11_1"
"16_68_12_4","31_53_11_1"
"20_68_12_0","0"
"20_68_12_1","0"
"20_68_12_2","0"
"20_68_12_3","39_49_11"
"26_68_12_0","0"
"26_68_12_1","0"
"26_68_12_2","0"
"26_68_12_3","51_43_11"
"28_68_12_0","0"
"28_68_12_1","0"
"28_68_12_2","0"
"28_68_12_3","0"
"28_68_12_4","55_41_11"
"32_68_12_0","0"
"32_68_12_1","0"
"32_68_12_2","0"
"32_68_12_3","63_37_11"
"38_68_12_0","0"
"38_68_12_1","0"
"38_68_12_2","0"
"38_68_12_3","75_31_11"
"44_68_12_0","0"
"44_68_12_1","0"
"44_68_12_2","87_25_11"
"46_68_12_0","0"
"46_68_12_1","0"
"46_68_12_2","91_23_11"
"50_68_12_0","0"
"50_68_12_1","0"
"50_68_12_2","99_19_11"
"4_68_13_0","7_65_12_0"
"4_68_13_1","7_65_12_1"
"5_68_13_0","0"
"5_68_13_1","9_64_12_0"
"6_68_13_0","0"
"6_68_13_1","0"
"6_68_13_2","11_63_12"
"7_68_13_0","0"
"7_68_13_1","0"
"7_68_13_2","13_62_12_1"
"7_68_13_3","13_62_12_0"
"8_68_13_0","0"
"8_68_13_1","0"
"8_68_13_2","0"
"8_68_13_3","0"
"8_68_13_4","15_61_12"
"10_68_13_0","0"
"10_68_13_1","0"
"10_68_13_2","19_59_12_0 + 19_59_12_1"
"10_68_13_3","19_59_12_1"
"12_68_13_0","0"
"12_68_13_1","0"
"12_68_13_2","23_57_12_1"
"12_68_13_3","23_57_12_0"
"14_68_13_0","0"
"14_68_13_1","0"
"14_68_13_2","0"
"14_68_13_3","27_55_12"
"16_68_13_0","0"
"16_68_13_1","0"
"16_68_13_2","0"
"16_68_13_3","31_53_12_0 + 31_53_12_1"
"16_68_13_4","31_53_12_0"
"18_68_13_0","0"
"18_68_13_1","0"
"18_68_13_2","0"
"18_68_13_3","35_51_12"
"24_68_13_0","0"
"24_68_13_1","0"
"24_68_13_2","0"
"24_68_13_3","47_45_12"
"26_68_13_0","0"
"26_68_13_1","0"
"26_68_13_2","0"
"26_68_13_3","0"
"26_68_13_4","51_43_12"
"30_68_13_0","0"
"30_68_13_1","0"
"30_68_13_2","59_39_12"
"32_68_13_0","0"
"32_68_13_1","0"
"32_68_13_2","0"
"32_68_13_3","63_37_12"
"38_68_13_0","0"
"38_68_13_1","0"
"38_68_13_2","75_31_12"
"44_68_13_0","0"
"44_68_13_1","0"
"44_68_13_2","87_25_12"
"46_68_13_0","0"
"46_68_13_1","0"
"46_68_13_2","91_23_12"
"2_68_14","3_67_13"
"4_68_14_0","7_65_13_0"
"4_68_14_1","7_65_13_1"
"6_68_14_0","0"
"6_68_14_1","0"
"6_68_14_2","11_63_13"
"8_68_14_0","0"
"8_68_14_1","0"
"8_68_14_2","15_61_13_1"
"8_68_14_3","15_61_13_0"
"10_68_14_0","0"
"10_68_14_1","19_59_13"
"12_68_14_0","0"
"12_68_14_1","0"
"12_68_14_2","23_57_13"
"13_68_14_0","0"
"13_68_14_1","25_56_13_0"
"16_68_14_0","0"
"16_68_14_1","0"
"16_68_14_2","31_53_13_1"
"16_68_14_3","31_53_13_0"
"22_68_14_0","0"
"22_68_14_1","0"
"22_68_14_2","43_47_13_1"
"26_68_14_0","0"
"26_68_14_1","0"
"26_68_14_2","51_43_13"
"29_68_14_0","0"
"29_68_14_1","57_40_13"
"30_68_14_0","0"
"30_68_14_1","0"
"30_68_14_2","59_39_13"
"32_68_14_0","0"
"32_68_14_1","0"
"32_68_14_2","63_37_13"
"36_68_14_0","0"
"36_68_14_1","71_33_13"
"38_68_14_0","0"
"38_68_14_1","75_31_13_1"
"42_68_14_0","0"
"42_68_14_1","83_27_13"
"44_68_14_0","0"
"44_68_14_1","0"
"44_68_14_2","87_25_13"
"3_68_15_0","5_66_14_1"
"3_68_15_1","5_66_14_0 + 5_66_14_1"
"4_68_15_0","0"
"4_68_15_1","0"
"4_68_15_2","7_65_14"
"8_68_15_0","0"
"8_68_15_1","15_61_14"
"9_68_15_0","0"
"9_68_15_1","0"
"9_68_15_2","17_60_14"
"12_68_15_0","0"
"12_68_15_1","0"
"12_68_15_2","23_57_14"
"14_68_15_0","0"
"14_68_15_1","0"
"14_68_15_2","27_55_14"
"16_68_15_0","0"
"16_68_15_1","0"
"16_68_15_2","0"
"16_68_15_3","31_53_14"
"20_68_15_0","0"
"20_68_15_1","0"
"20_68_15_2","39_49_14"
"22_68_15_0","0"
"22_68_15_1","0"
"22_68_15_2","0"
"22_68_15_3","43_47_14"
"27_68_15_0","0"
"27_68_15_1","53_42_14"
"30_68_15_0","0"
"30_68_15_1","0"
"30_68_15_2","59_39_14"
"36_68_15_0","0"
"36_68_15_1","71_33_14"
"38_68_15_0","0"
"38_68_15_1","75_31_14"
"42_68_15_0","0"
"42_68_15_1","83_27_14"
"43_68_15_0","0"
"43_68_15_1","85_26_14"
"3_68_16","5_66_15"
"4_68_16_0","0"
"4_68_16_1","7_65_15"
"6_68_16_0","0"
"6_68_16_1","11_63_15"
"7_68_16_0","0"
"7_68_16_1","0"
"7_68_16_2","13_62_15"
"12_68_16_0","0"
"12_68_16_1","0"
"12_68_16_2","23_57_15_1"
"12_68_16_3","23_57_15_0 + 23_57_15_1"
"16_68_16_0","0"
"16_68_16_1","0"
"16_68_16_2","31_53_15"
"18_68_16_0","0"
"18_68_16_1","0"
"18_68_16_2","35_51_15"
"20_68_16_0","0"
"20_68_16_1","0"
"20_68_16_2","0"
"20_68_16_3","39_49_15"
"22_68_16_0","0"
"22_68_16_1","0"
"22_68_16_2","43_47_15"
"24_68_16_0","0"
"24_68_16_1","47_45_15"
"36_68_16_0","0"
"36_68_16_1","71_33_15"
"38_68_16_0","0"
"38_68_16_1","75_31_15"
"42_68_16_0","0"
"42_68_16_1","83_27_15"
"2_68_17_0","3_67_16_0"
"2_68_17_1","3_67_16_0 + 3_67_16_1"
"4_68_17_0","7_65_16_1"
"4_68_17_1","7_65_16_0"
"6_68_17_0","0"
"6_68_17_1","11_63_16_1"
"6_68_17_2","11_63_16_0"
"8_68_17_0","0"
"8_68_17_1","15_61_16"
"10_68_17_0","0"
"10_68_17_1","19_59_16_1"
"10_68_17_2","19_59_16_0"
"16_68_17_0","0"
"16_68_17_1","31_53_16_0 + 31_53_16_1"
"16_68_17_2","31_53_16_1"
"18_68_17_0","0"
"18_68_17_1","0"
"18_68_17_2","35_51_16"
"22_68_17_0","43_47_16_1"
"22_68_17_1","43_47_16_0"
"24_68_17_0","0"
"24_68_17_1","47_45_16"
"30_68_17","59_39_16"
"36_68_17","71_33_16"
"38_68_17","75_31_16"
"2_68_18","3_67_17"
"5_68_18","9_64_17_0"
"8_68_18_0","0"
"8_68_18_1","15_61_17_1"
"8_68_18_2","15_61_17_0"
"10_68_18_0","0"
"10_68_18_1","0"
"10_68_18_2","19_59_17"
"15_68_18_0","0"
"15_68_18_1","29_54_17"
"16_68_18_0","0"
"16_68_18_1","0"
"16_68_18_2","31_53_17"
"18_68_18_0","0"
"18_68_18_1","35_51_17"
"21_68_18","41_48_17"
"22_68_18_0","0"
"22_68_18_1","43_47_17_0"
"22_68_18_2","43_47_17_0 + 43_47_17_1"
"24_68_18_0","0"
"24_68_18_1","47_45_17"
"28_68_18","55_41_17"
"30_68_18","59_39_17_1"
"34_68_18","67_35_17"
"36_68_18_0","0"
"36_68_18_1","71_33_17"
"3_68_19","5_66_18"
"6_68_19_0","0"
"6_68_19_1","11_63_18"
"8_68_19_0","0"
"8_68_19_1","0"
"8_68_19_2","15_61_18"
"10_68_19_0","0"
"10_68_19_1","19_59_18"
"12_68_19_0","0"
"12_68_19_1","23_57_18"
"16_68_19_0","0"
"16_68_19_1","31_53_18"
"19_68_19_0","0"
"19_68_19_1","37_50_18"
"22_68_19_0","0"
"22_68_19_1","0"
"22_68_19_2","43_47_18_0"
"22_68_19_3","43_47_18_1"
"28_68_19_0","0"
"28_68_19_1","55_41_18"
"30_68_19_0","0"
"30_68_19_1","59_39_18"
"34_68_19_0","0"
"34_68_19_1","67_35_18"
"35_68_19_0","0"
"35_68_19_1","69_34_18"
"2_68_20","3_67_19"
"4_68_20_0","7_65_19_1"
"4_68_20_1","7_65_19_0"
"6_68_20_0","0"
"6_68_20_1","11_63_19"
"8_68_20","15_61_19"
"10_68_20","19_59_19"
"12_68_20_0","0"
"12_68_20_1","23_57_19"
"16_68_20","31_53_19"
"22_68_20_0","0"
"22_68_20_1","43_47_19"
"28_68_20","55_41_19"
"30_68_20","59_39_19"
"34_68_20","67_35_19"
"2_68_21","3_67_20"
"6_68_21","11_63_20"
"8_68_21_0","15_61_20_1"
"8_68_21_1","15_61_20_0 + 15_61_20_1"
"10_68_21_0","0"
"10_68_21_1","19_59_20_1"
"10_68_21_2","19_59_20_0"
"12_68_21_0","0"
"12_68_21_1","23_57_20"
"14_68_21","27_55_20"
"16_68_21_0","0"
"16_68_21_1","31_53_20"
"22_68_21","43_47_20"
"28_68_21","55_41_20"
"30_68_21","59_39_20"
"3_68_22","5_66_21"
"6_68_22_0","0"
"6_68_22_1","11_63_21_1"
"7_68_22_0","0"
"7_68_22_1","13_62_21_0"
"8_68_22_0","0"
"8_68_22_1","0"
"8_68_22_2","15_61_21"
"10_68_22_0","0"
"10_68_22_1","19_59_21_0"
"10_68_22_2","19_59_21_0 + 19_59_21_1"
"13_68_22_0","0"
"13_68_22_1","25_56_21"
"14_68_22_0","0"
"14_68_22_1","0"
"14_68_22_2","27_55_21"
"16_68_22_0","0"
"16_68_22_1","0"
"16_68_22_2","31_53_21"
"20_68_22_0","0"
"20_68_22_1","39_49_21"
"22_68_22_0","0"
"22_68_22_1","43_47_21_1"
"26_68_22_0","0"
"26_68_22_1","51_43_21"
"28_68_22_0","0"
"28_68_22_1","0"
"28_68_22_2","55_41_21"
"2_68_23","3_67_22"
"4_68_23_0","7_65_22_1"
"4_68_23_1","7_65_22_0"
"8_68_23","15_61_22"
"11_68_23","21_58_22"
"14_68_23_0","0"
"14_68_23_1","27_55_22"
"20_68_23","39_49_22"
"22_68_23","43_47_22"
"26_68_23","51_43_22"
"27_68_23","53_42_22"
"3_68_24","5_66_23"
"4_68_24_0","0"
"4_68_24_1","7_65_23_0"
"4_68_24_2","7_65_23_0 + 7_65_23_1"
"8_68_24_0","15_61_23_1"
"8_68_24_1","15_61_23_0 + 15_61_23_1"
"20_68_24","39_49_23"
"22_68_24","43_47_23"
"26_68_24","51_43_23"
"2_68_25","3_67_24"
"4_68_25","7_65_24"
"6_68_25","11_63_24"
"8_68_25_0","0"
"8_68_25_1","15_61_24_1"
"8_68_25_2","15_61_24_0 + 15_61_24_1"
"14_68_25","27_55_24"
"20_68_25","39_49_24"
"22_68_25","43_47_24"
"2_68_26","3_67_25"
"4_68_26","7_65_25"
"5_68_26","9_64_25_0"
"6_68_26_0","0"
"6_68_26_1","11_63_25"
"8_68_26_0","0"
"8_68_26_1","15_61_25"
"12_68_26","23_57_25"
"14_68_26","27_55_25_1"
"18_68_26","35_51_25"
"20_68_26_0","0"
"20_68_26_1","39_49_25"
"3_68_27","5_66_26"
"4_68_27_0","0"
"4_68_27_1","7_65_26"
"6_68_27_0","0"
"6_68_27_1","11_63_26"
"12_68_27","23_57_26"
"14_68_27","27_55_26"
"18_68_27","35_51_26"
"19_68_27","37_50_26"
"4_68_28","7_65_27"
"7_68_28","13_62_27"
"12_68_28_0","0"
"12_68_28_1","23_57_27"
"14_68_28_0","0"
"14_68_28_1","27_55_27"
"18_68_28_0","0"
"18_68_28_1","35_51_27"
"2_68_29","3_67_28"
"5_68_29","9_64_28"
"12_68_29_0","0"
"12_68_29_1","23_57_28"
"14_68_29_0","0"
"14_68_29_1","27_55_28"
"3_68_30","5_66_29"
"4_68_30_0","0"
"4_68_30_1","7_65_29"
"6_68_30_0","0"
"6_68_30_1","11_63_29_1"
"10_68_30_0","0"
"10_68_30_1","19_59_29"
"12_68_30_0","0"
"12_68_30_1","0"
"12_68_30_2","23_57_29"
"4_68_31","7_65_30"
"6_68_31","11_63_30"
"10_68_31","19_59_30"
"11_68_31","21_58_30"
"4_68_32","7_65_31"
"6_68_32","11_63_31"
"10_68_32","19_59_31"
"70_69_2","139_0_1"
"32_69_3","63_38_2"
"56_69_3","111_14_2"
"64_69_3_0","0"
"64_69_3_1","127_6_2"
"68_69_3_0","0"
"68_69_3_1","135_2_2"
"70_69_3_0","0"
"70_69_3_1","139_0_2"
"31_69_4","61_39_3"
"32_69_4_0","0"
"32_69_4_1","63_38_3"
"36_69_4_0","0"
"36_69_4_1","71_34_3"
"39_69_4","77_31_3_0"
"40_69_4_0","0"
"40_69_4_1","79_30_3"
"52_69_4_0","0"
"52_69_4_1","103_18_3"
"56_69_4_0","0"
"56_69_4_1","111_14_3"
"61_69_4_0","0"
"61_69_4_1","121_9_3"
"67_69_4_0","0"
"67_69_4_1","133_3_3"
"70_69_4_0","0"
"70_69_4_1","139_0_3"
"10_69_5","19_60_4"
"12_69_5_0","0"
"12_69_5_1","23_58_4"
"16_69_5_0","0"
"16_69_5_1","31_54_4"
"25_69_5","49_45_4"
"30_69_5_0","0"
"30_69_5_1","59_40_4_1"
"30_69_5_2","59_40_4_0"
"32_69_5_0","0"
"32_69_5_1","0"
"32_69_5_2","0"
"32_69_5_3","63_38_4_0 + 63_38_4_1"
"32_69_5_4","63_38_4_1"
"36_69_5_0","0"
"36_69_5_1","0"
"36_69_5_2","0"
"36_69_5_3","71_34_4"
"40_69_5_0","0"
"40_69_5_1","0"
"40_69_5_2","79_30_4"
"48_69_5_0","0"
"48_69_5_1","0"
"48_69_5_2","95_22_4"
"52_69_5_0","0"
"52_69_5_1","103_18_4_1"
"56_69_5_0","0"
"56_69_5_1","111_14_4"
"70_69_5_0","0"
"70_69_5_1","139_0_4"
"6_69_6","11_64_5"
"8_69_6_0","0"
"8_69_6_1","15_62_5_1"
"8_69_6_2","15_62_5_0 + 15_62_5_1"
"8_69_6_3","15_62_5_0 + 15_62_5_2"
"11_69_6_0","0"
"11_69_6_1","0"
"11_69_6_2","21_59_5_1"
"15_69_6_0","0"
"15_69_6_1","0"
"15_69_6_2","29_55_5"
"16_69_6_0","0"
"16_69_6_1","0"
"16_69_6_2","0"
"16_69_6_3","31_54_5"
"18_69_6_0","0"
"18_69_6_1","0"
"18_69_6_2","0"
"18_69_6_3","35_52_5_1"
"22_69_6_0","0"
"22_69_6_1","0"
"22_69_6_2","43_48_5"
"25_69_6_0","0"
"25_69_6_1","0"
"25_69_6_2","49_45_5_0"
"26_69_6_0","0"
"26_69_6_1","0"
"26_69_6_2","0"
"26_69_6_3","51_44_5"
"29_69_6_0","0"
"29_69_6_1","0"
"29_69_6_2","0"
"29_69_6_3","57_41_5"
"30_69_6_0","0"
"30_69_6_1","0"
"30_69_6_2","0"
"30_69_6_3","0"
"30_69_6_4","59_40_5_0"
"31_69_6_0","0"
"31_69_6_1","0"
"31_69_6_2","0"
"31_69_6_3","0"
"31_69_6_4","61_39_5"
"32_69_6_0","0"
"32_69_6_1","0"
"32_69_6_2","0"
"32_69_6_3","0"
"32_69_6_4","0"
"32_69_6_5","63_38_5"
"39_69_6_0","0"
"39_69_6_1","0"
"39_69_6_2","77_31_5_0"
"40_69_6_0","0"
"40_69_6_1","0"
"40_69_6_2","0"
"40_69_6_3","79_30_5"
"50_69_6_0","0"
"50_69_6_1","0"
"50_69_6_2","99_20_5"
"52_69_6_0","0"
"52_69_6_1","0"
"52_69_6_2","103_18_5"
"55_69_6_0","0"
"55_69_6_1","0"
"55_69_6_2","109_15_5_0"
"56_69_6_0","0"
"56_69_6_1","0"
"56_69_6_2","0"
"56_69_6_3","111_14_5"
"70_69_6_0","0"
"70_69_6_1","0"
"70_69_6_2","139_0_5"
"3_69_7","5_67_6"
"6_69_7_0","0"
"6_69_7_1","11_64_6_0 + 11_64_6_1 + 11_64_6_2"
"6_69_7_2","11_64_6_0 + 11_64_6_1"
"6_69_7_3","11_64_6_1"
"7_69_7_0","0"
"7_69_7_1","0"
"7_69_7_2","13_63_6_1"
"7_69_7_3","13_63_6_1 + 13_63_6_3"
"8_69_7_0","0"
"8_69_7_1","0"
"8_69_7_2","0"
"8_69_7_3","0"
"8_69_7_4","15_62_6_2"
"8_69_7_5","15_62_6_1 + 15_62_6_2"
"8_69_7_6","15_62_6_0 + 15_62_6_1 + 15_62_6_2"
"10_69_7_0","0"
"10_69_7_1","0"
"10_69_7_2","0"
"10_69_7_3","19_60_6_3"
"15_69_7_0","0"
"15_69_7_1","0"
"15_69_7_2","29_55_6"
"16_69_7_0","0"
"16_69_7_1","0"
"16_69_7_2","0"
"16_69_7_3","31_54_6_2"
"16_69_7_4","31_54_6_1"
"16_69_7_5","31_54_6_0 + 31_54_6_1"
"21_69_7_0","0"
"21_69_7_1","41_49_6"
"22_69_7_0","0"
"22_69_7_1","0"
"22_69_7_2","43_48_6"
"23_69_7_0","0"
"23_69_7_1","0"
"23_69_7_2","45_47_6"
"24_69_7_0","0"
"24_69_7_1","0"
"24_69_7_2","0"
"24_69_7_3","47_46_6"
"26_69_7_0","0"
"26_69_7_1","0"
"26_69_7_2","0"
"26_69_7_3","51_44_6"
"30_69_7_0","0"
"30_69_7_1","0"
"30_69_7_2","0"
"30_69_7_3","59_40_6_0"
"32_69_7_0","0"
"32_69_7_1","0"
"32_69_7_2","0"
"32_69_7_3","63_38_6_0"
"32_69_7_4","63_38_6_1"
"44_69_7_0","0"
"44_69_7_1","87_26_6"
"50_69_7_0","0"
"50_69_7_1","99_20_6"
"54_69_7_0","0"
"54_69_7_1","107_16_6"
"56_69_7_0","0"
"56_69_7_1","0"
"56_69_7_2","111_14_6"
"60_69_7_0","0"
"60_69_7_1","119_10_6"
"70_69_7_0","0"
"70_69_7_1","139_0_6"
"4_69_8_0","7_66_7_0"
"4_69_8_1","7_66_7_1"
"4_69_8_2","7_66_7_0 + 7_66_7_2"
"5_69_8_0","0"
"5_69_8_1","0"
"5_69_8_2","9_65_7_0"
"6_69_8_0","0"
"6_69_8_1","0"
"6_69_8_2","0"
"6_69_8_3","11_64_7_1"
"6_69_8_4","11_64_7_0 + 11_64_7_2"
"6_69_8_5","11_64_7_0"
"6_69_8_6","11_64_7_0 + 11_64_7_3"
"7_69_8_0","0"
"7_69_8_1","0"
"7_69_8_2","0"
"7_69_8_3","0"
"7_69_8_4","13_63_7_2"
"7_69_8_5","13_63_7_0 + 13_63_7_2"
"8_69_8_0","0"
"8_69_8_1","0"
"8_69_8_2","0"
"8_69_8_3","0"
"8_69_8_4","0"
"8_69_8_5","0"
"8_69_8_6","15_62_7_0"
"8_69_8_7","15_62_7_0 + 15_62_7_1 + 15_62_7_2"
"8_69_8_8","15_62_7_0 + 15_62_7_1"
"10_69_8_0","0"
"10_69_8_1","0"
"10_69_8_2","0"
"10_69_8_3","0"
"10_69_8_4","19_60_7_1"
"12_69_8_0","0"
"12_69_8_1","23_58_7_0"
"12_69_8_2","23_58_7_1"
"15_69_8_0","0"
"15_69_8_1","0"
"15_69_8_2","29_55_7_0"
"15_69_8_3","29_55_7_1"
"16_69_8_0","0"
"16_69_8_1","0"
"16_69_8_2","0"
"16_69_8_3","0"
"16_69_8_4","31_54_7"
"19_69_8_0","0"
"19_69_8_1","0"
"19_69_8_2","37_51_7_0"
"20_69_8_0","0"
"20_69_8_1","0"
"20_69_8_2","0"
"20_69_8_3","39_50_7"
"22_69_8_0","0"
"22_69_8_1","0"
"22_69_8_2","0"
"22_69_8_3","43_48_7_1"
"22_69_8_4","43_48_7_0 + 43_48_7_1"
"23_69_8_0","0"
"23_69_8_1","0"
"23_69_8_2","0"
"23_69_8_3","0"
"23_69_8_4","45_47_7"
"24_69_8_0","0"
"24_69_8_1","0"
"24_69_8_2","0"
"24_69_8_3","0"
"24_69_8_4","0"
"24_69_8_5","47_46_7"
"25_69_8_0","0"
"25_69_8_1","0"
"25_69_8_2","0"
"25_69_8_3","0"
"25_69_8_4","0"
"25_69_8_5","49_45_7"
"28_69_8_0","0"
"28_69_8_1","0"
"28_69_8_2","0"
"28_69_8_3","0"
"28_69_8_4","0"
"28_69_8_5","55_42_7"
"31_69_8_0","0"
"31_69_8_1","0"
"31_69_8_2","0"
"31_69_8_3","0"
"31_69_8_4","61_39_7"
"32_69_8_0","0"
"32_69_8_1","0"
"32_69_8_2","0"
"32_69_8_3","0"
"32_69_8_4","0"
"32_69_8_5","63_38_7"
"40_69_8_0","0"
"40_69_8_1","0"
"40_69_8_2","79_30_7"
"53_69_8_0","0"
"53_69_8_1","0"
"53_69_8_2","105_17_7"
"59_69_8_0","0"
"59_69_8_1","0"
"59_69_8_2","117_11_7"
"70_69_8_0","0"
"70_69_8_1","0"
"70_69_8_2","139_0_7"
"2_69_9","3_68_8"
"3_69_9_0","5_67_8_0"
"3_69_9_1","5_67_8_0 + 5_67_8_1"
"4_69_9_0","0"
"4_69_9_1","0"
"4_69_9_2","7_66_8_0 + 7_66_8_1"
"4_69_9_3","7_66_8_0 + 7_66_8_1 + 7_66_8_2"
"4_69_9_4","7_66_8_1 + 7_66_8_2"
"6_69_9_0","0"
"6_69_9_1","0"
"6_69_9_2","11_64_8_0"
"6_69_9_3","11_64_8_1"
"8_69_9_0","0"
"8_69_9_1","0"
"8_69_9_2","15_62_8_0"
"8_69_9_3","15_62_8_0 + 15_62_8_1"
"8_69_9_4","15_62_8_0 + 15_62_8_1 + 15_62_8_2"
"10_69_9_0","0"
"10_69_9_1","0"
"10_69_9_2","0"
"10_69_9_3","19_60_8_0"
"10_69_9_4","19_60_8_0 + 19_60_8_1"
"11_69_9_0","0"
"11_69_9_1","0"
"11_69_9_2","0"
"11_69_9_3","21_59_8"
"12_69_9_0","0"
"12_69_9_1","0"
"12_69_9_2","0"
"12_69_9_3","0"
"12_69_9_4","23_58_8"
"16_69_9_0","0"
"16_69_9_1","0"
"16_69_9_2","0"
"16_69_9_3","31_54_8_1"
"16_69_9_4","31_54_8_0"
"20_69_9_0","0"
"20_69_9_1","0"
"20_69_9_2","0"
"20_69_9_3","39_50_8"
"22_69_9_0","0"
"22_69_9_1","0"
"22_69_9_2","0"
"22_69_9_3","43_48_8"
"23_69_9_0","0"
"23_69_9_1","0"
"23_69_9_2","0"
"23_69_9_3","45_47_8_0"
"23_69_9_4","45_47_8_1"
"24_69_9_0","0"
"24_69_9_1","0"
"24_69_9_2","0"
"24_69_9_3","0"
"24_69_9_4","0"
"24_69_9_5","47_46_8"
"28_69_9_0","0"
"28_69_9_1","0"
"28_69_9_2","0"
"28_69_9_3","0"
"28_69_9_4","0"
"28_69_9_5","55_42_8"
"32_69_9_0","0"
"32_69_9_1","0"
"32_69_9_2","0"
"32_69_9_3","0"
"32_69_9_4","63_38_8"
"38_69_9_0","0"
"38_69_9_1","0"
"38_69_9_2","75_32_8"
"40_69_9_0","0"
"40_69_9_1","0"
"40_69_9_2","79_30_8"
"44_69_9_0","0"
"44_69_9_1","0"
"44_69_9_2","87_26_8"
"48_69_9_0","0"
"48_69_9_1","0"
"48_69_9_2","95_22_8"
"70_69_9_0","0"
"70_69_9_1","0"
"70_69_9_2","139_0_8"
"2_69_10","3_68_9"
"4_69_10_0","0"
"4_69_10_1","7_66_9_0"
"4_69_10_2","7_66_9_0 + 7_66_9_1"
"5_69_10","9_65_9_0"
"6_69_10_0","0"
"6_69_10_1","11_64_9_0"
"6_69_10_2","11_64_9_0 + 11_64_9_1"
"7_69_10_0","0"
"7_69_10_1","13_63_9_1 + 13_63_9_2"
"8_69_10_0","0"
"8_69_10_1","0"
"8_69_10_2","15_62_9_1"
"8_69_10_3","15_62_9_0"
"10_69_10_0","19_60_9_3"
"10_69_10_1","19_60_9_0"
"10_69_10_2","19_60_9_0 + 19_60_9_2"
"12_69_10_0","0"
"12_69_10_1","23_58_9"
"13_69_10","25_57_9_1"
"14_69_10_0","0"
"14_69_10_1","27_56_9"
"16_69_10_0","0"
"16_69_10_1","0"
"16_69_10_2","31_54_9_0 + 31_54_9_1"
"16_69_10_3","31_54_9_0"
"19_69_10_0","0"
"19_69_10_1","0"
"19_69_10_2","37_51_9"
"20_69_10_0","0"
"20_69_10_1","0"
"20_69_10_2","0"
"20_69_10_3","39_50_9"
"22_69_10_0","0"
"22_69_10_1","0"
"22_69_10_2","0"
"22_69_10_3","43_48_9_0"
"22_69_10_4","43_48_9_0 + 43_48_9_1"
"28_69_10_0","0"
"28_69_10_1","0"
"28_69_10_2","0"
"28_69_10_3","55_42_9"
"32_69_10_0","0"
"32_69_10_1","0"
"32_69_10_2","63_38_9"
"36_69_10_0","0"
"36_69_10_1","71_34_9"
"38_69_10_0","0"
"38_69_10_1","75_32_9"
"40_69_10_0","0"
"40_69_10_1","79_30_9"
"42_69_10_0","0"
"42_69_10_1","83_28_9"
"44_69_10_0","0"
"44_69_10_1","87_26_9"
"47_69_10_0","0"
"47_69_10_1","93_23_9_0"
"48_69_10_0","0"
"48_69_10_1","0"
"48_69_10_2","95_22_9"
"70_69_10_0","0"
"70_69_10_1","139_0_9"
"2_69_11","3_68_10"
"4_69_11_0","0"
"4_69_11_1","7_66_10_0"
"4_69_11_2","7_66_10_1"
"6_69_11_0","0"
"6_69_11_1","0"
"6_69_11_2","11_64_10_1"
"6_69_11_3","11_64_10_0"
"7_69_11_0","0"
"7_69_11_1","0"
"7_69_11_2","13_63_10_0"
"8_69_11_0","0"
"8_69_11_1","0"
"8_69_11_2","0"
"8_69_11_3","15_62_10_3 + 15_62_10_4"
"8_69_11_4","15_62_10_4"
"8_69_11_5","15_62_10_0 + 15_62_10_2"
"8_69_11_6","15_62_10_0 + 15_62_10_4"
"8_69_11_7","15_62_10_1 + 15_62_10_2 + 15_62_10_3 + 15_62_10_4"
"9_69_11_0","0"
"9_69_11_1","0"
"9_69_11_2","0"
"9_69_11_3","0"
"9_69_11_4","0"
"9_69_11_5","17_61_10_0"
"10_69_11_0","0"
"10_69_11_1","0"
"10_69_11_2","0"
"10_69_11_3","0"
"10_69_11_4","19_60_10_0"
"12_69_11_0","0"
"12_69_11_1","0"
"12_69_11_2","0"
"12_69_11_3","23_58_10"
"13_69_11_0","0"
"13_69_11_1","0"
"13_69_11_2","0"
"13_69_11_3","25_57_10_0"
"16_69_11_0","0"
"16_69_11_1","0"
"16_69_11_2","0"
"16_69_11_3","31_54_10_2"
"16_69_11_4","31_54_10_0 + 31_54_10_2"
"16_69_11_5","31_54_10_1 + 31_54_10_2"
"18_69_11_0","0"
"18_69_11_1","0"
"18_69_11_2","0"
"18_69_11_3","35_52_10"
"20_69_11_0","0"
"20_69_11_1","0"
"20_69_11_2","0"
"20_69_11_3","39_50_10"
"26_69_11_0","0"
"26_69_11_1","0"
"26_69_11_2","0"
"26_69_11_3","51_44_10"
"36_69_11_0","0"
"36_69_11_1","0"
"36_69_11_2","71_34_10"
"40_69_11_0","0"
"40_69_11_1","0"
"40_69_11_2","79_30_10"
"42_69_11_0","0"
"42_69_11_1","0"
"42_69_11_2","83_28_10"
"46_69_11_0","0"
"46_69_11_1","0"
"46_69_11_2","91_24_10"
"48_69_11_0","0"
"48_69_11_1","0"
"48_69_11_2","0"
"48_69_11_3","95_22_10"
"52_69_11_0","0"
"52_69_11_1","0"
"52_69_11_2","103_18_10"
"70_69_11_0","0"
"70_69_11_1","0"
"70_69_11_2","139_0_10"
"2_69_12","3_68_11"
"3_69_12","5_67_11"
"4_69_12_0","0"
"4_69_12_1","7_66_11"
"6_69_12","11_64_11"
"7_69_12_0","13_63_11_0"
"7_69_12_1","13_63_11_2"
"7_69_12_2","13_63_11_1"
"8_69_12_0","0"
"8_69_12_1","0"
"8_69_12_2","0"
"8_69_12_3","15_62_11"
"10_69_12_0","0"
"10_69_12_1","19_60_11_1"
"10_69_12_2","19_60_11_0 + 19_60_11_1"
"12_69_12_0","0"
"12_69_12_1","23_58_11"
"13_69_12_0","0"
"13_69_12_1","25_57_11_0"
"14_69_12_0","0"
"14_69_12_1","0"
"14_69_12_2","27_56_11"
"16_69_12_0","0"
"16_69_12_1","0"
"16_69_12_2","31_54_11_2 + 31_54_11_3"
"16_69_12_3","31_54_11_2"
"16_69_12_4","31_54_11_0 + 31_54_11_1"
"16_69_12_5","31_54_11_0"
"18_69_12_0","0"
"18_69_12_1","35_52_11_1"
"18_69_12_2","35_52_11_0 + 35_52_11_1"
"24_69_12_0","0"
"24_69_12_1","47_46_11"
"40_69_12","79_30_11"
"45_69_12","89_25_11"
"51_69_12","101_19_11"
"70_69_12","139_0_11"
"2_69_13","3_68_12"
"4_69_13_0","7_66_12_1"
"4_69_13_1","7_66_12_0"
"5_69_13_0","0"
"5_69_13_1","9_65_12_0"
"5_69_13_2","9_65_12_1"
"8_69_13_0","0"
"8_69_13_1","0"
"8_69_13_2","0"
"8_69_13_3","15_62_12_0"
"8_69_13_4","15_62_12_1"
"10_69_13_0","0"
"10_69_13_1","0"
"10_69_13_2","19_60_12_1"
"10_69_13_3","19_60_12_1 + 19_60_12_2"
"11_69_13_0","0"
"11_69_13_1","21_59_12"
"14_69_13_0","0"
"14_69_13_1","0"
"14_69_13_2","27_56_12_0"
"14_69_13_3","27_56_12_1"
"15_69_13_0","0"
"15_69_13_1","0"
"15_69_13_2","29_55_12"
"16_69_13_0","0"
"16_69_13_1","0"
"16_69_13_2","0"
"16_69_13_3","31_54_12_0 + 31_54_12_1 + 31_54_12_2"
"16_69_13_4","31_54_12_2"
"16_69_13_5","31_54_12_0"
"22_69_13_0","0"
"22_69_13_1","0"
"22_69_13_2","43_48_12"
"30_69_13_0","0"
"30_69_13_1","59_40_12"
"36_69_13_0","0"
"36_69_13_1","71_34_12"
"40_69_13_0","0"
"40_69_13_1","79_30_12"
"70_69_13_0","0"
"70_69_13_1","139_0_12"
"3_69_14_0","5_67_13_1"
"3_69_14_1","5_67_13_0"
"4_69_14_0","0"
"4_69_14_1","0"
"4_69_14_2","7_66_13"
"8_69_14_0","0"
"8_69_14_1","15_62_13"
"9_69_14_0","0"
"9_69_14_1","17_61_13"
"10_69_14_0","0"
"10_69_14_1","0"
"10_69_14_2","19_60_13_1"
"10_69_14_3","19_60_13_0 + 19_60_13_1"
"14_69_14_0","0"
"14_69_14_1","27_56_13_0"
"14_69_14_2","27_56_13_0 + 27_56_13_2"
"14_69_14_3","27_56_13_1"
"16_69_14_0","0"
"16_69_14_1","0"
"16_69_14_2","31_54_13_0"
"16_69_14_3","31_54_13_1"
"20_69_14_0","0"
"20_69_14_1","39_50_13"
"28_69_14","55_42_13"
"30_69_14","59_40_13"
"34_69_14","67_36_13"
"36_69_14","71_34_13"
"39_69_14","77_31_13_0"
"40_69_14_0","0"
"40_69_14_1","79_30_13"
"70_69_14","139_0_13"
"3_69_15","5_67_14"
"4_69_15_0","0"
"4_69_15_1","7_66_14"
"6_69_15_0","0"
"6_69_15_1","11_64_14_0"
"6_69_15_2","11_64_14_1"
"10_69_15_0","0"
"10_69_15_1","0"
"10_69_15_2","19_60_14"
"12_69_15_0","0"
"12_69_15_1","0"
"12_69_15_2","23_58_14"
"14_69_15_0","0"
"14_69_15_1","0"
"14_69_15_2","0"
"14_69_15_3","27_56_14"
"16_69_15_0","0"
"16_69_15_1","0"
"16_69_15_2","31_54_14_0"
"16_69_15_3","31_54_14_0 + 31_54_14_1"
"18_69_15_0","0"
"18_69_15_1","0"
"18_69_15_2","35_52_14"
"28_69_15_0","0"
"28_69_15_1","55_42_14"
"34_69_15_0","0"
"34_69_15_1","67_36_14"
"38_69_15_0","0"
"38_69_15_1","75_32_14"
"40_69_15_0","0"
"40_69_15_1","0"
"40_69_15_2","79_30_14"
"44_69_15_0","0"
"44_69_15_1","87_26_14"
"70_69_15_0","0"
"70_69_15_1","139_0_14"
"2_69_16_0","3_68_15_0"
"2_69_16_1","3_68_15_0 + 3_68_15_1"
"4_69_16_0","7_66_15_1"
"4_69_16_1","7_66_15_0"
"5_69_16_0","0"
"5_69_16_1","9_65_15_0"
"6_69_16_0","0"
"6_69_16_1","0"
"6_69_16_2","11_64_15_1"
"6_69_16_3","11_64_15_0"
"8_69_16_0","0"
"8_69_16_1","15_62_15_2"
"8_69_16_2","15_62_15_0 + 15_62_15_1"
"8_69_16_3","15_62_15_0 + 15_62_15_2"
"10_69_16_0","0"
"10_69_16_1","0"
"10_69_16_2","19_60_15_1"
"10_69_16_3","19_60_15_0"
"16_69_16_0","0"
"16_69_16_1","31_54_15_1"
"16_69_16_2","31_54_15_0 + 31_54_15_1"
"24_69_16","47_46_15"
"37_69_16","73_33_15"
"43_69_16","85_27_15"
"70_69_16","139_0_15"
"2_69_17","3_68_16"
"3_69_17_0","0"
"3_69_17_1","5_67_16"
"6_69_17_0","0"
"6_69_17_1","11_64_16"
"7_69_17_0","0"
"7_69_17_1","13_63_16"
"8_69_17_0","0"
"8_69_17_1","0"
"8_69_17_2","15_62_16_1"
"8_69_17_3","15_62_16_0"
"10_69_17_0","0"
"10_69_17_1","0"
"10_69_17_2","19_60_16"
"14_69_17_0","0"
"14_69_17_1","27_56_16"
"16_69_17_0","0"
"16_69_17_1","0"
"16_69_17_2","31_54_16"
"22_69_17","43_48_16"
"24_69_17","47_46_16"
"28_69_17","55_42_16"
"32_69_17","63_38_16"
"70_69_17","139_0_16"
"3_69_18","5_67_17"
"6_69_18_0","0"
"6_69_18_1","11_64_17_0"
"6_69_18_2","11_64_17_1"
"8_69_18_0","0"
"8_69_18_1","0"
"8_69_18_2","15_62_17"
"10_69_18_0","0"
"10_69_18_1","19_60_17"
"12_69_18_0","0"
"12_69_18_1","23_58_17"
"16_69_18_0","0"
"16_69_18_1","31_54_17"
"19_69_18_0","0"
"19_69_18_1","37_51_17"
"20_69_18_0","0"
"20_69_18_1","0"
"20_69_18_2","39_50_17"
"22_69_18_0","0"
"22_69_18_1","0"
"22_69_18_2","43_48_17"
"24_69_18_0","0"
"24_69_18_1","0"
"24_69_18_2","47_46_17"
"26_69_18_0","0"
"26_69_18_1","0"
"26_69_18_2","51_44_17"
"28_69_18_0","0"
"28_69_18_1","0"
"28_69_18_2","55_42_17"
"31_69_18_0","0"
"31_69_18_1","0"
"31_69_18_2","61_39_17_0"
"32_69_18_0","0"
"32_69_18_1","0"
"32_69_18_2","0"
"32_69_18_3","63_38_17"
"70_69_18_0","0"
"70_69_18_1","0"
"70_69_18_2","139_0_17"
"2_69_19","3_68_18"
"4_69_19_0","7_66_18_1"
"4_69_19_1","7_66_18_0"
"6_69_19_0","0"
"6_69_19_1","11_64_18"
"8_69_19_0","15_62_18_0"
"8_69_19_1","15_62_18_1"
"10_69_19","19_60_18"
"17_69_19","33_53_18"
"20_69_19_0","0"
"20_69_19_1","39_50_18"
"24_69_19_0","0"
"24_69_19_1","47_46_18"
"26_69_19_0","0"
"26_69_19_1","51_44_18"
"30_69_19_0","0"
"30_69_19_1","59_40_18"
"32_69_19_0","0"
"32_69_19_1","0"
"32_69_19_2","63_38_18"
"36_69_19_0","0"
"36_69_19_1","71_34_18"
"70_69_19_0","0"
"70_69_19_1","139_0_18"
"2_69_20","3_68_19"
"8_69_20_0","15_62_19_0 + 15_62_19_1 + 15_62_19_2"
"8_69_20_1","15_62_19_0 + 15_62_19_1"
"8_69_20_2","15_62_19_1"
"12_69_20","23_58_19"
"14_69_20","27_56_19"
"24_69_20_0","0"
"24_69_20_1","47_46_19"
"29_69_20_0","0"
"29_69_20_1","57_41_19"
"35_69_20_0","0"
"35_69_20_1","69_35_19"
"70_69_20_0","0"
"70_69_20_1","139_0_19"
"3_69_21","5_67_20"
"6_69_21_0","0"
"6_69_21_1","11_64_20"
"8_69_21_0","0"
"8_69_21_1","0"
"8_69_21_2","15_62_20_0 + 15_62_20_1"
"8_69_21_3","15_62_20_1"
"12_69_21_0","0"
"12_69_21_1","23_58_20_1"
"12_69_21_2","23_58_20_0"
"14_69_21_0","0"
"14_69_21_1","0"
"14_69_21_2","27_56_20"
"20_69_21_0","0"
"20_69_21_1","0"
"20_69_21_2","39_50_20"
"24_69_21_0","0"
"24_69_21_1","0"
"24_69_21_2","47_46_20"
"70_69_21_0","0"
"70_69_21_1","0"
"70_69_21_2","139_0_20"
"2_69_22","3_68_21"
"4_69_22_0","7_66_21_1"
"4_69_22_1","7_66_21_0"
"8_69_22","15_62_21"
"11_69_22","21_59_21"
"12_69_22_0","0"
"12_69_22_1","23_58_21_0"
"12_69_22_2","23_58_21_1"
"14_69_22_0","0"
"14_69_22_1","27_56_21"
"18_69_22_0","0"
"18_69_22_1","35_52_21"
"20_69_22_0","0"
"20_69_22_1","39_50_21"
"23_69_22_0","0"
"23_69_22_1","45_47_21_0"
"24_69_22_0","0"
"24_69_22_1","0"
"24_69_22_2","47_46_21"
"70_69_22_0","0"
"70_69_22_1","139_0_21"
"2_69_23","3_68_22"
"4_69_23_0","0"
"4_69_23_1","7_66_22"
"8_69_23","15_62_22"
"10_69_23_0","0"
"10_69_23_1","19_60_22"
"12_69_23_0","0"
"12_69_23_1","23_58_22"
"18_69_23_0","0"
"18_69_23_1","35_52_22"
"22_69_23_0","0"
"22_69_23_1","43_48_22"
"24_69_23_0","0"
"24_69_23_1","0"
"24_69_23_2","47_46_22"
"28_69_23_0","0"
"28_69_23_1","55_42_22"
"70_69_23_0","0"
"70_69_23_1","139_0_22"
"4_69_24","7_66_23"
"5_69_24","9_65_23_0"
"6_69_24_0","0"
"6_69_24_1","11_64_23"
"8_69_24_0","0"
"8_69_24_1","0"
"8_69_24_2","15_62_23_0 + 15_62_23_1"
"8_69_24_3","15_62_23_1"
"10_69_24_0","0"
"10_69_24_1","0"
"10_69_24_2","19_60_23"
"21_69_24_0","0"
"21_69_24_1","0"
"21_69_24_2","41_49_23"
"27_69_24_0","0"
"27_69_24_1","0"
"27_69_24_2","53_43_23"
"70_69_24_0","0"
"70_69_24_1","0"
"70_69_24_2","139_0_23"
"2_69_25","3_68_24"
"4_69_25","7_66_24"
"6_69_25_0","0"
"6_69_25_1","11_64_24_1"
"6_69_25_2","11_64_24_0"
"8_69_25_0","0"
"8_69_25_1","15_62_24"
"12_69_25_0","0"
"12_69_25_1","23_58_24"
"16_69_25_0","0"
"16_69_25_1","31_54_24"
"70_69_25_0","0"
"70_69_25_1","139_0_24"
"3_69_26","5_67_25"
"4_69_26_0","0"
"4_69_26_1","7_66_25"
"6_69_26_0","0"
"6_69_26_1","11_64_25_0"
"6_69_26_2","11_64_25_1"
"8_69_26_0","0"
"8_69_26_1","15_62_25"
"10_69_26_0","0"
"10_69_26_1","19_60_25"
"12_69_26_0","0"
"12_69_26_1","23_58_25"
"15_69_26_0","0"
"15_69_26_1","29_55_25_0"
"16_69_26_0","0"
"16_69_26_1","0"
"16_69_26_2","31_54_25"
"70_69_26_0","0"
"70_69_26_1","139_0_25"
"4_69_27","7_66_26"
"6_69_27","11_64_26"
"7_69_27","13_63_26"
"8_69_27_0","0"
"8_69_27_1","15_62_26"
"10_69_27_0","0"
"10_69_27_1","19_60_26"
"14_69_27_0","0"
"14_69_27_1","27_56_26"
"16_69_27_0","0"
"16_69_27_1","0"
"16_69_27_2","31_54_26"
"20_69_27_0","0"
"20_69_27_1","39_50_26"
"70_69_27_0","0"
"70_69_27_1","139_0_26"
"2_69_28","3_68_27"
"4_69_28","7_66_27"
"8_69_28_0","0"
"8_69_28_1","15_62_27"
"13_69_28_0","0"
"13_69_28_1","25_57_27"
"19_69_28_0","0"
"19_69_28_1","37_51_27"
"70_69_28_0","0"
"70_69_28_1","139_0_27"
"3_69_29","5_67_28"
"4_69_29_0","0"
"4_69_29_1","7_66_28"
"8_69_29_0","0"
"8_69_29_1","15_62_28"
"70_69_29_0","0"
"70_69_29_1","139_0_28"
"4_69_30","7_66_29"
"7_69_30","13_63_29_0"
"8_69_30_0","0"
"8_69_30_1","15_62_29"
"70_69_30","139_0_29"
"2_69_31","3_68_30"
"6_69_31","11_64_30"
"8_69_31_0","0"
"8_69_31_1","15_62_30"
"12_69_31","23_58_30"
"70_69_31","139_0_30"
"56_70_2","111_15_1"
"64_70_2_0","0"
"64_70_2_1","127_7_1"
"40_70_3","79_31_2"
"55_70_3","109_16_2"
"56_70_3_0","0"
"56_70_3_1","111_15_2"
"63_70_3_0","0"
"63_70_3_1","125_8_2"
"64_70_3_0","0"
"64_70_3_1","0"
"64_70_3_2","127_7_2"
"68_70_3_0","0"
"68_70_3_1","0"
"68_70_3_2","135_3_2"
"26_70_4","51_45_3"
"30_70_4_0","0"
"30_70_4_1","59_41_3"
"32_70_4_0","0"
"32_70_4_1","0"
"32_70_4_2","63_39_3"
"40_70_4_0","0"
"40_70_4_1","79_31_3_1"
"40_70_4_2","79_31_3_0"
"54_70_4_0","0"
"54_70_4_1","107_17_3"
"56_70_4_0","0"
"56_70_4_1","0"
"56_70_4_2","111_15_3"
"57_70_4_0","0"
"57_70_4_1","0"
"57_70_4_2","113_14_3"
"62_70_4_0","0"
"62_70_4_1","0"
"62_70_4_2","0"
"62_70_4_3","123_9_3"
"64_70_4_0","0"
"64_70_4_1","0"
"64_70_4_2","0"
"64_70_4_3","0"
"64_70_4_4","127_7_3"
"68_70_4_0","0"
"68_70_4_1","0"
"68_70_4_2","0"
"68_70_4_3","135_3_3"
"18_70_5","35_53_4"
"21_70_5","41_50_4"
"26_70_5_0","0"
"26_70_5_1","51_45_4"
"30_70_5_0","0"
"30_70_5_1","59_41_4"
"31_70_5_0","0"
"31_70_5_1","61_40_4_1"
"32_70_5_0","0"
"32_70_5_1","0"
"32_70_5_2","63_39_4"
"38_70_5_0","0"
"38_70_5_1","75_33_4"
"40_70_5_0","0"
"40_70_5_1","0"
"40_70_5_2","79_31_4"
"48_70_5_0","0"
"48_70_5_1","95_23_4"
"53_70_5_0","0"
"53_70_5_1","105_18_4_1"
"54_70_5_0","0"
"54_70_5_1","0"
"54_70_5_2","107_17_4"
"56_70_5_0","0"
"56_70_5_1","0"
"56_70_5_2","0"
"56_70_5_3","111_15_4"
"64_70_5_0","0"
"64_70_5_1","0"
"64_70_5_2","0"
"64_70_5_3","127_7_4"
"6_70_6","11_65_5"
"8_70_6_0","0"
"8_70_6_1","15_63_5"
"16_70_6_0","0"
"16_70_6_1","31_55_5"
"18_70_6_0","0"
"18_70_6_1","35_53_5_1"
"20_70_6","39_51_5"
"22_70_6_0","0"
"22_70_6_1","43_49_5"
"24_70_6_0","0"
"24_70_6_1","0"
"24_70_6_2","47_47_5"
"26_70_6_0","0"
"26_70_6_1","0"
"26_70_6_2","0"
"26_70_6_3","51_45_5_0"
"30_70_6_0","0"
"30_70_6_1","0"
"30_70_6_2","59_41_5"
"31_70_6_0","0"
"31_70_6_1","0"
"31_70_6_2","61_40_5_1"
"32_70_6_0","0"
"32_70_6_1","0"
"32_70_6_2","0"
"32_70_6_3","63_39_5"
"38_70_6_0","0"
"38_70_6_1","0"
"38_70_6_2","75_33_5"
"40_70_6_0","0"
"40_70_6_1","79_31_5_1"
"40_70_6_2","79_31_5_0 + 79_31_5_1"
"47_70_6_0","0"
"47_70_6_1","0"
"47_70_6_2","93_24_5"
"48_70_6_0","0"
"48_70_6_1","0"
"48_70_6_2","0"
"48_70_6_3","95_23_5"
"53_70_6_0","0"
"53_70_6_1","105_18_5"
"54_70_6_0","0"
"54_70_6_1","0"
"54_70_6_2","107_17_5"
"56_70_6_0","0"
"56_70_6_1","0"
"56_70_6_2","111_15_5_0 + 111_15_5_1"
"56_70_6_3","111_15_5_0"
"4_70_7","7_67_6"
"6_70_7_0","0"
"6_70_7_1","11_65_6_1"
"6_70_7_2","11_65_6_0"
"7_70_7_0","0"
"7_70_7_1","0"
"7_70_7_2","13_64_6_0 + 13_64_6_1 + 13_64_6_2 + 13_64_6_4"
"7_70_7_3","13_64_6_0"
"8_70_7_0","0"
"8_70_7_1","0"
"8_70_7_2","0"
"8_70_7_3","0"
"8_70_7_4","15_63_6_2"
"8_70_7_5","15_63_6_0 + 15_63_6_2"
"8_70_7_6","15_63_6_0 + 15_63_6_4"
"8_70_7_7","15_63_6_1"
"8_70_7_8","15_63_6_3 + 15_63_6_4"
"10_70_7_0","0"
"10_70_7_1","0"
"10_70_7_2","0"
"10_70_7_3","19_61_6"
"12_70_7_0","0"
"12_70_7_1","0"
"12_70_7_2","23_59_6"
"16_70_7_0","0"
"16_70_7_1","0"
"16_70_7_2","31_55_6"
"18_70_7_0","0"
"18_70_7_1","35_53_6"
"19_70_7_0","0"
"19_70_7_1","37_52_6"
"20_70_7_0","0"
"20_70_7_1","0"
"20_70_7_2","39_51_6"
"21_70_7_0","0"
"21_70_7_1","0"
"21_70_7_2","41_50_6_0"
"22_70_7_0","0"
"22_70_7_1","0"
"22_70_7_2","0"
"22_70_7_3","43_49_6"
"24_70_7_0","0"
"24_70_7_1","0"
"24_70_7_2","0"
"24_70_7_3","47_47_6"
"26_70_7_0","0"
"26_70_7_1","0"
"26_70_7_2","0"
"26_70_7_3","51_45_6"
"31_70_7_0","0"
"31_70_7_1","0"
"31_70_7_2","0"
"31_70_7_3","61_40_6_0"
"34_70_7_0","0"
"34_70_7_1","0"
"34_70_7_2","0"
"34_70_7_3","67_37_6"
"37_70_7_0","0"
"37_70_7_1","0"
"37_70_7_2","73_34_6"
"40_70_7_0","0"
"40_70_7_1","0"
"40_70_7_2","0"
"40_70_7_3","79_31_6"
"45_70_7_0","0"
"45_70_7_1","0"
"45_70_7_2","89_26_6"
"48_70_7_0","0"
"48_70_7_1","0"
"48_70_7_2","0"
"48_70_7_3","95_23_6"
"51_70_7_0","0"
"51_70_7_1","0"
"51_70_7_2","101_20_6"
"54_70_7_0","0"
"54_70_7_1","0"
"54_70_7_2","0"
"54_70_7_3","107_17_6"
"55_70_7_0","0"
"55_70_7_1","0"
"55_70_7_2","0"
"55_70_7_3","109_16_6"
"56_70_7_0","0"
"56_70_7_1","0"
"56_70_7_2","0"
"56_70_7_3","0"
"56_70_7_4","111_15_6"
"60_70_7_0","0"
"60_70_7_1","0"
"60_70_7_2","0"
"60_70_7_3","119_11_6"
"2_70_8","3_69_7"
"4_70_8_0","0"
"4_70_8_1","7_67_7_0"
"4_70_8_2","7_67_7_1"
"6_70_8_0","0"
"6_70_8_1","0"
"6_70_8_2","11_65_7_2"
"6_70_8_3","11_65_7_0"
"7_70_8_0","0"
"7_70_8_1","0"
"7_70_8_2","0"
"7_70_8_3","13_64_7_0 + 13_64_7_1"
"7_70_8_4","13_64_7_1"
"8_70_8_0","0"
"8_70_8_1","0"
"8_70_8_2","0"
"8_70_8_3","0"
"8_70_8_4","0"
"8_70_8_5","15_63_7_2"
"8_70_8_6","15_63_7_0"
"8_70_8_7","15_63_7_1 + 15_63_7_2"
"10_70_8_0","0"
"10_70_8_1","0"
"10_70_8_2","19_61_7_0 + 19_61_7_1"
"10_70_8_3","19_61_7_1 + 19_61_7_2"
"10_70_8_4","19_61_7_1"
"12_70_8_0","0"
"12_70_8_1","0"
"12_70_8_2","0"
"12_70_8_3","23_59_7_0"
"12_70_8_4","23_59_7_1"
"16_70_8_0","0"
"16_70_8_1","0"
"16_70_8_2","0"
"16_70_8_3","31_55_7_2"
"16_70_8_4","31_55_7_0"
"16_70_8_5","31_55_7_0 + 31_55_7_1"
"20_70_8_0","0"
"20_70_8_1","0"
"20_70_8_2","39_51_7"
"23_70_8_0","0"
"23_70_8_1","0"
"23_70_8_2","45_48_7_1"
"24_70_8_0","0"
"24_70_8_1","0"
"24_70_8_2","0"
"24_70_8_3","47_47_7"
"26_70_8_0","0"
"26_70_8_1","0"
"26_70_8_2","0"
"26_70_8_3","51_45_7"
"32_70_8_0","0"
"32_70_8_1","0"
"32_70_8_2","0"
"32_70_8_3","63_39_7"
"34_70_8_0","0"
"34_70_8_1","0"
"34_70_8_2","67_37_7_1"
"38_70_8_0","0"
"38_70_8_1","75_33_7"
"40_70_8_0","0"
"40_70_8_1","0"
"40_70_8_2","79_31_7"
"42_70_8_0","0"
"42_70_8_1","83_29_7"
"48_70_8_0","0"
"48_70_8_1","0"
"48_70_8_2","95_23_7"
"54_70_8_0","0"
"54_70_8_1","0"
"54_70_8_2","107_17_7"
"56_70_8_0","0"
"56_70_8_1","0"
"56_70_8_2","111_15_7"
"60_70_8_0","0"
"60_70_8_1","0"
"60_70_8_2","119_11_7"
"3_70_9_0","5_68_8_0"
"3_70_9_1","5_68_8_1"
"4_70_9_0","0"
"4_70_9_1","0"
"4_70_9_2","7_67_8_2 + 7_67_8_4"
"4_70_9_3","7_67_8_3 + 7_67_8_4"
"4_70_9_4","7_67_8_2 + 7_67_8_3 + 7_67_8_4"
"4_70_9_5","7_67_8_1 + 7_67_8_3"
"4_70_9_6","7_67_8_0 + 7_67_8_2 + 7_67_8_3 + 7_67_8_4"
"5_70_9_0","0"
"5_70_9_1","0"
"5_70_9_2","0"
"5_70_9_3","9_66_8_0"
"6_70_9_0","0"
"6_70_9_1","0"
"6_70_9_2","11_65_8_1 + 11_65_8_2"
"6_70_9_3","11_65_8_1"
"6_70_9_4","11_65_8_0"
"7_70_9_0","0"
"7_70_9_1","0"
"7_70_9_2","13_64_8_0 + 13_64_8_3"
"7_70_9_3","13_64_8_3"
"8_70_9_0","0"
"8_70_9_1","0"
"8_70_9_2","0"
"8_70_9_3","0"
"8_70_9_4","15_63_8_1"
"8_70_9_5","15_63_8_0"
"10_70_9_0","0"
"10_70_9_1","0"
"10_70_9_2","0"
"10_70_9_3","19_61_8_1"
"10_70_9_4","19_61_8_2"
"12_70_9_0","0"
"12_70_9_1","0"
"12_70_9_2","23_59_8_1"
"12_70_9_3","23_59_8_0 + 23_59_8_1"
"14_70_9_0","0"
"14_70_9_1","27_57_8_0 + 27_57_8_1 + 27_57_8_2"
"14_70_9_2","27_57_8_0"
"14_70_9_3","27_57_8_1"
"19_70_9_0","0"
"19_70_9_1","37_52_8"
"20_70_9_0","0"
"20_70_9_1","0"
"20_70_9_2","39_51_8"
"24_70_9_0","0"
"24_70_9_1","0"
"24_70_9_2","0"
"24_70_9_3","47_47_8_0"
"24_70_9_4","47_47_8_0 + 47_47_8_1"
"34_70_9_0","0"
"34_70_9_1","67_37_8_0 + 67_37_8_1"
"36_70_9_0","0"
"36_70_9_1","71_35_8"
"40_70_9_0","0"
"40_70_9_1","79_31_8_0 + 79_31_8_1"
"40_70_9_2","79_31_8_0"
"42_70_9_0","0"
"42_70_9_1","0"
"42_70_9_2","83_29_8"
"46_70_9_0","0"
"46_70_9_1","91_25_8"
"48_70_9_0","0"
"48_70_9_1","0"
"48_70_9_2","95_23_8"
"56_70_9_0","0"
"56_70_9_1","0"
"56_70_9_2","111_15_8"
"2_70_10_0","3_69_9_0"
"2_70_10_1","3_69_9_0 + 3_69_9_1"
"3_70_10","5_68_9"
"4_70_10_0","0"
"4_70_10_1","7_67_9_1"
"4_70_10_2","7_67_9_0"
"5_70_10_0","0"
"5_70_10_1","9_66_9_0"
"6_70_10_0","0"
"6_70_10_1","0"
"6_70_10_2","11_65_9_0 + 11_65_9_1"
"6_70_10_3","11_65_9_1"
"8_70_10_0","0"
"8_70_10_1","0"
"8_70_10_2","0"
"8_70_10_3","15_63_9_0 + 15_63_9_1"
"8_70_10_4","15_63_9_0 + 15_63_9_3"
"8_70_10_5","15_63_9_0"
"8_70_10_6","15_63_9_0 + 15_63_9_2"
"10_70_10_0","0"
"10_70_10_1","0"
"10_70_10_2","19_61_9_0"
"11_70_10_0","0"
"11_70_10_1","21_60_9_2"
"12_70_10_0","0"
"12_70_10_1","0"
"12_70_10_2","23_59_9"
"14_70_10_0","0"
"14_70_10_1","27_57_9_0 + 27_57_9_1 + 27_57_9_2"
"14_70_10_2","27_57_9_0"
"14_70_10_3","27_57_9_2"
"18_70_10_0","0"
"18_70_10_1","35_53_9_1"
"20_70_10_0","0"
"20_70_10_1","39_51_9"
"23_70_10_0","0"
"23_70_10_1","0"
"23_70_10_2","45_48_9_1"
"23_70_10_3","45_48_9_0"
"32_70_10_0","0"
"32_70_10_1","63_39_9"
"34_70_10_0","0"
"34_70_10_1","0"
"34_70_10_2","67_37_9"
"36_70_10_0","0"
"36_70_10_1","71_35_9"
"39_70_10_0","0"
"39_70_10_1","77_32_9"
"40_70_10_0","0"
"40_70_10_1","0"
"40_70_10_2","79_31_9_1"
"40_70_10_3","79_31_9_0 + 79_31_9_1"
"42_70_10_0","0"
"42_70_10_1","0"
"42_70_10_2","83_29_9"
"45_70_10_0","0"
"45_70_10_1","89_26_9"
"46_70_10_0","0"
"46_70_10_1","0"
"46_70_10_2","91_25_9"
"48_70_10_0","0"
"48_70_10_1","0"
"48_70_10_2","95_23_9_1"
"48_70_10_3","95_23_9_0 + 95_23_9_1"
"2_70_11","3_69_10"
"3_70_11_0","5_68_10_0 + 5_68_10_1 + 5_68_10_2"
"3_70_11_1","5_68_10_0"
"4_70_11_0","0"
"4_70_11_1","0"
"4_70_11_2","7_67_10"
"6_70_11_0","0"
"6_70_11_1","11_65_10_1"
"7_70_11_0","0"
"7_70_11_1","13_64_10_0"
"8_70_11_0","0"
"8_70_11_1","0"
"8_70_11_2","15_63_10_0"
"8_70_11_3","15_63_10_2"
"8_70_11_4","15_63_10_1"
"10_70_11_0","0"
"10_70_11_1","19_61_10_0 + 19_61_10_1"
"10_70_11_2","19_61_10_0"
"11_70_11_0","0"
"11_70_11_1","21_60_10_1"
"14_70_11_0","27_57_10_0"
"14_70_11_1","27_57_10_0 + 27_57_10_1"
"15_70_11","29_56_10_0"
"18_70_11_0","0"
"18_70_11_1","35_53_10_1"
"24_70_11","47_47_10"
"31_70_11","61_40_10"
"34_70_11","67_37_10"
"37_70_11","73_34_10"
"40_70_11_0","0"
"40_70_11_1","79_31_10_0 + 79_31_10_1"
"40_70_11_2","79_31_10_0"
"43_70_11","85_28_10"
"46_70_11_0","0"
"46_70_11_1","91_25_10"
"47_70_11_0","0"
"47_70_11_1","93_24_10"
"48_70_11_0","0"
"48_70_11_1","0"
"48_70_11_2","95_23_10"
"52_70_11_0","0"
"52_70_11_1","103_19_10"
"2_70_12","3_69_11"
"4_70_12_0","0"
"4_70_12_1","7_67_11_0 + 7_67_11_1"
"4_70_12_2","7_67_11_0"
"4_70_12_3","7_67_11_1 + 7_67_11_2"
"4_70_12_4","7_67_11_0 + 7_67_11_3"
"5_70_12_0","0"
"5_70_12_1","0"
"5_70_12_2","9_66_11_0"
"6_70_12_0","0"
"6_70_12_1","0"
"6_70_12_2","0"
"6_70_12_3","11_65_11"
"8_70_12_0","0"
"8_70_12_1","0"
"8_70_12_2","0"
"8_70_12_3","15_63_11_2"
"8_70_12_4","15_63_11_1 + 15_63_11_2"
"8_70_12_5","15_63_11_0 + 15_63_11_1 + 15_63_11_2"
"10_70_12_0","0"
"10_70_12_1","19_61_11_2"
"10_70_12_2","19_61_11_1 + 19_61_11_2"
"12_70_12_0","0"
"12_70_12_1","23_59_11"
"14_70_12_0","0"
"14_70_12_1","27_57_11_1"
"14_70_12_2","27_57_11_0"
"16_70_12_0","0"
"16_70_12_1","0"
"16_70_12_2","31_55_11"
"18_70_12_0","0"
"18_70_12_1","0"
"18_70_12_2","35_53_11_0 + 35_53_11_1"
"18_70_12_3","35_53_11_1"
"22_70_12_0","0"
"22_70_12_1","43_49_11"
"30_70_12_0","0"
"30_70_12_1","59_41_11"
"34_70_12_0","0"
"34_70_12_1","67_37_11"
"40_70_12_0","0"
"40_70_12_1","0"
"40_70_12_2","79_31_11"
"41_70_12_0","0"
"41_70_12_1","81_30_11"
"46_70_12_0","0"
"46_70_12_1","0"
"46_70_12_2","91_25_11"
"48_70_12_0","0"
"48_70_12_1","0"
"48_70_12_2","95_23_11"
"52_70_12_0","0"
"52_70_12_1","0"
"52_70_12_2","103_19_11"
"2_70_13","3_69_12"
"3_70_13","5_68_12"
"4_70_13_0","0"
"4_70_13_1","7_67_12_0"
"4_70_13_2","7_67_12_0 + 7_67_12_1"
"6_70_13_0","0"
"6_70_13_1","11_65_12_0"
"6_70_13_2","11_65_12_0 + 11_65_12_1"
"10_70_13","19_61_12"
"12_70_13","23_59_12"
"14_70_13_0","27_57_12_1"
"14_70_13_1","27_57_12_0"
"16_70_13_0","0"
"16_70_13_1","31_55_12_1"
"16_70_13_2","31_55_12_0 + 31_55_12_1"
"18_70_13_0","35_53_12_1"
"18_70_13_1","35_53_12_0"
"20_70_13","39_51_12"
"28_70_13","55_43_12"
"32_70_13","63_39_12"
"34_70_13_0","0"
"34_70_13_1","67_37_12"
"38_70_13","75_33_12"
"40_70_13_0","0"
"40_70_13_1","79_31_12"
"48_70_13_0","0"
"48_70_13_1","95_23_12"
"3_70_14_0","5_68_13_1"
"3_70_14_1","5_68_13_0"
"4_70_14_0","0"
"4_70_14_1","0"
"4_70_14_2","7_67_13"
"6_70_14_0","0"
"6_70_14_1","11_65_13_2"
"6_70_14_2","11_65_13_0"
"6_70_14_3","11_65_13_1 + 11_65_13_2"
"10_70_14_0","0"
"10_70_14_1","0"
"10_70_14_2","0"
"10_70_14_3","19_61_13"
"12_70_14_0","0"
"12_70_14_1","0"
"12_70_14_2","0"
"12_70_14_3","23_59_13"
"14_70_14_0","0"
"14_70_14_1","0"
"14_70_14_2","0"
"14_70_14_3","0"
"14_70_14_4","27_57_13"
"15_70_14_0","0"
"15_70_14_1","0"
"15_70_14_2","0"
"15_70_14_3","29_56_13_0"
"16_70_14_0","0"
"16_70_14_1","0"
"16_70_14_2","0"
"16_70_14_3","0"
"16_70_14_4","31_55_13"
"18_70_14_0","0"
"18_70_14_1","0"
"18_70_14_2","0"
"18_70_14_3","35_53_13_1"
"18_70_14_4","35_53_13_0 + 35_53_13_1"
"24_70_14_0","0"
"24_70_14_1","0"
"24_70_14_2","0"
"24_70_14_3","47_47_13_0"
"28_70_14_0","0"
"28_70_14_1","0"
"28_70_14_2","0"
"28_70_14_3","55_43_13"
"31_70_14_0","0"
"31_70_14_1","0"
"31_70_14_2","0"
"31_70_14_3","61_40_13"
"32_70_14_0","0"
"32_70_14_1","0"
"32_70_14_2","0"
"32_70_14_3","0"
"32_70_14_4","63_39_13"
"34_70_14_0","0"
"34_70_14_1","0"
"34_70_14_2","0"
"34_70_14_3","0"
"34_70_14_4","67_37_13"
"37_70_14_0","0"
"37_70_14_1","0"
"37_70_14_2","0"
"37_70_14_3","73_34_13"
"38_70_14_0","0"
"38_70_14_1","0"
"38_70_14_2","0"
"38_70_14_3","0"
"38_70_14_4","75_33_13"
"40_70_14_0","0"
"40_70_14_1","0"
"40_70_14_2","0"
"40_70_14_3","0"
"40_70_14_4","79_31_13_1"
"40_70_14_5","79_31_13_0"
"2_70_15_0","3_69_14_0"
"2_70_15_1","3_69_14_0 + 3_69_14_1"
"4_70_15_0","7_67_14_1"
"4_70_15_1","7_67_14_0 + 7_67_14_1"
"4_70_15_2","7_67_14_0 + 7_67_14_2"
"6_70_15_0","0"
"6_70_15_1","0"
"6_70_15_2","11_65_14_0"
"6_70_15_3","11_65_14_0 + 11_65_14_1"
"8_70_15_0","0"
"8_70_15_1","15_63_14"
"10_70_15_0","0"
"10_70_15_1","19_61_14_1"
"10_70_15_2","19_61_14_0"
"12_70_15_0","0"
"12_70_15_1","0"
"12_70_15_2","23_59_14"
"16_70_15_0","0"
"16_70_15_1","31_55_14"
"18_70_15_0","0"
"18_70_15_1","0"
"18_70_15_2","35_53_14"
"23_70_15_0","0"
"23_70_15_1","45_48_14"
"24_70_15_0","0"
"24_70_15_1","0"
"24_70_15_2","47_47_14"
"29_70_15_0","0"
"29_70_15_1","57_42_14"
"32_70_15_0","0"
"32_70_15_1","0"
"32_70_15_2","63_39_14"
"35_70_15_0","0"
"35_70_15_1","69_36_14"
"38_70_15_0","0"
"38_70_15_1","0"
"38_70_15_2","75_33_14"
"39_70_15_0","0"
"39_70_15_1","0"
"39_70_15_2","77_32_14"
"40_70_15_0","0"
"40_70_15_1","0"
"40_70_15_2","0"
"40_70_15_3","79_31_14"
"44_70_15_0","0"
"44_70_15_1","0"
"44_70_15_2","87_27_14"
"2_70_16","3_69_15"
"3_70_16_0","0"
"3_70_16_1","5_68_15"
"4_70_16_0","0"
"4_70_16_1","0"
"4_70_16_2","7_67_15"
"6_70_16_0","0"
"6_70_16_1","11_65_15"
"8_70_16_0","0"
"8_70_16_1","15_63_15"
"10_70_16_0","0"
"10_70_16_1","0"
"10_70_16_2","19_61_15"
"12_70_16_0","0"
"12_70_16_1","23_59_15"
"14_70_16_0","0"
"14_70_16_1","27_57_15"
"18_70_16_0","0"
"18_70_16_1","35_53_15"
"22_70_16_0","0"
"22_70_16_1","43_49_15"
"24_70_16_0","0"
"24_70_16_1","47_47_15"
"26_70_16_0","0"
"26_70_16_1","51_45_15"
"32_70_16_0","0"
"32_70_16_1","0"
"32_70_16_2","63_39_15"
"38_70_16_0","0"
"38_70_16_1","0"
"38_70_16_2","75_33_15"
"40_70_16_0","0"
"40_70_16_1","0"
"40_70_16_2","79_31_15"
"44_70_16_0","0"
"44_70_16_1","0"
"44_70_16_2","87_27_15"
"3_70_17","5_68_16"
"4_70_17_0","0"
"4_70_17_1","7_67_16"
"6_70_17_0","0"
"6_70_17_1","11_65_16"
"8_70_17_0","0"
"8_70_17_1","0"
"8_70_17_2","15_63_16_1"
"8_70_17_3","15_63_16_0"
"10_70_17_0","0"
"10_70_17_1","19_61_16"
"12_70_17_0","0"
"12_70_17_1","23_59_16_1"
"12_70_17_2","23_59_16_0 + 23_59_16_1"
"18_70_17_0","0"
"18_70_17_1","35_53_16_0 + 35_53_16_1"
"18_70_17_2","35_53_16_0"
"20_70_17_0","0"
"20_70_17_1","0"
"20_70_17_2","39_51_16"
"24_70_17_0","0"
"24_70_17_1","0"
"24_70_17_2","47_47_16_1"
"24_70_17_3","47_47_16_0 + 47_47_16_1"
"26_70_17_0","0"
"26_70_17_1","0"
"26_70_17_2","0"
"26_70_17_3","51_45_16"
"30_70_17_0","0"
"30_70_17_1","0"
"30_70_17_2","59_41_16"
"32_70_17_0","0"
"32_70_17_1","0"
"32_70_17_2","0"
"32_70_17_3","63_39_16"
"40_70_17_0","0"
"40_70_17_1","0"
"40_70_17_2","0"
"40_70_17_3","79_31_16"
"2_70_18_0","3_69_17_1"
"2_70_18_1","3_69_17_0 + 3_69_17_1"
"4_70_18_0","7_67_17_1"
"4_70_18_1","7_67_17_0"
"6_70_18_0","0"
"6_70_18_1","11_65_17"
"7_70_18","13_64_17_0"
"8_70_18_0","0"
"8_70_18_1","15_63_17"
"10_70_18_0","19_61_17_1"
"10_70_18_1","19_61_17_0 + 19_61_17_1"
"16_70_18","31_55_17"
"17_70_18_0","0"
"17_70_18_1","33_54_17"
"18_70_18_0","0"
"18_70_18_1","0"
"18_70_18_2","35_53_17"
"20_70_18_0","0"
"20_70_18_1","39_51_17"
"23_70_18_0","0"
"23_70_18_1","45_48_17"
"24_70_18_0","0"
"24_70_18_1","0"
"24_70_18_2","47_47_17_0"
"24_70_18_3","47_47_17_0 + 47_47_17_1"
"26_70_18_0","0"
"26_70_18_1","0"
"26_70_18_2","51_45_17"
"29_70_18_0","0"
"29_70_18_1","57_42_17"
"30_70_18_0","0"
"30_70_18_1","0"
"30_70_18_2","59_41_17"
"32_70_18_0","0"
"32_70_18_1","0"
"32_70_18_2","63_39_17_1"
"32_70_18_3","63_39_17_0"
"2_70_19","3_69_18"
"3_70_19_0","0"
"3_70_19_1","5_68_18"
"8_70_19_0","0"
"8_70_19_1","15_63_18_1"
"8_70_19_2","15_63_18_0"
"10_70_19_0","0"
"10_70_19_1","0"
"10_70_19_2","19_61_18"
"14_70_19_0","0"
"14_70_19_1","27_57_18"
"15_70_19_0","0"
"15_70_19_1","0"
"15_70_19_2","29_56_18"
"18_70_19_0","0"
"18_70_19_1","0"
"18_70_19_2","35_53_18"
"21_70_19_0","0"
"21_70_19_1","0"
"21_70_19_2","41_50_18"
"24_70_19_0","0"
"24_70_19_1","0"
"24_70_19_2","0"
"24_70_19_3","47_47_18_0"
"24_70_19_4","47_47_18_1"
"27_70_19_0","0"
"27_70_19_1","0"
"27_70_19_2","53_44_18"
"30_70_19_0","0"
"30_70_19_1","0"
"30_70_19_2","0"
"30_70_19_3","59_41_18"
"31_70_19_0","0"
"31_70_19_1","0"
"31_70_19_2","0"
"31_70_19_3","61_40_18"
"32_70_19_0","0"
"32_70_19_1","0"
"32_70_19_2","0"
"32_70_19_3","0"
"32_70_19_4","63_39_18"
"36_70_19_0","0"
"36_70_19_1","0"
"36_70_19_2","0"
"36_70_19_3","71_35_18"
"3_70_20","5_68_19"
"6_70_20_0","0"
"6_70_20_1","11_65_19"
"8_70_20_0","0"
"8_70_20_1","0"
"8_70_20_2","15_63_19"
"10_70_20_0","0"
"10_70_20_1","19_61_19"
"12_70_20_0","0"
"12_70_20_1","23_59_19"
"14_70_20_0","0"
"14_70_20_1","0"
"14_70_20_2","27_57_19"
"18_70_20_0","0"
"18_70_20_1","0"
"18_70_20_2","35_53_19"
"24_70_20_0","0"
"24_70_20_1","0"
"24_70_20_2","0"
"24_70_20_3","47_47_19"
"25_70_20_0","0"
"25_70_20_1","0"
"25_70_20_2","49_46_19"
"30_70_20_0","0"
"30_70_20_1","0"
"30_70_20_2","0"
"30_70_20_3","59_41_19"
"32_70_20_0","0"
"32_70_20_1","0"
"32_70_20_2","0"
"32_70_20_3","63_39_19"
"36_70_20_0","0"
"36_70_20_1","0"
"36_70_20_2","0"
"36_70_20_3","71_35_19"
"2_70_21","3_69_20"
"4_70_21_0","7_67_20_1"
"4_70_21_1","7_67_20_0"
"6_70_21_0","0"
"6_70_21_1","11_65_20"
"10_70_21","19_61_20"
"12_70_21_0","0"
"12_70_21_1","23_59_20"
"16_70_21_0","0"
"16_70_21_1","31_55_20"
"18_70_21_0","0"
"18_70_21_1","0"
"18_70_21_2","35_53_20"
"22_70_21_0","0"
"22_70_21_1","43_49_20"
"24_70_21_0","0"
"24_70_21_1","0"
"24_70_21_2","47_47_20"
"32_70_21_0","0"
"32_70_21_1","0"
"32_70_21_2","63_39_20"
"2_70_22","3_69_21"
"6_70_22","11_65_21"
"8_70_22","15_63_21"
"9_70_22_0","0"
"9_70_22_1","17_62_21"
"10_70_22_0","0"
"10_70_22_1","0"
"10_70_22_2","19_61_21"
"12_70_22_0","0"
"12_70_22_1","23_59_21"
"15_70_22_0","0"
"15_70_22_1","29_56_21"
"16_70_22_0","0"
"16_70_22_1","0"
"16_70_22_2","31_55_21"
"18_70_22_0","0"
"18_70_22_1","0"
"18_70_22_2","35_53_21"
"21_70_22_0","0"
"21_70_22_1","41_50_21"
"22_70_22_0","0"
"22_70_22_1","0"
"22_70_22_2","43_49_21"
"24_70_22_0","0"
"24_70_22_1","0"
"24_70_22_2","47_47_21_1"
"24_70_22_3","47_47_21_0"
"3_70_23","5_68_22"
"6_70_23_0","0"
"6_70_23_1","11_65_22_1"
"6_70_23_2","11_65_22_0"
"7_70_23_0","0"
"7_70_23_1","0"
"7_70_23_2","13_64_22"
"10_70_23_0","0"
"10_70_23_1","0"
"10_70_23_2","19_61_22"
"13_70_23_0","0"
"13_70_23_1","0"
"13_70_23_2","25_58_22"
"16_70_23_0","0"
"16_70_23_1","0"
"16_70_23_2","0"
"16_70_23_3","31_55_22"
"19_70_23_0","0"
"19_70_23_1","0"
"19_70_23_2","37_52_22"
"22_70_23_0","0"
"22_70_23_1","0"
"22_70_23_2","0"
"22_70_23_3","43_49_22"
"23_70_23_0","0"
"23_70_23_1","0"
"23_70_23_2","0"
"23_70_23_3","45_48_22"
"24_70_23_0","0"
"24_70_23_1","0"
"24_70_23_2","0"
"24_70_23_3","0"
"24_70_23_4","47_47_22"
"28_70_23_0","0"
"28_70_23_1","0"
"28_70_23_2","0"
"28_70_23_3","55_43_22"
"2_70_24","3_69_23"
"4_70_24","7_67_23"
"6_70_24_0","0"
"6_70_24_1","11_65_23_0"
"6_70_24_2","11_65_23_1"
"10_70_24_0","0"
"10_70_24_1","19_61_23_1"
"10_70_24_2","19_61_23_0 + 19_61_23_1"
"16_70_24_0","0"
"16_70_24_1","0"
"16_70_24_2","31_55_23"
"22_70_24_0","0"
"22_70_24_1","0"
"22_70_24_2","43_49_23"
"24_70_24_0","0"
"24_70_24_1","0"
"24_70_24_2","47_47_23"
"28_70_24_0","0"
"28_70_24_1","0"
"28_70_24_2","55_43_23"
"3_70_25","5_68_24"
"4_70_25_0","0"
"4_70_25_1","7_67_24"
"6_70_25_0","0"
"6_70_25_1","11_65_24"
"8_70_25_0","0"
"8_70_25_1","15_63_24_1"
"8_70_25_2","15_63_24_0 + 15_63_24_1"
"10_70_25_0","0"
"10_70_25_1","0"
"10_70_25_2","19_61_24_0 + 19_61_24_1"
"10_70_25_3","19_61_24_1"
"14_70_25_0","0"
"14_70_25_1","27_57_24"
"16_70_25_0","0"
"16_70_25_1","0"
"16_70_25_2","31_55_24"
"24_70_25_0","0"
"24_70_25_1","0"
"24_70_25_2","47_47_24"
"4_70_26","7_67_25"
"6_70_26","11_65_25"
"7_70_26","13_64_25_0"
"8_70_26_0","0"
"8_70_26_1","15_63_25_1"
"8_70_26_2","15_63_25_0"
"10_70_26_0","0"
"10_70_26_1","19_61_25"
"13_70_26","25_58_25"
"14_70_26_0","0"
"14_70_26_1","27_57_25"
"16_70_26_0","0"
"16_70_26_1","31_55_25_1"
"16_70_26_2","31_55_25_0"
"2_70_27","3_69_26"
"4_70_27","7_67_26"
"5_70_27","9_66_26"
"8_70_27_0","0"
"8_70_27_1","15_63_26_0"
"8_70_27_2","15_63_26_0 + 15_63_26_1"
"11_70_27","21_60_26"
"14_70_27_0","0"
"14_70_27_1","27_57_26"
"15_70_27_0","0"
"15_70_27_1","29_56_26"
"16_70_27_0","0"
"16_70_27_1","0"
"16_70_27_2","31_55_26"
"20_70_27_0","0"
"20_70_27_1","39_51_26"
"3_70_28","5_68_27"
"4_70_28_0","0"
"4_70_28_1","7_67_27"
"8_70_28_0","0"
"8_70_28_1","15_63_27"
"9_70_28","17_62_27"
"14_70_28_0","0"
"14_70_28_1","27_57_27"
"16_70_28_0","0"
"16_70_28_1","31_55_27"
"20_70_28_0","0"
"20_70_28_1","39_51_27"
"4_70_29","7_67_28"
"6_70_29","11_65_28"
"8_70_29_0","0"
"8_70_29_1","15_63_28"
"16_70_29_0","0"
"16_70_29_1","31_55_28"
"2_70_30","3_69_29"
"5_70_30","9_66_29"
"6_70_30_0","0"
"6_70_30_1","11_65_29"
"8_70_30_0","0"
"8_70_30_1","15_63_29_1"
"8_70_30_2","15_63_29_0 + 15_63_29_1"
"72_71_2","143_0_1"
"40_71_3","79_32_2"
"54_71_3","107_18_2"
"56_71_3_0","0"
"56_71_3_1","111_16_2"
"58_71_3_0","0"
"58_71_3_1","115_14_2"
"64_71_3_0","0"
"64_71_3_1","0"
"64_71_3_2","127_8_2"
"72_71_3_0","0"
"72_71_3_1","143_0_2"
"24_71_4","47_48_3"
"34_71_4","67_38_3"
"38_71_4","75_34_3"
"39_71_4","77_33_3"
"42_71_4","83_30_3"
"53_71_4","105_19_3"
"54_71_4_0","0"
"54_71_4_1","107_18_3"
"55_71_4_0","0"
"55_71_4_1","109_17_3"
"58_71_4_0","0"
"58_71_4_1","115_14_3"
"63_71_4_0","0"
"63_71_4_1","125_9_3"
"64_71_4_0","0"
"64_71_4_1","0"
"64_71_4_2","127_8_3"
"72_71_4_0","0"
"72_71_4_1","143_0_3"
"12_71_5","23_60_4"
"22_71_5_0","43_50_4_1"
"22_71_5_1","43_50_4_0"
"24_71_5_0","0"
"24_71_5_1","47_48_4"
"32_71_5_0","0"
"32_71_5_1","0"
"32_71_5_2","63_40_4_1"
"32_71_5_3","63_40_4_0"
"34_71_5_0","0"
"34_71_5_1","0"
"34_71_5_2","0"
"34_71_5_3","67_38_4_0 + 67_38_4_1"
"38_71_5_0","0"
"38_71_5_1","0"
"38_71_5_2","75_34_4"
"42_71_5_0","0"
"42_71_5_1","83_30_4"
"54_71_5_0","0"
"54_71_5_1","107_18_4_1"
"54_71_5_2","107_18_4_0 + 107_18_4_1"
"63_71_5_0","0"
"63_71_5_1","125_9_4"
"72_71_5_0","0"
"72_71_5_1","143_0_4"
"7_71_6","13_65_5_0"
"8_71_6_0","0"
"8_71_6_1","15_64_5_1"
"8_71_6_2","15_64_5_1 + 15_64_5_2"
"8_71_6_3","15_64_5_0 + 15_64_5_1"
"10_71_6_0","0"
"10_71_6_1","0"
"10_71_6_2","0"
"10_71_6_3","19_62_5_2"
"12_71_6_0","0"
"12_71_6_1","23_60_5"
"14_71_6_0","0"
"14_71_6_1","27_58_5"
"19_71_6","37_53_5_0"
"20_71_6_0","0"
"20_71_6_1","39_52_5"
"22_71_6_0","0"
"22_71_6_1","0"
"22_71_6_2","43_50_5"
"24_71_6_0","0"
"24_71_6_1","0"
"24_71_6_2","47_48_5"
"27_71_6_0","0"
"27_71_6_1","0"
"27_71_6_2","0"
"27_71_6_3","53_45_5_0"
"28_71_6_0","0"
"28_71_6_1","0"
"28_71_6_2","0"
"28_71_6_3","0"
"28_71_6_4","55_44_5"
"31_71_6_0","0"
"31_71_6_1","0"
"31_71_6_2","0"
"31_71_6_3","0"
"31_71_6_4","61_41_5"
"32_71_6_0","0"
"32_71_6_1","0"
"32_71_6_2","0"
"32_71_6_3","0"
"32_71_6_4","0"
"32_71_6_5","63_40_5_0"
"32_71_6_6","63_40_5_1"
"34_71_6_0","0"
"34_71_6_1","0"
"34_71_6_2","0"
"34_71_6_3","0"
"34_71_6_4","67_38_5"
"39_71_6_0","0"
"39_71_6_1","0"
"39_71_6_2","0"
"39_71_6_3","77_33_5"
"42_71_6_0","0"
"42_71_6_1","0"
"42_71_6_2","83_30_5"
"48_71_6_0","0"
"48_71_6_1","0"
"48_71_6_2","95_24_5"
"52_71_6_0","0"
"52_71_6_1","0"
"52_71_6_2","103_20_5"
"54_71_6_0","0"
"54_71_6_1","0"
"54_71_6_2","107_18_5"
"58_71_6_0","0"
"58_71_6_1","0"
"58_71_6_2","115_14_5"
"72_71_6_0","0"
"72_71_6_1","0"
"72_71_6_2","143_0_5"
"4_71_7_0","7_68_6_1"
"4_71_7_1","7_68_6_0"
"5_71_7_0","0"
"5_71_7_1","9_67_6"
"7_71_7_0","0"
"7_71_7_1","0"
"7_71_7_2","13_65_6_2"
"7_71_7_3","13_65_6_0"
"8_71_7_0","0"
"8_71_7_1","0"
"8_71_7_2","0"
"8_71_7_3","0"
"8_71_7_4","15_64_6_0 + 15_64_6_1"
"8_71_7_5","15_64_6_2"
"8_71_7_6","15_64_6_4"
"8_71_7_7","15_64_6_0 + 15_64_6_2 + 15_64_6_3 + 15_64_6_4"
"8_71_7_8","15_64_6_0 + 15_64_6_2"
"12_71_7_0","0"
"12_71_7_1","23_60_6_1"
"12_71_7_2","23_60_6_0"
"20_71_7_0","0"
"20_71_7_1","39_52_6"
"22_71_7_0","0"
"22_71_7_1","43_50_6_1"
"22_71_7_2","43_50_6_0 + 43_50_6_1"
"23_71_7_0","0"
"23_71_7_1","0"
"23_71_7_2","45_49_6"
"24_71_7_0","0"
"24_71_7_1","0"
"24_71_7_2","0"
"24_71_7_3","47_48_6"
"25_71_7_0","0"
"25_71_7_1","0"
"25_71_7_2","0"
"25_71_7_3","49_47_6"
"28_71_7_0","0"
"28_71_7_1","0"
"28_71_7_2","0"
"28_71_7_3","55_44_6"
"30_71_7_0","0"
"30_71_7_1","0"
"30_71_7_2","0"
"30_71_7_3","59_42_6"
"32_71_7_0","0"
"32_71_7_1","0"
"32_71_7_2","0"
"32_71_7_3","0"
"32_71_7_4","63_40_6_0"
"32_71_7_5","63_40_6_1"
"38_71_7_0","0"
"38_71_7_1","75_34_6"
"40_71_7_0","0"
"40_71_7_1","0"
"40_71_7_2","79_32_6"
"46_71_7_0","0"
"46_71_7_1","91_26_6"
"52_71_7_0","0"
"52_71_7_1","103_20_6"
"56_71_7_0","0"
"56_71_7_1","111_16_6"
"58_71_7_0","0"
"58_71_7_1","115_14_6"
"72_71_7_0","0"
"72_71_7_1","143_0_6"
"3_71_8","5_69_7"
"4_71_8_0","0"
"4_71_8_1","7_68_7_1"
"4_71_8_2","7_68_7_2"
"4_71_8_3","7_68_7_3"
"4_71_8_4","7_68_7_0 + 7_68_7_1"
"5_71_8_0","0"
"5_71_8_1","0"
"5_71_8_2","0"
"5_71_8_3","9_67_7_0"
"6_71_8_0","0"
"6_71_8_1","0"
"6_71_8_2","0"
"6_71_8_3","0"
"6_71_8_4","11_66_7_2"
"7_71_8_0","0"
"7_71_8_1","0"
"7_71_8_2","0"
"7_71_8_3","0"
"7_71_8_4","0"
"7_71_8_5","13_65_7_0"
"8_71_8_0","0"
"8_71_8_1","0"
"8_71_8_2","0"
"8_71_8_3","0"
"8_71_8_4","0"
"8_71_8_5","0"
"8_71_8_6","15_64_7_1 + 15_64_7_3"
"8_71_8_7","15_64_7_0 + 15_64_7_1 + 15_64_7_3"
"8_71_8_8","15_64_7_0 + 15_64_7_3"
"8_71_8_9","15_64_7_0 + 15_64_7_1 + 15_64_7_2 + 15_64_7_3"
"8_71_8_10","15_64_7_0 + 15_64_7_1 + 15_64_7_4"
"10_71_8_0","0"
"10_71_8_1","0"
"10_71_8_2","0"
"10_71_8_3","19_62_7"
"11_71_8_0","0"
"11_71_8_1","0"
"11_71_8_2","21_61_7_0"
"12_71_8_0","0"
"12_71_8_1","23_60_7_1"
"14_71_8","27_58_7_0 + 27_58_7_1"
"18_71_8","35_54_7"
"19_71_8","37_53_7"
"21_71_8_0","0"
"21_71_8_1","41_51_7"
"24_71_8_0","0"
"24_71_8_1","0"
"24_71_8_2","47_48_7_1"
"24_71_8_3","47_48_7_0"
"30_71_8_0","0"
"30_71_8_1","59_42_7"
"31_71_8_0","0"
"31_71_8_1","61_41_7"
"34_71_8","67_38_7"
"35_71_8","69_37_7_0"
"39_71_8","77_33_7"
"40_71_8_0","0"
"40_71_8_1","79_32_7"
"42_71_8_0","0"
"42_71_8_1","83_30_7"
"55_71_8","109_17_7"
"56_71_8_0","0"
"56_71_8_1","111_16_7"
"72_71_8","143_0_7"
"2_71_9","3_70_8"
"3_71_9_0","0"
"3_71_9_1","5_69_8_2"
"4_71_9_0","0"
"4_71_9_1","0"
"4_71_9_2","7_68_8_1"
"4_71_9_3","7_68_8_0 + 7_68_8_1"
"4_71_9_4","7_68_8_1 + 7_68_8_2"
"5_71_9_0","0"
"5_71_9_1","0"
"5_71_9_2","0"
"5_71_9_3","9_67_8_1"
"6_71_9_0","0"
"6_71_9_1","0"
"6_71_9_2","11_66_8_0"
"6_71_9_3","11_66_8_2"
"6_71_9_4","11_66_8_0 + 11_66_8_1 + 11_66_8_2"
"7_71_9_0","0"
"7_71_9_1","0"
"7_71_9_2","13_65_8_1"
"8_71_9_0","0"
"8_71_9_1","0"
"8_71_9_2","0"
"8_71_9_3","15_64_8_3"
"8_71_9_4","15_64_8_1 + 15_64_8_3"
"8_71_9_5","15_64_8_0 + 15_64_8_1"
"8_71_9_6","15_64_8_1 + 15_64_8_2"
"11_71_9_0","0"
"11_71_9_1","21_61_8_2"
"12_71_9_0","0"
"12_71_9_1","0"
"12_71_9_2","23_60_8_0"
"12_71_9_3","23_60_8_0 + 23_60_8_1"
"14_71_9_0","0"
"14_71_9_1","27_58_8_1"
"18_71_9_0","0"
"18_71_9_1","35_54_8_1"
"18_71_9_2","35_54_8_0"
"20_71_9_0","0"
"20_71_9_1","0"
"20_71_9_2","39_52_8"
"21_71_9_0","0"
"21_71_9_1","0"
"21_71_9_2","0"
"21_71_9_3","41_51_8"
"24_71_9_0","0"
"24_71_9_1","0"
"24_71_9_2","0"
"24_71_9_3","0"
"24_71_9_4","47_48_8"
"30_71_9_0","0"
"30_71_9_1","0"
"30_71_9_2","59_42_8"
"32_71_9_0","0"
"32_71_9_1","0"
"32_71_9_2","63_40_8"
"34_71_9_0","0"
"34_71_9_1","0"
"34_71_9_2","67_38_8"
"38_71_9_0","0"
"38_71_9_1","75_34_8"
"40_71_9_0","0"
"40_71_9_1","0"
"40_71_9_2","79_32_8"
"42_71_9_0","0"
"42_71_9_1","0"
"42_71_9_2","83_30_8"
"46_71_9_0","0"
"46_71_9_1","91_26_8"
"55_71_9_0","0"
"55_71_9_1","109_17_8"
"72_71_9_0","0"
"72_71_9_1","143_0_8"
"2_71_10_0","3_70_9_0"
"2_71_10_1","3_70_9_1"
"3_71_10_0","0"
"3_71_10_1","5_69_9_2"
"3_71_10_2","5_69_9_0 + 5_69_9_1"
"4_71_10_0","0"
"4_71_10_1","0"
"4_71_10_2","0"
"4_71_10_3","7_68_9_1"
"4_71_10_4","7_68_9_1 + 7_68_9_2"
"4_71_10_5","7_68_9_0 + 7_68_9_1 + 7_68_9_2"
"4_71_10_6","7_68_9_0 + 7_68_9_3"
"6_71_10_0","0"
"6_71_10_1","0"
"6_71_10_2","0"
"6_71_10_3","11_66_9_0 + 11_66_9_2 + 11_66_9_3"
"6_71_10_4","11_66_9_0 + 11_66_9_1 + 11_66_9_2"
"6_71_10_5","11_66_9_0 + 11_66_9_1 + 11_66_9_3"
"6_71_10_6","11_66_9_0 + 11_66_9_2"
"7_71_10_0","0"
"7_71_10_1","0"
"7_71_10_2","0"
"7_71_10_3","13_65_9_0"
"7_71_10_4","13_65_9_1"
"8_71_10_0","0"
"8_71_10_1","0"
"8_71_10_2","0"
"8_71_10_3","0"
"8_71_10_4","0"
"8_71_10_5","15_64_9_0"
"8_71_10_6","15_64_9_0 + 15_64_9_1"
"11_71_10_0","0"
"11_71_10_1","21_61_9_2"
"12_71_10_0","0"
"12_71_10_1","0"
"12_71_10_2","23_60_9_0 + 23_60_9_2"
"12_71_10_3","23_60_9_2"
"14_71_10_0","0"
"14_71_10_1","27_58_9"
"15_71_10_0","0"
"15_71_10_1","29_57_9_1"
"16_71_10_0","0"
"16_71_10_1","0"
"16_71_10_2","31_56_9"
"18_71_10_0","0"
"18_71_10_1","0"
"18_71_10_2","0"
"18_71_10_3","35_54_9_0"
"18_71_10_4","35_54_9_1"
"19_71_10_0","0"
"19_71_10_1","0"
"19_71_10_2","0"
"19_71_10_3","37_53_9_0"
"24_71_10_0","0"
"24_71_10_1","0"
"24_71_10_2","0"
"24_71_10_3","47_48_9_0"
"24_71_10_4","47_48_9_1"
"30_71_10_0","0"
"30_71_10_1","59_42_9"
"34_71_10_0","0"
"34_71_10_1","67_38_9"
"37_71_10_0","0"
"37_71_10_1","73_35_9"
"38_71_10_0","0"
"38_71_10_1","0"
"38_71_10_2","75_34_9"
"40_71_10_0","0"
"40_71_10_1","0"
"40_71_10_2","79_32_9"
"42_71_10_0","0"
"42_71_10_1","83_30_9"
"44_71_10_0","0"
"44_71_10_1","87_28_9"
"46_71_10_0","0"
"46_71_10_1","91_26_9"
"50_71_10_0","0"
"50_71_10_1","99_22_9"
"72_71_10_0","0"
"72_71_10_1","143_0_9"
"2_71_11","3_70_10"
"3_71_11","5_69_10"
"4_71_11_0","0"
"4_71_11_1","7_68_10_2 + 7_68_10_3"
"4_71_11_2","7_68_10_2"
"4_71_11_3","7_68_10_0 + 7_68_10_1 + 7_68_10_2"
"4_71_11_4","7_68_10_0"
"6_71_11_0","0"
"6_71_11_1","11_66_10_1"
"6_71_11_2","11_66_10_0"
"8_71_11_0","0"
"8_71_11_1","0"
"8_71_11_2","15_64_10"
"9_71_11_0","0"
"9_71_11_1","17_63_10_3"
"11_71_11_0","0"
"11_71_11_1","21_61_10_0"
"12_71_11_0","0"
"12_71_11_1","0"
"12_71_11_2","23_60_10_1"
"12_71_11_3","23_60_10_0 + 23_60_10_1"
"15_71_11_0","0"
"15_71_11_1","0"
"15_71_11_2","29_57_10_0"
"16_71_11_0","0"
"16_71_11_1","0"
"16_71_11_2","0"
"16_71_11_3","31_56_10_2"
"16_71_11_4","31_56_10_0 + 31_56_10_2"
"16_71_11_5","31_56_10_0 + 31_56_10_1 + 31_56_10_2"
"18_71_11_0","0"
"18_71_11_1","0"
"18_71_11_2","0"
"18_71_11_3","0"
"18_71_11_4","35_54_10_2"
"18_71_11_5","35_54_10_0"
"28_71_11_0","0"
"28_71_11_1","55_44_10"
"32_71_11_0","0"
"32_71_11_1","63_40_10"
"35_71_11_0","0"
"35_71_11_1","69_37_10"
"38_71_11_0","0"
"38_71_11_1","0"
"38_71_11_2","75_34_10"
"42_71_11_0","0"
"42_71_11_1","83_30_10"
"44_71_11_0","0"
"44_71_11_1","87_28_10"
"48_71_11_0","0"
"48_71_11_1","95_24_10"
"50_71_11_0","0"
"50_71_11_1","99_22_10"
"72_71_11_0","0"
"72_71_11_1","143_0_10"
"2_71_12_0","3_70_11_1"
"2_71_12_1","3_70_11_0"
"3_71_12","5_69_11_0"
"4_71_12_0","0"
"4_71_12_1","7_68_11_0 + 7_68_11_1 + 7_68_11_2"
"4_71_12_2","7_68_11_1"
"4_71_12_3","7_68_11_2"
"5_71_12_0","0"
"5_71_12_1","0"
"5_71_12_2","9_67_11_1"
"6_71_12_0","0"
"6_71_12_1","0"
"6_71_12_2","11_66_11_0"
"6_71_12_3","11_66_11_0 + 11_66_11_1"
"7_71_12_0","0"
"7_71_12_1","0"
"7_71_12_2","13_65_11_0 + 13_65_11_1"
"10_71_12_0","0"
"10_71_12_1","0"
"10_71_12_2","19_62_11"
"11_71_12_0","0"
"11_71_12_1","0"
"11_71_12_2","21_61_11_0"
"12_71_12_0","0"
"12_71_12_1","0"
"12_71_12_2","0"
"12_71_12_3","23_60_11_1"
"12_71_12_4","23_60_11_0 + 23_60_11_1"
"15_71_12_0","0"
"15_71_12_1","0"
"15_71_12_2","0"
"15_71_12_3","29_57_11_0"
"16_71_12_0","0"
"16_71_12_1","0"
"16_71_12_2","0"
"16_71_12_3","0"
"16_71_12_4","31_56_11_1"
"16_71_12_5","31_56_11_0"
"18_71_12_0","0"
"18_71_12_1","0"
"18_71_12_2","0"
"18_71_12_3","35_54_11_2"
"18_71_12_4","35_54_11_0 + 35_54_11_1"
"20_71_12_0","0"
"20_71_12_1","0"
"20_71_12_2","39_52_11"
"26_71_12_0","0"
"26_71_12_1","0"
"26_71_12_2","51_46_11"
"31_71_12_0","0"
"31_71_12_1","0"
"31_71_12_2","61_41_11"
"32_71_12_0","0"
"32_71_12_1","0"
"32_71_12_2","0"
"32_71_12_3","63_40_11"
"42_71_12_0","0"
"42_71_12_1","0"
"42_71_12_2","83_30_11"
"47_71_12_0","0"
"47_71_12_1","0"
"47_71_12_2","93_25_11"
"48_71_12_0","0"
"48_71_12_1","0"
"48_71_12_2","0"
"48_71_12_3","95_24_11"
"72_71_12_0","0"
"72_71_12_1","0"
"72_71_12_2","143_0_11"
"2_71_13","3_70_12"
"3_71_13","5_69_12"
"4_71_13_0","0"
"4_71_13_1","7_68_12_0 + 7_68_12_1"
"4_71_13_2","7_68_12_0"
"5_71_13","9_67_12_0 + 9_67_12_2"
"6_71_13_0","0"
"6_71_13_1","11_66_12_1"
"6_71_13_2","11_66_12_1 + 11_66_12_2"
"6_71_13_3","11_66_12_0"
"7_71_13_0","0"
"7_71_13_1","0"
"7_71_13_2","13_65_12_0 + 13_65_12_1"
"7_71_13_3","13_65_12_0"
"10_71_13_0","0"
"10_71_13_1","0"
"10_71_13_2","0"
"10_71_13_3","0"
"10_71_13_4","19_62_12"
"12_71_13_0","0"
"12_71_13_1","0"
"12_71_13_2","0"
"12_71_13_3","0"
"12_71_13_4","23_60_12_1"
"12_71_13_5","23_60_12_0 + 23_60_12_1"
"13_71_13_0","0"
"13_71_13_1","0"
"13_71_13_2","0"
"13_71_13_3","0"
"13_71_13_4","25_59_12"
"16_71_13_0","0"
"16_71_13_1","0"
"16_71_13_2","0"
"16_71_13_3","0"
"16_71_13_4","0"
"16_71_13_5","31_56_12_1"
"16_71_13_6","31_56_12_0"
"18_71_13_0","0"
"18_71_13_1","0"
"18_71_13_2","0"
"18_71_13_3","0"
"18_71_13_4","35_54_12_0 + 35_54_12_1 + 35_54_12_2"
"18_71_13_5","35_54_12_2"
"18_71_13_6","35_54_12_1 + 35_54_12_2"
"24_71_13_0","0"
"24_71_13_1","0"
"24_71_13_2","0"
"24_71_13_3","47_48_12"
"30_71_13_0","0"
"30_71_13_1","0"
"30_71_13_2","0"
"30_71_13_3","59_42_12"
"32_71_13_0","0"
"32_71_13_1","0"
"32_71_13_2","0"
"32_71_13_3","0"
"32_71_13_4","63_40_12"
"38_71_13_0","0"
"38_71_13_1","0"
"38_71_13_2","0"
"38_71_13_3","75_34_12"
"47_71_13_0","0"
"47_71_13_1","0"
"47_71_13_2","0"
"47_71_13_3","93_25_12"
"72_71_13_0","0"
"72_71_13_1","0"
"72_71_13_2","0"
"72_71_13_3","143_0_12"
"2_71_14","3_70_13"
"3_71_14","5_69_13_1 + 5_69_13_2"
"4_71_14_0","0"
"4_71_14_1","7_68_13_0"
"4_71_14_2","7_68_13_1"
"4_71_14_3","7_68_13_0 + 7_68_13_1 + 7_68_13_2"
"4_71_14_4","7_68_13_3"
"6_71_14_0","0"
"6_71_14_1","0"
"6_71_14_2","11_66_13"
"8_71_14_0","0"
"8_71_14_1","0"
"8_71_14_2","15_64_13"
"10_71_14_0","0"
"10_71_14_1","0"
"10_71_14_2","19_62_13_0 + 19_62_13_1"
"10_71_14_3","19_62_13_1"
"11_71_14_0","0"
"11_71_14_1","0"
"11_71_14_2","0"
"11_71_14_3","21_61_13_0"
"12_71_14_0","0"
"12_71_14_1","0"
"12_71_14_2","0"
"12_71_14_3","0"
"12_71_14_4","23_60_13_0"
"12_71_14_5","23_60_13_1"
"16_71_14_0","0"
"16_71_14_1","0"
"16_71_14_2","0"
"16_71_14_3","31_56_13_0"
"16_71_14_4","31_56_13_0 + 31_56_13_2"
"16_71_14_5","31_56_13_0 + 31_56_13_1"
"18_71_14_0","0"
"18_71_14_1","0"
"18_71_14_2","0"
"18_71_14_3","35_54_13_1"
"18_71_14_4","35_54_13_0 + 35_54_13_1"
"22_71_14_0","0"
"22_71_14_1","0"
"22_71_14_2","43_50_13"
"29_71_14_0","0"
"29_71_14_1","0"
"29_71_14_2","57_43_13"
"30_71_14_0","0"
"30_71_14_1","0"
"30_71_14_2","0"
"30_71_14_3","59_42_13"
"32_71_14_0","0"
"32_71_14_1","0"
"32_71_14_2","0"
"32_71_14_3","63_40_13"
"36_71_14_0","0"
"36_71_14_1","0"
"36_71_14_2","71_36_13"
"38_71_14_0","0"
"38_71_14_1","0"
"38_71_14_2","75_34_13"
"42_71_14_0","0"
"42_71_14_1","0"
"42_71_14_2","83_30_13"
"72_71_14_0","0"
"72_71_14_1","0"
"72_71_14_2","143_0_13"
"2_71_15_0","3_70_14_0"
"2_71_15_1","3_70_14_1"
"3_71_15_0","0"
"3_71_15_1","5_69_14"
"4_71_15_0","0"
"4_71_15_1","0"
"4_71_15_2","7_68_14_1"
"4_71_15_3","7_68_14_0 + 7_68_14_1"
"6_71_15_0","0"
"6_71_15_1","0"
"6_71_15_2","11_66_14"
"8_71_15_0","0"
"8_71_15_1","0"
"8_71_15_2","15_64_14_0"
"8_71_15_3","15_64_14_0 + 15_64_14_1"
"10_71_15_0","0"
"10_71_15_1","0"
"10_71_15_2","0"
"10_71_15_3","0"
"10_71_15_4","19_62_14"
"12_71_15_0","0"
"12_71_15_1","0"
"12_71_15_2","0"
"12_71_15_3","23_60_14_0 + 23_60_14_1"
"12_71_15_4","23_60_14_0"
"14_71_15_0","0"
"14_71_15_1","0"
"14_71_15_2","0"
"14_71_15_3","27_58_14"
"16_71_15_0","0"
"16_71_15_1","0"
"16_71_15_2","0"
"16_71_15_3","0"
"16_71_15_4","31_56_14"
"18_71_15_0","0"
"18_71_15_1","0"
"18_71_15_2","35_54_14"
"20_71_15_0","0"
"20_71_15_1","0"
"20_71_15_2","39_52_14"
"24_71_15_0","0"
"24_71_15_1","0"
"24_71_15_2","47_48_14"
"26_71_15_0","0"
"26_71_15_1","0"
"26_71_15_2","51_46_14"
"30_71_15_0","0"
"30_71_15_1","0"
"30_71_15_2","0"
"30_71_15_3","59_42_14"
"36_71_15_0","0"
"36_71_15_1","0"
"36_71_15_2","71_36_14"
"40_71_15_0","0"
"40_71_15_1","0"
"40_71_15_2","79_32_14"
"42_71_15_0","0"
"42_71_15_1","0"
"42_71_15_2","83_30_14"
"72_71_15_0","0"
"72_71_15_1","0"
"72_71_15_2","143_0_14"
"3_71_16","5_69_15"
"4_71_16_0","0"
"4_71_16_1","7_68_15"
"6_71_16_0","0"
"6_71_16_1","11_66_15"
"7_71_16_0","0"
"7_71_16_1","0"
"7_71_16_2","13_65_15"
"8_71_16_0","0"
"8_71_16_1","0"
"8_71_16_2","0"
"8_71_16_3","15_64_15"
"10_71_16_0","0"
"10_71_16_1","0"
"10_71_16_2","19_62_15_0 + 19_62_15_1"
"12_71_16_0","0"
"12_71_16_1","0"
"12_71_16_2","23_60_15_1"
"12_71_16_3","23_60_15_0"
"14_71_16_0","0"
"14_71_16_1","0"
"14_71_16_2","27_58_15"
"16_71_16_0","0"
"16_71_16_1","31_56_15"
"18_71_16_0","0"
"18_71_16_1","35_54_15_1"
"18_71_16_2","35_54_15_0 + 35_54_15_1"
"23_71_16_0","0"
"23_71_16_1","45_49_15"
"24_71_16_0","0"
"24_71_16_1","0"
"24_71_16_2","47_48_15"
"26_71_16_0","0"
"26_71_16_1","0"
"26_71_16_2","51_46_15"
"39_71_16_0","0"
"39_71_16_1","77_33_15"
"40_71_16_0","0"
"40_71_16_1","0"
"40_71_16_2","79_32_15"
"72_71_16_0","0"
"72_71_16_1","143_0_15"
"2_71_17_0","3_70_16_0 + 3_70_16_1"
"2_71_17_1","3_70_16_1"
"4_71_17_0","7_68_16_1 + 7_68_16_2"
"4_71_17_1","7_68_16_2"
"4_71_17_2","7_68_16_0 + 7_68_16_1"
"5_71_17_0","0"
"5_71_17_1","9_67_16_0"
"6_71_17_0","0"
"6_71_17_1","0"
"6_71_17_2","11_66_16"
"8_71_17_0","0"
"8_71_17_1","15_64_16_0"
"8_71_17_2","15_64_16_1"
"10_71_17_0","0"
"10_71_17_1","19_62_16_1 + 19_62_16_2"
"10_71_17_2","19_62_16_1"
"10_71_17_3","19_62_16_0 + 19_62_16_2"
"14_71_17","27_58_16"
"16_71_17","31_56_16"
"18_71_17_0","0"
"18_71_17_1","35_54_16"
"22_71_17","43_50_16"
"24_71_17_0","0"
"24_71_17_1","47_48_16"
"26_71_17_0","0"
"26_71_17_1","51_46_16"
"30_71_17","59_42_16"
"39_71_17","77_33_16"
"72_71_17","143_0_16"
"2_71_18","3_70_17"
"3_71_18_0","0"
"3_71_18_1","5_69_17"
"4_71_18_0","0"
"4_71_18_1","0"
"4_71_18_2","7_68_17"
"8_71_18_0","0"
"8_71_18_1","15_64_17_2"
"8_71_18_2","15_64_17_0"
"8_71_18_3","15_64_17_0 + 15_64_17_1"
"10_71_18_0","0"
"10_71_18_1","19_62_17_1"
"10_71_18_2","19_62_17_0"
"14_71_18_0","27_58_17_1"
"14_71_18_1","27_58_17_0 + 27_58_17_1"
"18_71_18","35_54_17"
"21_71_18","41_51_17"
"22_71_18_0","0"
"22_71_18_1","43_50_17"
"24_71_18_0","0"
"24_71_18_1","47_48_17"
"26_71_18","51_46_17"
"28_71_18","55_44_17"
"30_71_18","59_42_17"
"34_71_18","67_38_17"
"72_71_18","143_0_17"
"3_71_19","5_69_18"
"4_71_19_0","0"
"4_71_19_1","7_68_18"
"6_71_19_0","0"
"6_71_19_1","11_66_18"
"10_71_19_0","0"
"10_71_19_1","19_62_18_0"
"10_71_19_2","19_62_18_1"
"12_71_19_0","0"
"12_71_19_1","23_60_18"
"14_71_19_0","0"
"14_71_19_1","0"
"14_71_19_2","27_58_18"
"16_71_19_0","0"
"16_71_19_1","31_56_18"
"19_71_19_0","0"
"19_71_19_1","37_53_18"
"22_71_19_0","0"
"22_71_19_1","0"
"22_71_19_2","43_50_18"
"26_71_19_0","0"
"26_71_19_1","51_46_18"
"28_71_19_0","0"
"28_71_19_1","55_44_18"
"32_71_19_0","0"
"32_71_19_1","63_40_18"
"34_71_19_0","0"
"34_71_19_1","67_38_18"
"72_71_19_0","0"
"72_71_19_1","143_0_18"
"2_71_20_0","3_70_19_0"
"2_71_20_1","3_70_19_1"
"4_71_20_0","0"
"4_71_20_1","7_68_19_1"
"4_71_20_2","7_68_19_0 + 7_68_19_1"
"6_71_20_0","0"
"6_71_20_1","0"
"6_71_20_2","11_66_19_1"
"6_71_20_3","11_66_19_0"
"10_71_20_0","0"
"10_71_20_1","19_62_19_0 + 19_62_19_1"
"10_71_20_2","19_62_19_0"
"15_71_20_0","0"
"15_71_20_1","29_57_19"
"16_71_20_0","0"
"16_71_20_1","0"
"16_71_20_2","31_56_19"
"26_71_20_0","0"
"26_71_20_1","51_46_19"
"31_71_20_0","0"
"31_71_20_1","61_41_19"
"32_71_20_0","0"
"32_71_20_1","0"
"32_71_20_2","63_40_19"
"72_71_20_0","0"
"72_71_20_1","143_0_19"
"2_71_21","3_70_20"
"6_71_21","11_66_20"
"8_71_21","15_64_20"
"10_71_21_0","0"
"10_71_21_1","19_62_20"
"14_71_21","27_58_20"
"16_71_21_0","0"
"16_71_21_1","31_56_20"
"22_71_21","43_50_20"
"31_71_21","61_41_20"
"72_71_21","143_0_20"
"3_71_22","5_69_21"
"6_71_22_0","0"
"6_71_22_1","11_66_21_1"
"6_71_22_2","11_66_21_0 + 11_66_21_1"
"10_71_22_0","0"
"10_71_22_1","19_62_21"
"13_71_22_0","0"
"13_71_22_1","25_59_21"
"14_71_22_0","0"
"14_71_22_1","0"
"14_71_22_2","27_58_21"
"16_71_22_0","0"
"16_71_22_1","0"
"16_71_22_2","31_56_21"
"20_71_22_0","0"
"20_71_22_1","39_52_21"
"22_71_22_0","0"
"22_71_22_1","43_50_21"
"26_71_22_0","0"
"26_71_22_1","51_46_21"
"72_71_22_0","0"
"72_71_22_1","143_0_21"
"2_71_23","3_70_22"
"4_71_23_0","7_68_22_1"
"4_71_23_1","7_68_22_0"
"8_71_23_0","15_64_22_1"
"8_71_23_1","15_64_22_0"
"10_71_23","19_62_22"
"14_71_23_0","0"
"14_71_23_1","27_58_22"
"20_71_23","39_52_22"
"24_71_23","47_48_22"
"26_71_23","51_46_22"
"72_71_23","143_0_22"
"2_71_24","3_70_23"
"7_71_24","13_65_23_0"
"8_71_24_0","0"
"8_71_24_1","15_64_23_1"
"8_71_24_2","15_64_23_0 + 15_64_23_1"
"10_71_24_0","0"
"10_71_24_1","19_62_23"
"23_71_24","45_49_23"
"24_71_24_0","0"
"24_71_24_1","47_48_23"
"72_71_24","143_0_23"
"3_71_25","5_69_24"
"6_71_25_0","0"
"6_71_25_1","11_66_24"
"8_71_25_0","0"
"8_71_25_1","0"
"8_71_25_2","15_64_24_0 + 15_64_24_1"
"8_71_25_3","15_64_24_1"
"10_71_25_0","0"
"10_71_25_1","0"
"10_71_25_2","19_62_24"
"14_71_25_0","0"
"14_71_25_1","27_58_24"
"23_71_25_0","0"
"23_71_25_1","45_49_24"
"72_71_25_0","0"
"72_71_25_1","143_0_24"
"2_71_26","3_70_25"
"4_71_26","7_68_25"
"5_71_26","9_67_25_0"
"6_71_26_0","0"
"6_71_26_1","11_66_25"
"8_71_26_0","0"
"8_71_26_1","15_64_25_0 + 15_64_25_1"
"8_71_26_2","15_64_25_1"
"10_71_26","19_62_25"
"12_71_26","23_60_25"
"14_71_26","27_58_25"
"18_71_26","35_54_25"
"72_71_26","143_0_25"
"3_71_27","5_69_26"
"4_71_27_0","0"
"4_71_27_1","7_68_26"
"6_71_27_0","0"
"6_71_27_1","11_66_26"
"8_71_27_0","0"
"8_71_27_1","15_64_26"
"10_71_27","19_62_26"
"12_71_27","23_60_26"
"16_71_27","31_56_26"
"18_71_27","35_54_26"
"72_71_27","143_0_26"
"4_71_28","7_68_27"
"6_71_28_0","11_66_27_1"
"6_71_28_1","11_66_27_0"
"8_71_28_0","0"
"8_71_28_1","15_64_27"
"10_71_28_0","0"
"10_71_28_1","19_62_27"
"15_71_28_0","0"
"15_71_28_1","29_57_27"
"16_71_28_0","0"
"16_71_28_1","0"
"16_71_28_2","31_56_27"
"72_71_28_0","0"
"72_71_28_1","143_0_27"
"2_71_29","3_70_28"
"4_71_29","7_68_28"
"6_71_29_0","0"
"6_71_29_1","11_66_28_0 + 11_66_28_1"
"6_71_29_2","11_66_28_0"
"15_71_29_0","0"
"15_71_29_1","29_57_28"
"72_71_29_0","0"
"72_71_29_1","143_0_28"
"72_72_2","143_1_1"
"42_72_3","83_31_2"
"58_72_3","115_15_2"
"66_72_3","131_7_2"
"70_72_3","139_3_2"
"71_72_3","141_2_2"
"28_72_4","55_45_3"
"32_72_4_0","0"
"32_72_4_1","63_41_3"
"40_72_4_0","0"
"40_72_4_1","79_33_3"
"42_72_4_0","0"
"42_72_4_1","83_31_3_1"
"52_72_4","103_21_3"
"54_72_4_0","0"
"54_72_4_1","107_19_3"
"56_72_4_0","0"
"56_72_4_1","0"
"56_72_4_2","111_17_3"
"58_72_4_0","0"
"58_72_4_1","0"
"58_72_4_2","115_15_3"
"64_72_4_0","0"
"64_72_4_1","0"
"64_72_4_2","127_9_3"
"66_72_4_0","0"
"66_72_4_1","0"
"66_72_4_2","131_7_3"
"70_72_4_0","0"
"70_72_4_1","139_3_3"
"14_72_5","27_59_4"
"22_72_5","43_51_4"
"23_72_5","45_50_4_0"
"24_72_5_0","0"
"24_72_5_1","47_49_4"
"25_72_5_0","0"
"25_72_5_1","49_48_4"
"28_72_5_0","0"
"28_72_5_1","0"
"28_72_5_2","55_45_4"
"32_72_5_0","0"
"32_72_5_1","0"
"32_72_5_2","63_41_4"
"39_72_5_0","0"
"39_72_5_1","77_34_4"
"42_72_5_0","0"
"42_72_5_1","83_31_4"
"51_72_5","101_22_4"
"55_72_5_0","0"
"55_72_5_1","109_18_4_1"
"56_72_5_0","0"
"56_72_5_1","0"
"56_72_5_2","111_17_4"
"58_72_5_0","0"
"58_72_5_1","0"
"58_72_5_2","115_15_4"
"64_72_5_0","0"
"64_72_5_1","0"
"64_72_5_2","127_9_4"
"66_72_5_0","0"
"66_72_5_1","131_7_4"
"8_72_6_0","15_65_5_1"
"8_72_6_1","15_65_5_0"
"12_72_6_0","23_61_5_0 + 23_61_5_1"
"12_72_6_1","23_61_5_1"
"20_72_6","39_53_5"
"21_72_6_0","0"
"21_72_6_1","41_52_5"
"22_72_6_0","0"
"22_72_6_1","0"
"22_72_6_2","43_51_5_1"
"24_72_6_0","0"
"24_72_6_1","0"
"24_72_6_2","47_49_5"
"26_72_6_0","0"
"26_72_6_1","0"
"26_72_6_2","0"
"26_72_6_3","51_47_5"
"28_72_6_0","0"
"28_72_6_1","0"
"28_72_6_2","0"
"28_72_6_3","0"
"28_72_6_4","55_45_5_0"
"32_72_6_0","0"
"32_72_6_1","0"
"32_72_6_2","0"
"32_72_6_3","63_41_5"
"38_72_6","75_35_5"
"40_72_6_0","0"
"40_72_6_1","79_33_5"
"42_72_6","83_31_5_1"
"50_72_6","99_23_5"
"52_72_6_0","0"
"52_72_6_1","103_21_5"
"55_72_6_0","0"
"55_72_6_1","109_18_5"
"56_72_6_0","0"
"56_72_6_1","0"
"56_72_6_2","111_17_5"
"58_72_6_0","0"
"58_72_6_1","0"
"58_72_6_2","115_15_5_0 + 115_15_5_1"
"62_72_6_0","0"
"62_72_6_1","123_11_5"
"64_72_6_0","0"
"64_72_6_1","0"
"64_72_6_2","127_9_5"
"4_72_7","7_69_6"
"5_72_7_0","0"
"5_72_7_1","9_68_6_0"
"6_72_7_0","0"
"6_72_7_1","11_67_6"
"7_72_7_0","0"
"7_72_7_1","0"
"7_72_7_2","13_66_6"
"8_72_7_0","0"
"8_72_7_1","0"
"8_72_7_2","0"
"8_72_7_3","15_65_6_2"
"8_72_7_4","15_65_6_1 + 15_65_6_2"
"8_72_7_5","15_65_6_2 + 15_65_6_3"
"8_72_7_6","15_65_6_0 + 15_65_6_1 + 15_65_6_2"
"10_72_7_0","0"
"10_72_7_1","0"
"10_72_7_2","19_63_6_2"
"12_72_7_0","0"
"12_72_7_1","23_61_6_0"
"14_72_7","27_59_6_0"
"19_72_7","37_54_6_0"
"20_72_7_0","0"
"20_72_7_1","39_53_6"
"21_72_7_0","0"
"21_72_7_1","41_52_6"
"22_72_7_0","0"
"22_72_7_1","0"
"22_72_7_2","43_51_6"
"23_72_7_0","0"
"23_72_7_1","0"
"23_72_7_2","45_50_6"
"24_72_7_0","0"
"24_72_7_1","0"
"24_72_7_2","0"
"24_72_7_3","47_49_6"
"26_72_7_0","0"
"26_72_7_1","0"
"26_72_7_2","51_47_6"
"28_72_7_0","0"
"28_72_7_1","0"
"28_72_7_2","55_45_6"
"35_72_7","69_38_6_0"
"36_72_7_0","0"
"36_72_7_1","71_37_6"
"39_72_7_0","0"
"39_72_7_1","77_34_6"
"42_72_7_0","0"
"42_72_7_1","83_31_6"
"50_72_7","99_23_6"
"53_72_7","105_20_6"
"56_72_7_0","0"
"56_72_7_1","111_17_6"
"58_72_7_0","0"
"58_72_7_1","115_15_6"
"62_72_7","123_11_6"
"63_72_7","125_10_6"
"3_72_8","5_70_7"
"4_72_8_0","0"
"4_72_8_1","7_69_7_2"
"4_72_8_2","7_69_7_2 + 7_69_7_3"
"4_72_8_3","7_69_7_1"
"4_72_8_4","7_69_7_0"
"5_72_8_0","0"
"5_72_8_1","0"
"5_72_8_2","9_68_7_0"
"6_72_8_0","0"
"6_72_8_1","0"
"6_72_8_2","11_67_7_2"
"7_72_8_0","0"
"7_72_8_1","13_66_7_3"
"8_72_8_0","0"
"8_72_8_1","0"
"8_72_8_2","15_65_7_2"
"8_72_8_3","15_65_7_0"
"8_72_8_4","15_65_7_1 + 15_65_7_2"
"10_72_8_0","0"
"10_72_8_1","0"
"10_72_8_2","19_63_7_1"
"12_72_8_0","0"
"12_72_8_1","23_61_7_0 + 23_61_7_1"
"12_72_8_2","23_61_7_0 + 23_61_7_2"
"12_72_8_3","23_61_7_1"
"16_72_8_0","0"
"16_72_8_1","31_57_7"
"18_72_8_0","0"
"18_72_8_1","0"
"18_72_8_2","35_55_7"
"20_72_8_0","0"
"20_72_8_1","0"
"20_72_8_2","0"
"20_72_8_3","39_53_7_1"
"20_72_8_4","39_53_7_0"
"22_72_8_0","0"
"22_72_8_1","0"
"22_72_8_2","0"
"22_72_8_3","0"
"22_72_8_4","43_51_7"
"26_72_8_0","0"
"26_72_8_1","0"
"26_72_8_2","0"
"26_72_8_3","51_47_7"
"28_72_8_0","0"
"28_72_8_1","0"
"28_72_8_2","0"
"28_72_8_3","55_45_7"
"32_72_8_0","0"
"32_72_8_1","0"
"32_72_8_2","0"
"32_72_8_3","63_41_7"
"36_72_8_0","0"
"36_72_8_1","0"
"36_72_8_2","71_37_7_1"
"36_72_8_3","71_37_7_0 + 71_37_7_1"
"40_72_8_0","0"
"40_72_8_1","0"
"40_72_8_2","79_33_7"
"42_72_8_0","0"
"42_72_8_1","0"
"42_72_8_2","83_31_7"
"50_72_8_0","0"
"50_72_8_1","0"
"50_72_8_2","99_23_7"
"56_72_8_0","0"
"56_72_8_1","0"
"56_72_8_2","0"
"56_72_8_3","111_17_7"
"58_72_8_0","0"
"58_72_8_1","0"
"58_72_8_2","115_15_7"
"62_72_8_0","0"
"62_72_8_1","0"
"62_72_8_2","123_11_7"
"2_72_9","3_71_8"
"3_72_9_0","5_70_8_0 + 5_70_8_1"
"3_72_9_1","5_70_8_0"
"4_72_9_0","0"
"4_72_9_1","0"
"4_72_9_2","7_69_8_2"
"4_72_9_3","7_69_8_0 + 7_69_8_2"
"4_72_9_4","7_69_8_0 + 7_69_8_2 + 7_69_8_4"
"4_72_9_5","7_69_8_0 + 7_69_8_2 + 7_69_8_3 + 7_69_8_4 + 7_69_8_5"
"4_72_9_6","7_69_8_0 + 7_69_8_2 + 7_69_8_5"
"4_72_9_7","7_69_8_0 + 7_69_8_1 + 7_69_8_4 + 7_69_8_5"
"5_72_9_0","0"
"5_72_9_1","0"
"5_72_9_2","0"
"5_72_9_3","9_68_8_0"
"5_72_9_4","9_68_8_0 + 9_68_8_1"
"6_72_9_0","0"
"6_72_9_1","0"
"6_72_9_2","0"
"6_72_9_3","0"
"6_72_9_4","11_67_8_2"
"6_72_9_5","11_67_8_0 + 11_67_8_2"
"6_72_9_6","11_67_8_1"
"7_72_9_0","0"
"7_72_9_1","0"
"7_72_9_2","0"
"7_72_9_3","0"
"7_72_9_4","0"
"7_72_9_5","13_66_8_0 + 13_66_8_1"
"8_72_9_0","0"
"8_72_9_1","0"
"8_72_9_2","0"
"8_72_9_3","0"
"8_72_9_4","0"
"8_72_9_5","0"
"8_72_9_6","15_65_8_2"
"8_72_9_7","15_65_8_0"
"8_72_9_8","15_65_8_0 + 15_65_8_1"
"10_72_9_0","0"
"10_72_9_1","0"
"10_72_9_2","0"
"10_72_9_3","19_63_8_0"
"12_72_9_0","0"
"12_72_9_1","0"
"12_72_9_2","0"
"12_72_9_3","23_61_8_0 + 23_61_8_1 + 23_61_8_3"
"12_72_9_4","23_61_8_0 + 23_61_8_1 + 23_61_8_2 + 23_61_8_3"
"12_72_9_5","23_61_8_1 + 23_61_8_2"
"12_72_9_6","23_61_8_0"
"14_72_9_0","0"
"14_72_9_1","27_59_8"
"15_72_9_0","0"
"15_72_9_1","29_58_8_0 + 29_58_8_1"
"16_72_9_0","0"
"16_72_9_1","0"
"16_72_9_2","31_57_8_2"
"16_72_9_3","31_57_8_0 + 31_57_8_1"
"16_72_9_4","31_57_8_0"
"20_72_9_0","0"
"20_72_9_1","0"
"20_72_9_2","0"
"20_72_9_3","39_53_8"
"22_72_9_0","0"
"22_72_9_1","0"
"22_72_9_2","0"
"22_72_9_3","43_51_8"
"31_72_9_0","0"
"31_72_9_1","0"
"31_72_9_2","61_42_8"
"36_72_9_0","0"
"36_72_9_1","71_37_8_0 + 71_37_8_1"
"36_72_9_2","71_37_8_0"
"38_72_9_0","0"
"38_72_9_1","0"
"38_72_9_2","75_35_8"
"42_72_9_0","0"
"42_72_9_1","83_31_8_0 + 83_31_8_1"
"44_72_9_0","0"
"44_72_9_1","87_29_8"
"48_72_9_0","0"
"48_72_9_1","95_25_8"
"50_72_9_0","0"
"50_72_9_1","0"
"50_72_9_2","99_23_8"
"56_72_9_0","0"
"56_72_9_1","0"
"56_72_9_2","111_17_8"
"58_72_9_0","0"
"58_72_9_1","115_15_8"
"2_72_10_0","3_71_9_0"
"2_72_10_1","3_71_9_1"
"3_72_10_0","5_70_9_1"
"3_72_10_1","5_70_9_3"
"3_72_10_2","5_70_9_0"
"4_72_10_0","0"
"4_72_10_1","0"
"4_72_10_2","0"
"4_72_10_3","7_69_9_0 + 7_69_9_1"
"4_72_10_4","7_69_9_0"
"6_72_10_0","0"
"6_72_10_1","11_67_9_1 + 11_67_9_2"
"6_72_10_2","11_67_9_1"
"8_72_10_0","0"
"8_72_10_1","15_65_9_0 + 15_65_9_1"
"8_72_10_2","15_65_9_0 + 15_65_9_1 + 15_65_9_2"
"8_72_10_3","15_65_9_1 + 15_65_9_2"
"10_72_10_0","0"
"10_72_10_1","19_63_9_0"
"10_72_10_2","19_63_9_1"
"11_72_10_0","0"
"11_72_10_1","0"
"11_72_10_2","21_62_9_0"
"12_72_10_0","0"
"12_72_10_1","0"
"12_72_10_2","23_61_9_2"
"12_72_10_3","23_61_9_0"
"12_72_10_4","23_61_9_1"
"13_72_10_0","0"
"13_72_10_1","0"
"13_72_10_2","25_60_9_0"
"16_72_10_0","0"
"16_72_10_1","0"
"16_72_10_2","0"
"16_72_10_3","31_57_9_2"
"16_72_10_4","31_57_9_0 + 31_57_9_1"
"16_72_10_5","31_57_9_1"
"20_72_10_0","0"
"20_72_10_1","0"
"20_72_10_2","39_53_9"
"28_72_10_0","0"
"28_72_10_1","55_45_9"
"35_72_10_0","0"
"35_72_10_1","69_38_9"
"36_72_10_0","0"
"36_72_10_1","0"
"36_72_10_2","71_37_9"
"38_72_10_0","0"
"38_72_10_1","75_35_9"
"42_72_10_0","0"
"42_72_10_1","83_31_9_0"
"42_72_10_2","83_31_9_0 + 83_31_9_1"
"44_72_10_0","0"
"44_72_10_1","87_29_9"
"47_72_10_0","0"
"47_72_10_1","93_26_9"
"48_72_10_0","0"
"48_72_10_1","0"
"48_72_10_2","95_25_9"
"50_72_10_0","0"
"50_72_10_1","0"
"50_72_10_2","99_23_9_1"
"54_72_10_0","0"
"54_72_10_1","107_19_9"
"56_72_10_0","0"
"56_72_10_1","0"
"56_72_10_2","111_17_9"
"2_72_11_0","3_71_10_2"
"2_72_11_1","3_71_10_1"
"2_72_11_2","3_71_10_0"
"4_72_11_0","0"
"4_72_11_1","7_69_10_1"
"4_72_11_2","7_69_10_0"
"5_72_11_0","0"
"5_72_11_1","9_68_10_0 + 9_68_10_1"
"6_72_11_0","0"
"6_72_11_1","0"
"6_72_11_2","11_67_10_0"
"6_72_11_3","11_67_10_0 + 11_67_10_1 + 11_67_10_2"
"8_72_11_0","0"
"8_72_11_1","0"
"8_72_11_2","0"
"8_72_11_3","15_65_10_1"
"8_72_11_4","15_65_10_0"
"9_72_11_0","0"
"9_72_11_1","0"
"9_72_11_2","17_64_10_0"
"10_72_11_0","0"
"10_72_11_1","0"
"10_72_11_2","0"
"10_72_11_3","19_63_10"
"11_72_11_0","0"
"11_72_11_1","0"
"11_72_11_2","0"
"11_72_11_3","21_62_10_0"
"12_72_11_0","0"
"12_72_11_1","0"
"12_72_11_2","0"
"12_72_11_3","0"
"12_72_11_4","23_61_10_0"
"12_72_11_5","23_61_10_0 + 23_61_10_1"
"16_72_11_0","0"
"16_72_11_1","0"
"16_72_11_2","0"
"16_72_11_3","31_57_10_1"
"16_72_11_4","31_57_10_0"
"19_72_11_0","0"
"19_72_11_1","37_54_10_0"
"26_72_11_0","0"
"26_72_11_1","51_47_10"
"32_72_11_0","0"
"32_72_11_1","63_41_10"
"36_72_11_0","0"
"36_72_11_1","71_37_10"
"42_72_11_0","0"
"42_72_11_1","83_31_10_0"
"42_72_11_2","83_31_10_0 + 83_31_10_1"
"45_72_11_0","0"
"45_72_11_1","89_28_10"
"48_72_11_0","0"
"48_72_11_1","0"
"48_72_11_2","95_25_10"
"50_72_11_0","0"
"50_72_11_1","0"
"50_72_11_2","99_23_10"
"54_72_11_0","0"
"54_72_11_1","107_19_10"
"55_72_11_0","0"
"55_72_11_1","109_18_10"
"2_72_12","3_71_11"
"4_72_12_0","7_69_11_2"
"4_72_12_1","7_69_11_0 + 7_69_11_2"
"4_72_12_2","7_69_11_0 + 7_69_11_1 + 7_69_11_2"
"6_72_12_0","0"
"6_72_12_1","11_67_11_0 + 11_67_11_2"
"6_72_12_2","11_67_11_0"
"6_72_12_3","11_67_11_1 + 11_67_11_2"
"7_72_12_0","0"
"7_72_12_1","0"
"7_72_12_2","13_66_11_2"
"7_72_12_3","13_66_11_0 + 13_66_11_2"
"8_72_12_0","0"
"8_72_12_1","0"
"8_72_12_2","0"
"8_72_12_3","0"
"8_72_12_4","15_65_11_0"
"8_72_12_5","15_65_11_1"
"10_72_12_0","0"
"10_72_12_1","0"
"10_72_12_2","0"
"10_72_12_3","19_63_11_1"
"10_72_12_4","19_63_11_0 + 19_63_11_1"
"12_72_12_0","0"
"12_72_12_1","0"
"12_72_12_2","0"
"12_72_12_3","23_61_11_1"
"12_72_12_4","23_61_11_0"
"14_72_12_0","0"
"14_72_12_1","0"
"14_72_12_2","0"
"14_72_12_3","0"
"14_72_12_4","27_59_11"
"16_72_12_0","0"
"16_72_12_1","0"
"16_72_12_2","0"
"16_72_12_3","0"
"16_72_12_4","31_57_11_1"
"16_72_12_5","31_57_11_0"
"20_72_12_0","0"
"20_72_12_1","39_53_11"
"24_72_12_0","0"
"24_72_12_1","47_49_11"
"30_72_12_0","0"
"30_72_12_1","59_43_11"
"32_72_12_0","0"
"32_72_12_1","0"
"32_72_12_2","63_41_11"
"42_72_12_0","0"
"42_72_12_1","83_31_11"
"43_72_12_0","0"
"43_72_12_1","85_30_11"
"48_72_12_0","0"
"48_72_12_1","0"
"48_72_12_2","95_25_11"
"50_72_12_0","0"
"50_72_12_1","99_23_11"
"54_72_12_0","0"
"54_72_12_1","107_19_11"
"2_72_13","3_71_12"
"3_72_13_0","5_70_12_0"
"3_72_13_1","5_70_12_0 + 5_70_12_1"
"4_72_13_0","0"
"4_72_13_1","0"
"4_72_13_2","7_69_12_0"
"4_72_13_3","7_69_12_0 + 7_69_12_1 + 7_69_12_2"
"4_72_13_4","7_69_12_0 + 7_69_12_1"
"5_72_13_0","0"
"5_72_13_1","9_68_12_0"
"6_72_13_0","0"
"6_72_13_1","0"
"6_72_13_2","11_67_12_0 + 11_67_12_1"
"6_72_13_3","11_67_12_0"
"7_72_13_0","0"
"7_72_13_1","0"
"7_72_13_2","13_66_12_1"
"7_72_13_3","13_66_12_0 + 13_66_12_1"
"8_72_13_0","0"
"8_72_13_1","0"
"8_72_13_2","0"
"8_72_13_3","0"
"8_72_13_4","15_65_12_0 + 15_65_12_2"
"8_72_13_5","15_65_12_0"
"8_72_13_6","15_65_12_0 + 15_65_12_1"
"10_72_13_0","0"
"10_72_13_1","0"
"10_72_13_2","0"
"10_72_13_3","0"
"10_72_13_4","19_63_12"
"11_72_13_0","0"
"11_72_13_1","0"
"11_72_13_2","0"
"11_72_13_3","21_62_12_0"
"12_72_13_0","0"
"12_72_13_1","0"
"12_72_13_2","0"
"12_72_13_3","0"
"12_72_13_4","23_61_12_0"
"12_72_13_5","23_61_12_0 + 23_61_12_1"
"14_72_13_0","0"
"14_72_13_1","0"
"14_72_13_2","27_59_12_0"
"14_72_13_3","27_59_12_0 + 27_59_12_1"
"16_72_13_0","0"
"16_72_13_1","0"
"16_72_13_2","31_57_12"
"20_72_13_0","0"
"20_72_13_1","39_53_12"
"22_72_13_0","0"
"22_72_13_1","43_51_12"
"28_72_13_0","0"
"28_72_13_1","55_45_12"
"30_72_13_0","0"
"30_72_13_1","0"
"30_72_13_2","59_43_12"
"36_72_13_0","0"
"36_72_13_1","71_37_12"
"40_72_13_0","0"
"40_72_13_1","79_33_12"
"42_72_13_0","0"
"42_72_13_1","0"
"42_72_13_2","83_31_12"
"48_72_13_0","0"
"48_72_13_1","0"
"48_72_13_2","95_25_12"
"50_72_13_0","0"
"50_72_13_1","99_23_12"
"2_72_14","3_71_13"
"3_72_14","5_70_13_0"
"4_72_14_0","0"
"4_72_14_1","7_69_13_1"
"4_72_14_2","7_69_13_0 + 7_69_13_1"
"4_72_14_3","7_69_13_0 + 7_69_13_1 + 7_69_13_2"
"5_72_14_0","0"
"5_72_14_1","0"
"5_72_14_2","0"
"5_72_14_3","9_68_13_0"
"8_72_14_0","0"
"8_72_14_1","0"
"8_72_14_2","15_65_13_0"
"8_72_14_3","15_65_13_0 + 15_65_13_1"
"12_72_14_0","0"
"12_72_14_1","0"
"12_72_14_2","23_61_13_0"
"12_72_14_3","23_61_13_1"
"14_72_14_0","0"
"14_72_14_1","27_59_13_1"
"14_72_14_2","27_59_13_0 + 27_59_13_1"
"20_72_14_0","39_53_13_1"
"20_72_14_1","39_53_13_0"
"26_72_14","51_47_13_1"
"30_72_14","59_43_13"
"34_72_14","67_39_13"
"36_72_14","71_37_13"
"39_72_14","77_34_13"
"40_72_14_0","0"
"40_72_14_1","79_33_13"
"42_72_14_0","0"
"42_72_14_1","83_31_13_1"
"46_72_14","91_27_13"
"48_72_14_0","0"
"48_72_14_1","95_25_13"
"2_72_15","3_71_14"
"3_72_15","5_70_14"
"4_72_15_0","0"
"4_72_15_1","7_69_14"
"5_72_15","9_68_14_0"
"6_72_15_0","0"
"6_72_15_1","11_67_14_0"
"6_72_15_2","11_67_14_0 + 11_67_14_1"
"8_72_15_0","0"
"8_72_15_1","0"
"8_72_15_2","0"
"8_72_15_3","15_65_14"
"12_72_15_0","0"
"12_72_15_1","0"
"12_72_15_2","23_61_14_1"
"12_72_15_3","23_61_14_0 + 23_61_14_1"
"14_72_15_0","0"
"14_72_15_1","0"
"14_72_15_2","27_59_14"
"18_72_15_0","0"
"18_72_15_1","35_55_14"
"20_72_15_0","0"
"20_72_15_1","0"
"20_72_15_2","39_53_14"
"24_72_15_0","0"
"24_72_15_1","47_49_14"
"26_72_15_0","0"
"26_72_15_1","0"
"26_72_15_2","51_47_14"
"34_72_15_0","0"
"34_72_15_1","67_39_14"
"37_72_15_0","0"
"37_72_15_1","73_36_14"
"40_72_15_0","0"
"40_72_15_1","0"
"40_72_15_2","79_33_14"
"42_72_15_0","0"
"42_72_15_1","0"
"42_72_15_2","83_31_14"
"46_72_15_0","0"
"46_72_15_1","91_27_14"
"47_72_15_0","0"
"47_72_15_1","93_26_14"
"2_72_16_0","3_71_15_0"
"2_72_16_1","3_71_15_0 + 3_71_15_1"
"4_72_16_0","7_69_15_1"
"4_72_16_1","7_69_15_1 + 7_69_15_2"
"4_72_16_2","7_69_15_0"
"5_72_16_0","0"
"5_72_16_1","9_68_15_0"
"6_72_16_0","0"
"6_72_16_1","0"
"6_72_16_2","11_67_15_1"
"6_72_16_3","11_67_15_0 + 11_67_15_1"
"8_72_16_0","0"
"8_72_16_1","15_65_15_0"
"8_72_16_2","15_65_15_1"
"10_72_16_0","19_63_15_1"
"10_72_16_1","19_63_15_0"
"12_72_16_0","0"
"12_72_16_1","23_61_15"
"16_72_16","31_57_15"
"20_72_16","39_53_15"
"22_72_16","43_51_15"
"24_72_16_0","0"
"24_72_16_1","47_49_15"
"26_72_16","51_47_15"
"34_72_16","67_39_15"
"40_72_16_0","0"
"40_72_16_1","79_33_15"
"42_72_16","83_31_15"
"46_72_16","91_27_15"
"2_72_17","3_71_16"
"3_72_17_0","0"
"3_72_17_1","5_70_16"
"4_72_17_0","0"
"4_72_17_1","0"
"4_72_17_2","7_69_16"
"6_72_17_0","0"
"6_72_17_1","11_67_16"
"8_72_17_0","0"
"8_72_17_1","15_65_16"
"10_72_17_0","0"
"10_72_17_1","19_63_16_1"
"12_72_17","23_61_16"
"14_72_17_0","27_59_16_1"
"14_72_17_1","27_59_16_0"
"16_72_17_0","0"
"16_72_17_1","31_57_16"
"20_72_17_0","39_53_16_0 + 39_53_16_1"
"20_72_17_1","39_53_16_0"
"22_72_17_0","0"
"22_72_17_1","43_51_16"
"26_72_17","51_47_16_1"
"28_72_17","55_45_16"
"32_72_17","63_41_16"
"34_72_17_0","0"
"34_72_17_1","67_39_16"
"40_72_17_0","0"
"40_72_17_1","79_33_16"
"42_72_17","83_31_16"
"3_72_18","5_70_17"
"4_72_18_0","0"
"4_72_18_1","7_69_17_0"
"4_72_18_2","7_69_17_0 + 7_69_17_1"
"6_72_18_0","0"
"6_72_18_1","11_67_17"
"9_72_18_0","0"
"9_72_18_1","17_64_17_0"
"10_72_18_0","0"
"10_72_18_1","0"
"10_72_18_2","19_63_17"
"12_72_18_0","0"
"12_72_18_1","0"
"12_72_18_2","23_61_17_1"
"12_72_18_3","23_61_17_0"
"14_72_18_0","0"
"14_72_18_1","0"
"14_72_18_2","0"
"14_72_18_3","27_59_17"
"19_72_18_0","0"
"19_72_18_1","0"
"19_72_18_2","37_54_17"
"20_72_18_0","0"
"20_72_18_1","0"
"20_72_18_2","0"
"20_72_18_3","39_53_17"
"22_72_18_0","0"
"22_72_18_1","0"
"22_72_18_2","43_51_17"
"26_72_18_0","0"
"26_72_18_1","0"
"26_72_18_2","51_47_17_0"
"26_72_18_3","51_47_17_0 + 51_47_17_1"
"28_72_18_0","0"
"28_72_18_1","0"
"28_72_18_2","55_45_17"
"31_72_18_0","0"
"31_72_18_1","0"
"31_72_18_2","61_42_17"
"32_72_18_0","0"
"32_72_18_1","0"
"32_72_18_2","0"
"32_72_18_3","63_41_17"
"34_72_18_0","0"
"34_72_18_1","0"
"34_72_18_2","0"
"34_72_18_3","67_39_17_1"
"38_72_18_0","0"
"38_72_18_1","0"
"38_72_18_2","75_35_17"
"40_72_18_0","0"
"40_72_18_1","0"
"40_72_18_2","0"
"40_72_18_3","79_33_17"
"2_72_19_0","3_71_18_1"
"2_72_19_1","3_71_18_0"
"4_72_19_0","7_69_18_1"
"4_72_19_1","7_69_18_0 + 7_69_18_1"
"5_72_19_0","0"
"5_72_19_1","9_68_18_0"
"6_72_19_0","0"
"6_72_19_1","0"
"6_72_19_2","11_67_18"
"8_72_19_0","0"
"8_72_19_1","15_65_18"
"10_72_19_0","0"
"10_72_19_1","19_63_18"
"12_72_19_0","0"
"12_72_19_1","0"
"12_72_19_2","23_61_18"
"16_72_19_0","0"
"16_72_19_1","31_57_18"
"20_72_19_0","0"
"20_72_19_1","39_53_18"
"26_72_19_0","0"
"26_72_19_1","51_47_18_1"
"26_72_19_2","51_47_18_0"
"29_72_19_0","0"
"29_72_19_1","57_44_18"
"32_72_19_0","0"
"32_72_19_1","0"
"32_72_19_2","63_41_18"
"34_72_19_0","0"
"34_72_19_1","0"
"34_72_19_2","67_39_18"
"38_72_19_0","0"
"38_72_19_1","75_35_18"
"39_72_19_0","0"
"39_72_19_1","77_34_18"
"2_72_20","3_71_19"
"3_72_20_0","0"
"3_72_20_1","5_70_19"
"8_72_20_0","0"
"8_72_20_1","15_65_19_1"
"8_72_20_2","15_65_19_0"
"12_72_20_0","0"
"12_72_20_1","23_61_19"
"14_72_20_0","0"
"14_72_20_1","27_59_19"
"16_72_20_0","0"
"16_72_20_1","0"
"16_72_20_2","31_57_19"
"26_72_20_0","0"
"26_72_20_1","51_47_19"
"27_72_20_0","0"
"27_72_20_1","53_46_19"
"32_72_20_0","0"
"32_72_20_1","0"
"32_72_20_2","63_41_19"
"34_72_20_0","0"
"34_72_20_1","67_39_19"
"38_72_20_0","0"
"38_72_20_1","75_35_19"
"2_72_21","3_71_20"
"3_72_21_0","0"
"3_72_21_1","5_70_20"
"6_72_21_0","0"
"6_72_21_1","0"
"6_72_21_2","11_67_20_1"
"6_72_21_3","11_67_20_0"
"8_72_21_0","0"
"8_72_21_1","0"
"8_72_21_2","0"
"8_72_21_3","15_65_20"
"12_72_21_0","0"
"12_72_21_1","0"
"12_72_21_2","23_61_20_1"
"12_72_21_3","23_61_20_0"
"14_72_21_0","0"
"14_72_21_1","0"
"14_72_21_2","0"
"14_72_21_3","27_59_20"
"20_72_21_0","0"
"20_72_21_1","0"
"20_72_21_2","39_53_20"
"24_72_21_0","0"
"24_72_21_1","0"
"24_72_21_2","47_49_20"
"26_72_21_0","0"
"26_72_21_1","0"
"26_72_21_2","0"
"26_72_21_3","51_47_20"
"32_72_21_0","0"
"32_72_21_1","0"
"32_72_21_2","0"
"32_72_21_3","63_41_20"
"34_72_21_0","0"
"34_72_21_1","0"
"34_72_21_2","67_39_20"
"2_72_22","3_71_21"
"4_72_22_0","7_69_21_1"
"4_72_22_1","7_69_21_0"
"8_72_22","15_65_21"
"11_72_22","21_62_21"
"14_72_22","27_59_21"
"18_72_22","35_55_21"
"20_72_22","39_53_21"
"23_72_22","45_50_21"
"24_72_22_0","0"
"24_72_22_1","47_49_21"
"26_72_22_0","0"
"26_72_22_1","51_47_21_1"
"30_72_22","59_43_21"
"32_72_22_0","0"
"32_72_22_1","63_41_21"
"2_72_23","3_71_22"
"8_72_23_0","15_65_22_1"
"8_72_23_1","15_65_22_0"
"18_72_23","35_55_22"
"21_72_23","41_52_22"
"24_72_23_0","0"
"24_72_23_1","47_49_22"
"26_72_23_0","0"
"26_72_23_1","51_47_22"
"30_72_23","59_43_22"
"31_72_23","61_42_22"
"3_72_24","5_70_23"
"6_72_24_0","0"
"6_72_24_1","11_67_23"
"8_72_24_0","0"
"8_72_24_1","0"
"8_72_24_2","15_65_23_0"
"8_72_24_3","15_65_23_1"
"18_72_24_0","0"
"18_72_24_1","35_55_23"
"24_72_24_0","0"
"24_72_24_1","0"
"24_72_24_2","47_49_23"
"26_72_24_0","0"
"26_72_24_1","51_47_23"
"30_72_24_0","0"
"30_72_24_1","59_43_23"
"2_72_25","3_71_24"
"4_72_25_0","7_69_24_0 + 7_69_24_1"
"4_72_25_1","7_69_24_0"
"6_72_25_0","0"
"6_72_25_1","11_67_24_0"
"6_72_25_2","11_67_24_0 + 11_67_24_1"
"12_72_25","23_61_24"
"16_72_25","31_57_24"
"18_72_25_0","0"
"18_72_25_1","35_55_24"
"24_72_25_0","0"
"24_72_25_1","47_49_24"
"26_72_25","51_47_24"
"2_72_26","3_71_25"
"3_72_26_0","0"
"3_72_26_1","5_70_25"
"4_72_26_0","0"
"4_72_26_1","0"
"4_72_26_2","7_69_25"
"6_72_26_0","0"
"6_72_26_1","11_67_25_1"
"6_72_26_2","11_67_25_0"
"10_72_26_0","0"
"10_72_26_1","19_63_25_0"
"10_72_26_2","19_63_25_1"
"12_72_26_0","0"
"12_72_26_1","23_61_25"
"15_72_26_0","0"
"15_72_26_1","29_58_25"
"16_72_26_0","0"
"16_72_26_1","0"
"16_72_26_2","31_57_25"
"18_72_26_0","0"
"18_72_26_1","0"
"18_72_26_2","35_55_25_1"
"22_72_26_0","0"
"22_72_26_1","43_51_25"
"24_72_26_0","0"
"24_72_26_1","0"
"24_72_26_2","47_49_25"
"4_72_27","7_69_26"
"6_72_27","11_67_26"
"7_72_27","13_66_26_0"
"10_72_27_0","0"
"10_72_27_1","19_63_26_0 + 19_63_26_1"
"10_72_27_2","19_63_26_1"
"13_72_27_0","0"
"13_72_27_1","25_60_26"
"16_72_27_0","0"
"16_72_27_1","0"
"16_72_27_2","31_57_26"
"18_72_27_0","0"
"18_72_27_1","0"
"18_72_27_2","35_55_26"
"22_72_27_0","0"
"22_72_27_1","43_51_26"
"23_72_27_0","0"
"23_72_27_1","45_50_26"
"2_72_28","3_71_27"
"4_72_28","7_69_27"
"10_72_28_0","0"
"10_72_28_1","19_63_27"
"11_72_28_0","0"
"11_72_28_1","21_62_27"
"16_72_28_0","0"
"16_72_28_1","0"
"16_72_28_2","31_57_27"
"18_72_28_0","0"
"18_72_28_1","35_55_27"
"22_72_28_0","0"
"22_72_28_1","43_51_27"
"74_73_2","147_0_1"
"40_73_3","79_34_2"
"56_73_3","111_18_2"
"60_73_3","119_14_2"
"72_73_3","143_2_2"
"74_73_3","147_0_2"
"24_73_4","47_50_3"
"36_73_4","71_38_3"
"37_73_4","73_37_3"
"40_73_4_0","0"
"40_73_4_1","79_34_3"
"44_73_4","87_30_3"
"53_73_4","105_21_3"
"55_73_4_0","0"
"55_73_4_1","109_19_3"
"56_73_4_0","0"
"56_73_4_1","0"
"56_73_4_2","111_18_3"
"60_73_4_0","0"
"60_73_4_1","119_14_3"
"71_73_4","141_3_3"
"74_73_4","147_0_3"
"24_73_5_0","47_50_4_1"
"24_73_5_1","47_50_4_0"
"26_73_5_0","0"
"26_73_5_1","51_48_4"
"35_73_5","69_39_4"
"36_73_5_0","0"
"36_73_5_1","71_38_4_0 + 71_38_4_1"
"40_73_5_0","0"
"40_73_5_1","79_34_4"
"44_73_5","87_30_4"
"51_73_5","101_23_4"
"52_73_5_0","0"
"52_73_5_1","103_22_4"
"56_73_5_0","0"
"56_73_5_1","0"
"56_73_5_2","111_18_4_1"
"56_73_5_3","111_18_4_0"
"74_73_5","147_0_4"
"10_73_6","19_64_5_1"
"11_73_6","21_63_5_0"
"12_73_6_0","0"
"12_73_6_1","23_62_5_2"
"12_73_6_2","23_62_5_0"
"14_73_6","27_60_5"
"20_73_6","39_54_5"
"21_73_6","41_53_5_0"
"22_73_6_0","0"
"22_73_6_1","43_52_5"
"24_73_6_0","0"
"24_73_6_1","0"
"24_73_6_2","47_50_5"
"30_73_6","59_44_5"
"34_73_6_0","67_40_5_0"
"34_73_6_1","67_40_5_1"
"35_73_6_0","0"
"35_73_6_1","69_39_5"
"36_73_6_0","0"
"36_73_6_1","0"
"36_73_6_2","71_38_5"
"39_73_6_0","0"
"39_73_6_1","77_35_5"
"44_73_6","87_30_5"
"50_73_6","99_24_5"
"53_73_6_0","0"
"53_73_6_1","105_21_5"
"54_73_6_0","0"
"54_73_6_1","0"
"54_73_6_2","107_20_5"
"56_73_6_0","0"
"56_73_6_1","0"
"56_73_6_2","111_18_5"
"60_73_6","119_14_5"
"74_73_6","147_0_5"
"4_73_7","7_70_6"
"6_73_7_0","11_68_6_1"
"6_73_7_1","11_68_6_0"
"8_73_7_0","0"
"8_73_7_1","15_66_6"
"10_73_7_0","19_64_6_0 + 19_64_6_1"
"10_73_7_1","19_64_6_0"
"11_73_7_0","21_63_6_0"
"11_73_7_1","21_63_6_0 + 21_63_6_1"
"12_73_7_0","0"
"12_73_7_1","0"
"12_73_7_2","23_62_6_2"
"12_73_7_3","23_62_6_1 + 23_62_6_2"
"16_73_7_0","0"
"16_73_7_1","31_58_6"
"20_73_7_0","0"
"20_73_7_1","0"
"20_73_7_2","39_54_6_1"
"20_73_7_3","39_54_6_0"
"22_73_7_0","0"
"22_73_7_1","0"
"22_73_7_2","0"
"22_73_7_3","43_52_6_1"
"22_73_7_4","43_52_6_0"
"24_73_7_0","0"
"24_73_7_1","0"
"24_73_7_2","0"
"24_73_7_3","47_50_6"
"26_73_7_0","0"
"26_73_7_1","0"
"26_73_7_2","0"
"26_73_7_3","51_48_6"
"28_73_7_0","0"
"28_73_7_1","0"
"28_73_7_2","0"
"28_73_7_3","55_46_6"
"30_73_7_0","0"
"30_73_7_1","0"
"30_73_7_2","59_44_6"
"32_73_7_0","0"
"32_73_7_1","0"
"32_73_7_2","63_42_6"
"34_73_7_0","0"
"34_73_7_1","0"
"34_73_7_2","0"
"34_73_7_3","67_40_6_0"
"36_73_7_0","0"
"36_73_7_1","0"
"36_73_7_2","0"
"36_73_7_3","71_38_6_0"
"40_73_7_0","0"
"40_73_7_1","0"
"40_73_7_2","79_34_6"
"44_73_7_0","0"
"44_73_7_1","0"
"44_73_7_2","87_30_6"
"48_73_7_0","0"
"48_73_7_1","0"
"48_73_7_2","0"
"48_73_7_3","95_26_6"
"51_73_7_0","0"
"51_73_7_1","0"
"51_73_7_2","0"
"51_73_7_3","0"
"51_73_7_4","101_23_6"
"54_73_7_0","0"
"54_73_7_1","0"
"54_73_7_2","0"
"54_73_7_3","0"
"54_73_7_4","107_20_6"
"60_73_7_0","0"
"60_73_7_1","0"
"60_73_7_2","0"
"60_73_7_3","119_14_6"
"64_73_7_0","0"
"64_73_7_1","0"
"64_73_7_2","0"
"64_73_7_3","127_10_6"
"74_73_7_0","0"
"74_73_7_1","0"
"74_73_7_2","0"
"74_73_7_3","147_0_6"
"3_73_8","5_71_7_0"
"4_73_8_0","0"
"4_73_8_1","7_70_7_2"
"4_73_8_2","7_70_7_0"
"4_73_8_3","7_70_7_0 + 7_70_7_1"
"4_73_8_4","7_70_7_3"
"6_73_8_0","0"
"6_73_8_1","11_68_7_1"
"6_73_8_2","11_68_7_2"
"6_73_8_3","11_68_7_0 + 11_68_7_1 + 11_68_7_2"
"7_73_8_0","0"
"7_73_8_1","0"
"7_73_8_2","13_67_7_0"
"8_73_8_0","0"
"8_73_8_1","0"
"8_73_8_2","0"
"8_73_8_3","15_66_7_3"
"8_73_8_4","15_66_7_2"
"8_73_8_5","15_66_7_0 + 15_66_7_1 + 15_66_7_2"
"8_73_8_6","15_66_7_0 + 15_66_7_3"
"10_73_8_0","0"
"10_73_8_1","0"
"10_73_8_2","0"
"10_73_8_3","19_64_7_0"
"10_73_8_4","19_64_7_0 + 19_64_7_2"
"12_73_8_0","0"
"12_73_8_1","0"
"12_73_8_2","0"
"12_73_8_3","23_62_7_0 + 23_62_7_1"
"12_73_8_4","23_62_7_1"
"15_73_8","29_59_7_0"
"16_73_8_0","0"
"16_73_8_1","31_58_7"
"19_73_8_0","0"
"19_73_8_1","37_55_7"
"20_73_8_0","0"
"20_73_8_1","0"
"20_73_8_2","39_54_7_0 + 39_54_7_1"
"20_73_8_3","39_54_7_0"
"21_73_8_0","0"
"21_73_8_1","41_53_7_0"
"22_73_8_0","0"
"22_73_8_1","0"
"22_73_8_2","43_52_7"
"26_73_8_0","0"
"26_73_8_1","51_48_7_1"
"27_73_8_0","0"
"27_73_8_1","53_47_7"
"28_73_8_0","0"
"28_73_8_1","0"
"28_73_8_2","55_46_7"
"29_73_8_0","0"
"29_73_8_1","0"
"29_73_8_2","57_45_7"
"32_73_8_0","0"
"32_73_8_1","0"
"32_73_8_2","63_42_7"
"36_73_8_0","0"
"36_73_8_1","71_38_7"
"37_73_8_0","0"
"37_73_8_1","73_37_7_0"
"42_73_8_0","0"
"42_73_8_1","83_32_7"
"44_73_8_0","0"
"44_73_8_1","0"
"44_73_8_2","87_30_7"
"48_73_8_0","0"
"48_73_8_1","0"
"48_73_8_2","95_26_7"
"63_73_8_0","0"
"63_73_8_1","125_11_7"
"74_73_8_0","0"
"74_73_8_1","147_0_7"
"2_73_9","3_72_8"
"3_73_9_0","5_71_8_3"
"3_73_9_1","5_71_8_2"
"4_73_9_0","0"
"4_73_9_1","0"
"4_73_9_2","7_70_8_4"
"4_73_9_3","7_70_8_3 + 7_70_8_4"
"4_73_9_4","7_70_8_1"
"4_73_9_5","7_70_8_0"
"4_73_9_6","7_70_8_0 + 7_70_8_2 + 7_70_8_3 + 7_70_8_4"
"6_73_9_0","11_68_8_1 + 11_68_8_3"
"6_73_9_1","11_68_8_3"
"6_73_9_2","11_68_8_0 + 11_68_8_1 + 11_68_8_2"
"6_73_9_3","11_68_8_0"
"7_73_9_0","0"
"7_73_9_1","13_67_8_0"
"7_73_9_2","13_67_8_1"
"8_73_9_0","0"
"8_73_9_1","0"
"8_73_9_2","0"
"8_73_9_3","15_66_8_0"
"8_73_9_4","15_66_8_1"
"8_73_9_5","15_66_8_2"
"10_73_9_0","0"
"10_73_9_1","19_64_8_0"
"12_73_9_0","23_62_8_1 + 23_62_8_2"
"12_73_9_1","23_62_8_0 + 23_62_8_2"
"14_73_9_0","0"
"14_73_9_1","27_60_8_0"
"14_73_9_2","27_60_8_0 + 27_60_8_1"
"16_73_9_0","0"
"16_73_9_1","0"
"16_73_9_2","31_58_8"
"18_73_9_0","0"
"18_73_9_1","35_56_8"
"20_73_9_0","0"
"20_73_9_1","39_54_8_1"
"22_73_9_0","0"
"22_73_9_1","43_52_8"
"26_73_9_0","0"
"26_73_9_1","0"
"26_73_9_2","51_48_8"
"27_73_9_0","0"
"27_73_9_1","53_47_8_0"
"27_73_9_2","53_47_8_1"
"32_73_9_0","0"
"32_73_9_1","0"
"32_73_9_2","63_42_8"
"36_73_9_0","0"
"36_73_9_1","71_38_8"
"40_73_9_0","0"
"40_73_9_1","79_34_8"
"42_73_9_0","0"
"42_73_9_1","0"
"42_73_9_2","83_32_8"
"44_73_9_0","0"
"44_73_9_1","0"
"44_73_9_2","87_30_8"
"46_73_9_0","0"
"46_73_9_1","91_28_8"
"48_73_9_0","0"
"48_73_9_1","0"
"48_73_9_2","95_26_8"
"74_73_9_0","0"
"74_73_9_1","147_0_8"
"2_73_10_0","3_72_9_1"
"2_73_10_1","3_72_9_0"
"3_73_10_0","5_71_9_0"
"3_73_10_1","5_71_9_0 + 5_71_9_1"
"4_73_10_0","0"
"4_73_10_1","0"
"4_73_10_2","7_70_9_2"
"4_73_10_3","7_70_9_1"
"4_73_10_4","7_70_9_0"
"4_73_10_5","7_70_9_0 + 7_70_9_1 + 7_70_9_2 + 7_70_9_3"
"5_73_10_0","0"
"5_73_10_1","0"
"5_73_10_2","9_69_9_0"
"6_73_10_0","0"
"6_73_10_1","0"
"6_73_10_2","0"
"6_73_10_3","11_68_9"
"7_73_10_0","0"
"7_73_10_1","0"
"7_73_10_2","13_67_9_0"
"8_73_10_0","0"
"8_73_10_1","0"
"8_73_10_2","0"
"8_73_10_3","15_66_9_0"
"8_73_10_4","15_66_9_1"
"10_73_10_0","0"
"10_73_10_1","0"
"10_73_10_2","19_64_9"
"11_73_10_0","0"
"11_73_10_1","21_63_9_1"
"12_73_10_0","0"
"12_73_10_1","0"
"12_73_10_2","23_62_9_0"
"12_73_10_3","23_62_9_1"
"13_73_10","25_61_9_2"
"14_73_10_0","0"
"14_73_10_1","27_60_9_0"
"14_73_10_2","27_60_9_2"
"18_73_10","35_56_9_1"
"20_73_10_0","39_54_9_0 + 39_54_9_1"
"20_73_10_1","39_54_9_0"
"23_73_10","45_51_9"
"26_73_10_0","0"
"26_73_10_1","51_48_9_0"
"26_73_10_2","51_48_9_1"
"32_73_10_0","0"
"32_73_10_1","63_42_9"
"36_73_10","71_38_9"
"39_73_10","77_35_9"
"40_73_10_0","0"
"40_73_10_1","79_34_9"
"42_73_10_0","0"
"42_73_10_1","83_32_9"
"44_73_10","87_30_9"
"45_73_10","89_29_9"
"46_73_10_0","0"
"46_73_10_1","91_28_9"
"48_73_10_0","0"
"48_73_10_1","95_26_9"
"52_73_10","103_22_9"
"74_73_10","147_0_9"
"2_73_11_0","3_72_10_1 + 3_72_10_2"
"2_73_11_1","3_72_10_0"
"2_73_11_2","3_72_10_2"
"3_73_11_0","5_71_10_0 + 5_71_10_1"
"3_73_11_1","5_71_10_1"
"4_73_11_0","0"
"4_73_11_1","0"
"4_73_11_2","7_70_10_1"
"4_73_11_3","7_70_10_1 + 7_70_10_2"
"4_73_11_4","7_70_10_0 + 7_70_10_1 + 7_70_10_2"
"6_73_11_0","11_68_10_2"
"6_73_11_1","11_68_10_0 + 11_68_10_1"
"7_73_11_0","0"
"7_73_11_1","13_67_10_1"
"8_73_11_0","0"
"8_73_11_1","0"
"8_73_11_2","15_66_10_1"
"8_73_11_3","15_66_10_1 + 15_66_10_2"
"8_73_11_4","15_66_10_0 + 15_66_10_1"
"10_73_11_0","0"
"10_73_11_1","0"
"10_73_11_2","19_64_10_0"
"12_73_11_0","0"
"12_73_11_1","0"
"12_73_11_2","23_62_10_0"
"13_73_11_0","0"
"13_73_11_1","0"
"13_73_11_2","25_61_10_0"
"14_73_11_0","0"
"14_73_11_1","0"
"14_73_11_2","27_60_10"
"18_73_11_0","0"
"18_73_11_1","35_56_10_2"
"20_73_11_0","0"
"20_73_11_1","39_54_10_2"
"20_73_11_2","39_54_10_0"
"24_73_11","47_50_10"
"30_73_11","59_44_10"
"37_73_11","73_37_10"
"40_73_11_0","0"
"40_73_11_1","79_34_10"
"43_73_11","85_31_10_0"
"44_73_11_0","0"
"44_73_11_1","87_30_10"
"46_73_11_0","0"
"46_73_11_1","91_28_10"
"52_73_11","103_22_10"
"56_73_11","111_18_10"
"74_73_11","147_0_10"
"2_73_12","3_72_11"
"3_73_12","5_71_11_0"
"4_73_12_0","0"
"4_73_12_1","7_70_11_0"
"4_73_12_2","7_70_11_1"
"5_73_12_0","9_69_11_1"
"5_73_12_1","9_69_11_1 + 9_69_11_2 + 9_69_11_5"
"6_73_12_0","0"
"6_73_12_1","0"
"6_73_12_2","11_68_11_0 + 11_68_11_1"
"6_73_12_3","11_68_11_0"
"7_73_12_0","0"
"7_73_12_1","0"
"7_73_12_2","0"
"7_73_12_3","13_67_11_1"
"8_73_12_0","0"
"8_73_12_1","0"
"8_73_12_2","0"
"8_73_12_3","0"
"8_73_12_4","15_66_11_1 + 15_66_11_2"
"8_73_12_5","15_66_11_0 + 15_66_11_1 + 15_66_11_2"
"8_73_12_6","15_66_11_1"
"10_73_12_0","0"
"10_73_12_1","0"
"10_73_12_2","0"
"10_73_12_3","19_64_11"
"11_73_12_0","0"
"11_73_12_1","0"
"11_73_12_2","21_63_11_0"
"12_73_12_0","0"
"12_73_12_1","0"
"12_73_12_2","23_62_11_0 + 23_62_11_1"
"12_73_12_3","23_62_11_0"
"12_73_12_4","23_62_11_1 + 23_62_11_2"
"14_73_12_0","0"
"14_73_12_1","27_60_11_1"
"14_73_12_2","27_60_11_1 + 27_60_11_2"
"18_73_12_0","0"
"18_73_12_1","35_56_11"
"20_73_12_0","0"
"20_73_12_1","39_54_11_0 + 39_54_11_1"
"20_73_12_2","39_54_11_1"
"22_73_12","43_52_11"
"28_73_12","55_46_11"
"34_73_12","67_40_11"
"40_73_12_0","0"
"40_73_12_1","79_34_11"
"44_73_12_0","0"
"44_73_12_1","87_30_11"
"55_73_12","109_19_11"
"74_73_12","147_0_11"
"3_73_13_0","5_71_12_0 + 5_71_12_1"
"3_73_13_1","5_71_12_0 + 5_71_12_2"
"4_73_13_0","0"
"4_73_13_1","0"
"4_73_13_2","7_70_12_0"
"4_73_13_3","7_70_12_0 + 7_70_12_2"
"4_73_13_4","7_70_12_0 + 7_70_12_1 + 7_70_12_2"
"6_73_13_0","0"
"6_73_13_1","0"
"6_73_13_2","0"
"6_73_13_3","11_68_12_0"
"6_73_13_4","11_68_12_1"
"8_73_13_0","0"
"8_73_13_1","0"
"8_73_13_2","0"
"8_73_13_3","15_66_12_1"
"8_73_13_4","15_66_12_2"
"8_73_13_5","15_66_12_0"
"12_73_13_0","0"
"12_73_13_1","0"
"12_73_13_2","23_62_12_0 + 23_62_12_1"
"12_73_13_3","23_62_12_1"
"14_73_13_0","0"
"14_73_13_1","27_60_12_2"
"14_73_13_2","27_60_12_1"
"18_73_13","35_56_12"
"19_73_13","37_55_12"
"20_73_13_0","0"
"20_73_13_1","39_54_12_0 + 39_54_12_1"
"20_73_13_2","39_54_12_0"
"26_73_13","51_48_12"
"32_73_13","63_42_12"
"34_73_13_0","0"
"34_73_13_1","67_40_12"
"38_73_13","75_36_12"
"40_73_13_0","0"
"40_73_13_1","79_34_12"
"74_73_13","147_0_12"
"2_73_14_0","3_72_13_0"
"2_73_14_1","3_72_13_1"
"4_73_14_0","0"
"4_73_14_1","7_70_13_0"
"4_73_14_2","7_70_13_0 + 7_70_13_1"
"5_73_14_0","0"
"5_73_14_1","9_69_13_0"
"6_73_14_0","0"
"6_73_14_1","0"
"6_73_14_2","11_68_13_0"
"6_73_14_3","11_68_13_1"
"7_73_14_0","0"
"7_73_14_1","0"
"7_73_14_2","0"
"7_73_14_3","13_67_13"
"12_73_14_0","0"
"12_73_14_1","23_62_13_0 + 23_62_13_1"
"12_73_14_2","23_62_13_0"
"14_73_14_0","0"
"14_73_14_1","0"
"14_73_14_2","27_60_13_0"
"14_73_14_3","27_60_13_0 + 27_60_13_1"
"18_73_14_0","0"
"18_73_14_1","35_56_13_0"
"18_73_14_2","35_56_13_1"
"20_73_14_0","0"
"20_73_14_1","0"
"20_73_14_2","39_54_13"
"24_73_14_0","0"
"24_73_14_1","47_50_13"
"31_73_14_0","0"
"31_73_14_1","61_43_13"
"32_73_14_0","0"
"32_73_14_1","0"
"32_73_14_2","63_42_13"
"34_73_14_0","0"
"34_73_14_1","0"
"34_73_14_2","67_40_13"
"37_73_14_0","0"
"37_73_14_1","73_37_13"
"38_73_14_0","0"
"38_73_14_1","0"
"38_73_14_2","75_36_13"
"40_73_14_0","0"
"40_73_14_1","0"
"40_73_14_2","79_34_13"
"44_73_14_0","0"
"44_73_14_1","87_30_13"
"74_73_14_0","0"
"74_73_14_1","147_0_13"
"2_73_15","3_72_14"
"4_73_15_0","7_70_14_0"
"4_73_15_1","7_70_14_1"
"4_73_15_2","7_70_14_0 + 7_70_14_1 + 7_70_14_2"
"6_73_15_0","0"
"6_73_15_1","0"
"6_73_15_2","11_68_14_1"
"6_73_15_3","11_68_14_0 + 11_68_14_1"
"8_73_15_0","0"
"8_73_15_1","0"
"8_73_15_2","15_66_14"
"10_73_15_0","0"
"10_73_15_1","19_64_14_2"
"10_73_15_2","19_64_14_0"
"12_73_15_0","0"
"12_73_15_1","0"
"12_73_15_2","23_62_14_0"
"12_73_15_3","23_62_14_1"
"14_73_15_0","0"
"14_73_15_1","27_60_14"
"16_73_15_0","0"
"16_73_15_1","31_58_14"
"20_73_15_0","0"
"20_73_15_1","39_54_14"
"22_73_15_0","0"
"22_73_15_1","43_52_14"
"28_73_15_0","0"
"28_73_15_1","55_46_14"
"32_73_15_0","0"
"32_73_15_1","0"
"32_73_15_2","63_42_14"
"35_73_15_0","0"
"35_73_15_1","69_39_14"
"38_73_15_0","0"
"38_73_15_1","0"
"38_73_15_2","75_36_14"
"44_73_15_0","0"
"44_73_15_1","87_30_14"
"48_73_15_0","0"
"48_73_15_1","95_26_14"
"74_73_15_0","0"
"74_73_15_1","147_0_14"
"2_73_16","3_72_15"
"3_73_16_0","5_71_15_0"
"3_73_16_1","5_71_15_2"
"3_73_16_2","5_71_15_0 + 5_71_15_1"
"4_73_16_0","0"
"4_73_16_1","0"
"4_73_16_2","0"
"4_73_16_3","7_70_15"
"6_73_16_0","0"
"6_73_16_1","11_68_15_1"
"6_73_16_2","11_68_15_0"
"8_73_16_0","0"
"8_73_16_1","15_66_15"
"10_73_16_0","0"
"10_73_16_1","0"
"10_73_16_2","19_64_15"
"12_73_16_0","0"
"12_73_16_1","23_62_15_0 + 23_62_15_1"
"12_73_16_2","23_62_15_2"
"12_73_16_3","23_62_15_0"
"14_73_16_0","0"
"14_73_16_1","0"
"14_73_16_2","27_60_15"
"16_73_16_0","0"
"16_73_16_1","0"
"16_73_16_2","31_58_15"
"20_73_16_0","0"
"20_73_16_1","39_54_15_1"
"20_73_16_2","39_54_15_0 + 39_54_15_1"
"26_73_16_0","0"
"26_73_16_1","51_48_15"
"28_73_16_0","0"
"28_73_16_1","0"
"28_73_16_2","55_46_15"
"32_73_16_0","0"
"32_73_16_1","0"
"32_73_16_2","63_42_15"
"47_73_16_0","0"
"47_73_16_1","93_27_15"
"74_73_16_0","0"
"74_73_16_1","147_0_15"
"3_73_17","5_71_16"
"4_73_17_0","0"
"4_73_17_1","7_70_16"
"6_73_17_0","0"
"6_73_17_1","11_68_16_1"
"6_73_17_2","11_68_16_0"
"7_73_17_0","0"
"7_73_17_1","0"
"7_73_17_2","13_67_16"
"10_73_17_0","0"
"10_73_17_1","0"
"10_73_17_2","19_64_16"
"11_73_17_0","0"
"11_73_17_1","0"
"11_73_17_2","21_63_16_0"
"12_73_17_0","0"
"12_73_17_1","0"
"12_73_17_2","0"
"12_73_17_3","23_62_16_2"
"12_73_17_4","23_62_16_1 + 23_62_16_2"
"12_73_17_5","23_62_16_0 + 23_62_16_2"
"16_73_17_0","0"
"16_73_17_1","0"
"16_73_17_2","31_58_16"
"18_73_17_0","0"
"18_73_17_1","0"
"18_73_17_2","35_56_16"
"20_73_17_0","0"
"20_73_17_1","0"
"20_73_17_2","0"
"20_73_17_3","39_54_16"
"24_73_17_0","0"
"24_73_17_1","0"
"24_73_17_2","47_50_16"
"26_73_17_0","0"
"26_73_17_1","0"
"26_73_17_2","0"
"26_73_17_3","51_48_16"
"28_73_17_0","0"
"28_73_17_1","0"
"28_73_17_2","0"
"28_73_17_3","55_46_16"
"30_73_17_0","0"
"30_73_17_1","0"
"30_73_17_2","59_44_16"
"32_73_17_0","0"
"32_73_17_1","0"
"32_73_17_2","0"
"32_73_17_3","63_42_16"
"74_73_17_0","0"
"74_73_17_1","0"
"74_73_17_2","147_0_16"
"2_73_18_0","3_72_17_0"
"2_73_18_1","3_72_17_1"
"4_73_18_0","7_70_17_1"
"4_73_18_1","7_70_17_0"
"5_73_18_0","0"
"5_73_18_1","9_69_17_0"
"6_73_18_0","0"
"6_73_18_1","0"
"6_73_18_2","11_68_17_0"
"6_73_18_3","11_68_17_1"
"8_73_18_0","0"
"8_73_18_1","15_66_17"
"10_73_18_0","0"
"10_73_18_1","19_64_17_0"
"10_73_18_2","19_64_17_1"
"12_73_18_0","0"
"12_73_18_1","0"
"12_73_18_2","23_62_17"
"16_73_18_0","0"
"16_73_18_1","31_58_17_1"
"16_73_18_2","31_58_17_0"
"20_73_18_0","0"
"20_73_18_1","39_54_17"
"23_73_18_0","0"
"23_73_18_1","45_51_17"
"24_73_18_0","0"
"24_73_18_1","0"
"24_73_18_2","47_50_17"
"26_73_18_0","0"
"26_73_18_1","0"
"26_73_18_2","51_48_17"
"28_73_18_0","0"
"28_73_18_1","55_46_17"
"29_73_18_0","0"
"29_73_18_1","57_45_17"
"30_73_18_0","0"
"30_73_18_1","0"
"30_73_18_2","59_44_17"
"32_73_18_0","0"
"32_73_18_1","0"
"32_73_18_2","63_42_17"
"36_73_18_0","0"
"36_73_18_1","71_38_17"
"74_73_18_0","0"
"74_73_18_1","147_0_17"
"2_73_19","3_72_18"
"3_73_19_0","0"
"3_73_19_1","5_71_18"
"4_73_19_0","0"
"4_73_19_1","0"
"4_73_19_2","7_70_18"
"6_73_19_0","0"
"6_73_19_1","11_68_18"
"8_73_19_0","0"
"8_73_19_1","15_66_18_1"
"8_73_19_2","15_66_18_0"
"12_73_19_0","0"
"12_73_19_1","23_62_18"
"14_73_19_0","0"
"14_73_19_1","27_60_18_1"
"14_73_19_2","27_60_18_0"
"21_73_19_0","0"
"21_73_19_1","41_53_18"
"24_73_19_0","0"
"24_73_19_1","0"
"24_73_19_2","47_50_18"
"27_73_19_0","0"
"27_73_19_1","53_47_18_0"
"28_73_19_0","0"
"28_73_19_1","0"
"28_73_19_2","55_46_18"
"30_73_19_0","0"
"30_73_19_1","0"
"30_73_19_2","59_44_18"
"36_73_19_0","0"
"36_73_19_1","71_38_18"
"40_73_19_0","0"
"40_73_19_1","79_34_18"
"74_73_19_0","0"
"74_73_19_1","147_0_18"
"3_73_20","5_71_19"
"4_73_20_0","0"
"4_73_20_1","7_70_19"
"6_73_20_0","0"
"6_73_20_1","0"
"6_73_20_2","11_68_19"
"8_73_20_0","0"
"8_73_20_1","0"
"8_73_20_2","15_66_19"
"12_73_20_0","0"
"12_73_20_1","23_62_19_0 + 23_62_19_1"
"12_73_20_2","23_62_19_2"
"12_73_20_3","23_62_19_1"
"14_73_20_0","0"
"14_73_20_1","0"
"14_73_20_2","27_60_19"
"18_73_20_0","0"
"18_73_20_1","35_56_19"
"24_73_20_0","0"
"24_73_20_1","0"
"24_73_20_2","47_50_19"
"28_73_20_0","0"
"28_73_20_1","0"
"28_73_20_2","55_46_19"
"39_73_20_0","0"
"39_73_20_1","77_35_19"
"74_73_20_0","0"
"74_73_20_1","147_0_19"
"2_73_21_0","3_72_20_1"
"2_73_21_1","3_72_20_0 + 3_72_20_1"
"3_73_21","5_71_20_0"
"4_73_21_0","0"
"4_73_21_1","7_70_20_1"
"4_73_21_2","7_70_20_0"
"6_73_21_0","0"
"6_73_21_1","11_68_20"
"10_73_21_0","19_64_20_1"
"10_73_21_1","19_64_20_0 + 19_64_20_1"
"12_73_21_0","0"
"12_73_21_1","23_62_20"
"16_73_21","31_58_20"
"18_73_21_0","0"
"18_73_21_1","35_56_20"
"22_73_21","43_52_20"
"24_73_21_0","0"
"24_73_21_1","47_50_20"
"74_73_21","147_0_20"
"2_73_22_0","3_72_21_0"
"2_73_22_1","3_72_21_1"
"6_73_22","11_68_21"
"8_73_22","15_66_21"
"10_73_22_0","0"
"10_73_22_1","19_64_21"
"12_73_22","23_62_21"
"15_73_22","29_59_21"
"16_73_22_0","0"
"16_73_22_1","31_58_21"
"18_73_22_0","0"
"18_73_22_1","35_56_21"
"21_73_22","41_53_21"
"22_73_22_0","0"
"22_73_22_1","43_52_21"
"24_73_22_0","0"
"24_73_22_1","47_50_21"
"28_73_22","55_46_21"
"74_73_22","147_0_21"
"3_73_23","5_71_22"
"6_73_23_0","0"
"6_73_23_1","11_68_22"
"10_73_23_0","0"
"10_73_23_1","19_64_22_1"
"12_73_23_0","0"
"12_73_23_1","23_62_22"
"16_73_23_0","0"
"16_73_23_1","0"
"16_73_23_2","31_58_22"
"19_73_23_0","0"
"19_73_23_1","37_55_22"
"22_73_23_0","0"
"22_73_23_1","0"
"22_73_23_2","43_52_22"
"28_73_23_0","0"
"28_73_23_1","55_46_22"
"32_73_23_0","0"
"32_73_23_1","63_42_22"
"74_73_23_0","0"
"74_73_23_1","147_0_22"
"2_73_24","3_72_23"
"4_73_24_0","7_70_23_0 + 7_70_23_1 + 7_70_23_2"
"4_73_24_1","7_70_23_0 + 7_70_23_1"
"4_73_24_2","7_70_23_1 + 7_70_23_2"
"6_73_24_0","0"
"6_73_24_1","11_68_23"
"10_73_24","19_64_23"
"12_73_24_0","0"
"12_73_24_1","23_62_23"
"16_73_24_0","0"
"16_73_24_1","31_58_23"
"31_73_24","61_43_23"
"74_73_24","147_0_23"
"2_73_25","3_72_24"
"4_73_25_0","0"
"4_73_25_1","7_70_24"
"6_73_25","11_68_24"
"8_73_25","15_66_24"
"10_73_25_0","0"
"10_73_25_1","19_64_24"
"12_73_25_0","0"
"12_73_25_1","23_62_24"
"14_73_25","27_60_24"
"16_73_25_0","0"
"16_73_25_1","31_58_24"
"74_73_25","147_0_24"
"3_73_26","5_71_25"
"4_73_26_0","0"
"4_73_26_1","7_70_25"
"6_73_26_0","0"
"6_73_26_1","11_68_25"
"7_73_26_0","0"
"7_73_26_1","13_67_25_0"
"8_73_26_0","0"
"8_73_26_1","0"
"8_73_26_2","15_66_25"
"10_73_26_0","0"
"10_73_26_1","0"
"10_73_26_2","19_64_25"
"12_73_26_0","0"
"12_73_26_1","23_62_25"
"13_73_26_0","0"
"13_73_26_1","25_61_25"
"14_73_26_0","0"
"14_73_26_1","0"
"14_73_26_2","27_60_25"
"16_73_26_0","0"
"16_73_26_1","0"
"16_73_26_2","31_58_25"
"20_73_26_0","0"
"20_73_26_1","39_54_25"
"74_73_26_0","0"
"74_73_26_1","147_0_25"
"2_73_27_0","3_72_26_1"
"2_73_27_1","3_72_26_0 + 3_72_26_1"
"4_73_27_0","0"
"4_73_27_1","7_70_26"
"5_73_27_0","0"
"5_73_27_1","9_69_26"
"8_73_27_0","0"
"8_73_27_1","0"
"8_73_27_2","15_66_26"
"11_73_27_0","0"
"11_73_27_1","21_63_26_0"
"12_73_27_0","0"
"12_73_27_1","0"
"12_73_27_2","23_62_26"
"14_73_27_0","0"
"14_73_27_1","0"
"14_73_27_2","27_60_26"
"20_73_27_0","0"
"20_73_27_1","39_54_26"
"24_73_27_0","0"
"24_73_27_1","47_50_26"
"74_73_27_0","0"
"74_73_27_1","147_0_26"
"72_74_2","143_3_1"
"44_74_3","87_31_2"
"60_74_3","119_15_2"
"68_74_3","135_7_2"
"69_74_3","137_6_2"
"72_74_3_0","0"
"72_74_3_1","143_3_2"
"24_74_4","47_51_3"
"36_74_4","71_39_3"
"38_74_4","75_37_3"
"44_74_4_0","87_31_3_1"
"44_74_4_1","87_31_3_0"
"54_74_4","107_21_3"
"56_74_4_0","0"
"56_74_4_1","111_19_3"
"60_74_4_0","0"
"60_74_4_1","119_15_3"
"67_74_4","133_8_3"
"68_74_4_0","0"
"68_74_4_1","135_7_3"
"72_74_4_0","0"
"72_74_4_1","143_3_3"
"20_74_5","39_55_4"
"23_74_5","45_52_4"
"30_74_5","59_45_4"
"34_74_5","67_41_4"
"35_74_5","69_40_4_1"
"36_74_5_0","0"
"36_74_5_1","71_39_4"
"42_74_5","83_33_4"
"44_74_5_0","0"
"44_74_5_1","87_31_4"
"52_74_5","103_23_4"
"53_74_5_0","0"
"53_74_5_1","105_22_4"
"60_74_5","119_15_4"
"66_74_5","131_9_4"
"68_74_5_0","0"
"68_74_5_1","135_7_4"
"12_74_6_0","23_63_5_0"
"12_74_6_1","23_63_5_1"
"14_74_6_0","0"
"14_74_6_1","27_61_5"
"18_74_6_0","0"
"18_74_6_1","35_57_5"
"20_74_6_0","0"
"20_74_6_1","39_55_5"
"22_74_6_0","0"
"22_74_6_1","43_53_5_1"
"22_74_6_2","43_53_5_0 + 43_53_5_1"
"24_74_6_0","0"
"24_74_6_1","0"
"24_74_6_2","47_51_5"
"28_74_6_0","0"
"28_74_6_1","0"
"28_74_6_2","55_47_5"
"34_74_6_0","0"
"34_74_6_1","0"
"34_74_6_2","67_41_5"
"35_74_6_0","0"
"35_74_6_1","0"
"35_74_6_2","69_40_5_1"
"36_74_6_0","0"
"36_74_6_1","0"
"36_74_6_2","71_39_5"
"40_74_6_0","0"
"40_74_6_1","79_35_5"
"42_74_6_0","0"
"42_74_6_1","0"
"42_74_6_2","83_33_5"
"44_74_6_0","0"
"44_74_6_1","87_31_5_1"
"45_74_6_0","0"
"45_74_6_1","89_30_5"
"51_74_6_0","0"
"51_74_6_1","0"
"51_74_6_2","101_24_5"
"54_74_6_0","0"
"54_74_6_1","0"
"54_74_6_2","107_21_5"
"58_74_6_0","0"
"58_74_6_1","0"
"58_74_6_2","115_17_5"
"60_74_6_0","0"
"60_74_6_1","0"
"60_74_6_2","119_15_5_0 + 119_15_5_1"
"60_74_6_3","119_15_5_0"
"64_74_6_0","0"
"64_74_6_1","0"
"64_74_6_2","127_11_5"
"4_74_7","7_71_6"
"6_74_7_0","0"
"6_74_7_1","11_69_6_2"
"7_74_7","13_68_6_0"
"8_74_7_0","0"
"8_74_7_1","15_67_6_1"
"8_74_7_2","15_67_6_2"
"8_74_7_3","15_67_6_0"
"10_74_7_0","0"
"10_74_7_1","0"
"10_74_7_2","0"
"10_74_7_3","19_65_6_1"
"11_74_7_0","0"
"11_74_7_1","21_64_6_0 + 21_64_6_1"
"12_74_7_0","0"
"12_74_7_1","23_63_6_2"
"12_74_7_2","23_63_6_0 + 23_63_6_2"
"12_74_7_3","23_63_6_1"
"14_74_7","27_61_6_0"
"18_74_7","35_57_6"
"19_74_7","37_56_6"
"22_74_7","43_53_6"
"23_74_7","45_52_6_0"
"24_74_7_0","0"
"24_74_7_1","47_51_6"
"26_74_7_0","0"
"26_74_7_1","51_49_6"
"28_74_7","55_47_6"
"30_74_7","59_45_6"
"35_74_7","69_40_6_0"
"37_74_7","73_38_6_0"
"38_74_7_0","0"
"38_74_7_1","75_37_6"
"39_74_7_0","0"
"39_74_7_1","77_36_6"
"43_74_7_0","0"
"43_74_7_1","85_32_6"
"44_74_7_0","0"
"44_74_7_1","0"
"44_74_7_2","87_31_6"
"52_74_7_0","0"
"52_74_7_1","103_23_6"
"58_74_7_0","0"
"58_74_7_1","115_17_6"
"59_74_7_0","0"
"59_74_7_1","117_16_6"
"60_74_7_0","0"
"60_74_7_1","0"
"60_74_7_2","119_15_6"
"61_74_7_0","0"
"61_74_7_1","121_14_6"
"64_74_7_0","0"
"64_74_7_1","0"
"64_74_7_2","127_11_6"
"3_74_8","5_72_7_0 + 5_72_7_1"
"4_74_8_0","0"
"4_74_8_1","7_71_7_0 + 7_71_7_2"
"4_74_8_2","7_71_7_2"
"4_74_8_3","7_71_7_0 + 7_71_7_1 + 7_71_7_2"
"4_74_8_4","7_71_7_0 + 7_71_7_2 + 7_71_7_3"
"5_74_8_0","0"
"5_74_8_1","0"
"5_74_8_2","9_70_7_0"
"7_74_8_0","0"
"7_74_8_1","13_68_7_2"
"7_74_8_2","13_68_7_0"
"8_74_8_0","0"
"8_74_8_1","0"
"8_74_8_2","0"
"8_74_8_3","15_67_7_2"
"8_74_8_4","15_67_7_1 + 15_67_7_2"
"8_74_8_5","15_67_7_0"
"10_74_8_0","0"
"10_74_8_1","19_65_7_0 + 19_65_7_1"
"11_74_8_0","0"
"11_74_8_1","21_64_7_0"
"12_74_8_0","0"
"12_74_8_1","0"
"12_74_8_2","23_63_7_1"
"14_74_8_0","27_61_7_0 + 27_61_7_1"
"14_74_8_1","27_61_7_1 + 27_61_7_2"
"14_74_8_2","27_61_7_1 + 27_61_7_3"
"14_74_8_3","27_61_7_2"
"18_74_8_0","0"
"18_74_8_1","35_57_7_1"
"18_74_8_2","35_57_7_2"
"20_74_8_0","0"
"20_74_8_1","39_55_7"
"22_74_8_0","0"
"22_74_8_1","43_53_7_1"
"22_74_8_2","43_53_7_0"
"24_74_8_0","0"
"24_74_8_1","0"
"24_74_8_2","47_51_7"
"28_74_8_0","0"
"28_74_8_1","55_47_7"
"30_74_8_0","0"
"30_74_8_1","59_45_7"
"36_74_8_0","0"
"36_74_8_1","71_39_7"
"38_74_8_0","0"
"38_74_8_1","75_37_7_1"
"38_74_8_2","75_37_7_0 + 75_37_7_1"
"40_74_8_0","0"
"40_74_8_1","0"
"40_74_8_2","79_35_7"
"42_74_8_0","0"
"42_74_8_1","0"
"42_74_8_2","83_33_7"
"44_74_8_0","0"
"44_74_8_1","0"
"44_74_8_2","0"
"44_74_8_3","87_31_7"
"58_74_8_0","0"
"58_74_8_1","0"
"58_74_8_2","115_17_7"
"59_74_8_0","0"
"59_74_8_1","0"
"59_74_8_2","117_16_7"
"60_74_8_0","0"
"60_74_8_1","0"
"60_74_8_2","0"
"60_74_8_3","119_15_7"
"64_74_8_0","0"
"64_74_8_1","0"
"64_74_8_2","0"
"64_74_8_3","127_11_7"
"2_74_9","3_73_8"
"3_74_9","5_72_8_1 + 5_72_8_2"
"4_74_9_0","0"
"4_74_9_1","7_71_8_0 + 7_71_8_1 + 7_71_8_3"
"4_74_9_2","7_71_8_0 + 7_71_8_1"
"4_74_9_3","7_71_8_0 + 7_71_8_1 + 7_71_8_3 + 7_71_8_4"
"4_74_9_4","7_71_8_0 + 7_71_8_3 + 7_71_8_4"
"4_74_9_5","7_71_8_0 + 7_71_8_2"
"4_74_9_6","7_71_8_2 + 7_71_8_3 + 7_71_8_5"
"5_74_9_0","0"
"5_74_9_1","0"
"5_74_9_2","9_70_8_1"
"6_74_9_0","0"
"6_74_9_1","0"
"6_74_9_2","11_69_8"
"7_74_9_0","0"
"7_74_9_1","0"
"7_74_9_2","13_68_8_0"
"8_74_9_0","0"
"8_74_9_1","0"
"8_74_9_2","0"
"8_74_9_3","15_67_8_0"
"8_74_9_4","15_67_8_0 + 15_67_8_2"
"8_74_9_5","15_67_8_1"
"8_74_9_6","15_67_8_0 + 15_67_8_3"
"10_74_9_0","0"
"10_74_9_1","0"
"10_74_9_2","0"
"10_74_9_3","19_65_8_1"
"10_74_9_4","19_65_8_0"
"11_74_9_0","0"
"11_74_9_1","21_64_8_0"
"12_74_9_0","0"
"12_74_9_1","23_63_8_1"
"12_74_9_2","23_63_8_0"
"14_74_9_0","0"
"14_74_9_1","27_61_8_1"
"14_74_9_2","27_61_8_0 + 27_61_8_1"
"18_74_9_0","0"
"18_74_9_1","35_57_8_0 + 35_57_8_1"
"18_74_9_2","35_57_8_0 + 35_57_8_1 + 35_57_8_2"
"18_74_9_3","35_57_8_0"
"20_74_9_0","0"
"20_74_9_1","0"
"20_74_9_2","39_55_8"
"22_74_9_0","0"
"22_74_9_1","43_53_8"
"23_74_9_0","0"
"23_74_9_1","45_52_8"
"24_74_9_0","0"
"24_74_9_1","0"
"24_74_9_2","47_51_8"
"28_74_9_0","0"
"28_74_9_1","0"
"28_74_9_2","55_47_8_0"
"28_74_9_3","55_47_8_0 + 55_47_8_1"
"38_74_9_0","0"
"38_74_9_1","75_37_8_0 + 75_37_8_1"
"38_74_9_2","75_37_8_1"
"40_74_9_0","0"
"40_74_9_1","0"
"40_74_9_2","79_35_8"
"44_74_9_0","0"
"44_74_9_1","87_31_8_0 + 87_31_8_1"
"46_74_9_0","0"
"46_74_9_1","91_29_8"
"52_74_9_0","0"
"52_74_9_1","103_23_8"
"58_74_9_0","0"
"58_74_9_1","115_17_8"
"60_74_9_0","0"
"60_74_9_1","0"
"60_74_9_2","119_15_8"
"2_74_10_0","3_73_9_1"
"2_74_10_1","3_73_9_0"
"3_74_10_0","5_72_9_3"
"3_74_10_1","5_72_9_1 + 5_72_9_2"
"4_74_10_0","0"
"4_74_10_1","0"
"4_74_10_2","7_71_9_0"
"4_74_10_3","7_71_9_1 + 7_71_9_2"
"4_74_10_4","7_71_9_0 + 7_71_9_1"
"6_74_10_0","0"
"6_74_10_1","11_69_9_3"
"6_74_10_2","11_69_9_0"
"7_74_10_0","0"
"7_74_10_1","13_68_9_0"
"8_74_10_0","0"
"8_74_10_1","0"
"8_74_10_2","15_67_9_0"
"8_74_10_3","15_67_9_1"
"10_74_10_0","0"
"10_74_10_1","0"
"10_74_10_2","19_65_9_0 + 19_65_9_1"
"10_74_10_3","19_65_9_0 + 19_65_9_1 + 19_65_9_3"
"10_74_10_4","19_65_9_2"
"12_74_10_0","0"
"12_74_10_1","0"
"12_74_10_2","23_63_9_0"
"12_74_10_3","23_63_9_0 + 23_63_9_1"
"14_74_10_0","0"
"14_74_10_1","27_61_9_0"
"18_74_10_0","0"
"18_74_10_1","35_57_9_0 + 35_57_9_1"
"18_74_10_2","35_57_9_0"
"18_74_10_3","35_57_9_2"
"19_74_10_0","0"
"19_74_10_1","37_56_9_0"
"20_74_10_0","0"
"20_74_10_1","0"
"20_74_10_2","39_55_9"
"24_74_10_0","0"
"24_74_10_1","0"
"24_74_10_2","47_51_9"
"27_74_10_0","0"
"27_74_10_1","0"
"27_74_10_2","53_48_9_1"
"27_74_10_3","53_48_9_0 + 53_48_9_1"
"36_74_10_0","0"
"36_74_10_1","71_39_9"
"37_74_10_0","0"
"37_74_10_1","0"
"37_74_10_2","73_38_9"
"38_74_10_0","0"
"38_74_10_1","0"
"38_74_10_2","0"
"38_74_10_3","75_37_9"
"40_74_10_0","0"
"40_74_10_1","0"
"40_74_10_2","79_35_9"
"44_74_10_0","0"
"44_74_10_1","87_31_9_0 + 87_31_9_1"
"44_74_10_2","87_31_9_1"
"46_74_10_0","0"
"46_74_10_1","91_29_9"
"50_74_10_0","0"
"50_74_10_1","99_25_9"
"52_74_10_0","0"
"52_74_10_1","103_23_9_1"
"52_74_10_2","103_23_9_0"
"56_74_10_0","0"
"56_74_10_1","111_19_9"
"2_74_11_0","3_73_10_1"
"2_74_11_1","3_73_10_0"
"4_74_11_0","7_71_10_1"
"4_74_11_1","7_71_10_2"
"4_74_11_2","7_71_10_0 + 7_71_10_3 + 7_71_10_4"
"4_74_11_3","7_71_10_0"
"4_74_11_4","7_71_10_0 + 7_71_10_1 + 7_71_10_3"
"5_74_11_0","0"
"5_74_11_1","0"
"5_74_11_2","9_70_10_0"
"6_74_11_0","0"
"6_74_11_1","0"
"6_74_11_2","11_69_10"
"7_74_11_0","0"
"7_74_11_1","13_68_10_0 + 13_68_10_1"
"7_74_11_2","13_68_10_1"
"8_74_11_0","0"
"8_74_11_1","0"
"8_74_11_2","0"
"8_74_11_3","15_67_10_0 + 15_67_10_1 + 15_67_10_2"
"8_74_11_4","15_67_10_0 + 15_67_10_1"
"8_74_11_5","15_67_10_1"
"10_74_11_0","0"
"10_74_11_1","0"
"10_74_11_2","19_65_10_2"
"10_74_11_3","19_65_10_1 + 19_65_10_2"
"11_74_11_0","0"
"11_74_11_1","21_64_10_0"
"12_74_11_0","0"
"12_74_11_1","0"
"12_74_11_2","23_63_10_1"
"14_74_11_0","0"
"14_74_11_1","27_61_10_1"
"14_74_11_2","27_61_10_0"
"16_74_11_0","0"
"16_74_11_1","31_59_10_1"
"16_74_11_2","31_59_10_0"
"18_74_11_0","0"
"18_74_11_1","0"
"18_74_11_2","35_57_10"
"19_74_11_0","0"
"19_74_11_1","0"
"19_74_11_2","37_56_10_0"
"28_74_11_0","0"
"28_74_11_1","55_47_10"
"34_74_11_0","0"
"34_74_11_1","67_41_10"
"35_74_11_0","0"
"35_74_11_1","0"
"35_74_11_2","69_40_10"
"38_74_11_0","0"
"38_74_11_1","0"
"38_74_11_2","75_37_10"
"44_74_11_0","0"
"44_74_11_1","87_31_10_0 + 87_31_10_1"
"44_74_11_2","87_31_10_1"
"50_74_11_0","0"
"50_74_11_1","99_25_10"
"51_74_11_0","0"
"51_74_11_1","101_24_10"
"52_74_11_0","0"
"52_74_11_1","0"
"52_74_11_2","103_23_10"
"53_74_11_0","0"
"53_74_11_1","105_22_10"
"56_74_11_0","0"
"56_74_11_1","0"
"56_74_11_2","111_19_10"
"2_74_12_0","3_73_11_0 + 3_73_11_1"
"2_74_12_1","3_73_11_0"
"3_74_12_0","5_72_11_0"
"3_74_12_1","5_72_11_1"
"4_74_12_0","0"
"4_74_12_1","0"
"4_74_12_2","7_71_11_0"
"4_74_12_3","7_71_11_0 + 7_71_11_1"
"6_74_12_0","0"
"6_74_12_1","11_69_11_0 + 11_69_11_1 + 11_69_11_2"
"6_74_12_2","11_69_11_0 + 11_69_11_2"
"6_74_12_3","11_69_11_0"
"8_74_12_0","0"
"8_74_12_1","0"
"8_74_12_2","0"
"8_74_12_3","15_67_11_0"
"8_74_12_4","15_67_11_0 + 15_67_11_2"
"8_74_12_5","15_67_11_0 + 15_67_11_2 + 15_67_11_3"
"8_74_12_6","15_67_11_0 + 15_67_11_1"
"10_74_12_0","0"
"10_74_12_1","0"
"10_74_12_2","0"
"10_74_12_3","19_65_11_0"
"12_74_12_0","0"
"12_74_12_1","0"
"12_74_12_2","23_63_11_1"
"12_74_12_3","23_63_11_0"
"14_74_12_0","0"
"14_74_12_1","27_61_11_2"
"14_74_12_2","27_61_11_1 + 27_61_11_2"
"15_74_12_0","0"
"15_74_12_1","29_60_11_0"
"16_74_12_0","0"
"16_74_12_1","0"
"16_74_12_2","31_59_11_0 + 31_59_11_1"
"16_74_12_3","31_59_11_1"
"20_74_12_0","0"
"20_74_12_1","39_55_11"
"22_74_12_0","0"
"22_74_12_1","0"
"22_74_12_2","43_53_11"
"26_74_12_0","0"
"26_74_12_1","51_49_11"
"32_74_12_0","0"
"32_74_12_1","63_43_11"
"34_74_12_0","0"
"34_74_12_1","0"
"34_74_12_2","67_41_11"
"44_74_12_0","0"
"44_74_12_1","87_31_11"
"50_74_12_0","0"
"50_74_12_1","99_25_11"
"51_74_12_0","0"
"51_74_12_1","101_24_11"
"52_74_12_0","0"
"52_74_12_1","0"
"52_74_12_2","103_23_11"
"56_74_12_0","0"
"56_74_12_1","0"
"56_74_12_2","111_19_11"
"2_74_13","3_73_12"
"3_74_13","5_72_12_0 + 5_72_12_1"
"4_74_13_0","0"
"4_74_13_1","7_71_12_0"
"4_74_13_2","7_71_12_2"
"4_74_13_3","7_71_12_1"
"5_74_13_0","0"
"5_74_13_1","0"
"5_74_13_2","9_70_12_0"
"6_74_13_0","0"
"6_74_13_1","0"
"6_74_13_2","0"
"6_74_13_3","11_69_12_0 + 11_69_12_1"
"6_74_13_4","11_69_12_0"
"7_74_13_0","0"
"7_74_13_1","13_68_12_2 + 13_68_12_3"
"7_74_13_2","13_68_12_2"
"7_74_13_3","13_68_12_0"
"8_74_13_0","0"
"8_74_13_1","0"
"8_74_13_2","0"
"8_74_13_3","0"
"8_74_13_4","15_67_12"
"10_74_13_0","0"
"10_74_13_1","19_65_12_0"
"10_74_13_2","19_65_12_1"
"12_74_13_0","0"
"12_74_13_1","0"
"12_74_13_2","23_63_12"
"13_74_13_0","0"
"13_74_13_1","25_62_12_0"
"14_74_13_0","0"
"14_74_13_1","0"
"14_74_13_2","27_61_12_1"
"14_74_13_3","27_61_12_0 + 27_61_12_1"
"16_74_13_0","0"
"16_74_13_1","0"
"16_74_13_2","31_59_12_1"
"16_74_13_3","31_59_12_0 + 31_59_12_1"
"18_74_13_0","0"
"18_74_13_1","0"
"18_74_13_2","35_57_12"
"20_74_13_0","0"
"20_74_13_1","0"
"20_74_13_2","39_55_12"
"22_74_13_0","0"
"22_74_13_1","43_53_12"
"24_74_13_0","0"
"24_74_13_1","47_51_12"
"30_74_13_0","0"
"30_74_13_1","59_45_12"
"32_74_13_0","0"
"32_74_13_1","0"
"32_74_13_2","63_43_12"
"38_74_13_0","0"
"38_74_13_1","75_37_12"
"44_74_13_0","0"
"44_74_13_1","87_31_12"
"50_74_13_0","0"
"50_74_13_1","99_25_12"
"52_74_13_0","0"
"52_74_13_1","0"
"52_74_13_2","103_23_12"
"2_74_14_0","3_73_13_1"
"2_74_14_1","3_73_13_0"
"3_74_14","5_72_13_0"
"4_74_14_0","0"
"4_74_14_1","7_71_13_2"
"4_74_14_2","7_71_13_1"
"4_74_14_3","7_71_13_1 + 7_71_13_2 + 7_71_13_3"
"4_74_14_4","7_71_13_0 + 7_71_13_1 + 7_71_13_3"
"6_74_14_0","0"
"6_74_14_1","0"
"6_74_14_2","0"
"6_74_14_3","0"
"6_74_14_4","11_69_13_1"
"7_74_14_0","0"
"7_74_14_1","0"
"7_74_14_2","0"
"7_74_14_3","13_68_13_0"
"8_74_14_0","0"
"8_74_14_1","0"
"8_74_14_2","0"
"8_74_14_3","0"
"8_74_14_4","15_67_13"
"10_74_14_0","0"
"10_74_14_1","0"
"10_74_14_2","0"
"10_74_14_3","19_65_13_2"
"10_74_14_4","19_65_13_1 + 19_65_13_2"
"12_74_14_0","0"
"12_74_14_1","0"
"12_74_14_2","0"
"12_74_14_3","23_63_13"
"14_74_14_0","0"
"14_74_14_1","0"
"14_74_14_2","0"
"14_74_14_3","27_61_13_1"
"14_74_14_4","27_61_13_0 + 27_61_13_1"
"16_74_14_0","0"
"16_74_14_1","0"
"16_74_14_2","0"
"16_74_14_3","31_59_13"
"19_74_14_0","0"
"19_74_14_1","0"
"19_74_14_2","37_56_13_0"
"22_74_14_0","0"
"22_74_14_1","0"
"22_74_14_2","43_53_13_1"
"22_74_14_3","43_53_13_0"
"28_74_14_0","0"
"28_74_14_1","0"
"28_74_14_2","55_47_13_0"
"28_74_14_3","55_47_13_1"
"32_74_14_0","0"
"32_74_14_1","0"
"32_74_14_2","0"
"32_74_14_3","63_43_13"
"36_74_14_0","0"
"36_74_14_1","0"
"36_74_14_2","71_39_13"
"38_74_14_0","0"
"38_74_14_1","0"
"38_74_14_2","75_37_13"
"42_74_14_0","0"
"42_74_14_1","0"
"42_74_14_2","83_33_13"
"44_74_14_0","0"
"44_74_14_1","0"
"44_74_14_2","87_31_13_1"
"44_74_14_3","87_31_13_0"
"48_74_14_0","0"
"48_74_14_1","0"
"48_74_14_2","95_27_13"
"2_74_15","3_73_14"
"3_74_15_0","5_72_14_2 + 5_72_14_3"
"3_74_15_1","5_72_14_1"
"3_74_15_2","5_72_14_0"
"4_74_15_0","0"
"4_74_15_1","0"
"4_74_15_2","0"
"4_74_15_3","7_71_14_1"
"4_74_15_4","7_71_14_0"
"6_74_15_0","0"
"6_74_15_1","11_69_14"
"8_74_15_0","0"
"8_74_15_1","15_67_14_0"
"8_74_15_2","15_67_14_0 + 15_67_14_1"
"10_74_15_0","0"
"10_74_15_1","0"
"10_74_15_2","0"
"10_74_15_3","19_65_14"
"12_74_15_0","0"
"12_74_15_1","0"
"12_74_15_2","23_63_14"
"14_74_15_0","0"
"14_74_15_1","0"
"14_74_15_2","27_61_14_1"
"14_74_15_3","27_61_14_0"
"20_74_15_0","0"
"20_74_15_1","39_55_14"
"22_74_15_0","0"
"22_74_15_1","0"
"22_74_15_2","43_53_14"
"26_74_15_0","0"
"26_74_15_1","51_49_14"
"27_74_15_0","0"
"27_74_15_1","0"
"27_74_15_2","53_48_14"
"28_74_15_0","0"
"28_74_15_1","0"
"28_74_15_2","0"
"28_74_15_3","55_47_14"
"36_74_15_0","0"
"36_74_15_1","71_39_14"
"42_74_15_0","0"
"42_74_15_1","83_33_14"
"43_74_15_0","0"
"43_74_15_1","85_32_14"
"44_74_15_0","0"
"44_74_15_1","0"
"44_74_15_2","87_31_14"
"45_74_15_0","0"
"45_74_15_1","89_30_14"
"48_74_15_0","0"
"48_74_15_1","0"
"48_74_15_2","95_27_14"
"3_74_16","5_72_15"
"4_74_16_0","0"
"4_74_16_1","7_71_15_1"
"4_74_16_2","7_71_15_0 + 7_71_15_1"
"6_74_16_0","0"
"6_74_16_1","11_69_15_1"
"6_74_16_2","11_69_15_0"
"7_74_16_0","0"
"7_74_16_1","0"
"7_74_16_2","13_68_15_0"
"8_74_16_0","0"
"8_74_16_1","0"
"8_74_16_2","0"
"8_74_16_3","15_67_15"
"10_74_16_0","0"
"10_74_16_1","0"
"10_74_16_2","19_65_15"
"12_74_16_0","0"
"12_74_16_1","23_63_15_1"
"12_74_16_2","23_63_15_0"
"14_74_16_0","0"
"14_74_16_1","0"
"14_74_16_2","27_61_15"
"18_74_16_0","0"
"18_74_16_1","35_57_15"
"22_74_16_0","0"
"22_74_16_1","43_53_15"
"24_74_16_0","0"
"24_74_16_1","47_51_15"
"26_74_16_0","0"
"26_74_16_1","0"
"26_74_16_2","51_49_15"
"28_74_16_0","0"
"28_74_16_1","0"
"28_74_16_2","55_47_15"
"42_74_16_0","0"
"42_74_16_1","83_33_15"
"43_74_16_0","0"
"43_74_16_1","85_32_15"
"44_74_16_0","0"
"44_74_16_1","0"
"44_74_16_2","87_31_15"
"48_74_16_0","0"
"48_74_16_1","0"
"48_74_16_2","95_27_15"
"2_74_17_0","3_73_16_0"
"2_74_17_1","3_73_16_2"
"2_74_17_2","3_73_16_1 + 3_73_16_2"
"4_74_17_0","7_71_16_2"
"4_74_17_1","7_71_16_1"
"4_74_17_2","7_71_16_0"
"5_74_17_0","0"
"5_74_17_1","9_70_16_0"
"6_74_17_0","0"
"6_74_17_1","0"
"6_74_17_2","11_69_16_0 + 11_69_16_1"
"6_74_17_3","11_69_16_0"
"8_74_17_0","0"
"8_74_17_1","15_67_16_0 + 15_67_16_1"
"8_74_17_2","15_67_16_0"
"10_74_17_0","0"
"10_74_17_1","19_65_16_1"
"10_74_17_2","19_65_16_0 + 19_65_16_1"
"12_74_17_0","0"
"12_74_17_1","23_63_16"
"16_74_17","31_59_16"
"22_74_17_0","43_53_16_0 + 43_53_16_1"
"22_74_17_1","43_53_16_0"
"24_74_17_0","0"
"24_74_17_1","47_51_16"
"28_74_17","55_47_16_1"
"30_74_17","59_45_16"
"36_74_17","71_39_16"
"42_74_17","83_33_16"
"44_74_17_0","0"
"44_74_17_1","87_31_16"
"2_74_18","3_73_17"
"3_74_18_0","0"
"3_74_18_1","5_72_17"
"4_74_18_0","0"
"4_74_18_1","0"
"4_74_18_2","7_71_17"
"6_74_18_0","0"
"6_74_18_1","11_69_17"
"8_74_18_0","0"
"8_74_18_1","15_67_17"
"10_74_18_0","0"
"10_74_18_1","19_65_17"
"11_74_18","21_64_17_0"
"14_74_18_0","27_61_17_1"
"14_74_18_1","27_61_17_0 + 27_61_17_1"
"20_74_18","39_55_17"
"21_74_18_0","0"
"21_74_18_1","41_54_17"
"22_74_18_0","0"
"22_74_18_1","0"
"22_74_18_2","43_53_17"
"24_74_18_0","0"
"24_74_18_1","47_51_17"
"28_74_18_0","55_47_17_0"
"28_74_18_1","55_47_17_0 + 55_47_17_1"
"30_74_18","59_45_17"
"34_74_18","67_41_17"
"36_74_18_0","71_39_17_1"
"36_74_18_1","71_39_17_0"
"40_74_18","79_35_17"
"3_74_19","5_72_18"
"4_74_19_0","0"
"4_74_19_1","7_71_18"
"6_74_19_0","0"
"6_74_19_1","11_69_18"
"10_74_19_0","0"
"10_74_19_1","19_65_18"
"12_74_19_0","0"
"12_74_19_1","23_63_18"
"14_74_19_0","0"
"14_74_19_1","0"
"14_74_19_2","27_61_18"
"18_74_19_0","0"
"18_74_19_1","35_57_18"
"19_74_19_0","0"
"19_74_19_1","0"
"19_74_19_2","37_56_18"
"22_74_19_0","0"
"22_74_19_1","0"
"22_74_19_2","43_53_18"
"28_74_19_0","0"
"28_74_19_1","55_47_18_0"
"28_74_19_2","55_47_18_1"
"34_74_19_0","0"
"34_74_19_1","67_41_18"
"35_74_19_0","0"
"35_74_19_1","69_40_18"
"36_74_19_0","0"
"36_74_19_1","0"
"36_74_19_2","71_39_18"
"37_74_19_0","0"
"37_74_19_1","73_38_18"
"40_74_19_0","0"
"40_74_19_1","0"
"40_74_19_2","79_35_18"
"2_74_20_0","3_73_19_1"
"2_74_20_1","3_73_19_0"
"4_74_20_0","7_71_19_1"
"4_74_20_1","7_71_19_0"
"6_74_20_0","0"
"6_74_20_1","11_69_19"
"10_74_20_0","19_65_19_1"
"10_74_20_1","19_65_19_0"
"14_74_20","27_61_19"
"16_74_20","31_59_19"
"18_74_20_0","0"
"18_74_20_1","35_57_19"
"28_74_20","55_47_19"
"34_74_20","67_41_19"
"35_74_20","69_40_19"
"36_74_20_0","0"
"36_74_20_1","71_39_19"
"40_74_20_0","0"
"40_74_20_1","79_35_19"
"2_74_21","3_73_20"
"4_74_21_0","0"
"4_74_21_1","7_71_20"
"8_74_21","15_67_20"
"10_74_21_0","0"
"10_74_21_1","19_65_20"
"12_74_21","23_63_20"
"14_74_21_0","27_61_20_1"
"14_74_21_1","27_61_20_0"
"16_74_21_0","0"
"16_74_21_1","31_59_20"
"22_74_21","43_53_20"
"28_74_21","55_47_20"
"34_74_21","67_41_20"
"36_74_21_0","0"
"36_74_21_1","71_39_20"
"2_74_22","3_73_21"
"3_74_22_0","5_72_21_0"
"3_74_22_1","5_72_21_0 + 5_72_21_1"
"6_74_22_0","0"
"6_74_22_1","11_69_21"
"10_74_22_0","0"
"10_74_22_1","19_65_21"
"12_74_22_0","0"
"12_74_22_1","23_63_21_1"
"12_74_22_2","23_63_21_0"
"13_74_22_0","0"
"13_74_22_1","0"
"13_74_22_2","25_62_21"
"16_74_22_0","0"
"16_74_22_1","0"
"16_74_22_2","31_59_21"
"20_74_22_0","0"
"20_74_22_1","39_55_21"
"22_74_22_0","0"
"22_74_22_1","43_53_21"
"26_74_22_0","0"
"26_74_22_1","51_49_21"
"28_74_22_0","0"
"28_74_22_1","55_47_21_1"
"28_74_22_2","55_47_21_0"
"32_74_22_0","0"
"32_74_22_1","63_43_21"
"2_74_23","3_73_22"
"4_74_23_0","7_71_22_1"
"4_74_23_1","7_71_22_0 + 7_71_22_1"
"6_74_23_0","0"
"6_74_23_1","11_69_22"
"8_74_23","15_67_22"
"10_74_23","19_65_22"
"11_74_23_0","0"
"11_74_23_1","21_64_22"
"12_74_23_0","0"
"12_74_23_1","0"
"12_74_23_2","23_63_22"
"20_74_23","39_55_22"
"26_74_23","51_49_22"
"27_74_23","53_48_22"
"28_74_23_0","0"
"28_74_23_1","55_47_22"
"29_74_23","57_46_22"
"32_74_23_0","0"
"32_74_23_1","63_43_22"
"2_74_24","3_73_23"
"6_74_24","11_69_23"
"8_74_24_0","15_67_23_1"
"8_74_24_1","15_67_23_0"
"10_74_24_0","0"
"10_74_24_1","19_65_23"
"12_74_24_0","0"
"12_74_24_1","23_63_23"
"26_74_24","51_49_23"
"27_74_24","53_48_23"
"28_74_24_0","0"
"28_74_24_1","55_47_23"
"32_74_24_0","0"
"32_74_24_1","63_43_23"
"3_74_25","5_72_24"
"4_74_25_0","0"
"4_74_25_1","7_71_24"
"6_74_25_0","0"
"6_74_25_1","11_69_24_0 + 11_69_24_1"
"6_74_25_2","11_69_24_1"
"8_74_25_0","0"
"8_74_25_1","0"
"8_74_25_2","15_67_24_0"
"8_74_25_3","15_67_24_1"
"12_74_25_0","0"
"12_74_25_1","23_63_24_1"
"14_74_25_0","0"
"14_74_25_1","27_61_24"
"20_74_25_0","0"
"20_74_25_1","39_55_24"
"26_74_25_0","0"
"26_74_25_1","51_49_24"
"28_74_25_0","0"
"28_74_25_1","0"
"28_74_25_2","55_47_24"
"2_74_26","3_73_25"
"4_74_26_0","7_71_25_1"
"4_74_26_1","7_71_25_0"
"5_74_26_0","0"
"5_74_26_1","9_70_25_0"
"6_74_26_0","0"
"6_74_26_1","0"
"6_74_26_2","11_69_25"
"8_74_26_0","0"
"8_74_26_1","15_67_25"
"12_74_26_0","23_63_25_0"
"12_74_26_1","23_63_25_1"
"14_74_26","27_61_25"
"18_74_26","35_57_25"
"20_74_26_0","39_55_25_1"
"20_74_26_1","39_55_25_0"
"24_74_26","47_51_25"
"76_75_2","151_0_1"
"44_75_3","87_32_2"
"60_75_3","119_16_2"
"68_75_3","135_8_2"
"70_75_3","139_6_2"
"76_75_3","151_0_2"
"38_75_4","75_38_3"
"42_75_4","83_34_3"
"43_75_4","85_33_3"
"46_75_4","91_30_3"
"58_75_4","115_18_3"
"59_75_4","117_17_3"
"62_75_4","123_14_3"
"67_75_4","133_9_3"
"68_75_4_0","0"
"68_75_4_1","135_8_3"
"76_75_4","151_0_3"
"12_75_5","23_64_4"
"20_75_5_0","0"
"20_75_5_1","39_56_4"
"28_75_5_0","0"
"28_75_5_1","55_48_4"
"32_75_5_0","0"
"32_75_5_1","0"
"32_75_5_2","63_44_4"
"36_75_5_0","0"
"36_75_5_1","0"
"36_75_5_2","71_40_4_1"
"38_75_5_0","0"
"38_75_5_1","0"
"38_75_5_2","75_38_4_0 + 75_38_4_1"
"42_75_5_0","0"
"42_75_5_1","0"
"42_75_5_2","83_34_4"
"46_75_5_0","0"
"46_75_5_1","91_30_4"
"54_75_5_0","0"
"54_75_5_1","107_22_4"
"56_75_5_0","0"
"56_75_5_1","0"
"56_75_5_2","111_20_4"
"58_75_5_0","0"
"58_75_5_1","0"
"58_75_5_2","115_18_4_1"
"67_75_5_0","0"
"67_75_5_1","133_9_4"
"76_75_5_0","0"
"76_75_5_1","151_0_4"
"8_75_6_0","15_68_5_1"
"8_75_6_1","15_68_5_0"
"10_75_6_0","0"
"10_75_6_1","19_66_5"
"12_75_6_0","0"
"12_75_6_1","23_64_5_1"
"19_75_6_0","0"
"19_75_6_1","37_57_5_0 + 37_57_5_1"
"20_75_6_0","0"
"20_75_6_1","0"
"20_75_6_2","39_56_5"
"22_75_6_0","0"
"22_75_6_1","43_54_5"
"23_75_6_0","0"
"23_75_6_1","45_53_5_0"
"24_75_6_0","0"
"24_75_6_1","0"
"24_75_6_2","47_52_5"
"31_75_6_0","0"
"31_75_6_1","61_45_5_0"
"32_75_6_0","0"
"32_75_6_1","0"
"32_75_6_2","63_44_5"
"35_75_6_0","0"
"35_75_6_1","0"
"35_75_6_2","69_41_5"
"36_75_6_0","0"
"36_75_6_1","0"
"36_75_6_2","0"
"36_75_6_3","71_40_5_0"
"36_75_6_4","71_40_5_0 + 71_40_5_1"
"38_75_6_0","0"
"38_75_6_1","0"
"38_75_6_2","0"
"38_75_6_3","75_38_5"
"43_75_6_0","0"
"43_75_6_1","0"
"43_75_6_2","85_33_5"
"46_75_6_0","0"
"46_75_6_1","91_30_5"
"52_75_6_0","0"
"52_75_6_1","103_24_5"
"55_75_6_0","0"
"55_75_6_1","109_21_5"
"56_75_6_0","0"
"56_75_6_1","0"
"56_75_6_2","111_20_5"
"58_75_6_0","0"
"58_75_6_1","0"
"58_75_6_2","115_18_5"
"62_75_6_0","0"
"62_75_6_1","123_14_5"
"76_75_6_0","0"
"76_75_6_1","151_0_5"
"7_75_7","13_69_6_0"
"8_75_7_0","0"
"8_75_7_1","15_68_6_0 + 15_68_6_1 + 15_68_6_2"
"8_75_7_2","15_68_6_0 + 15_68_6_2"
"8_75_7_3","15_68_6_1 + 15_68_6_2"
"12_75_7_0","23_64_6_1"
"12_75_7_1","23_64_6_0"
"14_75_7_0","27_62_6_1"
"14_75_7_1","27_62_6_0 + 27_62_6_1"
"18_75_7_0","0"
"18_75_7_1","35_58_6_1"
"18_75_7_2","35_58_6_0 + 35_58_6_1"
"20_75_7_0","0"
"20_75_7_1","0"
"20_75_7_2","39_56_6"
"22_75_7_0","0"
"22_75_7_1","0"
"22_75_7_2","43_54_6_1"
"24_75_7_0","0"
"24_75_7_1","0"
"24_75_7_2","47_52_6"
"27_75_7_0","0"
"27_75_7_1","53_49_6"
"28_75_7_0","0"
"28_75_7_1","0"
"28_75_7_2","55_48_6"
"29_75_7_0","0"
"29_75_7_1","0"
"29_75_7_2","57_47_6"
"32_75_7_0","0"
"32_75_7_1","0"
"32_75_7_2","0"
"32_75_7_3","63_44_6"
"34_75_7_0","0"
"34_75_7_1","0"
"34_75_7_2","0"
"34_75_7_3","67_42_6"
"36_75_7_0","0"
"36_75_7_1","0"
"36_75_7_2","0"
"36_75_7_3","0"
"36_75_7_4","71_40_6_0"
"36_75_7_5","71_40_6_1"
"38_75_7_0","0"
"38_75_7_1","0"
"38_75_7_2","0"
"38_75_7_3","75_38_6_0"
"40_75_7_0","0"
"40_75_7_1","0"
"40_75_7_2","79_36_6"
"44_75_7_0","0"
"44_75_7_1","0"
"44_75_7_2","87_32_6"
"50_75_7_0","0"
"50_75_7_1","99_26_6"
"53_75_7_0","0"
"53_75_7_1","105_23_6"
"56_75_7_0","0"
"56_75_7_1","0"
"56_75_7_2","111_20_6"
"60_75_7_0","0"
"60_75_7_1","119_16_6"
"62_75_7_0","0"
"62_75_7_1","123_14_6"
"76_75_7_0","0"
"76_75_7_1","151_0_6"
"4_75_8_0","7_72_7_2"
"4_75_8_1","7_72_7_0 + 7_72_7_2"
"4_75_8_2","7_72_7_0 + 7_72_7_1"
"5_75_8_0","0"
"5_75_8_1","9_71_7_0"
"6_75_8_0","0"
"6_75_8_1","11_70_7_0"
"7_75_8_0","0"
"7_75_8_1","0"
"7_75_8_2","13_69_7_0"
"8_75_8_0","0"
"8_75_8_1","0"
"8_75_8_2","0"
"8_75_8_3","15_68_7_2"
"8_75_8_4","15_68_7_1"
"8_75_8_5","15_68_7_4"
"8_75_8_6","15_68_7_2 + 15_68_7_4 + 15_68_7_5"
"8_75_8_7","15_68_7_0 + 15_68_7_1 + 15_68_7_4"
"8_75_8_8","15_68_7_2 + 15_68_7_3 + 15_68_7_4 + 15_68_7_5"
"10_75_8_0","0"
"10_75_8_1","0"
"10_75_8_2","0"
"10_75_8_3","19_66_7_0 + 19_66_7_2"
"10_75_8_4","19_66_7_2"
"12_75_8_0","0"
"12_75_8_1","0"
"12_75_8_2","23_64_7_0"
"14_75_8_0","0"
"14_75_8_1","0"
"14_75_8_2","27_62_7"
"15_75_8_0","0"
"15_75_8_1","0"
"15_75_8_2","29_61_7_1"
"16_75_8_0","0"
"16_75_8_1","0"
"16_75_8_2","0"
"16_75_8_3","31_60_7"
"18_75_8_0","0"
"18_75_8_1","0"
"18_75_8_2","0"
"18_75_8_3","0"
"18_75_8_4","35_58_7"
"20_75_8_0","0"
"20_75_8_1","0"
"20_75_8_2","0"
"20_75_8_3","0"
"20_75_8_4","39_56_7"
"22_75_8_0","0"
"22_75_8_1","0"
"22_75_8_2","0"
"22_75_8_3","0"
"22_75_8_4","43_54_7"
"23_75_8_0","0"
"23_75_8_1","0"
"23_75_8_2","0"
"23_75_8_3","45_53_7_0"
"25_75_8_0","0"
"25_75_8_1","0"
"25_75_8_2","0"
"25_75_8_3","0"
"25_75_8_4","49_51_7"
"28_75_8_0","0"
"28_75_8_1","0"
"28_75_8_2","0"
"28_75_8_3","0"
"28_75_8_4","55_48_7_1"
"34_75_8_0","0"
"34_75_8_1","0"
"34_75_8_2","0"
"34_75_8_3","67_42_7"
"35_75_8_0","0"
"35_75_8_1","0"
"35_75_8_2","0"
"35_75_8_3","69_41_7"
"37_75_8_0","0"
"37_75_8_1","0"
"37_75_8_2","73_39_7"
"38_75_8_0","0"
"38_75_8_1","0"
"38_75_8_2","0"
"38_75_8_3","75_38_7"
"39_75_8_0","0"
"39_75_8_1","0"
"39_75_8_2","0"
"39_75_8_3","77_37_7_0"
"43_75_8_0","0"
"43_75_8_1","0"
"43_75_8_2","85_33_7"
"46_75_8_0","0"
"46_75_8_1","0"
"46_75_8_2","91_30_7"
"50_75_8_0","0"
"50_75_8_1","0"
"50_75_8_2","99_26_7"
"59_75_8_0","0"
"59_75_8_1","0"
"59_75_8_2","117_17_7"
"60_75_8_0","0"
"60_75_8_1","0"
"60_75_8_2","0"
"60_75_8_3","119_16_7"
"76_75_8_0","0"
"76_75_8_1","0"
"76_75_8_2","151_0_7"
"2_75_9","3_74_8"
"3_75_9","5_73_8_0"
"4_75_9_0","0"
"4_75_9_1","7_72_8_1"
"4_75_9_2","7_72_8_0"
"5_75_9","9_71_8_1"
"6_75_9_0","0"
"6_75_9_1","11_70_8_2"
"6_75_9_2","11_70_8_0"
"6_75_9_3","11_70_8_1 + 11_70_8_2"
"8_75_9_0","0"
"8_75_9_1","0"
"8_75_9_2","0"
"8_75_9_3","0"
"8_75_9_4","15_68_8_1"
"8_75_9_5","15_68_8_0 + 15_68_8_2"
"8_75_9_6","15_68_8_0"
"8_75_9_7","15_68_8_3"
"10_75_9_0","0"
"10_75_9_1","0"
"10_75_9_2","0"
"10_75_9_3","19_66_8"
"12_75_9_0","0"
"12_75_9_1","0"
"12_75_9_2","23_64_8_0 + 23_64_8_1 + 23_64_8_2"
"12_75_9_3","23_64_8_1 + 23_64_8_2"
"12_75_9_4","23_64_8_0 + 23_64_8_2"
"14_75_9_0","0"
"14_75_9_1","0"
"14_75_9_2","0"
"14_75_9_3","27_62_8_1 + 27_62_8_2"
"15_75_9_0","0"
"15_75_9_1","0"
"15_75_9_2","0"
"15_75_9_3","29_61_8_0"
"16_75_9_0","0"
"16_75_9_1","0"
"16_75_9_2","0"
"16_75_9_3","0"
"16_75_9_4","31_60_8"
"18_75_9_0","0"
"18_75_9_1","0"
"18_75_9_2","0"
"18_75_9_3","0"
"18_75_9_4","35_58_8"
"20_75_9_0","0"
"20_75_9_1","0"
"20_75_9_2","0"
"20_75_9_3","39_56_8"
"22_75_9_0","0"
"22_75_9_1","0"
"22_75_9_2","43_54_8_1"
"22_75_9_3","43_54_8_0 + 43_54_8_1"
"24_75_9_0","0"
"24_75_9_1","0"
"24_75_9_2","0"
"24_75_9_3","47_52_8"
"28_75_9_0","0"
"28_75_9_1","0"
"28_75_9_2","0"
"28_75_9_3","0"
"28_75_9_4","55_48_8"
"34_75_9_0","0"
"34_75_9_1","0"
"34_75_9_2","67_42_8"
"36_75_9_0","0"
"36_75_9_1","0"
"36_75_9_2","71_40_8"
"38_75_9_0","0"
"38_75_9_1","0"
"38_75_9_2","0"
"38_75_9_3","75_38_8"
"44_75_9_0","0"
"44_75_9_1","0"
"44_75_9_2","87_32_8"
"46_75_9_0","0"
"46_75_9_1","0"
"46_75_9_2","91_30_8"
"48_75_9_0","0"
"48_75_9_1","0"
"48_75_9_2","95_28_8"
"50_75_9_0","0"
"50_75_9_1","0"
"50_75_9_2","0"
"50_75_9_3","99_26_8"
"59_75_9_0","0"
"59_75_9_1","0"
"59_75_9_2","117_17_8"
"76_75_9_0","0"
"76_75_9_1","0"
"76_75_9_2","151_0_8"
"2_75_10","3_74_9"
"3_75_10","5_73_9_0"
"4_75_10_0","0"
"4_75_10_1","7_72_9_1"
"4_75_10_2","7_72_9_0 + 7_72_9_1 + 7_72_9_2"
"4_75_10_3","7_72_9_3"
"4_75_10_4","7_72_9_3 + 7_72_9_4"
"4_75_10_5","7_72_9_1 + 7_72_9_5"
"4_75_10_6","7_72_9_0 + 7_72_9_3 + 7_72_9_4 + 7_72_9_5"
"6_75_10_0","0"
"6_75_10_1","0"
"6_75_10_2","0"
"6_75_10_3","11_70_9_2"
"6_75_10_4","11_70_9_1"
"7_75_10_0","0"
"7_75_10_1","0"
"7_75_10_2","13_69_9_0"
"7_75_10_3","13_69_9_0 + 13_69_9_2"
"8_75_10_0","0"
"8_75_10_1","0"
"8_75_10_2","0"
"8_75_10_3","0"
"8_75_10_4","15_68_9_0 + 15_68_9_1 + 15_68_9_2"
"8_75_10_5","15_68_9_0"
"8_75_10_6","15_68_9_1"
"10_75_10_0","0"
"10_75_10_1","0"
"10_75_10_2","19_66_9_0 + 19_66_9_1"
"11_75_10_0","0"
"11_75_10_1","21_65_9_0 + 21_65_9_1"
"12_75_10_0","0"
"12_75_10_1","0"
"12_75_10_2","23_64_9_1"
"12_75_10_3","23_64_9_0"
"13_75_10_0","0"
"13_75_10_1","0"
"13_75_10_2","25_63_9_0"
"14_75_10_0","0"
"14_75_10_1","0"
"14_75_10_2","0"
"14_75_10_3","27_62_9"
"16_75_10_0","0"
"16_75_10_1","0"
"16_75_10_2","31_60_9_0"
"16_75_10_3","31_60_9_2"
"16_75_10_4","31_60_9_1"
"19_75_10_0","0"
"19_75_10_1","0"
"19_75_10_2","37_57_9_1"
"20_75_10_0","0"
"20_75_10_1","0"
"20_75_10_2","0"
"20_75_10_3","39_56_9_1"
"20_75_10_4","39_56_9_0"
"22_75_10_0","0"
"22_75_10_1","0"
"22_75_10_2","0"
"22_75_10_3","0"
"22_75_10_4","43_54_9_0 + 43_54_9_1"
"22_75_10_5","43_54_9_1"
"28_75_10_0","0"
"28_75_10_1","0"
"28_75_10_2","55_48_9_0"
"28_75_10_3","55_48_9_1"
"34_75_10_0","0"
"34_75_10_1","67_42_9"
"38_75_10_0","0"
"38_75_10_1","75_38_9"
"42_75_10_0","0"
"42_75_10_1","83_34_9"
"44_75_10_0","0"
"44_75_10_1","87_32_9"
"46_75_10_0","0"
"46_75_10_1","91_30_9"
"47_75_10_0","0"
"47_75_10_1","93_29_9"
"48_75_10_0","0"
"48_75_10_1","0"
"48_75_10_2","95_28_9"
"50_75_10_0","0"
"50_75_10_1","0"
"50_75_10_2","99_26_9"
"54_75_10_0","0"
"54_75_10_1","107_22_9"
"76_75_10_0","0"
"76_75_10_1","151_0_9"
"2_75_11_0","3_74_10_0"
"2_75_11_1","3_74_10_1"
"3_75_11_0","0"
"3_75_11_1","5_73_10_1 + 5_73_10_2"
"4_75_11_0","0"
"4_75_11_1","0"
"4_75_11_2","7_72_10"
"5_75_11","9_71_10_0 + 9_71_10_1 + 9_71_10_2"
"6_75_11_0","0"
"6_75_11_1","11_70_10_1"
"6_75_11_2","11_70_10_0"
"8_75_11_0","0"
"8_75_11_1","0"
"8_75_11_2","15_68_10_2"
"8_75_11_3","15_68_10_0 + 15_68_10_1"
"8_75_11_4","15_68_10_1 + 15_68_10_2"
"10_75_11_0","0"
"10_75_11_1","0"
"10_75_11_2","19_66_10_3"
"10_75_11_3","19_66_10_3 + 19_66_10_4"
"10_75_11_4","19_66_10_0 + 19_66_10_1 + 19_66_10_4"
"12_75_11_0","0"
"12_75_11_1","0"
"12_75_11_2","23_64_10_0"
"12_75_11_3","23_64_10_2"
"12_75_11_4","23_64_10_0 + 23_64_10_1"
"14_75_11_0","0"
"14_75_11_1","0"
"14_75_11_2","0"
"14_75_11_3","27_62_10_1"
"16_75_11_0","0"
"16_75_11_1","0"
"16_75_11_2","0"
"16_75_11_3","31_60_10_0 + 31_60_10_1"
"16_75_11_4","31_60_10_1"
"19_75_11_0","0"
"19_75_11_1","0"
"19_75_11_2","37_57_10"
"20_75_11_0","0"
"20_75_11_1","0"
"20_75_11_2","0"
"20_75_11_3","39_56_10_2"
"20_75_11_4","39_56_10_0"
"22_75_11_0","0"
"22_75_11_1","0"
"22_75_11_2","0"
"22_75_11_3","43_54_10_0"
"22_75_11_4","43_54_10_1"
"32_75_11_0","0"
"32_75_11_1","63_44_10"
"36_75_11_0","0"
"36_75_11_1","71_40_10"
"42_75_11_0","0"
"42_75_11_1","83_34_10"
"45_75_11_0","0"
"45_75_11_1","89_31_10_0"
"46_75_11_0","0"
"46_75_11_1","0"
"46_75_11_2","91_30_10"
"48_75_11_0","0"
"48_75_11_1","0"
"48_75_11_2","95_28_10"
"52_75_11_0","0"
"52_75_11_1","103_24_10"
"54_75_11_0","0"
"54_75_11_1","107_22_10"
"76_75_11_0","0"
"76_75_11_1","151_0_10"
"3_75_12","5_73_11_0 + 5_73_11_1"
"4_75_12_0","0"
"4_75_12_1","7_72_11_0"
"4_75_12_2","7_72_11_2"
"4_75_12_3","7_72_11_1"
"6_75_12_0","0"
"6_75_12_1","11_70_11_1"
"6_75_12_2","11_70_11_0"
"8_75_12_0","0"
"8_75_12_1","0"
"8_75_12_2","15_68_11_2"
"8_75_12_3","15_68_11_0 + 15_68_11_1 + 15_68_11_2"
"8_75_12_4","15_68_11_0"
"10_75_12_0","0"
"10_75_12_1","19_66_11_1"
"10_75_12_2","19_66_11_0 + 19_66_11_1"
"11_75_12_0","0"
"11_75_12_1","21_65_11_2"
"11_75_12_2","21_65_11_0 + 21_65_11_1"
"13_75_12","25_63_11_1"
"14_75_12_0","0"
"14_75_12_1","27_62_11_1"
"14_75_12_2","27_62_11_0"
"15_75_12_0","0"
"15_75_12_1","29_61_11_0"
"16_75_12_0","0"
"16_75_12_1","0"
"16_75_12_2","31_60_11_1 + 31_60_11_2"
"16_75_12_3","31_60_11_2"
"16_75_12_4","31_60_11_0"
"18_75_12_0","0"
"18_75_12_1","0"
"18_75_12_2","35_58_11"
"20_75_12_0","0"
"20_75_12_1","0"
"20_75_12_2","39_56_11_1"
"20_75_12_3","39_56_11_0 + 39_56_11_1"
"22_75_12_0","0"
"22_75_12_1","43_54_11_0 + 43_54_11_1"
"24_75_12","47_52_11"
"30_75_12","59_46_11"
"35_75_12","69_41_11"
"42_75_12","83_34_11"
"46_75_12_0","0"
"46_75_12_1","91_30_11"
"51_75_12","101_25_11"
"52_75_12_0","0"
"52_75_12_1","103_24_11"
"76_75_12","151_0_11"
"2_75_13_0","3_74_12_0"
"2_75_13_1","3_74_12_0 + 3_74_12_1"
"4_75_13_0","7_72_12_0"
"4_75_13_1","7_72_12_0 + 7_72_12_2 + 7_72_12_3"
"4_75_13_2","7_72_12_2"
"4_75_13_3","7_72_12_0 + 7_72_12_1 + 7_72_12_2"
"5_75_13_0","0"
"5_75_13_1","9_71_12_0"
"6_75_13_0","0"
"6_75_13_1","11_70_12"
"8_75_13_0","0"
"8_75_13_1","0"
"8_75_13_2","15_68_12_0 + 15_68_12_1"
"8_75_13_3","15_68_12_0 + 15_68_12_1 + 15_68_12_2"
"8_75_13_4","15_68_12_0"
"9_75_13_0","0"
"9_75_13_1","0"
"9_75_13_2","17_67_12_0"
"10_75_13_0","0"
"10_75_13_1","0"
"10_75_13_2","19_66_12_1"
"10_75_13_3","19_66_12_2"
"11_75_13_0","0"
"11_75_13_1","21_65_12_0"
"12_75_13_0","0"
"12_75_13_1","0"
"12_75_13_2","23_64_12"
"14_75_13_0","0"
"14_75_13_1","0"
"14_75_13_2","27_62_12_0"
"14_75_13_3","27_62_12_1"
"14_75_13_4","27_62_12_0 + 27_62_12_2"
"16_75_13_0","0"
"16_75_13_1","0"
"16_75_13_2","31_60_12_1"
"16_75_13_3","31_60_12_0 + 31_60_12_1"
"18_75_13_0","0"
"18_75_13_1","0"
"18_75_13_2","35_58_12"
"20_75_13_0","0"
"20_75_13_1","0"
"20_75_13_2","39_56_12"
"22_75_13_0","0"
"22_75_13_1","43_54_12_0 + 43_54_12_1"
"22_75_13_2","43_54_12_0"
"28_75_13","55_48_12"
"36_75_13","71_40_12"
"40_75_13","79_36_12"
"42_75_13_0","0"
"42_75_13_1","83_34_12"
"51_75_13","101_25_12"
"76_75_13","151_0_12"
"2_75_14","3_74_13"
"3_75_14_0","5_73_13_2"
"3_75_14_1","5_73_13_0"
"4_75_14_0","0"
"4_75_14_1","0"
"4_75_14_2","7_72_13_1"
"4_75_14_3","7_72_13_1 + 7_72_13_2"
"4_75_14_4","7_72_13_0 + 7_72_13_1 + 7_72_13_2 + 7_72_13_3"
"4_75_14_5","7_72_13_1 + 7_72_13_2 + 7_72_13_3"
"7_75_14_0","0"
"7_75_14_1","13_69_13_0"
"8_75_14_0","0"
"8_75_14_1","0"
"8_75_14_2","15_68_13_0"
"8_75_14_3","15_68_13_2"
"8_75_14_4","15_68_13_1"
"12_75_14_0","0"
"12_75_14_1","0"
"12_75_14_2","23_64_13"
"14_75_14_0","0"
"14_75_14_1","0"
"14_75_14_2","27_62_13_0 + 27_62_13_1 + 27_62_13_2"
"14_75_14_3","27_62_13_2"
"14_75_14_4","27_62_13_1"
"16_75_14_0","0"
"16_75_14_1","0"
"16_75_14_2","31_60_13"
"18_75_14_0","0"
"18_75_14_1","35_58_13"
"20_75_14_0","0"
"20_75_14_1","39_56_13_0"
"20_75_14_2","39_56_13_0 + 39_56_13_1"
"22_75_14_0","0"
"22_75_14_1","43_54_13"
"26_75_14","51_50_13"
"34_75_14","67_42_13"
"36_75_14","71_40_13"
"39_75_14","77_37_13"
"40_75_14_0","0"
"40_75_14_1","79_36_13"
"42_75_14_0","0"
"42_75_14_1","83_34_13"
"46_75_14","91_30_13"
"76_75_14","151_0_13"
"2_75_15","3_74_14"
"3_75_15_0","5_73_14_0"
"3_75_15_1","5_73_14_0 + 5_73_14_1"
"4_75_15_0","0"
"4_75_15_1","0"
"4_75_15_2","7_72_14_1"
"4_75_15_3","7_72_14_0"
"6_75_15_0","11_70_14_0 + 11_70_14_2"
"6_75_15_1","11_70_14_0"
"6_75_15_2","11_70_14_1"
"8_75_15_0","0"
"8_75_15_1","0"
"8_75_15_2","0"
"8_75_15_3","15_68_14_0"
"8_75_15_4","15_68_14_0 + 15_68_14_1"
"12_75_15_0","0"
"12_75_15_1","0"
"12_75_15_2","23_64_14_0"
"14_75_15_0","0"
"14_75_15_1","0"
"14_75_15_2","0"
"14_75_15_3","27_62_14_1"
"14_75_15_4","27_62_14_0"
"16_75_15_0","0"
"16_75_15_1","0"
"16_75_15_2","31_60_14"
"18_75_15_0","0"
"18_75_15_1","0"
"18_75_15_2","35_58_14_1"
"18_75_15_3","35_58_14_0"
"22_75_15_0","0"
"22_75_15_1","43_54_14"
"24_75_15_0","0"
"24_75_15_1","47_52_14"
"28_75_15_0","0"
"28_75_15_1","55_48_14"
"34_75_15_0","0"
"34_75_15_1","67_42_14"
"37_75_15_0","0"
"37_75_15_1","73_39_14"
"40_75_15_0","0"
"40_75_15_1","0"
"40_75_15_2","79_36_14"
"44_75_15_0","0"
"44_75_15_1","87_32_14"
"46_75_15_0","0"
"46_75_15_1","91_30_14"
"76_75_15_0","0"
"76_75_15_1","151_0_14"
"2_75_16_0","3_74_15_1 + 3_74_15_2"
"2_75_16_1","3_74_15_0 + 3_74_15_1"
"2_75_16_2","3_74_15_1"
"4_75_16_0","7_72_15_1 + 7_72_15_2"
"4_75_16_1","7_72_15_1"
"4_75_16_2","7_72_15_0"
"5_75_16_0","0"
"5_75_16_1","9_71_15_1"
"5_75_16_2","9_71_15_0"
"6_75_16_0","0"
"6_75_16_1","0"
"6_75_16_2","0"
"6_75_16_3","11_70_15_0"
"6_75_16_4","11_70_15_1"
"8_75_16_0","0"
"8_75_16_1","0"
"8_75_16_2","15_68_15_1"
"8_75_16_3","15_68_15_0"
"8_75_16_4","15_68_15_1 + 15_68_15_2"
"10_75_16_0","0"
"10_75_16_1","19_66_15_1"
"10_75_16_2","19_66_15_1 + 19_66_15_2"
"10_75_16_3","19_66_15_0"
"12_75_16_0","0"
"12_75_16_1","0"
"12_75_16_2","23_64_15"
"14_75_16_0","0"
"14_75_16_1","27_62_15_0 + 27_62_15_1"
"16_75_16_0","0"
"16_75_16_1","31_60_15"
"22_75_16_0","43_54_15_1"
"22_75_16_1","43_54_15_0"
"27_75_16","53_49_15"
"30_75_16","59_46_15"
"34_75_16","67_42_15"
"43_75_16","85_33_15"
"44_75_16_0","0"
"44_75_16_1","87_32_15"
"76_75_16","151_0_15"
"2_75_17","3_74_16"
"3_75_17_0","0"
"3_75_17_1","5_73_16"
"4_75_17_0","0"
"4_75_17_1","0"
"4_75_17_2","7_72_16"
"6_75_17_0","0"
"6_75_17_1","11_70_16"
"8_75_17_0","0"
"8_75_17_1","15_68_16_1"
"8_75_17_2","15_68_16_0 + 15_68_16_1"
"10_75_17_0","0"
"10_75_17_1","19_66_16"
"12_75_17","23_64_16"
"14_75_17_0","27_62_16_1"
"14_75_17_1","27_62_16_0"
"20_75_17","39_56_16"
"22_75_17_0","0"
"22_75_17_1","43_54_16"
"28_75_17","55_48_16"
"30_75_17","59_46_16"
"32_75_17","63_44_16"
"34_75_17_0","0"
"34_75_17_1","67_42_16"
"43_75_17","85_33_16"
"76_75_17","151_0_16"
"3_75_18","5_73_17"
"4_75_18_0","0"
"4_75_18_1","7_72_17"
"6_75_18_0","0"
"6_75_18_1","11_70_17"
"7_75_18_0","0"
"7_75_18_1","0"
"7_75_18_2","13_69_17"
"8_75_18_0","0"
"8_75_18_1","0"
"8_75_18_2","0"
"8_75_18_3","15_68_17"
"10_75_18_0","0"
"10_75_18_1","0"
"10_75_18_2","19_66_17"
"12_75_18_0","0"
"12_75_18_1","0"
"12_75_18_2","23_64_17_0"
"12_75_18_3","23_64_17_0 + 23_64_17_1"
"14_75_18_0","0"
"14_75_18_1","0"
"14_75_18_2","0"
"14_75_18_3","27_62_17"
"18_75_18_0","0"
"18_75_18_1","0"
"18_75_18_2","35_58_17"
"22_75_18_0","0"
"22_75_18_1","0"
"22_75_18_2","43_54_17"
"26_75_18_0","0"
"26_75_18_1","0"
"26_75_18_2","51_50_17"
"28_75_18_0","0"
"28_75_18_1","0"
"28_75_18_2","55_48_17"
"30_75_18_0","0"
"30_75_18_1","0"
"30_75_18_2","59_46_17"
"31_75_18_0","0"
"31_75_18_1","0"
"31_75_18_2","61_45_17"
"32_75_18_0","0"
"32_75_18_1","0"
"32_75_18_2","0"
"32_75_18_3","63_44_17"
"34_75_18_0","0"
"34_75_18_1","0"
"34_75_18_2","0"
"34_75_18_3","67_42_17"
"38_75_18_0","0"
"38_75_18_1","0"
"38_75_18_2","75_38_17"
"76_75_18_0","0"
"76_75_18_1","0"
"76_75_18_2","151_0_17"
"2_75_19_0","3_74_18_0 + 3_74_18_1"
"2_75_19_1","3_74_18_1"
"4_75_19_0","7_72_18_1"
"4_75_19_1","7_72_18_0"
"5_75_19_0","0"
"5_75_19_1","9_71_18_0"
"6_75_19_0","0"
"6_75_19_1","0"
"6_75_19_2","11_70_18"
"8_75_19_0","0"
"8_75_19_1","15_68_18_0"
"8_75_19_2","15_68_18_0 + 15_68_18_1"
"10_75_19_0","0"
"10_75_19_1","19_66_18"
"12_75_19_0","0"
"12_75_19_1","0"
"12_75_19_2","23_64_18"
"14_75_19_0","0"
"14_75_19_1","27_62_18"
"16_75_19_0","0"
"16_75_19_1","31_60_18"
"20_75_19_0","0"
"20_75_19_1","39_56_18"
"26_75_19_0","0"
"26_75_19_1","51_50_18"
"29_75_19_0","0"
"29_75_19_1","57_47_18_0"
"30_75_19_0","0"
"30_75_19_1","0"
"30_75_19_2","59_46_18"
"32_75_19_0","0"
"32_75_19_1","0"
"32_75_19_2","63_44_18"
"36_75_19_0","0"
"36_75_19_1","71_40_18"
"38_75_19_0","0"
"38_75_19_1","75_38_18"
"76_75_19_0","0"
"76_75_19_1","151_0_18"
"2_75_20","3_74_19"
"3_75_20_0","0"
"3_75_20_1","5_73_19"
"4_75_20_0","0"
"4_75_20_1","0"
"4_75_20_2","7_72_19"
"8_75_20_0","0"
"8_75_20_1","15_68_19"
"12_75_20_0","0"
"12_75_20_1","23_64_19"
"14_75_20_0","0"
"14_75_20_1","27_62_19_0 + 27_62_19_1"
"14_75_20_2","27_62_19_0"
"19_75_20_0","0"
"19_75_20_1","37_57_19"
"26_75_20_0","0"
"26_75_20_1","51_50_19"
"30_75_20_0","0"
"30_75_20_1","0"
"30_75_20_2","59_46_19"
"35_75_20_0","0"
"35_75_20_1","69_41_19"
"36_75_20_0","0"
"36_75_20_1","0"
"36_75_20_2","71_40_19"
"76_75_20_0","0"
"76_75_20_1","151_0_19"
"3_75_21","5_73_20_0"
"4_75_21_0","0"
"4_75_21_1","7_72_20"
"6_75_21_0","0"
"6_75_21_1","11_70_20"
"12_75_21_0","0"
"12_75_21_1","23_64_20_1"
"12_75_21_2","23_64_20_0 + 23_64_20_1"
"14_75_21_0","0"
"14_75_21_1","0"
"14_75_21_2","27_62_20"
"20_75_21_0","0"
"20_75_21_1","39_56_20"
"24_75_21_0","0"
"24_75_21_1","47_52_20"
"26_75_21_0","0"
"26_75_21_1","0"
"26_75_21_2","51_50_20"
"35_75_21_0","0"
"35_75_21_1","69_41_20"
"76_75_21_0","0"
"76_75_21_1","151_0_20"
"2_75_22","3_74_21"
"4_75_22_0","7_72_21_0"
"4_75_22_1","7_72_21_2"
"4_75_22_2","7_72_21_1"
"6_75_22_0","0"
"6_75_22_1","11_70_21"
"8_75_22","15_68_21"
"10_75_22","19_66_21"
"12_75_22_0","0"
"12_75_22_1","23_64_21"
"14_75_22","27_62_21"
"18_75_22","35_58_21"
"20_75_22","39_56_21"
"23_75_22","45_53_21"
"24_75_22_0","0"
"24_75_22_1","47_52_21"
"26_75_22_0","0"
"26_75_22_1","51_50_21"
"30_75_22","59_46_21"
"76_75_22","151_0_21"
"2_75_23_0","3_74_22_0"
"2_75_23_1","3_74_22_1"
"6_75_23","11_70_22"
"8_75_23_0","15_68_22_1"
"8_75_23_1","15_68_22_0"
"12_75_23_0","23_64_22_1"
"12_75_23_1","23_64_22_0"
"18_75_23","35_58_22"
"21_75_23","41_55_22"
"24_75_23_0","0"
"24_75_23_1","47_52_22"
"28_75_23","55_48_22"
"30_75_23","59_46_22"
"76_75_23","151_0_22"
"3_75_24","5_73_23"
"6_75_24_0","0"
"6_75_24_1","11_70_23_0 + 11_70_23_1"
"6_75_24_2","11_70_23_0"
"8_75_24_0","0"
"8_75_24_1","0"
"8_75_24_2","15_68_23"
"10_75_24_0","0"
"10_75_24_1","19_66_23"
"11_75_24_0","0"
"11_75_24_1","21_65_23"
"12_75_24_0","0"
"12_75_24_1","0"
"12_75_24_2","23_64_23_1"
"14_75_24_0","0"
"14_75_24_1","27_62_23"
"18_75_24_0","0"
"18_75_24_1","35_58_23"
"27_75_24_0","0"
"27_75_24_1","53_49_23"
"28_75_24_0","0"
"28_75_24_1","0"
"28_75_24_2","55_48_23"
"76_75_24_0","0"
"76_75_24_1","151_0_23"
"2_75_25","3_74_24"
"4_75_25_0","7_72_24_1"
"4_75_25_1","7_72_24_0"
"6_75_25_0","0"
"6_75_25_1","11_70_24_0"
"6_75_25_2","11_70_24_0 + 11_70_24_1"
"10_75_25","19_66_24_1"
"12_75_25","23_64_24"
"14_75_25","27_62_24"
"16_75_25","31_60_24"
"18_75_25_0","0"
"18_75_25_1","35_58_24"
"27_75_25","53_49_24"
"76_75_25","151_0_24"
"76_76_2","151_1_1"
"46_76_3","91_31_2"
"62_76_3","123_15_2"
"70_76_3","139_7_2"
"74_76_3","147_3_2"
"75_76_3","149_2_2"
"32_76_4","63_45_3"
"40_76_4","79_37_3"
"44_76_4","87_33_3"
"46_76_4","91_31_3_1"
"56_76_4","111_21_3"
"60_76_4","119_17_3"
"62_76_4","123_15_3"
"68_76_4","135_9_3"
"70_76_4","139_7_3"
"74_76_4","147_3_3"
"15_76_5","29_62_4"
"16_76_5_0","0"
"16_76_5_1","31_61_4_1"
"16_76_5_2","31_61_4_0"
"20_76_5_0","0"
"20_76_5_1","0"
"20_76_5_2","39_57_4_0"
"20_76_5_3","39_57_4_1"
"24_76_5_0","0"
"24_76_5_1","0"
"24_76_5_2","47_53_4"
"32_76_5_0","0"
"32_76_5_1","0"
"32_76_5_2","63_45_4"
"36_76_5_0","0"
"36_76_5_1","0"
"36_76_5_2","71_41_4"
"37_76_5_0","0"
"37_76_5_1","0"
"37_76_5_2","73_40_4_1"
"43_76_5_0","0"
"43_76_5_1","85_34_4"
"46_76_5_0","0"
"46_76_5_1","91_31_4"
"55_76_5_0","0"
"55_76_5_1","109_22_4"
"59_76_5_0","0"
"59_76_5_1","117_18_4_1"
"62_76_5_0","0"
"62_76_5_1","123_15_4"
"68_76_5_0","0"
"68_76_5_1","135_9_4"
"70_76_5_0","0"
"70_76_5_1","139_7_4"
"8_76_6","15_69_5"
"14_76_6","27_63_5"
"15_76_6_0","0"
"15_76_6_1","29_62_5_0"
"15_76_6_2","29_62_5_1"
"16_76_6_0","0"
"16_76_6_1","0"
"16_76_6_2","0"
"16_76_6_3","31_61_5"
"19_76_6_0","0"
"19_76_6_1","0"
"19_76_6_2","37_58_5_1"
"20_76_6_0","0"
"20_76_6_1","0"
"20_76_6_2","0"
"20_76_6_3","39_57_5_0 + 39_57_5_1"
"20_76_6_4","39_57_5_1"
"24_76_6_0","0"
"24_76_6_1","0"
"24_76_6_2","47_53_5"
"28_76_6_0","0"
"28_76_6_1","0"
"28_76_6_2","55_49_5"
"30_76_6_0","0"
"30_76_6_1","0"
"30_76_6_2","0"
"30_76_6_3","59_47_5"
"32_76_6_0","0"
"32_76_6_1","0"
"32_76_6_2","0"
"32_76_6_3","0"
"32_76_6_4","63_45_5_0"
"32_76_6_5","63_45_5_1"
"36_76_6_0","0"
"36_76_6_1","0"
"36_76_6_2","0"
"36_76_6_3","0"
"36_76_6_4","71_41_5"
"44_76_6_0","0"
"44_76_6_1","87_33_5"
"46_76_6_0","0"
"46_76_6_1","91_31_5_1"
"54_76_6_0","0"
"54_76_6_1","107_23_5"
"56_76_6_0","0"
"56_76_6_1","0"
"56_76_6_2","111_21_5"
"60_76_6_0","0"
"60_76_6_1","119_17_5"
"62_76_6_0","0"
"62_76_6_1","123_15_5_0 + 123_15_5_1"
"66_76_6_0","0"
"66_76_6_1","131_11_5"
"68_76_6_0","0"
"68_76_6_1","0"
"68_76_6_2","135_9_5"
"6_76_7","11_71_6_0"
"7_76_7","13_70_6"
"8_76_7_0","0"
"8_76_7_1","15_69_6_2"
"8_76_7_2","15_69_6_0"
"8_76_7_3","15_69_6_0 + 15_69_6_1 + 15_69_6_2"
"10_76_7_0","0"
"10_76_7_1","19_67_6_2"
"10_76_7_2","19_67_6_0"
"13_76_7_0","0"
"13_76_7_1","25_64_6_0 + 25_64_6_1"
"14_76_7_0","0"
"14_76_7_1","0"
"14_76_7_2","27_63_6"
"15_76_7_0","0"
"15_76_7_1","0"
"15_76_7_2","0"
"15_76_7_3","29_62_6_0"
"16_76_7_0","0"
"16_76_7_1","0"
"16_76_7_2","0"
"16_76_7_3","0"
"16_76_7_4","31_61_6_0"
"16_76_7_5","31_61_6_3"
"16_76_7_6","31_61_6_1 + 31_61_6_2 + 31_61_6_3"
"16_76_7_7","31_61_6_0 + 31_61_6_2 + 31_61_6_3"
"20_76_7_0","0"
"20_76_7_1","0"
"20_76_7_2","0"
"20_76_7_3","0"
"20_76_7_4","0"
"20_76_7_5","0"
"20_76_7_6","0"
"20_76_7_7","39_57_6_0"
"20_76_7_8","39_57_6_0 + 39_57_6_1"
"25_76_7_0","0"
"25_76_7_1","0"
"25_76_7_2","0"
"25_76_7_3","0"
"25_76_7_4","0"
"25_76_7_5","49_52_6"
"26_76_7_0","0"
"26_76_7_1","0"
"26_76_7_2","0"
"26_76_7_3","0"
"26_76_7_4","0"
"26_76_7_5","51_51_6"
"28_76_7_0","0"
"28_76_7_1","0"
"28_76_7_2","0"
"28_76_7_3","0"
"28_76_7_4","0"
"28_76_7_5","55_49_6"
"30_76_7_0","0"
"30_76_7_1","0"
"30_76_7_2","0"
"30_76_7_3","0"
"30_76_7_4","59_47_6"
"31_76_7_0","0"
"31_76_7_1","0"
"31_76_7_2","0"
"31_76_7_3","0"
"31_76_7_4","61_46_6"
"32_76_7_0","0"
"32_76_7_1","0"
"32_76_7_2","0"
"32_76_7_3","0"
"32_76_7_4","0"
"32_76_7_5","63_45_6"
"39_76_7_0","0"
"39_76_7_1","0"
"39_76_7_2","77_38_6_0"
"40_76_7_0","0"
"40_76_7_1","0"
"40_76_7_2","0"
"40_76_7_3","79_37_6"
"46_76_7_0","0"
"46_76_7_1","0"
"46_76_7_2","91_31_6"
"51_76_7_0","0"
"51_76_7_1","0"
"51_76_7_2","101_26_6"
"54_76_7_0","0"
"54_76_7_1","0"
"54_76_7_2","0"
"54_76_7_3","107_23_6"
"60_76_7_0","0"
"60_76_7_1","0"
"60_76_7_2","119_17_6"
"62_76_7_0","0"
"62_76_7_1","0"
"62_76_7_2","123_15_6"
"66_76_7_0","0"
"66_76_7_1","0"
"66_76_7_2","131_11_6"
"67_76_7_0","0"
"67_76_7_1","0"
"67_76_7_2","133_10_6"
"4_76_8","7_73_7"
"6_76_8","11_71_7"
"7_76_8_0","13_70_7_0"
"7_76_8_1","13_70_7_1"
"8_76_8_0","0"
"8_76_8_1","0"
"8_76_8_2","15_69_7_2"
"8_76_8_3","15_69_7_1 + 15_69_7_2"
"8_76_8_4","15_69_7_0"
"12_76_8_0","23_65_7_0"
"12_76_8_1","23_65_7_1"
"14_76_8_0","0"
"14_76_8_1","0"
"14_76_8_2","27_63_7_1"
"14_76_8_3","27_63_7_0 + 27_63_7_1"
"15_76_8_0","0"
"15_76_8_1","0"
"15_76_8_2","0"
"15_76_8_3","0"
"15_76_8_4","29_62_7_1"
"16_76_8_0","0"
"16_76_8_1","0"
"16_76_8_2","0"
"16_76_8_3","0"
"16_76_8_4","0"
"16_76_8_5","31_61_7_0"
"16_76_8_6","31_61_7_1"
"16_76_8_7","31_61_7_0 + 31_61_7_1 + 31_61_7_2"
"18_76_8_0","0"
"18_76_8_1","0"
"18_76_8_2","0"
"18_76_8_3","0"
"18_76_8_4","35_59_7"
"20_76_8_0","0"
"20_76_8_1","0"
"20_76_8_2","0"
"20_76_8_3","39_57_7_1"
"24_76_8_0","0"
"24_76_8_1","0"
"24_76_8_2","0"
"24_76_8_3","47_53_7"
"26_76_8_0","0"
"26_76_8_1","0"
"26_76_8_2","0"
"26_76_8_3","0"
"26_76_8_4","51_51_7"
"30_76_8_0","0"
"30_76_8_1","0"
"30_76_8_2","0"
"30_76_8_3","59_47_7"
"32_76_8_0","0"
"32_76_8_1","0"
"32_76_8_2","0"
"32_76_8_3","63_45_7"
"36_76_8_0","0"
"36_76_8_1","0"
"36_76_8_2","71_41_7"
"38_76_8_0","0"
"38_76_8_1","0"
"38_76_8_2","75_39_7"
"40_76_8_0","0"
"40_76_8_1","0"
"40_76_8_2","0"
"40_76_8_3","79_37_7_1"
"40_76_8_4","79_37_7_0 + 79_37_7_1"
"44_76_8_0","0"
"44_76_8_1","0"
"44_76_8_2","87_33_7"
"46_76_8_0","0"
"46_76_8_1","0"
"46_76_8_2","91_31_7"
"48_76_8_0","0"
"48_76_8_1","0"
"48_76_8_2","95_29_7"
"60_76_8_0","0"
"60_76_8_1","0"
"60_76_8_2","119_17_7"
"62_76_8_0","0"
"62_76_8_1","0"
"62_76_8_2","123_15_7"
"66_76_8_0","0"
"66_76_8_1","0"
"66_76_8_2","131_11_7"
"3_76_9_0","5_74_8_0"
"3_76_9_1","5_74_8_0 + 5_74_8_2"
"4_76_9_0","0"
"4_76_9_1","0"
"4_76_9_2","7_73_8_0"
"4_76_9_3","7_73_8_1"
"4_76_9_4","7_73_8_0 + 7_73_8_2"
"6_76_9_0","0"
"6_76_9_1","0"
"6_76_9_2","11_71_8_1"
"6_76_9_3","11_71_8_1 + 11_71_8_2"
"7_76_9_0","0"
"7_76_9_1","0"
"7_76_9_2","13_70_8_0"
"8_76_9_0","0"
"8_76_9_1","0"
"8_76_9_2","0"
"8_76_9_3","15_69_8_1"
"8_76_9_4","15_69_8_2"
"8_76_9_5","15_69_8_2 + 15_69_8_3"
"8_76_9_6","15_69_8_0 + 15_69_8_1 + 15_69_8_2"
"10_76_9_0","0"
"10_76_9_1","0"
"10_76_9_2","0"
"10_76_9_3","19_67_8"
"12_76_9_0","0"
"12_76_9_1","0"
"12_76_9_2","23_65_8_1"
"12_76_9_3","23_65_8_0"
"13_76_9_0","0"
"13_76_9_1","0"
"13_76_9_2","25_64_8_0"
"13_76_9_3","25_64_8_0 + 25_64_8_1 + 25_64_8_2"
"14_76_9_0","0"
"14_76_9_1","0"
"14_76_9_2","0"
"14_76_9_3","0"
"14_76_9_4","27_63_8_0 + 27_63_8_1"
"14_76_9_5","27_63_8_1"
"15_76_9_0","0"
"15_76_9_1","0"
"15_76_9_2","0"
"15_76_9_3","0"
"15_76_9_4","29_62_8_0"
"16_76_9_0","0"
"16_76_9_1","0"
"16_76_9_2","0"
"16_76_9_3","0"
"16_76_9_4","0"
"16_76_9_5","31_61_8_0"
"16_76_9_6","31_61_8_1"
"18_76_9_0","0"
"18_76_9_1","0"
"18_76_9_2","0"
"18_76_9_3","35_59_8"
"20_76_9_0","0"
"20_76_9_1","0"
"20_76_9_2","0"
"20_76_9_3","39_57_8_0 + 39_57_8_1"
"20_76_9_4","39_57_8_0"
"31_76_9_0","0"
"31_76_9_1","0"
"31_76_9_2","0"
"31_76_9_3","61_46_8"
"35_76_9_0","0"
"35_76_9_1","0"
"35_76_9_2","0"
"35_76_9_3","69_42_8"
"40_76_9_0","0"
"40_76_9_1","0"
"40_76_9_2","0"
"40_76_9_3","79_37_8_0 + 79_37_8_1"
"40_76_9_4","79_37_8_0"
"42_76_9_0","0"
"42_76_9_1","0"
"42_76_9_2","0"
"42_76_9_3","83_35_8"
"46_76_9_0","0"
"46_76_9_1","0"
"46_76_9_2","91_31_8_0 + 91_31_8_1"
"46_76_9_3","91_31_8_0"
"48_76_9_0","0"
"48_76_9_1","0"
"48_76_9_2","0"
"48_76_9_3","95_29_8"
"54_76_9_0","0"
"54_76_9_1","0"
"54_76_9_2","107_23_8"
"60_76_9_0","0"
"60_76_9_1","0"
"60_76_9_2","119_17_8"
"62_76_9_0","0"
"62_76_9_1","0"
"62_76_9_2","123_15_8"
"2_76_10","3_75_9"
"3_76_10_0","5_74_9_0"
"3_76_10_1","5_74_9_1 + 5_74_9_2"
"4_76_10_0","0"
"4_76_10_1","0"
"4_76_10_2","7_73_9_0"
"4_76_10_3","7_73_9_1"
"4_76_10_4","7_73_9_0 + 7_73_9_2"
"5_76_10_0","0"
"5_76_10_1","9_72_9_0"
"6_76_10_0","0"
"6_76_10_1","11_71_9_1"
"6_76_10_2","11_71_9_0"
"7_76_10_0","0"
"7_76_10_1","0"
"7_76_10_2","13_70_9_0"
"8_76_10_0","0"
"8_76_10_1","0"
"8_76_10_2","0"
"8_76_10_3","15_69_9_1"
"8_76_10_4","15_69_9_0"
"8_76_10_5","15_69_9_1 + 15_69_9_2"
"10_76_10_0","0"
"10_76_10_1","0"
"10_76_10_2","19_67_9_1 + 19_67_9_2"
"12_76_10_0","0"
"12_76_10_1","0"
"12_76_10_2","23_65_9_0 + 23_65_9_1"
"12_76_10_3","23_65_9_2"
"12_76_10_4","23_65_9_0 + 23_65_9_1 + 23_65_9_2 + 23_65_9_3"
"14_76_10_0","0"
"14_76_10_1","0"
"14_76_10_2","27_63_9_0"
"14_76_10_3","27_63_9_1"
"16_76_10_0","0"
"16_76_10_1","0"
"16_76_10_2","0"
"16_76_10_3","31_61_9_1"
"16_76_10_4","31_61_9_0"
"18_76_10_0","0"
"18_76_10_1","0"
"18_76_10_2","0"
"18_76_10_3","35_59_9"
"20_76_10_0","0"
"20_76_10_1","0"
"20_76_10_2","0"
"20_76_10_3","39_57_9_0"
"20_76_10_4","39_57_9_0 + 39_57_9_1"
"24_76_10_0","0"
"24_76_10_1","0"
"24_76_10_2","0"
"24_76_10_3","47_53_9"
"32_76_10_0","0"
"32_76_10_1","63_45_9"
"39_76_10_0","0"
"39_76_10_1","77_38_9"
"40_76_10_0","0"
"40_76_10_1","0"
"40_76_10_2","79_37_9"
"42_76_10_0","0"
"42_76_10_1","83_35_9"
"45_76_10_0","0"
"45_76_10_1","89_32_9"
"46_76_10_0","0"
"46_76_10_1","0"
"46_76_10_2","91_31_9_0 + 91_31_9_1"
"46_76_10_3","91_31_9_0"
"48_76_10_0","0"
"48_76_10_1","0"
"48_76_10_2","95_29_9"
"52_76_10_0","0"
"52_76_10_1","103_25_9"
"54_76_10_0","0"
"54_76_10_1","107_23_9_1"
"58_76_10_0","0"
"58_76_10_1","115_19_9"
"60_76_10_0","0"
"60_76_10_1","0"
"60_76_10_2","119_17_9"
"2_76_11","3_75_10"
"3_76_11_0","0"
"3_76_11_1","5_74_10"
"4_76_11_0","0"
"4_76_11_1","0"
"4_76_11_2","7_73_10_0"
"4_76_11_3","7_73_10_0 + 7_73_10_1"
"4_76_11_4","7_73_10_2"
"6_76_11_0","0"
"6_76_11_1","0"
"6_76_11_2","11_71_10_0"
"6_76_11_3","11_71_10_0 + 11_71_10_1"
"7_76_11_0","0"
"7_76_11_1","0"
"7_76_11_2","13_70_10_0"
"8_76_11_0","0"
"8_76_11_1","0"
"8_76_11_2","0"
"8_76_11_3","15_69_10_1"
"8_76_11_4","15_69_10_0 + 15_69_10_1"
"10_76_11_0","0"
"10_76_11_1","19_67_10"
"11_76_11_0","0"
"11_76_11_1","21_66_10_2"
"12_76_11_0","0"
"12_76_11_1","0"
"12_76_11_2","23_65_10_1"
"13_76_11_0","0"
"13_76_11_1","25_64_10_0"
"14_76_11_0","0"
"14_76_11_1","0"
"14_76_11_2","27_63_10"
"15_76_11_0","0"
"15_76_11_1","0"
"15_76_11_2","29_62_10_0"
"16_76_11_0","0"
"16_76_11_1","0"
"16_76_11_2","0"
"16_76_11_3","31_61_10_1"
"16_76_11_4","31_61_10_0"
"18_76_11_0","0"
"18_76_11_1","0"
"18_76_11_2","35_59_10_1"
"20_76_11_0","0"
"20_76_11_1","0"
"20_76_11_2","39_57_10"
"23_76_11_0","0"
"23_76_11_1","45_54_10_0"
"30_76_11","59_47_10"
"36_76_11","71_41_10"
"40_76_11","79_37_10"
"43_76_11","85_34_10"
"46_76_11_0","0"
"46_76_11_1","91_31_10_1"
"46_76_11_2","91_31_10_0 + 91_31_10_1"
"52_76_11","103_25_10"
"54_76_11","107_23_10"
"58_76_11","115_19_10"
"59_76_11","117_18_10"
"2_76_12_0","3_75_11_0"
"2_76_12_1","3_75_11_0 + 3_75_11_1"
"3_76_12","5_74_11_1 + 5_74_11_2"
"4_76_12_0","0"
"4_76_12_1","7_73_11_1"
"4_76_12_2","7_73_11_0"
"6_76_12","11_71_11_0"
"8_76_12_0","0"
"8_76_12_1","15_69_11_2"
"8_76_12_2","15_69_11_0 + 15_69_11_1 + 15_69_11_2"
"8_76_12_3","15_69_11_0 + 15_69_11_2"
"10_76_12_0","0"
"10_76_12_1","0"
"10_76_12_2","19_67_11_0"
"10_76_12_3","19_67_11_0 + 19_67_11_2"
"12_76_12_0","23_65_11_0 + 23_65_11_2"
"12_76_12_1","23_65_11_2"
"12_76_12_2","23_65_11_1 + 23_65_11_2"
"14_76_12_0","27_63_11_2"
"14_76_12_1","27_63_11_1"
"14_76_12_2","27_63_11_0"
"16_76_12_0","0"
"16_76_12_1","31_61_11_2"
"16_76_12_2","31_61_11_1 + 31_61_11_2"
"16_76_12_3","31_61_11_0 + 31_61_11_1"
"18_76_12_0","0"
"18_76_12_1","0"
"18_76_12_2","35_59_11"
"20_76_12_0","0"
"20_76_12_1","0"
"20_76_12_2","39_57_11"
"24_76_12","47_53_11"
"28_76_12","55_49_11"
"34_76_12","67_43_11"
"36_76_12_0","0"
"36_76_12_1","71_41_11"
"40_76_12","79_37_11"
"46_76_12_0","0"
"46_76_12_1","91_31_11"
"52_76_12","103_25_11"
"54_76_12","107_23_11"
"58_76_12","115_19_11"
"2_76_13","3_75_12"
"4_76_13_0","7_73_12_0 + 7_73_12_2"
"4_76_13_1","7_73_12_0 + 7_73_12_1"
"4_76_13_2","7_73_12_0"
"4_76_13_3","7_73_12_3"
"5_76_13_0","0"
"5_76_13_1","0"
"5_76_13_2","9_72_12_0"
"6_76_13_0","0"
"6_76_13_1","0"
"6_76_13_2","11_71_12_0"
"7_76_13_0","0"
"7_76_13_1","13_70_12"
"8_76_13_0","0"
"8_76_13_1","0"
"8_76_13_2","15_69_12_0"
"8_76_13_3","15_69_12_1"
"10_76_13_0","0"
"10_76_13_1","19_67_12"
"11_76_13_0","21_66_12_1"
"11_76_13_1","21_66_12_0"
"12_76_13_0","0"
"12_76_13_1","0"
"12_76_13_2","23_65_12_0"
"12_76_13_3","23_65_12_1"
"14_76_13_0","0"
"14_76_13_1","0"
"14_76_13_2","27_63_12"
"16_76_13_0","0"
"16_76_13_1","0"
"16_76_13_2","31_61_12_0 + 31_61_12_1"
"16_76_13_3","31_61_12_1"
"18_76_13_0","0"
"18_76_13_1","35_59_12_1"
"18_76_13_2","35_59_12_0"
"20_76_13_0","0"
"20_76_13_1","39_57_12_1"
"20_76_13_2","39_57_12_0 + 39_57_12_1"
"24_76_13","47_53_12"
"26_76_13","51_51_12"
"32_76_13","63_45_12"
"34_76_13_0","0"
"34_76_13_1","67_43_12"
"38_76_13","75_39_12"
"40_76_13_0","0"
"40_76_13_1","79_37_12"
"46_76_13","91_31_12"
"52_76_13","103_25_12"
"54_76_13","107_23_12"
"3_76_14_0","5_74_13_0"
"3_76_14_1","5_74_13_2"
"4_76_14_0","0"
"4_76_14_1","0"
"4_76_14_2","7_73_13_0 + 7_73_13_1"
"4_76_14_3","7_73_13_0"
"4_76_14_4","7_73_13_2"
"6_76_14_0","11_71_13_2"
"6_76_14_1","11_71_13_0"
"6_76_14_2","11_71_13_1"
"6_76_14_3","11_71_13_0 + 11_71_13_3"
"8_76_14_0","0"
"8_76_14_1","0"
"8_76_14_2","0"
"8_76_14_3","15_69_13_1"
"8_76_14_4","15_69_13_1 + 15_69_13_2"
"8_76_14_5","15_69_13_0 + 15_69_13_1 + 15_69_13_2"
"9_76_14_0","0"
"9_76_14_1","0"
"9_76_14_2","0"
"9_76_14_3","0"
"9_76_14_4","17_68_13_0"
"12_76_14_0","0"
"12_76_14_1","0"
"12_76_14_2","0"
"12_76_14_3","0"
"12_76_14_4","23_65_13_0"
"14_76_14_0","0"
"14_76_14_1","0"
"14_76_14_2","0"
"14_76_14_3","0"
"14_76_14_4","27_63_13"
"16_76_14_0","0"
"16_76_14_1","0"
"16_76_14_2","0"
"16_76_14_3","0"
"16_76_14_4","31_61_13_0"
"16_76_14_5","31_61_13_0 + 31_61_13_1"
"18_76_14_0","0"
"18_76_14_1","0"
"18_76_14_2","0"
"18_76_14_3","35_59_13_1"
"18_76_14_4","35_59_13_0 + 35_59_13_1"
"24_76_14_0","0"
"24_76_14_1","0"
"24_76_14_2","47_53_13_1"
"24_76_14_3","47_53_13_0 + 47_53_13_1"
"30_76_14_0","0"
"30_76_14_1","0"
"30_76_14_2","59_47_13_1"
"34_76_14_0","0"
"34_76_14_1","0"
"34_76_14_2","67_43_13"
"37_76_14_0","0"
"37_76_14_1","0"
"37_76_14_2","73_40_13"
"38_76_14_0","0"
"38_76_14_1","0"
"38_76_14_2","0"
"38_76_14_3","75_39_13"
"40_76_14_0","0"
"40_76_14_1","0"
"40_76_14_2","0"
"40_76_14_3","79_37_13"
"44_76_14_0","0"
"44_76_14_1","0"
"44_76_14_2","87_33_13"
"46_76_14_0","0"
"46_76_14_1","0"
"46_76_14_2","91_31_13_1"
"50_76_14_0","0"
"50_76_14_1","0"
"50_76_14_2","99_27_13"
"52_76_14_0","0"
"52_76_14_1","0"
"52_76_14_2","0"
"52_76_14_3","103_25_13"
"2_76_15_0","3_75_14_0"
"2_76_15_1","3_75_14_1"
"3_76_15","5_74_14_0 + 5_74_14_2 + 5_74_14_3"
"4_76_15_0","0"
"4_76_15_1","7_73_14_0"
"4_76_15_2","7_73_14_0 + 7_73_14_1"
"4_76_15_3","7_73_14_0 + 7_73_14_3"
"4_76_15_4","7_73_14_2 + 7_73_14_3"
"6_76_15_0","0"
"6_76_15_1","0"
"6_76_15_2","11_71_14_0 + 11_71_14_2"
"6_76_15_3","11_71_14_0 + 11_71_14_1 + 11_71_14_3"
"6_76_15_4","11_71_14_0 + 11_71_14_1"
"6_76_15_5","11_71_14_2"
"7_76_15_0","0"
"7_76_15_1","0"
"7_76_15_2","13_70_14_0"
"8_76_15_0","0"
"8_76_15_1","0"
"8_76_15_2","0"
"8_76_15_3","15_69_14_0 + 15_69_14_1"
"8_76_15_4","15_69_14_0"
"10_76_15_0","0"
"10_76_15_1","0"
"10_76_15_2","19_67_14_2"
"10_76_15_3","19_67_14_0 + 19_67_14_2"
"12_76_15_0","0"
"12_76_15_1","0"
"12_76_15_2","0"
"12_76_15_3","23_65_14_0"
"12_76_15_4","23_65_14_0 + 23_65_14_1"
"16_76_15_0","0"
"16_76_15_1","0"
"16_76_15_2","31_61_14_1"
"16_76_15_3","31_61_14_0"
"22_76_15_0","0"
"22_76_15_1","43_55_14"
"24_76_15_0","0"
"24_76_15_1","0"
"24_76_15_2","47_53_14"
"28_76_15_0","0"
"28_76_15_1","55_49_14"
"30_76_15_0","0"
"30_76_15_1","0"
"30_76_15_2","59_47_14"
"35_76_15_0","0"
"35_76_15_1","69_42_14"
"38_76_15_0","0"
"38_76_15_1","0"
"38_76_15_2","75_39_14"
"44_76_15_0","0"
"44_76_15_1","87_33_14"
"46_76_15_0","0"
"46_76_15_1","91_31_14"
"50_76_15_0","0"
"50_76_15_1","99_27_14"
"51_76_15_0","0"
"51_76_15_1","101_26_14"
"2_76_16_0","3_75_15_0 + 3_75_15_1"
"2_76_16_1","3_75_15_1"
"3_76_16","5_74_15"
"4_76_16_0","0"
"4_76_16_1","7_73_15_0 + 7_73_15_1"
"4_76_16_2","7_73_15_0"
"6_76_16_0","0"
"6_76_16_1","11_71_15_0 + 11_71_15_1"
"6_76_16_2","11_71_15_1"
"6_76_16_3","11_71_15_0 + 11_71_15_1 + 11_71_15_2"
"8_76_16_0","0"
"8_76_16_1","15_69_15_1"
"8_76_16_2","15_69_15_0"
"10_76_16_0","0"
"10_76_16_1","0"
"10_76_16_2","19_67_15"
"12_76_16_0","0"
"12_76_16_1","23_65_15_1"
"12_76_16_2","23_65_15_0"
"14_76_16","27_63_15"
"15_76_16_0","0"
"15_76_16_1","29_62_15_0"
"16_76_16_0","0"
"16_76_16_1","0"
"16_76_16_2","31_61_15"
"20_76_16_0","0"
"20_76_16_1","39_57_15"
"24_76_16_0","0"
"24_76_16_1","47_53_15"
"26_76_16_0","0"
"26_76_16_1","51_51_15"
"28_76_16_0","0"
"28_76_16_1","0"
"28_76_16_2","55_49_15"
"30_76_16_0","0"
"30_76_16_1","59_47_15"
"32_76_16_0","0"
"32_76_16_1","63_45_15"
"44_76_16_0","0"
"44_76_16_1","87_33_15"
"46_76_16_0","0"
"46_76_16_1","91_31_15"
"50_76_16_0","0"
"50_76_16_1","99_27_15"
"3_76_17","5_74_16"
"4_76_17_0","0"
"4_76_17_1","7_73_16"
"6_76_17_0","0"
"6_76_17_1","11_71_16_1"
"6_76_17_2","11_71_16_0"
"7_76_17_0","0"
"7_76_17_1","0"
"7_76_17_2","13_70_16"
"8_76_17_0","0"
"8_76_17_1","0"
"8_76_17_2","0"
"8_76_17_3","15_69_16"
"10_76_17_0","0"
"10_76_17_1","0"
"10_76_17_2","19_67_16_1"
"10_76_17_3","19_67_16_0 + 19_67_16_1"
"12_76_17_0","0"
"12_76_17_1","0"
"12_76_17_2","23_65_16_1"
"12_76_17_3","23_65_16_0 + 23_65_16_1"
"14_76_17_0","0"
"14_76_17_1","0"
"14_76_17_2","0"
"14_76_17_3","27_63_16"
"16_76_17_0","0"
"16_76_17_1","0"
"16_76_17_2","0"
"16_76_17_3","31_61_16"
"18_76_17_0","0"
"18_76_17_1","0"
"18_76_17_2","0"
"18_76_17_3","35_59_16"
"24_76_17_0","0"
"24_76_17_1","0"
"24_76_17_2","0"
"24_76_17_3","47_53_16_0 + 47_53_16_1"
"24_76_17_4","47_53_16_0"
"26_76_17_0","0"
"26_76_17_1","0"
"26_76_17_2","0"
"26_76_17_3","0"
"26_76_17_4","51_51_16"
"30_76_17_0","0"
"30_76_17_1","0"
"30_76_17_2","0"
"30_76_17_3","59_47_16_1"
"30_76_17_4","59_47_16_0 + 59_47_16_1"
"32_76_17_0","0"
"32_76_17_1","0"
"32_76_17_2","0"
"32_76_17_3","0"
"32_76_17_4","63_45_16"
"38_76_17_0","0"
"38_76_17_1","0"
"38_76_17_2","0"
"38_76_17_3","75_39_16"
"44_76_17_0","0"
"44_76_17_1","0"
"44_76_17_2","0"
"44_76_17_3","87_33_16"
"46_76_17_0","0"
"46_76_17_1","0"
"46_76_17_2","0"
"46_76_17_3","91_31_16"
"2_76_18_0","3_75_17_1"
"2_76_18_1","3_75_17_0"
"4_76_18_0","7_73_17_1"
"4_76_18_1","7_73_17_0"
"4_76_18_2","7_73_17_0 + 7_73_17_2"
"6_76_18_0","0"
"6_76_18_1","0"
"6_76_18_2","11_71_17"
"8_76_18_0","0"
"8_76_18_1","15_69_17_1"
"8_76_18_2","15_69_17_0 + 15_69_17_1"
"10_76_18_0","0"
"10_76_18_1","19_67_17"
"12_76_18_0","0"
"12_76_18_1","0"
"12_76_18_2","23_65_17"
"13_76_18_0","0"
"13_76_18_1","25_64_17_0"
"16_76_18_0","0"
"16_76_18_1","0"
"16_76_18_2","31_61_17"
"23_76_18_0","0"
"23_76_18_1","0"
"23_76_18_2","45_54_17"
"24_76_18_0","0"
"24_76_18_1","0"
"24_76_18_2","0"
"24_76_18_3","47_53_17"
"26_76_18_0","0"
"26_76_18_1","0"
"26_76_18_2","51_51_17"
"29_76_18_0","0"
"29_76_18_1","0"
"29_76_18_2","57_48_17"
"30_76_18_0","0"
"30_76_18_1","0"
"30_76_18_2","0"
"30_76_18_3","59_47_17_0"
"30_76_18_4","59_47_17_0 + 59_47_17_1"
"32_76_18_0","0"
"32_76_18_1","0"
"32_76_18_2","0"
"32_76_18_3","63_45_17"
"36_76_18_0","0"
"36_76_18_1","0"
"36_76_18_2","71_41_17"
"38_76_18_0","0"
"38_76_18_1","0"
"38_76_18_2","75_39_17_1"
"42_76_18_0","0"
"42_76_18_1","0"
"42_76_18_2","83_35_17"
"44_76_18_0","0"
"44_76_18_1","0"
"44_76_18_2","0"
"44_76_18_3","87_33_17"
"2_76_19","3_75_18"
"3_76_19_0","0"
"3_76_19_1","5_74_18"
"4_76_19_0","0"
"4_76_19_1","0"
"4_76_19_2","7_73_18"
"8_76_19_0","0"
"8_76_19_1","15_69_18"
"9_76_19_0","0"
"9_76_19_1","0"
"9_76_19_2","17_68_18"
"12_76_19_0","0"
"12_76_19_1","0"
"12_76_19_2","23_65_18"
"14_76_19_0","0"
"14_76_19_1","0"
"14_76_19_2","27_63_18"
"20_76_19_0","0"
"20_76_19_1","0"
"20_76_19_2","39_57_18"
"24_76_19_0","0"
"24_76_19_1","0"
"24_76_19_2","47_53_18"
"27_76_19_0","0"
"27_76_19_1","0"
"27_76_19_2","53_50_18"
"30_76_19_0","0"
"30_76_19_1","0"
"30_76_19_2","0"
"30_76_19_3","59_47_18_1"
"30_76_19_4","59_47_18_0"
"36_76_19_0","0"
"36_76_19_1","0"
"36_76_19_2","71_41_18"
"38_76_19_0","0"
"38_76_19_1","0"
"38_76_19_2","75_39_18"
"42_76_19_0","0"
"42_76_19_1","0"
"42_76_19_2","83_35_18"
"43_76_19_0","0"
"43_76_19_1","0"
"43_76_19_2","85_34_18"
"3_76_20","5_74_19"
"4_76_20_0","0"
"4_76_20_1","7_73_19"
"6_76_20_0","0"
"6_76_20_1","11_71_19"
"7_76_20_0","0"
"7_76_20_1","0"
"7_76_20_2","13_70_19"
"12_76_20_0","0"
"12_76_20_1","0"
"12_76_20_2","23_65_19_1"
"12_76_20_3","23_65_19_0 + 23_65_19_1"
"18_76_20_0","0"
"18_76_20_1","0"
"18_76_20_2","35_59_19"
"20_76_20_0","0"
"20_76_20_1","0"
"20_76_20_2","0"
"20_76_20_3","39_57_19"
"24_76_20_0","0"
"24_76_20_1","0"
"24_76_20_2","47_53_19"
"30_76_20_0","0"
"30_76_20_1","0"
"30_76_20_2","0"
"30_76_20_3","59_47_19"
"36_76_20_0","0"
"36_76_20_1","0"
"36_76_20_2","71_41_19"
"38_76_20_0","0"
"38_76_20_1","0"
"38_76_20_2","75_39_19"
"42_76_20_0","0"
"42_76_20_1","0"
"42_76_20_2","83_35_19"
"2_76_21_0","3_75_20_1"
"2_76_21_1","3_75_20_0"
"4_76_21_0","7_73_20_1"
"4_76_21_1","7_73_20_0"
"6_76_21_0","0"
"6_76_21_1","11_71_20_1"
"6_76_21_2","11_71_20_0"
"8_76_21_0","0"
"8_76_21_1","15_69_20"
"10_76_21_0","0"
"10_76_21_1","19_67_20_1"
"10_76_21_2","19_67_20_0 + 19_67_20_1"
"16_76_21_0","0"
"16_76_21_1","31_61_20"
"18_76_21_0","0"
"18_76_21_1","0"
"18_76_21_2","35_59_20"
"22_76_21_0","0"
"22_76_21_1","43_55_20"
"24_76_21_0","0"
"24_76_21_1","0"
"24_76_21_2","47_53_20"
"30_76_21_0","0"
"30_76_21_1","59_47_20"
"36_76_21_0","0"
"36_76_21_1","71_41_20"
"38_76_21_0","0"
"38_76_21_1","75_39_20"
"2_76_22","3_75_21"
"5_76_22","9_72_21_0"
"8_76_22_0","0"
"8_76_22_1","15_69_21_1"
"8_76_22_2","15_69_21_0"
"10_76_22_0","0"
"10_76_22_1","0"
"10_76_22_2","19_67_21"
"14_76_22_0","0"
"14_76_22_1","27_63_21_1"
"15_76_22_0","0"
"15_76_22_1","29_62_21"
"18_76_22_0","0"
"18_76_22_1","35_59_21"
"21_76_22_0","0"
"21_76_22_1","41_56_21"
"22_76_22_0","0"
"22_76_22_1","0"
"22_76_22_2","43_55_21"
"24_76_22_0","0"
"24_76_22_1","0"
"24_76_22_2","47_53_21"
"28_76_22_0","0"
"28_76_22_1","55_49_21"
"30_76_22_0","0"
"30_76_22_1","59_47_21_1"
"34_76_22_0","0"
"34_76_22_1","67_43_21"
"36_76_22_0","0"
"36_76_22_1","0"
"36_76_22_2","71_41_21"
"3_76_23","5_74_22"
"6_76_23_0","0"
"6_76_23_1","11_71_22"
"8_76_23_0","0"
"8_76_23_1","0"
"8_76_23_2","15_69_22"
"10_76_23_0","0"
"10_76_23_1","19_67_22"
"12_76_23_0","0"
"12_76_23_1","23_65_22"
"14_76_23_0","0"
"14_76_23_1","0"
"14_76_23_2","27_63_22"
"19_76_23_0","0"
"19_76_23_1","37_58_22"
"22_76_23_0","0"
"22_76_23_1","0"
"22_76_23_2","43_55_22"
"28_76_23_0","0"
"28_76_23_1","55_49_22"
"30_76_23_0","0"
"30_76_23_1","59_47_22"
"34_76_23_0","0"
"34_76_23_1","67_43_22"
"35_76_23_0","0"
"35_76_23_1","69_42_22"
"2_76_24","3_75_23"
"4_76_24_0","7_73_23_1"
"4_76_24_1","7_73_23_0 + 7_73_23_1"
"6_76_24_0","0"
"6_76_24_1","11_71_23"
"8_76_24","15_69_23"
"10_76_24","19_67_23"
"12_76_24_0","0"
"12_76_24_1","23_65_23"
"14_76_24","27_63_23"
"16_76_24","31_61_23"
"28_76_24","55_49_23"
"30_76_24","59_47_23"
"34_76_24","67_43_23"
"78_77_2","155_0_1"
"48_77_3","95_30_2"
"64_77_3_0","0"
"64_77_3_1","127_14_2"
"72_77_3_0","0"
"72_77_3_1","143_6_2"
"76_77_3_0","0"
"76_77_3_1","151_2_2"
"78_77_3_0","0"
"78_77_3_1","155_0_2"
"16_77_4","31_62_3"
"24_77_4","47_54_3"
"26_77_4","51_52_3"
"40_77_4","79_38_3"
"44_77_4","87_34_3"
"47_77_4","93_31_3_0"
"48_77_4_0","0"
"48_77_4_1","95_30_3"
"57_77_4_0","0"
"57_77_4_1","113_21_3"
"60_77_4_0","0"
"60_77_4_1","0"
"60_77_4_2","119_18_3"
"64_77_4_0","0"
"64_77_4_1","0"
"64_77_4_2","127_14_3"
"69_77_4_0","0"
"69_77_4_1","0"
"69_77_4_2","137_9_3"
"75_77_4_0","0"
"75_77_4_1","149_3_3"
"78_77_4_0","0"
"78_77_4_1","155_0_3"
"14_77_5","27_64_4"
"16_77_5_0","0"
"16_77_5_1","31_62_4_0 + 31_62_4_1"
"16_77_5_2","31_62_4_0"
"20_77_5_0","0"
"20_77_5_1","39_58_4"
"24_77_5_0","0"
"24_77_5_1","47_54_4_0 + 47_54_4_1"
"24_77_5_2","47_54_4_1"
"30_77_5_0","0"
"30_77_5_1","59_48_4"
"38_77_5","75_40_4_1"
"40_77_5_0","0"
"40_77_5_1","79_38_4_0 + 79_38_4_1"
"44_77_5","87_34_4"
"46_77_5","91_32_4"
"48_77_5_0","0"
"48_77_5_1","95_30_4"
"55_77_5_0","0"
"55_77_5_1","109_23_4"
"56_77_5_0","0"
"56_77_5_1","0"
"56_77_5_2","111_22_4"
"60_77_5_0","0"
"60_77_5_1","0"
"60_77_5_2","119_18_4_1"
"64_77_5_0","0"
"64_77_5_1","0"
"64_77_5_2","127_14_4"
"78_77_5_0","0"
"78_77_5_1","155_0_4"
"10_77_6","19_68_5_1"
"13_77_6","25_65_5"
"14_77_6_0","0"
"14_77_6_1","27_64_5_1"
"14_77_6_2","27_64_5_0 + 27_64_5_1"
"15_77_6_0","0"
"15_77_6_1","0"
"15_77_6_2","29_63_5"
"16_77_6_0","0"
"16_77_6_1","0"
"16_77_6_2","0"
"16_77_6_3","31_62_5_2"
"16_77_6_4","31_62_5_2 + 31_62_5_3"
"16_77_6_5","31_62_5_0 + 31_62_5_2"
"16_77_6_6","31_62_5_2 + 31_62_5_3 + 31_62_5_4"
"16_77_6_7","31_62_5_1 + 31_62_5_2 + 31_62_5_4"
"20_77_6_0","0"
"20_77_6_1","0"
"20_77_6_2","0"
"20_77_6_3","0"
"20_77_6_4","39_58_5"
"22_77_6_0","0"
"22_77_6_1","0"
"22_77_6_2","0"
"22_77_6_3","43_56_5"
"24_77_6_0","0"
"24_77_6_1","0"
"24_77_6_2","0"
"24_77_6_3","0"
"24_77_6_4","47_54_5"
"34_77_6_0","0"
"34_77_6_1","67_44_5"
"38_77_6_0","0"
"38_77_6_1","75_40_5_0"
"39_77_6_0","0"
"39_77_6_1","77_39_5"
"40_77_6_0","0"
"40_77_6_1","0"
"40_77_6_2","79_38_5"
"45_77_6_0","0"
"45_77_6_1","89_33_5"
"47_77_6_0","0"
"47_77_6_1","0"
"47_77_6_2","93_31_5_0"
"48_77_6_0","0"
"48_77_6_1","0"
"48_77_6_2","0"
"48_77_6_3","95_30_5"
"54_77_6_0","0"
"54_77_6_1","0"
"54_77_6_2","0"
"54_77_6_3","107_24_5"
"58_77_6_0","0"
"58_77_6_1","0"
"58_77_6_2","0"
"58_77_6_3","115_20_5"
"60_77_6_0","0"
"60_77_6_1","0"
"60_77_6_2","0"
"60_77_6_3","119_18_5"
"63_77_6_0","0"
"63_77_6_1","0"
"63_77_6_2","125_15_5_0"
"64_77_6_0","0"
"64_77_6_1","0"
"64_77_6_2","0"
"64_77_6_3","127_14_5"
"78_77_6_0","0"
"78_77_6_1","0"
"78_77_6_2","155_0_5"
"8_77_7","15_70_6"
"10_77_7_0","19_68_6_0"
"10_77_7_1","19_68_6_1"
"12_77_7","23_66_6"
"13_77_7_0","0"
"13_77_7_1","25_65_6"
"14_77_7_0","0"
"14_77_7_1","0"
"14_77_7_2","27_64_6_0"
"14_77_7_3","27_64_6_0 + 27_64_6_1"
"15_77_7_0","0"
"15_77_7_1","0"
"15_77_7_2","0"
"15_77_7_3","29_63_6_0 + 29_63_6_1"
"15_77_7_4","29_63_6_1"
"16_77_7_0","0"
"16_77_7_1","0"
"16_77_7_2","0"
"16_77_7_3","0"
"16_77_7_4","0"
"16_77_7_5","31_62_6_1"
"16_77_7_6","31_62_6_0"
"20_77_7_0","0"
"20_77_7_1","0"
"20_77_7_2","0"
"20_77_7_3","39_58_6_1"
"22_77_7_0","0"
"22_77_7_1","0"
"22_77_7_2","0"
"22_77_7_3","43_56_6"
"24_77_7_0","0"
"24_77_7_1","0"
"24_77_7_2","0"
"24_77_7_3","47_54_6_1"
"24_77_7_4","47_54_6_0 + 47_54_6_1"
"26_77_7_0","0"
"26_77_7_1","0"
"26_77_7_2","0"
"26_77_7_3","51_52_6"
"29_77_7_0","0"
"29_77_7_1","0"
"29_77_7_2","0"
"29_77_7_3","57_49_6"
"30_77_7_0","0"
"30_77_7_1","0"
"30_77_7_2","0"
"30_77_7_3","0"
"30_77_7_4","59_48_6"
"32_77_7_0","0"
"32_77_7_1","0"
"32_77_7_2","0"
"32_77_7_3","0"
"32_77_7_4","63_46_6"
"34_77_7_0","0"
"34_77_7_1","0"
"34_77_7_2","0"
"34_77_7_3","67_44_6"
"38_77_7_0","0"
"38_77_7_1","0"
"38_77_7_2","0"
"38_77_7_3","75_40_6_0"
"40_77_7_0","0"
"40_77_7_1","0"
"40_77_7_2","0"
"40_77_7_3","79_38_6_0"
"40_77_7_4","79_38_6_0 + 79_38_6_1"
"48_77_7_0","0"
"48_77_7_1","0"
"48_77_7_2","0"
"48_77_7_3","0"
"48_77_7_4","95_30_6"
"52_77_7_0","0"
"52_77_7_1","0"
"52_77_7_2","0"
"52_77_7_3","0"
"52_77_7_4","0"
"52_77_7_5","103_26_6"
"58_77_7_0","0"
"58_77_7_1","0"
"58_77_7_2","0"
"58_77_7_3","0"
"58_77_7_4","0"
"58_77_7_5","115_20_6"
"62_77_7_0","0"
"62_77_7_1","0"
"62_77_7_2","0"
"62_77_7_3","0"
"62_77_7_4","123_16_6"
"64_77_7_0","0"
"64_77_7_1","0"
"64_77_7_2","0"
"64_77_7_3","0"
"64_77_7_4","0"
"64_77_7_5","127_14_6"
"68_77_7_0","0"
"68_77_7_1","0"
"68_77_7_2","0"
"68_77_7_3","0"
"68_77_7_4","135_10_6"
"78_77_7_0","0"
"78_77_7_1","0"
"78_77_7_2","0"
"78_77_7_3","0"
"78_77_7_4","155_0_6"
"4_77_8","7_74_7"
"6_77_8","11_72_7_0 + 11_72_7_1"
"7_77_8","13_71_7_0"
"8_77_8_0","0"
"8_77_8_1","15_70_7_0"
"8_77_8_2","15_70_7_1"
"10_77_8_0","19_68_7_1"
"10_77_8_1","19_68_7_0"
"10_77_8_2","19_68_7_1 + 19_68_7_2"
"12_77_8_0","0"
"12_77_8_1","0"
"12_77_8_2","23_66_7_0"
"13_77_8_0","0"
"13_77_8_1","0"
"13_77_8_2","25_65_7_0"
"14_77_8_0","0"
"14_77_8_1","0"
"14_77_8_2","0"
"14_77_8_3","27_64_7_1 + 27_64_7_2"
"14_77_8_4","27_64_7_1"
"14_77_8_5","27_64_7_0 + 27_64_7_2"
"15_77_8_0","0"
"15_77_8_1","0"
"15_77_8_2","0"
"15_77_8_3","0"
"15_77_8_4","29_63_7_0"
"16_77_8_0","0"
"16_77_8_1","0"
"16_77_8_2","0"
"16_77_8_3","0"
"16_77_8_4","0"
"16_77_8_5","31_62_7_1"
"16_77_8_6","31_62_7_0 + 31_62_7_1"
"18_77_8_0","0"
"18_77_8_1","0"
"18_77_8_2","0"
"18_77_8_3","35_60_7_1"
"20_77_8_0","0"
"20_77_8_1","0"
"20_77_8_2","0"
"20_77_8_3","0"
"20_77_8_4","39_58_7"
"23_77_8_0","0"
"23_77_8_1","0"
"23_77_8_2","0"
"23_77_8_3","45_55_7"
"27_77_8_0","0"
"27_77_8_1","0"
"27_77_8_2","0"
"27_77_8_3","53_51_7"
"30_77_8_0","0"
"30_77_8_1","0"
"30_77_8_2","0"
"30_77_8_3","59_48_7_1"
"30_77_8_4","59_48_7_0"
"31_77_8_0","0"
"31_77_8_1","0"
"31_77_8_2","0"
"31_77_8_3","0"
"31_77_8_4","61_47_7"
"32_77_8_0","0"
"32_77_8_1","0"
"32_77_8_2","0"
"32_77_8_3","0"
"32_77_8_4","0"
"32_77_8_5","63_46_7"
"36_77_8_0","0"
"36_77_8_1","0"
"36_77_8_2","0"
"36_77_8_3","0"
"36_77_8_4","71_42_7"
"39_77_8_0","0"
"39_77_8_1","0"
"39_77_8_2","0"
"39_77_8_3","0"
"39_77_8_4","77_39_7"
"40_77_8_0","0"
"40_77_8_1","0"
"40_77_8_2","0"
"40_77_8_3","0"
"40_77_8_4","0"
"40_77_8_5","79_38_7"
"46_77_8_0","0"
"46_77_8_1","0"
"46_77_8_2","0"
"46_77_8_3","91_32_7"
"48_77_8_0","0"
"48_77_8_1","0"
"48_77_8_2","0"
"48_77_8_3","0"
"48_77_8_4","95_30_7"
"61_77_8_0","0"
"61_77_8_1","0"
"61_77_8_2","0"
"61_77_8_3","121_17_7"
"67_77_8_0","0"
"67_77_8_1","0"
"67_77_8_2","0"
"67_77_8_3","133_11_7"
"78_77_8_0","0"
"78_77_8_1","0"
"78_77_8_2","0"
"78_77_8_3","155_0_7"
"3_77_9","5_75_8_1"
"4_77_9_0","0"
"4_77_9_1","7_74_8_0"
"4_77_9_2","7_74_8_1"
"4_77_9_3","7_74_8_1 + 7_74_8_2"
"6_77_9","11_72_8_0 + 11_72_8_1"
"8_77_9_0","0"
"8_77_9_1","15_70_8_2"
"8_77_9_2","15_70_8_0"
"8_77_9_3","15_70_8_0 + 15_70_8_1 + 15_70_8_2"
"10_77_9_0","0"
"10_77_9_1","19_68_8_0"
"12_77_9_0","0"
"12_77_9_1","23_66_8"
"14_77_9_0","0"
"14_77_9_1","27_64_8_0"
"14_77_9_2","27_64_8_0 + 27_64_8_1 + 27_64_8_2"
"14_77_9_3","27_64_8_2"
"16_77_9_0","0"
"16_77_9_1","0"
"16_77_9_2","31_62_8_1 + 31_62_8_2"
"16_77_9_3","31_62_8_3"
"16_77_9_4","31_62_8_0 + 31_62_8_1 + 31_62_8_2"
"16_77_9_5","31_62_8_0 + 31_62_8_2"
"18_77_9_0","0"
"18_77_9_1","0"
"18_77_9_2","0"
"18_77_9_3","0"
"18_77_9_4","35_60_8_0"
"18_77_9_5","35_60_8_1"
"20_77_9_0","0"
"20_77_9_1","0"
"20_77_9_2","0"
"20_77_9_3","0"
"20_77_9_4","39_58_8"
"24_77_9_0","0"
"24_77_9_1","0"
"24_77_9_2","0"
"24_77_9_3","47_54_8"
"30_77_9_0","0"
"30_77_9_1","0"
"30_77_9_2","0"
"30_77_9_3","59_48_8"
"31_77_9_0","0"
"31_77_9_1","0"
"31_77_9_2","61_47_8_0"
"32_77_9_0","0"
"32_77_9_1","0"
"32_77_9_2","0"
"32_77_9_3","63_46_8"
"36_77_9_0","0"
"36_77_9_1","0"
"36_77_9_2","0"
"36_77_9_3","71_42_8"
"40_77_9_0","0"
"40_77_9_1","0"
"40_77_9_2","0"
"40_77_9_3","79_38_8"
"44_77_9_0","0"
"44_77_9_1","0"
"44_77_9_2","87_34_8"
"46_77_9_0","0"
"46_77_9_1","0"
"46_77_9_2","0"
"46_77_9_3","91_32_8"
"48_77_9_0","0"
"48_77_9_1","0"
"48_77_9_2","0"
"48_77_9_3","95_30_8"
"52_77_9_0","0"
"52_77_9_1","0"
"52_77_9_2","0"
"52_77_9_3","103_26_8"
"56_77_9_0","0"
"56_77_9_1","0"
"56_77_9_2","111_22_8"
"78_77_9_0","0"
"78_77_9_1","0"
"78_77_9_2","155_0_8"
"2_77_10_0","3_76_9_0"
"2_77_10_1","3_76_9_1"
"3_77_10_0","0"
"3_77_10_1","5_75_9"
"4_77_10_0","0"
"4_77_10_1","0"
"4_77_10_2","7_74_9_2"
"4_77_10_3","7_74_9_1 + 7_74_9_2"
"4_77_10_4","7_74_9_0 + 7_74_9_1"
"6_77_10_0","0"
"6_77_10_1","11_72_9_1 + 11_72_9_2"
"6_77_10_2","11_72_9_0 + 11_72_9_2"
"6_77_10_3","11_72_9_1"
"8_77_10_0","0"
"8_77_10_1","0"
"8_77_10_2","15_70_9_2"
"8_77_10_3","15_70_9_1 + 15_70_9_2"
"8_77_10_4","15_70_9_0"
"10_77_10","19_68_9"
"11_77_10","21_67_9_0"
"13_77_10_0","0"
"13_77_10_1","25_65_9_0"
"13_77_10_2","25_65_9_0 + 25_65_9_1"
"14_77_10_0","0"
"14_77_10_1","0"
"14_77_10_2","0"
"14_77_10_3","27_64_9"
"15_77_10_0","0"
"15_77_10_1","0"
"15_77_10_2","0"
"15_77_10_3","29_63_9_1 + 29_63_9_2"
"15_77_10_4","29_63_9_1"
"16_77_10_0","0"
"16_77_10_1","0"
"16_77_10_2","0"
"16_77_10_3","0"
"16_77_10_4","0"
"16_77_10_5","31_62_9"
"18_77_10_0","0"
"18_77_10_1","0"
"18_77_10_2","35_60_9_0"
"18_77_10_3","35_60_9_0 + 35_60_9_2"
"22_77_10_0","0"
"22_77_10_1","43_56_9"
"24_77_10_0","0"
"24_77_10_1","0"
"24_77_10_2","47_54_9"
"27_77_10_0","0"
"27_77_10_1","53_51_9"
"30_77_10_0","0"
"30_77_10_1","0"
"30_77_10_2","59_48_9_0"
"36_77_10_0","0"
"36_77_10_1","71_42_9"
"40_77_10_0","0"
"40_77_10_1","79_38_9"
"43_77_10_0","0"
"43_77_10_1","85_35_9"
"44_77_10_0","0"
"44_77_10_1","0"
"44_77_10_2","87_34_9"
"46_77_10_0","0"
"46_77_10_1","0"
"46_77_10_2","91_32_9"
"48_77_10_0","0"
"48_77_10_1","0"
"48_77_10_2","95_30_9"
"50_77_10_0","0"
"50_77_10_1","0"
"50_77_10_2","99_28_9"
"52_77_10_0","0"
"52_77_10_1","0"
"52_77_10_2","103_26_9"
"55_77_10_0","0"
"55_77_10_1","109_23_9_0"
"56_77_10_0","0"
"56_77_10_1","0"
"56_77_10_2","111_22_9"
"78_77_10_0","0"
"78_77_10_1","155_0_9"
"2_77_11_0","3_76_10_0"
"2_77_11_1","3_76_10_1"
"3_77_11_0","5_75_10_1 + 5_75_10_2 + 5_75_10_3"
"3_77_11_1","5_75_10_0"
"4_77_11_0","0"
"4_77_11_1","0"
"4_77_11_2","7_74_10_1"
"4_77_11_3","7_74_10_0"
"6_77_11_0","11_72_10_0 + 11_72_10_2"
"6_77_11_1","11_72_10_1"
"7_77_11_0","0"
"7_77_11_1","13_71_10"
"8_77_11_0","0"
"8_77_11_1","0"
"8_77_11_2","15_70_10"
"10_77_11_0","0"
"10_77_11_1","19_68_10_1"
"10_77_11_2","19_68_10_0 + 19_68_10_1"
"14_77_11_0","0"
"14_77_11_1","0"
"14_77_11_2","27_64_10_2"
"14_77_11_3","27_64_10_0"
"16_77_11_0","0"
"16_77_11_1","0"
"16_77_11_2","31_62_10_3"
"16_77_11_3","31_62_10_0 + 31_62_10_3"
"16_77_11_4","31_62_10_1"
"16_77_11_5","31_62_10_0 + 31_62_10_2"
"18_77_11_0","0"
"18_77_11_1","0"
"18_77_11_2","0"
"18_77_11_3","0"
"18_77_11_4","35_60_10"
"21_77_11_0","0"
"21_77_11_1","0"
"21_77_11_2","0"
"21_77_11_3","41_57_10"
"24_77_11_0","0"
"24_77_11_1","0"
"24_77_11_2","0"
"24_77_11_3","47_54_10_0"
"28_77_11_0","0"
"28_77_11_1","0"
"28_77_11_2","55_50_10"
"34_77_11_0","0"
"34_77_11_1","0"
"34_77_11_2","67_44_10"
"41_77_11_0","0"
"41_77_11_1","0"
"41_77_11_2","81_37_10"
"44_77_11_0","0"
"44_77_11_1","0"
"44_77_11_2","0"
"44_77_11_3","87_34_10"
"48_77_11_0","0"
"48_77_11_1","0"
"48_77_11_2","0"
"48_77_11_3","95_30_10"
"50_77_11_0","0"
"50_77_11_1","0"
"50_77_11_2","0"
"50_77_11_3","99_28_10"
"54_77_11_0","0"
"54_77_11_1","0"
"54_77_11_2","107_24_10"
"56_77_11_0","0"
"56_77_11_1","0"
"56_77_11_2","0"
"56_77_11_3","111_22_10"
"60_77_11_0","0"
"60_77_11_1","0"
"60_77_11_2","119_18_10"
"78_77_11_0","0"
"78_77_11_1","0"
"78_77_11_2","155_0_10"
"2_77_12_0","3_76_11_0"
"2_77_12_1","3_76_11_0 + 3_76_11_1"
"4_77_12_0","7_74_11_0 + 7_74_11_2"
"4_77_12_1","7_74_11_0 + 7_74_11_1 + 7_74_11_2"
"4_77_12_2","7_74_11_0 + 7_74_11_1"
"5_77_12_0","0"
"5_77_12_1","9_73_11_0"
"6_77_12_0","0"
"6_77_12_1","11_72_11_1"
"6_77_12_2","11_72_11_1 + 11_72_11_3"
"6_77_12_3","11_72_11_1 + 11_72_11_2 + 11_72_11_3"
"8_77_12_0","0"
"8_77_12_1","15_70_11"
"9_77_12_0","0"
"9_77_12_1","0"
"9_77_12_2","17_69_11_1"
"10_77_12_0","0"
"10_77_12_1","0"
"10_77_12_2","19_68_11_0 + 19_68_11_1"
"10_77_12_3","19_68_11_0 + 19_68_11_1 + 19_68_11_2"
"10_77_12_4","19_68_11_0"
"12_77_12_0","0"
"12_77_12_1","0"
"12_77_12_2","0"
"12_77_12_3","23_66_11_1"
"12_77_12_4","23_66_11_0"
"15_77_12_0","0"
"15_77_12_1","0"
"15_77_12_2","29_63_11_0"
"15_77_12_3","29_63_11_1"
"16_77_12_0","0"
"16_77_12_1","0"
"16_77_12_2","0"
"16_77_12_3","0"
"16_77_12_4","31_62_11_1 + 31_62_11_2"
"16_77_12_5","31_62_11_0 + 31_62_11_1 + 31_62_11_2"
"16_77_12_6","31_62_11_2"
"18_77_12_0","0"
"18_77_12_1","0"
"18_77_12_2","0"
"18_77_12_3","35_60_11_1"
"18_77_12_4","35_60_11_0"
"20_77_12_0","0"
"20_77_12_1","0"
"20_77_12_2","0"
"20_77_12_3","39_58_11"
"22_77_12_0","0"
"22_77_12_1","0"
"22_77_12_2","0"
"22_77_12_3","43_56_11"
"24_77_12_0","0"
"24_77_12_1","0"
"24_77_12_2","0"
"24_77_12_3","47_54_11_0 + 47_54_11_1"
"24_77_12_4","47_54_11_0"
"26_77_12_0","0"
"26_77_12_1","0"
"26_77_12_2","51_52_11"
"32_77_12_0","0"
"32_77_12_1","0"
"32_77_12_2","63_46_11"
"38_77_12_0","0"
"38_77_12_1","0"
"38_77_12_2","75_40_11"
"48_77_12_0","0"
"48_77_12_1","0"
"48_77_12_2","0"
"48_77_12_3","95_30_11"
"53_77_12_0","0"
"53_77_12_1","0"
"53_77_12_2","105_25_11"
"59_77_12_0","0"
"59_77_12_1","0"
"59_77_12_2","117_19_11"
"78_77_12_0","0"
"78_77_12_1","0"
"78_77_12_2","155_0_11"
"2_77_13","3_76_12"
"3_77_13","5_75_12"
"4_77_13_0","0"
"4_77_13_1","7_74_12_0"
"4_77_13_2","7_74_12_0 + 7_74_12_1"
"4_77_13_3","7_74_12_0 + 7_74_12_2"
"6_77_13_0","11_72_12_0"
"6_77_13_1","11_72_12_0 + 11_72_12_2 + 11_72_12_3"
"6_77_13_2","11_72_12_3"
"7_77_13_0","13_71_12_2"
"7_77_13_1","13_71_12_0 + 13_71_12_1"
"7_77_13_2","13_71_12_0"
"8_77_13_0","0"
"8_77_13_1","0"
"8_77_13_2","0"
"8_77_13_3","15_70_12_1"
"8_77_13_4","15_70_12_0"
"10_77_13_0","0"
"10_77_13_1","0"
"10_77_13_2","0"
"10_77_13_3","19_68_12_1"
"10_77_13_4","19_68_12_0"
"10_77_13_5","19_68_12_0 + 19_68_12_1 + 19_68_12_2"
"12_77_13_0","0"
"12_77_13_1","0"
"12_77_13_2","23_66_12_1"
"12_77_13_3","23_66_12_0"
"13_77_13_0","0"
"13_77_13_1","0"
"13_77_13_2","0"
"13_77_13_3","25_65_12_0"
"16_77_13_0","0"
"16_77_13_1","0"
"16_77_13_2","0"
"16_77_13_3","0"
"16_77_13_4","31_62_12_2"
"16_77_13_5","31_62_12_0 + 31_62_12_1"
"16_77_13_6","31_62_12_1 + 31_62_12_2"
"18_77_13_0","0"
"18_77_13_1","0"
"18_77_13_2","0"
"18_77_13_3","35_60_12_1"
"20_77_13_0","0"
"20_77_13_1","0"
"20_77_13_2","39_58_12"
"22_77_13_0","0"
"22_77_13_1","0"
"22_77_13_2","43_56_12"
"23_77_13_0","0"
"23_77_13_1","0"
"23_77_13_2","45_55_12"
"24_77_13_0","0"
"24_77_13_1","0"
"24_77_13_2","0"
"24_77_13_3","47_54_12_0 + 47_54_12_1"
"24_77_13_4","47_54_12_1"
"30_77_13_0","0"
"30_77_13_1","0"
"30_77_13_2","59_48_12"
"36_77_13_0","0"
"36_77_13_1","0"
"36_77_13_2","71_42_12"
"38_77_13_0","0"
"38_77_13_1","0"
"38_77_13_2","0"
"38_77_13_3","75_40_12"
"44_77_13_0","0"
"44_77_13_1","0"
"44_77_13_2","0"
"44_77_13_3","87_34_12"
"48_77_13_0","0"
"48_77_13_1","0"
"48_77_13_2","0"
"48_77_13_3","95_30_12"
"78_77_13_0","0"
"78_77_13_1","0"
"78_77_13_2","155_0_12"
"4_77_14_0","7_74_13_2"
"4_77_14_1","7_74_13_0 + 7_74_13_2"
"4_77_14_2","7_74_13_0 + 7_74_13_1 + 7_74_13_2"
"4_77_14_3","7_74_13_0 + 7_74_13_3"
"5_77_14_0","0"
"5_77_14_1","9_73_13_1"
"6_77_14_0","0"
"6_77_14_1","0"
"6_77_14_2","11_72_13_2"
"6_77_14_3","11_72_13_1"
"6_77_14_4","11_72_13_3"
"6_77_14_5","11_72_13_0 + 11_72_13_1"
"7_77_14_0","0"
"7_77_14_1","0"
"7_77_14_2","0"
"7_77_14_3","0"
"7_77_14_4","13_71_13_1"
"8_77_14_0","0"
"8_77_14_1","0"
"8_77_14_2","0"
"8_77_14_3","0"
"8_77_14_4","0"
"8_77_14_5","15_70_13"
"10_77_14_0","0"
"10_77_14_1","0"
"10_77_14_2","0"
"10_77_14_3","19_68_13_3"
"10_77_14_4","19_68_13_0 + 19_68_13_2 + 19_68_13_3"
"10_77_14_5","19_68_13_2 + 19_68_13_3"
"10_77_14_6","19_68_13_0 + 19_68_13_1 + 19_68_13_2"
"12_77_14_0","0"
"12_77_14_1","0"
"12_77_14_2","0"
"12_77_14_3","0"
"12_77_14_4","23_66_13"
"16_77_14_0","0"
"16_77_14_1","0"
"16_77_14_2","0"
"16_77_14_3","31_62_13_0 + 31_62_13_1"
"16_77_14_4","31_62_13_0"
"18_77_14_0","0"
"18_77_14_1","0"
"18_77_14_2","0"
"18_77_14_3","35_60_13"
"20_77_14_0","0"
"20_77_14_1","0"
"20_77_14_2","39_58_13"
"22_77_14_0","0"
"22_77_14_1","0"
"22_77_14_2","43_56_13_0"
"22_77_14_3","43_56_13_0 + 43_56_13_1"
"24_77_14_0","0"
"24_77_14_1","0"
"24_77_14_2","0"
"24_77_14_3","47_54_13"
"28_77_14_0","0"
"28_77_14_1","0"
"28_77_14_2","55_50_13"
"35_77_14_0","0"
"35_77_14_1","0"
"35_77_14_2","69_43_13"
"36_77_14_0","0"
"36_77_14_1","0"
"36_77_14_2","0"
"36_77_14_3","71_42_13"
"38_77_14_0","0"
"38_77_14_1","0"
"38_77_14_2","0"
"38_77_14_3","75_40_13"
"42_77_14_0","0"
"42_77_14_1","0"
"42_77_14_2","0"
"42_77_14_3","83_36_13"
"44_77_14_0","0"
"44_77_14_1","0"
"44_77_14_2","0"
"44_77_14_3","87_34_13"
"47_77_14_0","0"
"47_77_14_1","0"
"47_77_14_2","93_31_13_0"
"48_77_14_0","0"
"48_77_14_1","0"
"48_77_14_2","0"
"48_77_14_3","95_30_13"
"78_77_14_0","0"
"78_77_14_1","0"
"78_77_14_2","155_0_13"
"2_77_15_0","3_76_14_0"
"2_77_15_1","3_76_14_1"
"3_77_15","5_75_14_0"
"4_77_15_0","0"
"4_77_15_1","7_74_14_0 + 7_74_14_2"
"4_77_15_2","7_74_14_0"
"4_77_15_3","7_74_14_3"
"4_77_15_4","7_74_14_1 + 7_74_14_2"
"6_77_15_0","0"
"6_77_15_1","0"
"6_77_15_2","0"
"6_77_15_3","11_72_14_0 + 11_72_14_1"
"8_77_15_0","0"
"8_77_15_1","0"
"8_77_15_2","15_70_14_3"
"8_77_15_3","15_70_14_0 + 15_70_14_3"
"8_77_15_4","15_70_14_1 + 15_70_14_2 + 15_70_14_3"
"8_77_15_5","15_70_14_0 + 15_70_14_2 + 15_70_14_3"
"10_77_15_0","0"
"10_77_15_1","0"
"10_77_15_2","0"
"10_77_15_3","0"
"10_77_15_4","19_68_14_1"
"10_77_15_5","19_68_14_0"
"12_77_15_0","0"
"12_77_15_1","0"
"12_77_15_2","0"
"12_77_15_3","23_66_14"
"14_77_15_0","0"
"14_77_15_1","27_64_14_0"
"16_77_15_0","0"
"16_77_15_1","0"
"16_77_15_2","31_62_14"
"18_77_15_0","0"
"18_77_15_1","35_60_14_0 + 35_60_14_1"
"18_77_15_2","35_60_14_1"
"20_77_15_0","0"
"20_77_15_1","39_58_14"
"24_77_15_0","0"
"24_77_15_1","47_54_14"
"26_77_15_0","0"
"26_77_15_1","51_52_14"
"32_77_15_0","0"
"32_77_15_1","63_46_14"
"36_77_15_0","0"
"36_77_15_1","0"
"36_77_15_2","71_42_14"
"42_77_15_0","0"
"42_77_15_1","0"
"42_77_15_2","83_36_14"
"46_77_15_0","0"
"46_77_15_1","91_32_14"
"48_77_15_0","0"
"48_77_15_1","0"
"48_77_15_2","95_30_14"
"52_77_15_0","0"
"52_77_15_1","103_26_14"
"78_77_15_0","0"
"78_77_15_1","155_0_14"
"2_77_16","3_76_15"
"4_77_16_0","0"
"4_77_16_1","7_74_15"
"5_77_16","9_73_15_0"
"6_77_16_0","0"
"6_77_16_1","11_72_15_1"
"6_77_16_2","11_72_15_0 + 11_72_15_1"
"7_77_16_0","0"
"7_77_16_1","0"
"7_77_16_2","13_71_15_0"
"7_77_16_3","13_71_15_0 + 13_71_15_1"
"8_77_16_0","0"
"8_77_16_1","0"
"8_77_16_2","0"
"8_77_16_3","0"
"8_77_16_4","15_70_15"
"10_77_16_0","0"
"10_77_16_1","0"
"10_77_16_2","19_68_15_1"
"10_77_16_3","19_68_15_0 + 19_68_15_1"
"12_77_16_0","0"
"12_77_16_1","23_66_15_1"
"12_77_16_2","23_66_15_0 + 23_66_15_1"
"13_77_16_0","0"
"13_77_16_1","0"
"13_77_16_2","25_65_15_0"
"14_77_16_0","0"
"14_77_16_1","0"
"14_77_16_2","0"
"14_77_16_3","27_64_15"
"16_77_16_0","0"
"16_77_16_1","0"
"16_77_16_2","31_62_15_0 + 31_62_15_1 + 31_62_15_2"
"16_77_16_3","31_62_15_2"
"16_77_16_4","31_62_15_0 + 31_62_15_2"
"18_77_16_0","0"
"18_77_16_1","0"
"18_77_16_2","0"
"18_77_16_3","35_60_15_1"
"18_77_16_4","35_60_15_0 + 35_60_15_1"
"24_77_16_0","0"
"24_77_16_1","0"
"24_77_16_2","47_54_15_1"
"24_77_16_3","47_54_15_0"
"30_77_16_0","0"
"30_77_16_1","0"
"30_77_16_2","59_48_15"
"32_77_16_0","0"
"32_77_16_1","0"
"32_77_16_2","0"
"32_77_16_3","63_46_15"
"45_77_16_0","0"
"45_77_16_1","0"
"45_77_16_2","89_33_15"
"51_77_16_0","0"
"51_77_16_1","0"
"51_77_16_2","101_27_15"
"78_77_16_0","0"
"78_77_16_1","0"
"78_77_16_2","155_0_15"
"2_77_17","3_76_16"
"3_77_17","5_75_16_2"
"4_77_17_0","0"
"4_77_17_1","7_74_16_2"
"4_77_17_2","7_74_16_1"
"4_77_17_3","7_74_16_0 + 7_74_16_1 + 7_74_16_2"
"5_77_17_0","0"
"5_77_17_1","0"
"5_77_17_2","9_73_16_0"
"6_77_17_0","0"
"6_77_17_1","0"
"6_77_17_2","0"
"6_77_17_3","11_72_16"
"8_77_17_0","0"
"8_77_17_1","0"
"8_77_17_2","15_70_16_1"
"8_77_17_3","15_70_16_0"
"10_77_17_0","0"
"10_77_17_1","0"
"10_77_17_2","19_68_16_1"
"10_77_17_3","19_68_16_2"
"10_77_17_4","19_68_16_0 + 19_68_16_1 + 19_68_16_2"
"11_77_17_0","0"
"11_77_17_1","0"
"11_77_17_2","21_67_16"
"14_77_17_0","0"
"14_77_17_1","0"
"14_77_17_2","27_64_16_0"
"14_77_17_3","27_64_16_0 + 27_64_16_1"
"15_77_17_0","0"
"15_77_17_1","0"
"15_77_17_2","29_63_16"
"16_77_17_0","0"
"16_77_17_1","0"
"16_77_17_2","0"
"16_77_17_3","31_62_16_1"
"16_77_17_4","31_62_16_0"
"22_77_17_0","0"
"22_77_17_1","0"
"22_77_17_2","43_56_16"
"24_77_17_0","0"
"24_77_17_1","0"
"24_77_17_2","0"
"24_77_17_3","47_54_16"
"28_77_17_0","0"
"28_77_17_1","0"
"28_77_17_2","55_50_16"
"30_77_17_0","0"
"30_77_17_1","0"
"30_77_17_2","0"
"30_77_17_3","59_48_16"
"32_77_17_0","0"
"32_77_17_1","0"
"32_77_17_2","0"
"32_77_17_3","63_46_16"
"36_77_17_0","0"
"36_77_17_1","0"
"36_77_17_2","0"
"36_77_17_3","71_42_16"
"40_77_17_0","0"
"40_77_17_1","0"
"40_77_17_2","79_38_16"
"78_77_17_0","0"
"78_77_17_1","0"
"78_77_17_2","155_0_16"
"2_77_18","3_76_17"
"3_77_18_0","0"
"3_77_18_1","5_75_17"
"4_77_18_0","0"
"4_77_18_1","0"
"4_77_18_2","7_74_17"
"8_77_18_0","0"
"8_77_18_1","15_70_17"
"9_77_18_0","0"
"9_77_18_1","17_69_17"
"10_77_18_0","0"
"10_77_18_1","0"
"10_77_18_2","19_68_17_0 + 19_68_17_1"
"10_77_18_3","19_68_17_0"
"14_77_18_0","0"
"14_77_18_1","27_64_17_0"
"14_77_18_2","27_64_17_2"
"14_77_18_3","27_64_17_0 + 27_64_17_1 + 27_64_17_2"
"16_77_18_0","0"
"16_77_18_1","0"
"16_77_18_2","31_62_17"
"20_77_18_0","0"
"20_77_18_1","39_58_17"
"24_77_18_0","0"
"24_77_18_1","47_54_17"
"27_77_18_0","0"
"27_77_18_1","53_51_17"
"28_77_18_0","0"
"28_77_18_1","0"
"28_77_18_2","55_50_17"
"30_77_18_0","0"
"30_77_18_1","0"
"30_77_18_2","59_48_17"
"32_77_18_0","0"
"32_77_18_1","0"
"32_77_18_2","63_46_17"
"34_77_18_0","0"
"34_77_18_1","0"
"34_77_18_2","67_44_17"
"36_77_18_0","0"
"36_77_18_1","0"
"36_77_18_2","71_42_17"
"39_77_18_0","0"
"39_77_18_1","77_39_17_0"
"40_77_18_0","0"
"40_77_18_1","0"
"40_77_18_2","79_38_17"
"78_77_18_0","0"
"78_77_18_1","155_0_17"
"3_77_19","5_75_18"
"4_77_19_0","0"
"4_77_19_1","7_74_18"
"6_77_19_0","0"
"6_77_19_1","11_72_18_0"
"6_77_19_2","11_72_18_0 + 11_72_18_1"
"10_77_19_0","0"
"10_77_19_1","0"
"10_77_19_2","19_68_18"
"12_77_19_0","0"
"12_77_19_1","0"
"12_77_19_2","23_66_18"
"14_77_19_0","0"
"14_77_19_1","0"
"14_77_19_2","0"
"14_77_19_3","27_64_18"
"16_77_19_0","0"
"16_77_19_1","0"
"16_77_19_2","31_62_18"
"18_77_19_0","0"
"18_77_19_1","0"
"18_77_19_2","35_60_18"
"25_77_19_0","0"
"25_77_19_1","0"
"25_77_19_2","49_53_18"
"28_77_19_0","0"
"28_77_19_1","0"
"28_77_19_2","0"
"28_77_19_3","55_50_18"
"32_77_19_0","0"
"32_77_19_1","0"
"32_77_19_2","0"
"32_77_19_3","63_46_18"
"34_77_19_0","0"
"34_77_19_1","0"
"34_77_19_2","0"
"34_77_19_3","67_44_18"
"38_77_19_0","0"
"38_77_19_1","0"
"38_77_19_2","75_40_18"
"40_77_19_0","0"
"40_77_19_1","0"
"40_77_19_2","0"
"40_77_19_3","79_38_18"
"44_77_19_0","0"
"44_77_19_1","0"
"44_77_19_2","87_34_18"
"78_77_19_0","0"
"78_77_19_1","0"
"78_77_19_2","155_0_18"
"2_77_20_0","3_76_19_0"
"2_77_20_1","3_76_19_1"
"4_77_20_0","7_74_19_1"
"4_77_20_1","7_74_19_0"
"5_77_20_0","0"
"5_77_20_1","9_73_19_0"
"6_77_20_0","0"
"6_77_20_1","0"
"6_77_20_2","11_72_19_1"
"6_77_20_3","11_72_19_0"
"8_77_20_0","0"
"8_77_20_1","15_70_19_0 + 15_70_19_1 + 15_70_19_2"
"8_77_20_2","15_70_19_2"
"8_77_20_3","15_70_19_0"
"10_77_20_0","0"
"10_77_20_1","19_68_19_1"
"10_77_20_2","19_68_19_0"
"16_77_20_0","0"
"16_77_20_1","31_62_19_0 + 31_62_19_1"
"16_77_20_2","31_62_19_0"
"22_77_20_0","0"
"22_77_20_1","43_56_19"
"32_77_20_0","0"
"32_77_20_1","0"
"32_77_20_2","63_46_19"
"37_77_20_0","0"
"37_77_20_1","73_41_19"
"43_77_20_0","0"
"43_77_20_1","85_35_19"
"78_77_20_0","0"
"78_77_20_1","155_0_19"
"2_77_21","3_76_20"
"3_77_21_0","0"
"3_77_21_1","5_75_20"
"6_77_21_0","0"
"6_77_21_1","11_72_20"
"7_77_21_0","0"
"7_77_21_1","13_71_20"
"8_77_21_0","0"
"8_77_21_1","0"
"8_77_21_2","15_70_20_0 + 15_70_20_1"
"8_77_21_3","15_70_20_0"
"10_77_21_0","0"
"10_77_21_1","0"
"10_77_21_2","19_68_20"
"14_77_21_0","0"
"14_77_21_1","27_64_20"
"16_77_21_0","0"
"16_77_21_1","0"
"16_77_21_2","31_62_20"
"20_77_21_0","0"
"20_77_21_1","39_58_20"
"22_77_21_0","0"
"22_77_21_1","0"
"22_77_21_2","43_56_20"
"28_77_21_0","0"
"28_77_21_1","0"
"28_77_21_2","55_50_20"
"32_77_21_0","0"
"32_77_21_1","0"
"32_77_21_2","63_46_20"
"78_77_21_0","0"
"78_77_21_1","155_0_20"
"3_77_22","5_75_21"
"6_77_22_0","0"
"6_77_22_1","11_72_21_0"
"6_77_22_2","11_72_21_0 + 11_72_21_1"
"8_77_22_0","0"
"8_77_22_1","0"
"8_77_22_2","15_70_21"
"10_77_22_0","0"
"10_77_22_1","19_68_21"
"12_77_22_0","0"
"12_77_22_1","23_66_21"
"16_77_22_0","0"
"16_77_22_1","31_62_21"
"19_77_22_0","0"
"19_77_22_1","37_59_21"
"20_77_22_0","0"
"20_77_22_1","0"
"20_77_22_2","39_58_21"
"22_77_22_0","0"
"22_77_22_1","0"
"22_77_22_2","43_56_21"
"26_77_22_0","0"
"26_77_22_1","0"
"26_77_22_2","51_52_21"
"28_77_22_0","0"
"28_77_22_1","0"
"28_77_22_2","55_50_21"
"31_77_22_0","0"
"31_77_22_1","61_47_21_0"
"32_77_22_0","0"
"32_77_22_1","0"
"32_77_22_2","63_46_21"
"78_77_22_0","0"
"78_77_22_1","155_0_21"
"2_77_23","3_76_22"
"4_77_23_0","7_74_22_1"
"4_77_23_1","7_74_22_0"
"6_77_23_0","0"
"6_77_23_1","11_72_22"
"8_77_23_0","15_70_22_0"
"8_77_23_1","15_70_22_0 + 15_70_22_1"
"10_77_23","19_68_22"
"16_77_23","31_62_22"
"20_77_23_0","0"
"20_77_23_1","39_58_22"
"26_77_23_0","0"
"26_77_23_1","51_52_22"
"30_77_23","59_48_22"
"32_77_23_0","0"
"32_77_23_1","63_46_22"
"36_77_23","71_42_22"
"78_77_23","155_0_22"
"48_78_2","95_31_1"
"64_78_2_0","0"
"64_78_2_1","127_15_1"
"47_78_3","93_32_2"
"48_78_3_0","0"
"48_78_3_1","95_31_2"
"63_78_3_0","0"
"63_78_3_1","125_16_2"
"64_78_3_0","0"
"64_78_3_1","0"
"64_78_3_2","127_15_2"
"72_78_3_0","0"
"72_78_3_1","0"
"72_78_3_2","143_7_2"
"76_78_3_0","0"
"76_78_3_1","0"
"76_78_3_2","151_3_2"
"16_78_4","31_63_3"
"24_78_4","47_55_3"
"40_78_4","79_39_3"
"46_78_4","91_33_3"
"48_78_4_0","0"
"48_78_4_1","95_31_3_1"
"48_78_4_2","95_31_3_0"
"58_78_4_0","0"
"58_78_4_1","115_21_3"
"62_78_4_0","0"
"62_78_4_1","0"
"62_78_4_2","123_17_3"
"64_78_4_0","0"
"64_78_4_1","0"
"64_78_4_2","0"
"64_78_4_3","127_15_3"
"70_78_4_0","0"
"70_78_4_1","0"
"70_78_4_2","139_9_3"
"72_78_4_0","0"
"72_78_4_1","0"
"72_78_4_2","0"
"72_78_4_3","143_7_3"
"76_78_4_0","0"
"76_78_4_1","0"
"76_78_4_2","151_3_3"
"14_78_5","27_65_4"
"15_78_5","29_64_4_0 + 29_64_4_1"
"16_78_5_0","0"
"16_78_5_1","31_63_4"
"18_78_5","35_61_4_1"
"22_78_5","43_57_4"
"23_78_5","45_56_4"
"24_78_5_0","0"
"24_78_5_1","47_55_4"
"26_78_5","51_53_4"
"34_78_5","67_45_4"
"38_78_5","75_41_4"
"39_78_5","77_40_4_1"
"40_78_5_0","0"
"40_78_5_1","79_39_4"
"45_78_5","89_34_4"
"46_78_5_0","0"
"46_78_5_1","91_33_4"
"47_78_5_0","0"
"47_78_5_1","0"
"47_78_5_2","93_32_4"
"48_78_5_0","0"
"48_78_5_1","0"
"48_78_5_2","0"
"48_78_5_3","95_31_4"
"56_78_5_0","0"
"56_78_5_1","0"
"56_78_5_2","111_23_4"
"61_78_5_0","0"
"61_78_5_1","121_18_4_1"
"64_78_5_0","0"
"64_78_5_1","0"
"64_78_5_2","127_15_4"
"72_78_5_0","0"
"72_78_5_1","0"
"72_78_5_2","143_7_4"
"8_78_6","15_71_5"
"12_78_6","23_67_5"
"14_78_6_0","0"
"14_78_6_1","27_65_5_0"
"14_78_6_2","27_65_5_0 + 27_65_5_1"
"15_78_6_0","0"
"15_78_6_1","29_64_5_0"
"16_78_6_0","0"
"16_78_6_1","0"
"16_78_6_2","31_63_5"
"18_78_6_0","0"
"18_78_6_1","0"
"18_78_6_2","35_61_5"
"20_78_6_0","0"
"20_78_6_1","39_59_5"
"22_78_6_0","0"
"22_78_6_1","43_57_5_0"
"24_78_6_0","0"
"24_78_6_1","47_55_5"
"28_78_6_0","0"
"28_78_6_1","55_51_5"
"30_78_6_0","0"
"30_78_6_1","0"
"30_78_6_2","59_49_5"
"32_78_6_0","0"
"32_78_6_1","0"
"32_78_6_2","0"
"32_78_6_3","63_47_5"
"38_78_6_0","0"
"38_78_6_1","0"
"38_78_6_2","75_41_5"
"39_78_6_0","0"
"39_78_6_1","0"
"39_78_6_2","77_40_5_1"
"40_78_6_0","0"
"40_78_6_1","0"
"40_78_6_2","79_39_5"
"41_78_6_0","0"
"41_78_6_1","0"
"41_78_6_2","81_38_5"
"44_78_6_0","0"
"44_78_6_1","0"
"44_78_6_2","87_35_5"
"46_78_6_0","0"
"46_78_6_1","0"
"46_78_6_2","0"
"46_78_6_3","91_33_5"
"48_78_6_0","0"
"48_78_6_1","0"
"48_78_6_2","0"
"48_78_6_3","95_31_5_1"
"48_78_6_4","95_31_5_0 + 95_31_5_1"
"49_78_6_0","0"
"49_78_6_1","0"
"49_78_6_2","0"
"49_78_6_3","0"
"49_78_6_4","97_30_5"
"55_78_6_0","0"
"55_78_6_1","0"
"55_78_6_2","0"
"55_78_6_3","0"
"55_78_6_4","0"
"55_78_6_5","109_24_5"
"56_78_6_0","0"
"56_78_6_1","0"
"56_78_6_2","0"
"56_78_6_3","0"
"56_78_6_4","0"
"56_78_6_5","0"
"56_78_6_6","111_23_5"
"62_78_6_0","0"
"62_78_6_1","0"
"62_78_6_2","0"
"62_78_6_3","0"
"62_78_6_4","123_17_5"
"64_78_6_0","0"
"64_78_6_1","0"
"64_78_6_2","0"
"64_78_6_3","0"
"64_78_6_4","127_15_5_0 + 127_15_5_1"
"64_78_6_5","127_15_5_0"
"8_78_7","15_71_6"
"10_78_7","19_69_6_0"
"11_78_7_0","0"
"11_78_7_1","21_68_6_0"
"12_78_7_0","0"
"12_78_7_1","0"
"12_78_7_2","23_67_6_0"
"12_78_7_3","23_67_6_0 + 23_67_6_1"
"14_78_7_0","0"
"14_78_7_1","0"
"14_78_7_2","27_65_6_1"
"14_78_7_3","27_65_6_1 + 27_65_6_2"
"14_78_7_4","27_65_6_0 + 27_65_6_2"
"16_78_7_0","0"
"16_78_7_1","0"
"16_78_7_2","0"
"16_78_7_3","0"
"16_78_7_4","31_63_6_2"
"16_78_7_5","31_63_6_0 + 31_63_6_2"
"16_78_7_6","31_63_6_0 + 31_63_6_1 + 31_63_6_2"
"18_78_7_0","0"
"18_78_7_1","0"
"18_78_7_2","0"
"18_78_7_3","35_61_6_0"
"18_78_7_4","35_61_6_0 + 35_61_6_3"
"18_78_7_5","35_61_6_0 + 35_61_6_2"
"20_78_7_0","0"
"20_78_7_1","0"
"20_78_7_2","0"
"20_78_7_3","0"
"20_78_7_4","0"
"20_78_7_5","39_59_6"
"27_78_7_0","0"
"27_78_7_1","0"
"27_78_7_2","0"
"27_78_7_3","53_52_6"
"28_78_7_0","0"
"28_78_7_1","0"
"28_78_7_2","0"
"28_78_7_3","55_51_6"
"30_78_7_0","0"
"30_78_7_1","0"
"30_78_7_2","0"
"30_78_7_3","59_49_6"
"32_78_7_0","0"
"32_78_7_1","0"
"32_78_7_2","0"
"32_78_7_3","63_47_6"
"34_78_7_0","0"
"34_78_7_1","0"
"34_78_7_2","0"
"34_78_7_3","67_45_6"
"39_78_7_0","0"
"39_78_7_1","77_40_6_0"
"39_78_7_2","77_40_6_1"
"42_78_7_0","0"
"42_78_7_1","0"
"42_78_7_2","83_37_6"
"45_78_7_0","0"
"45_78_7_1","0"
"45_78_7_2","89_34_6"
"47_78_7_0","0"
"47_78_7_1","0"
"47_78_7_2","0"
"47_78_7_3","93_32_6"
"48_78_7_0","0"
"48_78_7_1","0"
"48_78_7_2","0"
"48_78_7_3","0"
"48_78_7_4","95_31_6"
"53_78_7_0","0"
"53_78_7_1","0"
"53_78_7_2","0"
"53_78_7_3","105_26_6"
"56_78_7_0","0"
"56_78_7_1","0"
"56_78_7_2","0"
"56_78_7_3","0"
"56_78_7_4","111_23_6"
"62_78_7_0","0"
"62_78_7_1","0"
"62_78_7_2","0"
"62_78_7_3","123_17_6"
"63_78_7_0","0"
"63_78_7_1","0"
"63_78_7_2","0"
"63_78_7_3","125_16_6"
"64_78_7_0","0"
"64_78_7_1","0"
"64_78_7_2","0"
"64_78_7_3","0"
"64_78_7_4","127_15_6"
"68_78_7_0","0"
"68_78_7_1","0"
"68_78_7_2","0"
"68_78_7_3","135_11_6"
"4_78_8","7_75_7"
"6_78_8","11_73_7_0"
"8_78_8_0","15_71_7_0"
"8_78_8_1","15_71_7_1"
"11_78_8_0","0"
"11_78_8_1","21_68_7_0"
"12_78_8_0","0"
"12_78_8_1","0"
"12_78_8_2","23_67_7"
"13_78_8_0","0"
"13_78_8_1","0"
"13_78_8_2","25_66_7_0"
"14_78_8_0","0"
"14_78_8_1","0"
"14_78_8_2","0"
"14_78_8_3","27_65_7_2"
"14_78_8_4","27_65_7_0 + 27_65_7_1 + 27_65_7_2"
"14_78_8_5","27_65_7_1 + 27_65_7_2"
"15_78_8_0","0"
"15_78_8_1","0"
"15_78_8_2","0"
"15_78_8_3","0"
"15_78_8_4","0"
"15_78_8_5","29_64_7_2"
"16_78_8_0","0"
"16_78_8_1","0"
"16_78_8_2","0"
"16_78_8_3","0"
"16_78_8_4","0"
"16_78_8_5","0"
"16_78_8_6","31_63_7_3"
"16_78_8_7","31_63_7_2"
"16_78_8_8","31_63_7_1 + 31_63_7_2"
"16_78_8_9","31_63_7_0 + 31_63_7_2"
"18_78_8_0","0"
"18_78_8_1","0"
"18_78_8_2","0"
"18_78_8_3","0"
"18_78_8_4","0"
"18_78_8_5","0"
"18_78_8_6","35_61_7_0 + 35_61_7_1"
"18_78_8_7","35_61_7_0"
"20_78_8_0","0"
"20_78_8_1","0"
"20_78_8_2","0"
"20_78_8_3","0"
"20_78_8_4","0"
"20_78_8_5","39_59_7"
"24_78_8_0","0"
"24_78_8_1","0"
"24_78_8_2","0"
"24_78_8_3","0"
"24_78_8_4","47_55_7"
"28_78_8_0","0"
"28_78_8_1","0"
"28_78_8_2","0"
"28_78_8_3","0"
"28_78_8_4","55_51_7"
"32_78_8_0","0"
"32_78_8_1","0"
"32_78_8_2","0"
"32_78_8_3","63_47_7"
"34_78_8_0","0"
"34_78_8_1","0"
"34_78_8_2","67_45_7"
"38_78_8_0","0"
"38_78_8_1","0"
"38_78_8_2","75_41_7"
"40_78_8_0","0"
"40_78_8_1","0"
"40_78_8_2","0"
"40_78_8_3","79_39_7"
"42_78_8_0","0"
"42_78_8_1","0"
"42_78_8_2","0"
"42_78_8_3","83_37_7_1"
"44_78_8_0","0"
"44_78_8_1","0"
"44_78_8_2","0"
"44_78_8_3","87_35_7"
"46_78_8_0","0"
"46_78_8_1","0"
"46_78_8_2","0"
"46_78_8_3","0"
"46_78_8_4","91_33_7"
"48_78_8_0","0"
"48_78_8_1","0"
"48_78_8_2","0"
"48_78_8_3","0"
"48_78_8_4","0"
"48_78_8_5","95_31_7"
"50_78_8_0","0"
"50_78_8_1","0"
"50_78_8_2","0"
"50_78_8_3","0"
"50_78_8_4","99_29_7"
"62_78_8_0","0"
"62_78_8_1","0"
"62_78_8_2","0"
"62_78_8_3","0"
"62_78_8_4","123_17_7"
"64_78_8_0","0"
"64_78_8_1","0"
"64_78_8_2","0"
"64_78_8_3","0"
"64_78_8_4","127_15_7"
"68_78_8_0","0"
"68_78_8_1","0"
"68_78_8_2","0"
"68_78_8_3","0"
"68_78_8_4","135_11_7"
"4_78_9_0","7_75_8_0"
"4_78_9_1","7_75_8_0 + 7_75_8_1"
"4_78_9_2","7_75_8_0 + 7_75_8_1 + 7_75_8_2"
"6_78_9_0","0"
"6_78_9_1","11_73_8_0 + 11_73_8_2"
"10_78_9_0","19_69_8_2"
"10_78_9_1","19_69_8_0"
"11_78_9_0","0"
"11_78_9_1","21_68_8_0"
"12_78_9_0","0"
"12_78_9_1","0"
"12_78_9_2","23_67_8"
"13_78_9_0","0"
"13_78_9_1","0"
"13_78_9_2","0"
"13_78_9_3","25_66_8"
"14_78_9_0","0"
"14_78_9_1","0"
"14_78_9_2","0"
"14_78_9_3","27_65_8_0"
"14_78_9_4","27_65_8_0 + 27_65_8_1"
"15_78_9_0","0"
"15_78_9_1","0"
"15_78_9_2","0"
"15_78_9_3","29_64_8_0 + 29_64_8_4"
"15_78_9_4","29_64_8_0"
"15_78_9_5","29_64_8_0 + 29_64_8_3"
"15_78_9_6","29_64_8_0 + 29_64_8_1 + 29_64_8_2 + 29_64_8_3 + 29_64_8_4"
"16_78_9_0","0"
"16_78_9_1","0"
"16_78_9_2","0"
"16_78_9_3","0"
"16_78_9_4","0"
"16_78_9_5","0"
"16_78_9_6","0"
"16_78_9_7","31_63_8_1"
"16_78_9_8","31_63_8_0"
"18_78_9_0","0"
"18_78_9_1","0"
"18_78_9_2","0"
"18_78_9_3","0"
"18_78_9_4","35_61_8_0 + 35_61_8_1"
"18_78_9_5","35_61_8_0"
"20_78_9_0","0"
"20_78_9_1","0"
"20_78_9_2","39_59_8"
"22_78_9_0","0"
"22_78_9_1","0"
"22_78_9_2","43_57_8_0 + 43_57_8_1"
"22_78_9_3","43_57_8_0"
"28_78_9_0","0"
"28_78_9_1","55_51_8"
"32_78_9_0","0"
"32_78_9_1","0"
"32_78_9_2","63_47_8_0"
"32_78_9_3","63_47_8_0 + 63_47_8_1"
"37_78_9_0","0"
"37_78_9_1","73_42_8"
"42_78_9_0","0"
"42_78_9_1","0"
"42_78_9_2","83_37_8_0 + 83_37_8_1"
"42_78_9_3","83_37_8_1"
"44_78_9_0","0"
"44_78_9_1","0"
"44_78_9_2","0"
"44_78_9_3","87_35_8"
"48_78_9_0","0"
"48_78_9_1","0"
"48_78_9_2","0"
"48_78_9_3","95_31_8_0 + 95_31_8_1"
"48_78_9_4","95_31_8_0"
"50_78_9_0","0"
"50_78_9_1","0"
"50_78_9_2","0"
"50_78_9_3","0"
"50_78_9_4","99_29_8"
"56_78_9_0","0"
"56_78_9_1","0"
"56_78_9_2","0"
"56_78_9_3","111_23_8"
"64_78_9_0","0"
"64_78_9_1","0"
"64_78_9_2","0"
"64_78_9_3","127_15_8"
"2_78_10","3_77_9"
"3_78_10","5_76_9_0"
"4_78_10_0","0"
"4_78_10_1","7_75_9_0 + 7_75_9_1 + 7_75_9_2"
"4_78_10_2","7_75_9_0 + 7_75_9_2"
"4_78_10_3","7_75_9_1 + 7_75_9_3"
"4_78_10_4","7_75_9_0"
"6_78_10_0","0"
"6_78_10_1","11_73_9"
"7_78_10","13_72_9_0"
"8_78_10_0","0"
"8_78_10_1","15_71_9"
"10_78_10_0","0"
"10_78_10_1","0"
"10_78_10_2","19_69_9_2"
"10_78_10_3","19_69_9_0"
"12_78_10_0","0"
"12_78_10_1","23_67_9_1"
"12_78_10_2","23_67_9_0"
"14_78_10_0","0"
"14_78_10_1","0"
"14_78_10_2","0"
"14_78_10_3","27_65_9_2"
"14_78_10_4","27_65_9_0 + 27_65_9_1 + 27_65_9_2"
"14_78_10_5","27_65_9_0"
"16_78_10_0","0"
"16_78_10_1","0"
"16_78_10_2","0"
"16_78_10_3","0"
"16_78_10_4","31_63_9_2"
"16_78_10_5","31_63_9_0 + 31_63_9_2"
"16_78_10_6","31_63_9_1"
"17_78_10_0","0"
"17_78_10_1","0"
"17_78_10_2","0"
"17_78_10_3","0"
"17_78_10_4","0"
"17_78_10_5","33_62_9_0"
"18_78_10_0","0"
"18_78_10_1","0"
"18_78_10_2","0"
"18_78_10_3","0"
"18_78_10_4","35_61_9_1"
"22_78_10_0","0"
"22_78_10_1","0"
"22_78_10_2","0"
"22_78_10_3","43_57_9_0"
"22_78_10_4","43_57_9_1"
"28_78_10_0","0"
"28_78_10_1","0"
"28_78_10_2","55_51_9"
"31_78_10_0","0"
"31_78_10_1","0"
"31_78_10_2","0"
"31_78_10_3","61_48_9_1"
"31_78_10_4","61_48_9_0 + 61_48_9_1"
"40_78_10_0","0"
"40_78_10_1","0"
"40_78_10_2","79_39_9"
"41_78_10_0","0"
"41_78_10_1","0"
"41_78_10_2","0"
"41_78_10_3","81_38_9"
"42_78_10_0","0"
"42_78_10_1","0"
"42_78_10_2","0"
"42_78_10_3","0"
"42_78_10_4","83_37_9"
"44_78_10_0","0"
"44_78_10_1","0"
"44_78_10_2","0"
"44_78_10_3","87_35_9"
"47_78_10_0","0"
"47_78_10_1","0"
"47_78_10_2","0"
"47_78_10_3","93_32_9"
"48_78_10_0","0"
"48_78_10_1","0"
"48_78_10_2","0"
"48_78_10_3","0"
"48_78_10_4","95_31_9_1"
"48_78_10_5","95_31_9_0"
"50_78_10_0","0"
"50_78_10_1","0"
"50_78_10_2","0"
"50_78_10_3","0"
"50_78_10_4","99_29_9"
"54_78_10_0","0"
"54_78_10_1","0"
"54_78_10_2","0"
"54_78_10_3","107_25_9"
"56_78_10_0","0"
"56_78_10_1","0"
"56_78_10_2","0"
"56_78_10_3","111_23_9_1"
"56_78_10_4","111_23_9_0 + 111_23_9_1"
"2_78_11_0","3_77_10_1"
"2_78_11_1","3_77_10_0"
"4_78_11_0","0"
"4_78_11_1","7_75_10_0 + 7_75_10_2 + 7_75_10_3"
"4_78_11_2","7_75_10_0"
"4_78_11_3","7_75_10_0 + 7_75_10_1 + 7_75_10_2 + 7_75_10_3"
"4_78_11_4","7_75_10_0 + 7_75_10_1 + 7_75_10_2"
"6_78_11","11_73_10_0 + 11_73_10_1"
"8_78_11_0","15_71_10_0"
"8_78_11_1","15_71_10_1"
"9_78_11_0","0"
"9_78_11_1","17_70_10"
"10_78_11_0","0"
"10_78_11_1","19_69_10_1"
"10_78_11_2","19_69_10_0 + 19_69_10_1"
"11_78_11_0","0"
"11_78_11_1","0"
"11_78_11_2","21_68_10_0"
"12_78_11_0","0"
"12_78_11_1","0"
"12_78_11_2","0"
"12_78_11_3","23_67_10"
"15_78_11_0","0"
"15_78_11_1","0"
"15_78_11_2","29_64_10_0"
"15_78_11_3","29_64_10_0 + 29_64_10_1"
"16_78_11_0","0"
"16_78_11_1","0"
"16_78_11_2","0"
"16_78_11_3","0"
"16_78_11_4","31_63_10_1"
"16_78_11_5","31_63_10_0"
"18_78_11_0","0"
"18_78_11_1","0"
"18_78_11_2","0"
"18_78_11_3","35_61_10_1"
"18_78_11_4","35_61_10_0"
"22_78_11_0","0"
"22_78_11_1","0"
"22_78_11_2","43_57_10"
"23_78_11_0","0"
"23_78_11_1","45_56_10_0"
"32_78_11_0","0"
"32_78_11_1","63_47_10"
"38_78_11_0","0"
"38_78_11_1","75_41_10"
"39_78_11_0","0"
"39_78_11_1","0"
"39_78_11_2","77_40_10"
"42_78_11_0","0"
"42_78_11_1","0"
"42_78_11_2","83_37_10"
"45_78_11_0","0"
"45_78_11_1","0"
"45_78_11_2","89_34_10"
"48_78_11_0","0"
"48_78_11_1","0"
"48_78_11_2","0"
"48_78_11_3","95_31_10_0"
"48_78_11_4","95_31_10_0 + 95_31_10_1"
"54_78_11_0","0"
"54_78_11_1","0"
"54_78_11_2","107_25_10"
"55_78_11_0","0"
"55_78_11_1","0"
"55_78_11_2","109_24_10"
"56_78_11_0","0"
"56_78_11_1","0"
"56_78_11_2","0"
"56_78_11_3","111_23_10"
"60_78_11_0","0"
"60_78_11_1","0"
"60_78_11_2","119_19_10"
"2_78_12_0","3_77_11_1"
"2_78_12_1","3_77_11_0"
"3_78_12","5_76_11_0"
"4_78_12_0","0"
"4_78_12_1","7_75_11_0 + 7_75_11_1"
"4_78_12_2","7_75_11_1"
"6_78_12","11_73_11_0 + 11_73_11_1"
"7_78_12","13_72_11_0 + 13_72_11_2"
"8_78_12_0","0"
"8_78_12_1","15_71_11_2"
"8_78_12_2","15_71_11_1"
"8_78_12_3","15_71_11_0"
"10_78_12_0","0"
"10_78_12_1","0"
"10_78_12_2","19_69_11_0 + 19_69_11_1"
"10_78_12_3","19_69_11_0"
"12_78_12_0","0"
"12_78_12_1","0"
"12_78_12_2","23_67_11_0"
"13_78_12_0","0"
"13_78_12_1","0"
"13_78_12_2","25_66_11_0"
"14_78_12_0","0"
"14_78_12_1","0"
"14_78_12_2","27_65_11_0"
"14_78_12_3","27_65_11_0 + 27_65_11_1"
"16_78_12_0","0"
"16_78_12_1","0"
"16_78_12_2","0"
"16_78_12_3","31_63_11_1 + 31_63_11_2"
"16_78_12_4","31_63_11_1"
"16_78_12_5","31_63_11_0"
"18_78_12_0","0"
"18_78_12_1","35_61_11_1"
"18_78_12_2","35_61_11_2"
"20_78_12_0","0"
"20_78_12_1","39_59_11"
"22_78_12_0","0"
"22_78_12_1","43_57_11"
"24_78_12_0","0"
"24_78_12_1","0"
"24_78_12_2","47_55_11"
"26_78_12_0","0"
"26_78_12_1","0"
"26_78_12_2","51_53_11"
"30_78_12_0","0"
"30_78_12_1","59_49_11"
"36_78_12_0","0"
"36_78_12_1","71_43_11"
"38_78_12_0","0"
"38_78_12_1","0"
"38_78_12_2","75_41_11"
"42_78_12_0","0"
"42_78_12_1","0"
"42_78_12_2","83_37_11"
"48_78_12_0","0"
"48_78_12_1","0"
"48_78_12_2","0"
"48_78_12_3","95_31_11"
"54_78_12_0","0"
"54_78_12_1","0"
"54_78_12_2","107_25_11"
"56_78_12_0","0"
"56_78_12_1","0"
"56_78_12_2","111_23_11"
"60_78_12_0","0"
"60_78_12_1","0"
"60_78_12_2","119_19_11"
"3_78_13","5_76_12"
"4_78_13_0","0"
"4_78_13_1","7_75_12_0 + 7_75_12_1"
"4_78_13_2","7_75_12_0"
"5_78_13_0","0"
"5_78_13_1","9_74_12_0"
"5_78_13_2","9_74_12_0 + 9_74_12_1"
"6_78_13_0","0"
"6_78_13_1","0"
"6_78_13_2","0"
"6_78_13_3","11_73_12_1 + 11_73_12_2"
"6_78_13_4","11_73_12_0"
"6_78_13_5","11_73_12_1"
"7_78_13_0","0"
"7_78_13_1","0"
"7_78_13_2","0"
"7_78_13_3","13_72_12_1"
"7_78_13_4","13_72_12_0"
"8_78_13_0","0"
"8_78_13_1","0"
"8_78_13_2","0"
"8_78_13_3","0"
"8_78_13_4","0"
"8_78_13_5","15_71_12_2 + 15_71_12_3"
"8_78_13_6","15_71_12_0 + 15_71_12_2"
"8_78_13_7","15_71_12_0"
"8_78_13_8","15_71_12_0 + 15_71_12_1 + 15_71_12_3"
"10_78_13_0","0"
"10_78_13_1","0"
"10_78_13_2","0"
"10_78_13_3","0"
"10_78_13_4","0"
"10_78_13_5","19_69_12_0"
"10_78_13_6","19_69_12_0 + 19_69_12_1"
"11_78_13_0","0"
"11_78_13_1","0"
"11_78_13_2","0"
"11_78_13_3","21_68_12_0"
"12_78_13_0","0"
"12_78_13_1","0"
"12_78_13_2","0"
"12_78_13_3","23_67_12_1"
"12_78_13_4","23_67_12_0 + 23_67_12_1"
"13_78_13_0","0"
"13_78_13_1","0"
"13_78_13_2","25_66_12_1"
"14_78_13_0","0"
"14_78_13_1","0"
"14_78_13_2","0"
"14_78_13_3","27_65_12_2"
"14_78_13_4","27_65_12_0"
"14_78_13_5","27_65_12_0 + 27_65_12_1"
"18_78_13_0","0"
"18_78_13_1","0"
"18_78_13_2","35_61_12"
"20_78_13_0","0"
"20_78_13_1","0"
"20_78_13_2","39_59_12"
"22_78_13_0","0"
"22_78_13_1","0"
"22_78_13_2","43_57_12"
"24_78_13_0","0"
"24_78_13_1","0"
"24_78_13_2","0"
"24_78_13_3","47_55_12"
"26_78_13_0","0"
"26_78_13_1","0"
"26_78_13_2","51_53_12"
"28_78_13_0","0"
"28_78_13_1","0"
"28_78_13_2","55_51_12"
"34_78_13_0","0"
"34_78_13_1","0"
"34_78_13_2","67_45_12"
"36_78_13_0","0"
"36_78_13_1","0"
"36_78_13_2","0"
"36_78_13_3","71_43_12"
"40_78_13_0","0"
"40_78_13_1","0"
"40_78_13_2","0"
"40_78_13_3","79_39_12"
"42_78_13_0","0"
"42_78_13_1","0"
"42_78_13_2","0"
"42_78_13_3","0"
"42_78_13_4","83_37_12"
"48_78_13_0","0"
"48_78_13_1","0"
"48_78_13_2","0"
"48_78_13_3","95_31_12"
"56_78_13_0","0"
"56_78_13_1","0"
"56_78_13_2","0"
"56_78_13_3","111_23_12"
"2_78_14","3_77_13"
"3_78_14","5_76_13_2"
"4_78_14_0","0"
"4_78_14_1","7_75_13_0"
"4_78_14_2","7_75_13_1"
"6_78_14_0","0"
"6_78_14_1","11_73_13_0"
"7_78_14_0","0"
"7_78_14_1","13_72_13_0"
"8_78_14_0","0"
"8_78_14_1","0"
"8_78_14_2","15_71_13_4"
"8_78_14_3","15_71_13_3"
"8_78_14_4","15_71_13_0"
"8_78_14_5","15_71_13_1 + 15_71_13_4"
"8_78_14_6","15_71_13_0 + 15_71_13_2 + 15_71_13_3"
"10_78_14_0","0"
"10_78_14_1","0"
"10_78_14_2","0"
"10_78_14_3","19_69_13_1"
"14_78_14_0","0"
"14_78_14_1","27_65_13_2"
"18_78_14_0","35_61_13_0"
"18_78_14_1","35_61_13_1"
"20_78_14","39_59_13"
"23_78_14","45_56_13_0"
"26_78_14_0","51_53_13_1"
"26_78_14_1","51_53_13_0"
"32_78_14_0","63_47_13_0"
"32_78_14_1","63_47_13_0 + 63_47_13_1"
"36_78_14_0","0"
"36_78_14_1","71_43_13"
"39_78_14_0","0"
"39_78_14_1","77_40_13"
"40_78_14_0","0"
"40_78_14_1","0"
"40_78_14_2","79_39_13"
"42_78_14_0","0"
"42_78_14_1","0"
"42_78_14_2","83_37_13"
"46_78_14_0","0"
"46_78_14_1","91_33_13"
"48_78_14_0","0"
"48_78_14_1","95_31_13_1"
"48_78_14_2","95_31_13_0"
"3_78_15","5_76_14"
"4_78_15_0","0"
"4_78_15_1","7_75_14_0"
"4_78_15_2","7_75_14_1"
"5_78_15_0","9_74_14_0"
"5_78_15_1","9_74_14_0 + 9_74_14_1 + 9_74_14_2"
"6_78_15_0","0"
"6_78_15_1","0"
"6_78_15_2","11_73_14"
"7_78_15_0","0"
"7_78_15_1","0"
"7_78_15_2","0"
"7_78_15_3","13_72_14_0"
"8_78_15_0","0"
"8_78_15_1","0"
"8_78_15_2","0"
"8_78_15_3","0"
"8_78_15_4","15_71_14_0"
"8_78_15_5","15_71_14_1"
"8_78_15_6","15_71_14_2"
"10_78_15_0","0"
"10_78_15_1","0"
"10_78_15_2","19_69_14"
"12_78_15","23_67_14_0"
"14_78_15_0","0"
"14_78_15_1","27_65_14_1"
"14_78_15_2","27_65_14_0"
"18_78_15_0","35_61_14_1"
"18_78_15_1","35_61_14_0"
"24_78_15","47_55_14"
"26_78_15_0","0"
"26_78_15_1","51_53_14"
"30_78_15","59_49_14"
"31_78_15_0","0"
"31_78_15_1","61_48_14"
"32_78_15_0","0"
"32_78_15_1","0"
"32_78_15_2","63_47_14"
"37_78_15_0","0"
"37_78_15_1","73_42_14"
"40_78_15_0","0"
"40_78_15_1","0"
"40_78_15_2","79_39_14"
"46_78_15_0","0"
"46_78_15_1","91_33_14"
"47_78_15_0","0"
"47_78_15_1","93_32_14"
"48_78_15_0","0"
"48_78_15_1","0"
"48_78_15_2","95_31_14"
"52_78_15_0","0"
"52_78_15_1","103_27_14"
"2_78_16","3_77_15"
"3_78_16","5_76_15_0"
"4_78_16_0","0"
"4_78_16_1","7_75_15_0 + 7_75_15_1"
"4_78_16_2","7_75_15_1"
"4_78_16_3","7_75_15_2"
"5_78_16_0","0"
"5_78_16_1","0"
"5_78_16_2","9_74_15_0"
"6_78_16_0","0"
"6_78_16_1","0"
"6_78_16_2","0"
"6_78_16_3","11_73_15_0"
"6_78_16_4","11_73_15_1"
"8_78_16_0","0"
"8_78_16_1","0"
"8_78_16_2","0"
"8_78_16_3","15_71_15_3"
"8_78_16_4","15_71_15_0 + 15_71_15_2 + 15_71_15_3"
"8_78_16_5","15_71_15_2"
"8_78_16_6","15_71_15_0 + 15_71_15_1"
"10_78_16_0","19_69_15_1"
"10_78_16_1","19_69_15_2"
"10_78_16_2","19_69_15_0"
"12_78_16_0","0"
"12_78_16_1","23_67_15"
"14_78_16_0","27_65_15_0"
"14_78_16_1","27_65_15_1"
"16_78_16","31_63_15"
"18_78_16_0","0"
"18_78_16_1","35_61_15"
"22_78_16","43_57_15"
"26_78_16","51_53_15"
"28_78_16","55_51_15"
"30_78_16_0","0"
"30_78_16_1","59_49_15"
"32_78_16_0","0"
"32_78_16_1","63_47_15"
"34_78_16_0","0"
"34_78_16_1","67_45_15"
"46_78_16_0","0"
"46_78_16_1","91_33_15"
"48_78_16_0","0"
"48_78_16_1","95_31_15"
"52_78_16_0","0"
"52_78_16_1","103_27_15"
"2_78_17","3_77_16"
"3_78_17_0","5_76_16_1"
"3_78_17_1","5_76_16_0 + 5_76_16_1"
"4_78_17_0","0"
"4_78_17_1","0"
"4_78_17_2","7_75_16_0"
"4_78_17_3","7_75_16_1"
"6_78_17_0","0"
"6_78_17_1","11_73_16"
"8_78_17_0","0"
"8_78_17_1","15_71_16"
"10_78_17_0","0"
"10_78_17_1","19_69_16"
"12_78_17","23_67_16"
"14_78_17_0","27_65_16_1"
"14_78_17_1","27_65_16_0"
"16_78_17_0","0"
"16_78_17_1","31_63_16_1"
"16_78_17_2","31_63_16_0"
"18_78_17","35_61_16"
"20_78_17","39_59_16"
"26_78_17_0","51_53_16_0 + 51_53_16_1"
"26_78_17_1","51_53_16_0"
"28_78_17_0","0"
"28_78_17_1","55_51_16"
"32_78_17_0","0"
"32_78_17_1","63_47_16_1"
"32_78_17_2","63_47_16_0"
"34_78_17_0","0"
"34_78_17_1","0"
"34_78_17_2","67_45_16"
"40_78_17_0","0"
"40_78_17_1","79_39_16"
"48_78_17_0","0"
"48_78_17_1","95_31_16"
"2_78_18","3_77_17"
"3_78_18_0","0"
"3_78_18_1","5_76_17"
"4_78_18_0","0"
"4_78_18_1","0"
"4_78_18_2","7_75_17"
"6_78_18_0","0"
"6_78_18_1","0"
"6_78_18_2","11_73_17_2"
"6_78_18_3","11_73_17_0 + 11_73_17_2"
"6_78_18_4","11_73_17_1"
"10_78_18_0","0"
"10_78_18_1","0"
"10_78_18_2","0"
"10_78_18_3","19_69_17"
"12_78_18_0","0"
"12_78_18_1","0"
"12_78_18_2","0"
"12_78_18_3","23_67_17"
"14_78_18_0","0"
"14_78_18_1","0"
"14_78_18_2","0"
"14_78_18_3","0"
"14_78_18_4","27_65_17"
"15_78_18_0","0"
"15_78_18_1","0"
"15_78_18_2","0"
"15_78_18_3","29_64_17_0"
"16_78_18_0","0"
"16_78_18_1","0"
"16_78_18_2","0"
"16_78_18_3","0"
"16_78_18_4","31_63_17"
"18_78_18_0","0"
"18_78_18_1","0"
"18_78_18_2","0"
"18_78_18_3","35_61_17"
"24_78_18_0","0"
"24_78_18_1","0"
"24_78_18_2","0"
"24_78_18_3","47_55_17"
"25_78_18_0","0"
"25_78_18_1","0"
"25_78_18_2","0"
"25_78_18_3","0"
"25_78_18_4","49_54_17"
"26_78_18_0","0"
"26_78_18_1","0"
"26_78_18_2","0"
"26_78_18_3","0"
"26_78_18_4","0"
"26_78_18_5","51_53_17"
"28_78_18_0","0"
"28_78_18_1","0"
"28_78_18_2","0"
"28_78_18_3","0"
"28_78_18_4","55_51_17"
"31_78_18_0","0"
"31_78_18_1","0"
"31_78_18_2","0"
"31_78_18_3","0"
"31_78_18_4","61_48_17"
"32_78_18_0","0"
"32_78_18_1","0"
"32_78_18_2","0"
"32_78_18_3","0"
"32_78_18_4","0"
"32_78_18_5","63_47_17_0"
"32_78_18_6","63_47_17_1"
"34_78_18_0","0"
"34_78_18_1","0"
"34_78_18_2","0"
"34_78_18_3","0"
"34_78_18_4","0"
"34_78_18_5","67_45_17"
"38_78_18_0","0"
"38_78_18_1","0"
"38_78_18_2","0"
"38_78_18_3","0"
"38_78_18_4","75_41_17"
"40_78_18_0","0"
"40_78_18_1","0"
"40_78_18_2","0"
"40_78_18_3","0"
"40_78_18_4","79_39_17_1"
"40_78_18_5","79_39_17_0"
"2_78_19_0","3_77_18_0 + 3_77_18_1"
"2_78_19_1","3_77_18_0"
"4_78_19_0","7_75_18_1"
"4_78_19_1","7_75_18_0 + 7_75_18_1"
"4_78_19_2","7_75_18_1 + 7_75_18_2"
"6_78_19_0","0"
"6_78_19_1","0"
"6_78_19_2","11_73_18_0"
"6_78_19_3","11_73_18_0 + 11_73_18_1"
"8_78_19_0","0"
"8_78_19_1","15_71_18"
"10_78_19_0","0"
"10_78_19_1","19_69_18_0"
"12_78_19_0","0"
"12_78_19_1","0"
"12_78_19_2","23_67_18"
"16_78_19_0","0"
"16_78_19_1","31_63_18_1"
"16_78_19_2","31_63_18_0"
"22_78_19_0","0"
"22_78_19_1","43_57_18"
"23_78_19_0","0"
"23_78_19_1","0"
"23_78_19_2","45_56_18"
"26_78_19_0","0"
"26_78_19_1","0"
"26_78_19_2","51_53_18"
"29_78_19_0","0"
"29_78_19_1","0"
"29_78_19_2","57_50_18"
"32_78_19_0","0"
"32_78_19_1","0"
"32_78_19_2","0"
"32_78_19_3","63_47_18_0"
"32_78_19_4","63_47_18_1"
"38_78_19_0","0"
"38_78_19_1","0"
"38_78_19_2","75_41_18"
"39_78_19_0","0"
"39_78_19_1","0"
"39_78_19_2","77_40_18"
"40_78_19_0","0"
"40_78_19_1","0"
"40_78_19_2","0"
"40_78_19_3","79_39_18"
"44_78_19_0","0"
"44_78_19_1","0"
"44_78_19_2","87_35_18"
"2_78_20","3_77_19"
"3_78_20_0","0"
"3_78_20_1","5_76_19"
"4_78_20_0","0"
"4_78_20_1","0"
"4_78_20_2","7_75_19"
"6_78_20_0","0"
"6_78_20_1","11_73_19"
"8_78_20_0","0"
"8_78_20_1","15_71_19"
"10_78_20_0","0"
"10_78_20_1","0"
"10_78_20_2","19_69_19"
"12_78_20_0","0"
"12_78_20_1","23_67_19"
"14_78_20_0","0"
"14_78_20_1","27_65_19"
"16_78_20_0","0"
"16_78_20_1","0"
"16_78_20_2","31_63_19"
"20_78_20_0","0"
"20_78_20_1","39_59_19"
"22_78_20_0","0"
"22_78_20_1","0"
"22_78_20_2","43_57_19"
"26_78_20_0","0"
"26_78_20_1","0"
"26_78_20_2","51_53_19"
"32_78_20_0","0"
"32_78_20_1","0"
"32_78_20_2","0"
"32_78_20_3","63_47_19"
"38_78_20_0","0"
"38_78_20_1","0"
"38_78_20_2","75_41_19"
"40_78_20_0","0"
"40_78_20_1","0"
"40_78_20_2","79_39_19"
"44_78_20_0","0"
"44_78_20_1","0"
"44_78_20_2","87_35_19"
"3_78_21","5_76_20"
"4_78_21_0","0"
"4_78_21_1","7_75_20"
"6_78_21_0","0"
"6_78_21_1","11_73_20"
"8_78_21_0","0"
"8_78_21_1","0"
"8_78_21_2","15_71_20_1"
"8_78_21_3","15_71_20_0"
"10_78_21_0","0"
"10_78_21_1","19_69_20"
"12_78_21_0","0"
"12_78_21_1","23_67_20_1"
"12_78_21_2","23_67_20_0 + 23_67_20_1"
"16_78_21_0","0"
"16_78_21_1","31_63_20"
"18_78_21_0","0"
"18_78_21_1","35_61_20"
"20_78_21_0","0"
"20_78_21_1","0"
"20_78_21_2","39_59_20"
"24_78_21_0","0"
"24_78_21_1","0"
"24_78_21_2","47_55_20"
"26_78_21_0","0"
"26_78_21_1","0"
"26_78_21_2","0"
"26_78_21_3","51_53_20"
"32_78_21_0","0"
"32_78_21_1","0"
"32_78_21_2","63_47_20"
"40_78_21_0","0"
"40_78_21_1","0"
"40_78_21_2","79_39_20"
"2_78_22_0","3_77_21_1"
"2_78_22_1","3_77_21_0 + 3_77_21_1"
"4_78_22_0","7_75_21_1"
"4_78_22_1","7_75_21_0"
"6_78_22_0","0"
"6_78_22_1","11_73_21"
"7_78_22","13_72_21_0"
"8_78_22_0","0"
"8_78_22_1","15_71_21"
"10_78_22_0","19_69_21_1"
"10_78_22_1","19_69_21_0"
"16_78_22_0","31_63_21_1"
"16_78_22_1","31_63_21_0"
"17_78_22_0","0"
"17_78_22_1","33_62_21"
"20_78_22_0","0"
"20_78_22_1","39_59_21"
"23_78_22_0","0"
"23_78_22_1","45_56_21"
"24_78_22_0","0"
"24_78_22_1","0"
"24_78_22_2","47_55_21"
"26_78_22_0","0"
"26_78_22_1","0"
"26_78_22_2","51_53_21"
"30_78_22_0","0"
"30_78_22_1","59_49_21"
"32_78_22_0","0"
"32_78_22_1","63_47_21_1"
"32_78_22_2","63_47_21_0"
"80_79_2","159_0_1"
"46_79_3","91_34_2"
"48_79_3_0","0"
"48_79_3_1","95_32_2"
"62_79_3_0","0"
"62_79_3_1","123_18_2"
"64_79_3_0","0"
"64_79_3_1","0"
"64_79_3_2","127_16_2"
"72_79_3_0","0"
"72_79_3_1","0"
"72_79_3_2","143_8_2"
"80_79_3_0","0"
"80_79_3_1","159_0_2"
"18_79_4","35_62_3"
"26_79_4","51_54_3"
"42_79_4","83_38_3"
"46_79_4","91_34_3"
"47_79_4","93_33_3"
"50_79_4","99_30_3"
"62_79_4","123_18_3"
"63_79_4","125_17_3"
"66_79_4","131_14_3"
"71_79_4","141_9_3"
"72_79_4_0","0"
"72_79_4_1","143_8_3"
"80_79_4","159_0_3"
"16_79_5_0","31_64_4_0 + 31_64_4_1"
"16_79_5_1","31_64_4_0"
"18_79_5_0","0"
"18_79_5_1","35_62_4_0 + 35_62_4_1"
"24_79_5","47_56_4"
"26_79_5","51_54_4"
"30_79_5","59_50_4"
"32_79_5_0","0"
"32_79_5_1","63_48_4"
"40_79_5_0","0"
"40_79_5_1","79_40_4_1"
"42_79_5_0","0"
"42_79_5_1","83_38_4_0 + 83_38_4_1"
"46_79_5_0","0"
"46_79_5_1","91_34_4"
"48_79_5_0","0"
"48_79_5_1","95_32_4"
"50_79_5_0","0"
"50_79_5_1","0"
"50_79_5_2","99_30_4"
"62_79_5_0","0"
"62_79_5_1","123_18_4_1"
"62_79_5_2","123_18_4_0 + 123_18_4_1"
"71_79_5_0","0"
"71_79_5_1","141_9_4"
"80_79_5_0","0"
"80_79_5_1","159_0_4"
"11_79_6","21_69_5"
"12_79_6_0","0"
"12_79_6_1","23_68_5"
"14_79_6_0","0"
"14_79_6_1","0"
"14_79_6_2","27_66_5"
"15_79_6_0","0"
"15_79_6_1","0"
"15_79_6_2","29_65_5_0"
"16_79_6_0","0"
"16_79_6_1","0"
"16_79_6_2","0"
"16_79_6_3","31_64_5_2"
"16_79_6_4","31_64_5_1"
"16_79_6_5","31_64_5_0 + 31_64_5_1"
"18_79_6_0","0"
"18_79_6_1","0"
"18_79_6_2","0"
"18_79_6_3","35_62_5_2"
"18_79_6_4","35_62_5_0"
"20_79_6_0","0"
"20_79_6_1","0"
"20_79_6_2","39_60_5"
"23_79_6_0","0"
"23_79_6_1","0"
"23_79_6_2","45_57_5"
"24_79_6_0","0"
"24_79_6_1","0"
"24_79_6_2","0"
"24_79_6_3","47_56_5"
"26_79_6_0","0"
"26_79_6_1","0"
"26_79_6_2","51_54_5"
"32_79_6_0","0"
"32_79_6_1","0"
"32_79_6_2","63_48_5"
"36_79_6_0","0"
"36_79_6_1","0"
"36_79_6_2","71_44_5"
"40_79_6_0","0"
"40_79_6_1","0"
"40_79_6_2","79_40_5_0"
"40_79_6_3","79_40_5_1"
"42_79_6_0","0"
"42_79_6_1","83_38_5"
"45_79_6_0","0"
"45_79_6_1","89_35_5"
"47_79_6_0","0"
"47_79_6_1","0"
"47_79_6_2","93_33_5"
"50_79_6_0","0"
"50_79_6_1","0"
"50_79_6_2","99_30_5"
"56_79_6_0","0"
"56_79_6_1","0"
"56_79_6_2","111_24_5"
"60_79_6_0","0"
"60_79_6_1","119_20_5"
"62_79_6_0","0"
"62_79_6_1","123_18_5"
"66_79_6_0","0"
"66_79_6_1","131_14_5"
"80_79_6_0","0"
"80_79_6_1","159_0_5"
"10_79_7","19_70_6"
"11_79_7_0","0"
"11_79_7_1","21_69_6_0"
"11_79_7_2","21_69_6_0 + 21_69_6_1"
"12_79_7_0","0"
"12_79_7_1","0"
"12_79_7_2","0"
"12_79_7_3","23_68_6"
"13_79_7_0","0"
"13_79_7_1","0"
"13_79_7_2","0"
"13_79_7_3","25_67_6_0"
"14_79_7_0","0"
"14_79_7_1","0"
"14_79_7_2","0"
"14_79_7_3","27_66_6_1"
"14_79_7_4","27_66_6_0"
"15_79_7_0","0"
"15_79_7_1","0"
"15_79_7_2","0"
"15_79_7_3","0"
"15_79_7_4","29_65_6_0"
"16_79_7_0","0"
"16_79_7_1","0"
"16_79_7_2","0"
"16_79_7_3","0"
"16_79_7_4","0"
"16_79_7_5","31_64_6_1"
"16_79_7_6","31_64_6_1 + 31_64_6_2"
"16_79_7_7","31_64_6_0 + 31_64_6_1 + 31_64_6_2"
"18_79_7_0","0"
"18_79_7_1","0"
"18_79_7_2","0"
"18_79_7_3","0"
"18_79_7_4","35_62_6_1"
"19_79_7_0","0"
"19_79_7_1","0"
"19_79_7_2","0"
"19_79_7_3","37_61_6_3"
"20_79_7_0","0"
"20_79_7_1","0"
"20_79_7_2","0"
"20_79_7_3","0"
"20_79_7_4","39_60_6"
"24_79_7_0","0"
"24_79_7_1","0"
"24_79_7_2","0"
"24_79_7_3","47_56_6"
"28_79_7_0","0"
"28_79_7_1","0"
"28_79_7_2","0"
"28_79_7_3","55_52_6"
"31_79_7_0","0"
"31_79_7_1","0"
"31_79_7_2","61_49_6"
"32_79_7_0","0"
"32_79_7_1","0"
"32_79_7_2","0"
"32_79_7_3","63_48_6"
"36_79_7_0","0"
"36_79_7_1","71_44_6"
"38_79_7_0","0"
"38_79_7_1","75_42_6"
"40_79_7_0","0"
"40_79_7_1","0"
"40_79_7_2","79_40_6_0"
"40_79_7_3","79_40_6_0 + 79_40_6_1"
"42_79_7_0","0"
"42_79_7_1","0"
"42_79_7_2","83_38_6_0"
"44_79_7_0","0"
"44_79_7_1","0"
"44_79_7_2","87_36_6"
"46_79_7_0","0"
"46_79_7_1","0"
"46_79_7_2","0"
"46_79_7_3","91_34_6"
"48_79_7_0","0"
"48_79_7_1","0"
"48_79_7_2","0"
"48_79_7_3","0"
"48_79_7_4","95_32_6"
"54_79_7_0","0"
"54_79_7_1","0"
"54_79_7_2","0"
"54_79_7_3","107_26_6"
"60_79_7_0","0"
"60_79_7_1","0"
"60_79_7_2","119_20_6"
"64_79_7_0","0"
"64_79_7_1","0"
"64_79_7_2","127_16_6"
"66_79_7_0","0"
"66_79_7_1","0"
"66_79_7_2","131_14_6"
"80_79_7_0","0"
"80_79_7_1","0"
"80_79_7_2","159_0_6"
"4_79_8","7_76_7"
"6_79_8_0","11_74_7_0 + 11_74_7_1"
"6_79_8_1","11_74_7_1"
"9_79_8","17_71_7_0"
"10_79_8_0","0"
"10_79_8_1","19_70_7_1"
"10_79_8_2","19_70_7_0 + 19_70_7_1"
"11_79_8_0","0"
"11_79_8_1","0"
"11_79_8_2","21_69_7_0"
"12_79_8_0","0"
"12_79_8_1","0"
"12_79_8_2","0"
"12_79_8_3","23_68_7_2"
"12_79_8_4","23_68_7_0"
"12_79_8_5","23_68_7_1 + 23_68_7_2"
"13_79_8_0","0"
"13_79_8_1","0"
"13_79_8_2","0"
"13_79_8_3","25_67_7"
"14_79_8_0","0"
"14_79_8_1","0"
"14_79_8_2","0"
"14_79_8_3","0"
"14_79_8_4","27_66_7_2"
"14_79_8_5","27_66_7_0"
"15_79_8_0","0"
"15_79_8_1","0"
"15_79_8_2","0"
"15_79_8_3","0"
"15_79_8_4","29_65_7_2"
"15_79_8_5","29_65_7_0 + 29_65_7_2"
"16_79_8_0","0"
"16_79_8_1","0"
"16_79_8_2","0"
"16_79_8_3","0"
"16_79_8_4","0"
"16_79_8_5","0"
"16_79_8_6","31_64_7_1 + 31_64_7_2"
"16_79_8_7","31_64_7_1"
"16_79_8_8","31_64_7_1 + 31_64_7_3"
"16_79_8_9","31_64_7_0 + 31_64_7_1 + 31_64_7_2"
"18_79_8_0","0"
"18_79_8_1","0"
"18_79_8_2","0"
"18_79_8_3","0"
"18_79_8_4","0"
"18_79_8_5","0"
"18_79_8_6","35_62_7"
"19_79_8_0","0"
"19_79_8_1","0"
"19_79_8_2","0"
"19_79_8_3","0"
"19_79_8_4","37_61_7_3"
"20_79_8_0","0"
"20_79_8_1","0"
"20_79_8_2","0"
"20_79_8_3","39_60_7_1"
"22_79_8_0","0"
"22_79_8_1","0"
"22_79_8_2","43_58_7_0 + 43_58_7_1"
"22_79_8_3","43_58_7_0"
"24_79_8_0","0"
"24_79_8_1","0"
"24_79_8_2","47_56_7"
"29_79_8_0","0"
"29_79_8_1","57_51_7"
"32_79_8_0","0"
"32_79_8_1","0"
"32_79_8_2","63_48_7_1"
"32_79_8_3","63_48_7_0 + 63_48_7_1"
"38_79_8_0","0"
"38_79_8_1","75_42_7"
"39_79_8_0","0"
"39_79_8_1","77_41_7"
"41_79_8_0","0"
"41_79_8_1","81_39_7"
"42_79_8_0","0"
"42_79_8_1","0"
"42_79_8_2","83_38_7"
"43_79_8_0","0"
"43_79_8_1","0"
"43_79_8_2","85_37_7_0"
"47_79_8_0","0"
"47_79_8_1","0"
"47_79_8_2","93_33_7"
"48_79_8_0","0"
"48_79_8_1","0"
"48_79_8_2","0"
"48_79_8_3","95_32_7"
"50_79_8_0","0"
"50_79_8_1","0"
"50_79_8_2","0"
"50_79_8_3","99_30_7"
"63_79_8_0","0"
"63_79_8_1","0"
"63_79_8_2","125_17_7"
"64_79_8_0","0"
"64_79_8_1","0"
"64_79_8_2","0"
"64_79_8_3","127_16_7"
"80_79_8_0","0"
"80_79_8_1","0"
"80_79_8_2","159_0_7"
"4_79_9_0","7_76_8_0"
"4_79_9_1","7_76_8_0 + 7_76_8_1"
"6_79_9_0","11_74_8_1"
"6_79_9_1","11_74_8_0 + 11_74_8_1"
"8_79_9","15_72_8"
"10_79_9_0","0"
"10_79_9_1","19_70_8_0"
"10_79_9_2","19_70_8_0 + 19_70_8_1"
"11_79_9_0","0"
"11_79_9_1","0"
"11_79_9_2","21_69_8_1"
"12_79_9_0","0"
"12_79_9_1","0"
"12_79_9_2","0"
"12_79_9_3","23_68_8_2"
"12_79_9_4","23_68_8_0 + 23_68_8_2"
"12_79_9_5","23_68_8_3"
"13_79_9_0","0"
"13_79_9_1","0"
"13_79_9_2","0"
"13_79_9_3","25_67_8"
"14_79_9_0","0"
"14_79_9_1","0"
"14_79_9_2","0"
"14_79_9_3","0"
"14_79_9_4","27_66_8"
"15_79_9_0","0"
"15_79_9_1","0"
"15_79_9_2","0"
"15_79_9_3","29_65_8_2"
"16_79_9_0","0"
"16_79_9_1","0"
"16_79_9_2","0"
"16_79_9_3","0"
"16_79_9_4","31_64_8_0 + 31_64_8_1 + 31_64_8_2"
"16_79_9_5","31_64_8_1 + 31_64_8_2"
"16_79_9_6","31_64_8_0 + 31_64_8_3"
"16_79_9_7","31_64_8_0 + 31_64_8_1"
"18_79_9_0","0"
"18_79_9_1","0"
"18_79_9_2","35_62_8_1 + 35_62_8_2"
"18_79_9_3","35_62_8_1 + 35_62_8_2 + 35_62_8_3"
"20_79_9_0","0"
"20_79_9_1","0"
"20_79_9_2","39_60_8"
"22_79_9_0","0"
"22_79_9_1","0"
"22_79_9_2","43_58_8_0"
"22_79_9_3","43_58_8_1"
"26_79_9_0","0"
"26_79_9_1","51_54_8"
"29_79_9_0","0"
"29_79_9_1","0"
"29_79_9_2","57_51_8"
"32_79_9_0","0"
"32_79_9_1","0"
"32_79_9_2","0"
"32_79_9_3","63_48_8"
"38_79_9_0","0"
"38_79_9_1","75_42_8"
"40_79_9_0","0"
"40_79_9_1","79_40_8"
"42_79_9_0","0"
"42_79_9_1","0"
"42_79_9_2","83_38_8"
"46_79_9_0","0"
"46_79_9_1","91_34_8"
"48_79_9_0","0"
"48_79_9_1","0"
"48_79_9_2","95_32_8"
"50_79_9_0","0"
"50_79_9_1","0"
"50_79_9_2","99_30_8"
"54_79_9_0","0"
"54_79_9_1","107_26_8"
"63_79_9_0","0"
"63_79_9_1","125_17_8"
"80_79_9_0","0"
"80_79_9_1","159_0_8"
"4_79_10_0","7_76_9_1"
"4_79_10_1","7_76_9_1 + 7_76_9_2"
"4_79_10_2","7_76_9_0"
"6_79_10","11_74_9_0"
"8_79_10_0","0"
"8_79_10_1","15_72_9_0"
"8_79_10_2","15_72_9_1"
"10_79_10_0","0"
"10_79_10_1","19_70_9_0"
"11_79_10_0","0"
"11_79_10_1","0"
"11_79_10_2","21_69_9_0"
"11_79_10_3","21_69_9_1"
"12_79_10_0","0"
"12_79_10_1","0"
"12_79_10_2","0"
"12_79_10_3","0"
"12_79_10_4","23_68_9_0"
"12_79_10_5","23_68_9_1"
"12_79_10_6","23_68_9_0 + 23_68_9_2"
"15_79_10_0","0"
"15_79_10_1","0"
"15_79_10_2","0"
"15_79_10_3","0"
"15_79_10_4","29_65_9_2"
"15_79_10_5","29_65_9_0"
"15_79_10_6","29_65_9_1"
"16_79_10_0","0"
"16_79_10_1","0"
"16_79_10_2","0"
"16_79_10_3","0"
"16_79_10_4","0"
"16_79_10_5","0"
"16_79_10_6","0"
"16_79_10_7","31_64_9_1"
"16_79_10_8","31_64_9_0"
"18_79_10_0","0"
"18_79_10_1","0"
"18_79_10_2","0"
"18_79_10_3","0"
"18_79_10_4","35_62_9_1"
"18_79_10_5","35_62_9_0 + 35_62_9_1"
"20_79_10_0","0"
"20_79_10_1","0"
"20_79_10_2","39_60_9_0"
"22_79_10_0","0"
"22_79_10_1","0"
"22_79_10_2","43_58_9"
"24_79_10_0","0"
"24_79_10_1","47_56_9"
"26_79_10_0","0"
"26_79_10_1","0"
"26_79_10_2","51_54_9"
"27_79_10_0","0"
"27_79_10_1","0"
"27_79_10_2","53_53_9"
"32_79_10_0","0"
"32_79_10_1","0"
"32_79_10_2","63_48_9_0"
"32_79_10_3","63_48_9_1"
"38_79_10_0","0"
"38_79_10_1","75_42_9"
"42_79_10_0","0"
"42_79_10_1","83_38_9"
"45_79_10_0","0"
"45_79_10_1","89_35_9"
"46_79_10_0","0"
"46_79_10_1","0"
"46_79_10_2","91_34_9"
"48_79_10_0","0"
"48_79_10_1","0"
"48_79_10_2","95_32_9"
"50_79_10_0","0"
"50_79_10_1","99_30_9"
"52_79_10_0","0"
"52_79_10_1","103_28_9"
"54_79_10_0","0"
"54_79_10_1","107_26_9"
"58_79_10_0","0"
"58_79_10_1","115_22_9"
"80_79_10_0","0"
"80_79_10_1","159_0_9"
"2_79_11","3_78_10"
"3_79_11","5_77_10_0"
"4_79_11_0","0"
"4_79_11_1","7_76_10_0"
"4_79_11_2","7_76_10_2"
"4_79_11_3","7_76_10_1 + 7_76_10_2"
"6_79_11","11_74_10_1"
"8_79_11_0","15_72_10_2"
"8_79_11_1","15_72_10_1 + 15_72_10_2"
"8_79_11_2","15_72_10_0"
"9_79_11_0","0"
"9_79_11_1","17_71_10_0"
"10_79_11_0","0"
"10_79_11_1","0"
"10_79_11_2","19_70_10"
"11_79_11_0","0"
"11_79_11_1","0"
"11_79_11_2","0"
"11_79_11_3","21_69_10_2"
"12_79_11_0","0"
"12_79_11_1","0"
"12_79_11_2","0"
"12_79_11_3","0"
"12_79_11_4","23_68_10_1 + 23_68_10_2"
"12_79_11_5","23_68_10_2"
"12_79_11_6","23_68_10_0"
"14_79_11_0","0"
"14_79_11_1","0"
"14_79_11_2","27_66_10_1"
"16_79_11_0","0"
"16_79_11_1","0"
"16_79_11_2","0"
"16_79_11_3","31_64_10_0"
"16_79_11_4","31_64_10_0 + 31_64_10_1"
"18_79_11_0","0"
"18_79_11_1","0"
"18_79_11_2","0"
"18_79_11_3","35_62_10_3"
"20_79_11_0","0"
"20_79_11_1","39_60_10"
"22_79_11_0","0"
"22_79_11_1","43_58_10"
"23_79_11_0","0"
"23_79_11_1","45_57_10"
"24_79_11_0","0"
"24_79_11_1","0"
"24_79_11_2","47_56_10_0"
"24_79_11_3","47_56_10_1"
"26_79_11_0","0"
"26_79_11_1","0"
"26_79_11_2","0"
"26_79_11_3","51_54_10_0"
"36_79_11_0","0"
"36_79_11_1","71_44_10"
"40_79_11_0","0"
"40_79_11_1","79_40_10"
"43_79_11_0","0"
"43_79_11_1","85_37_10"
"46_79_11_0","0"
"46_79_11_1","0"
"46_79_11_2","91_34_10"
"50_79_11_0","0"
"50_79_11_1","99_30_10"
"52_79_11_0","0"
"52_79_11_1","103_28_10"
"56_79_11_0","0"
"56_79_11_1","111_24_10"
"58_79_11_0","0"
"58_79_11_1","115_22_10"
"80_79_11_0","0"
"80_79_11_1","159_0_10"
"2_79_12","3_78_11"
"4_79_12_0","7_76_11_0"
"4_79_12_1","7_76_11_1"
"4_79_12_2","7_76_11_2"
"5_79_12_0","9_75_11_0 + 9_75_11_2"
"5_79_12_1","9_75_11_1"
"6_79_12_0","0"
"6_79_12_1","0"
"6_79_12_2","11_74_11_0"
"6_79_12_3","11_74_11_1"
"8_79_12_0","0"
"8_79_12_1","0"
"8_79_12_2","15_72_11_2"
"8_79_12_3","15_72_11_0 + 15_72_11_1"
"8_79_12_4","15_72_11_1"
"10_79_12_0","0"
"10_79_12_1","0"
"10_79_12_2","19_70_11"
"12_79_12_0","0"
"12_79_12_1","23_68_11_0 + 23_68_11_1 + 23_68_11_3"
"12_79_12_2","23_68_11_2 + 23_68_11_3"
"12_79_12_3","23_68_11_3"
"14_79_12_0","0"
"14_79_12_1","27_66_11_2"
"14_79_12_2","27_66_11_1"
"14_79_12_3","27_66_11_0 + 27_66_11_1 + 27_66_11_3"
"14_79_12_4","27_66_11_0"
"15_79_12_0","0"
"15_79_12_1","29_65_11_0 + 29_65_11_1"
"18_79_12_0","35_62_11_1"
"18_79_12_1","35_62_11_0"
"19_79_12","37_61_11_0"
"20_79_12_0","0"
"20_79_12_1","39_60_11_1"
"20_79_12_2","39_60_11_0"
"23_79_12_0","0"
"23_79_12_1","45_57_11"
"24_79_12_0","0"
"24_79_12_1","0"
"24_79_12_2","47_56_11"
"26_79_12_0","0"
"26_79_12_1","51_54_11_0 + 51_54_11_1"
"28_79_12","55_52_11"
"34_79_12","67_46_11"
"39_79_12","77_41_11"
"40_79_12_0","0"
"40_79_12_1","79_40_11"
"50_79_12","99_30_11"
"55_79_12","109_25_11"
"56_79_12_0","0"
"56_79_12_1","111_24_11"
"80_79_12","159_0_11"
"2_79_13","3_78_12"
"3_79_13","5_77_12_0 + 5_77_12_1"
"4_79_13_0","0"
"4_79_13_1","7_76_12"
"6_79_13_0","0"
"6_79_13_1","11_74_12_0"
"8_79_13_0","0"
"8_79_13_1","15_72_12_0"
"8_79_13_2","15_72_12_2"
"8_79_13_3","15_72_12_1"
"8_79_13_4","15_72_12_0 + 15_72_12_3"
"10_79_13","19_70_12_0"
"12_79_13_0","0"
"12_79_13_1","23_68_12_0 + 23_68_12_1"
"12_79_13_2","23_68_12_1"
"12_79_13_3","23_68_12_0 + 23_68_12_1 + 23_68_12_2"
"14_79_13_0","0"
"14_79_13_1","27_66_12_1 + 27_66_12_2"
"14_79_13_2","27_66_12_1"
"15_79_13_0","0"
"15_79_13_1","29_65_12_0 + 29_65_12_1"
"18_79_13_0","0"
"18_79_13_1","0"
"18_79_13_2","35_62_12_0 + 35_62_12_1"
"18_79_13_3","35_62_12_0"
"20_79_13_0","0"
"20_79_13_1","0"
"20_79_13_2","39_60_12_1"
"20_79_13_3","39_60_12_0"
"21_79_13_0","0"
"21_79_13_1","0"
"21_79_13_2","41_59_12"
"24_79_13_0","0"
"24_79_13_1","0"
"24_79_13_2","0"
"24_79_13_3","47_56_12"
"26_79_13_0","0"
"26_79_13_1","0"
"26_79_13_2","51_54_12_0 + 51_54_12_1"
"26_79_13_3","51_54_12_0"
"32_79_13_0","0"
"32_79_13_1","63_48_12"
"38_79_13_0","0"
"38_79_13_1","75_42_12"
"40_79_13_0","0"
"40_79_13_1","0"
"40_79_13_2","79_40_12"
"46_79_13_0","0"
"46_79_13_1","91_34_12"
"55_79_13_0","0"
"55_79_13_1","109_25_12"
"80_79_13_0","0"
"80_79_13_1","159_0_12"
"2_79_14","3_78_13"
"3_79_14_0","0"
"3_79_14_1","5_77_13"
"4_79_14_0","0"
"4_79_14_1","0"
"4_79_14_2","7_76_13_0"
"4_79_14_3","7_76_13_1"
"6_79_14_0","0"
"6_79_14_1","0"
"6_79_14_2","0"
"6_79_14_3","11_74_13_1"
"6_79_14_4","11_74_13_0 + 11_74_13_1"
"7_79_14_0","0"
"7_79_14_1","0"
"7_79_14_2","0"
"7_79_14_3","13_73_13_0"
"7_79_14_4","13_73_13_0 + 13_73_13_1"
"8_79_14_0","0"
"8_79_14_1","0"
"8_79_14_2","0"
"8_79_14_3","0"
"8_79_14_4","0"
"8_79_14_5","15_72_13_1"
"8_79_14_6","15_72_13_0 + 15_72_13_1"
"12_79_14_0","0"
"12_79_14_1","23_68_13_0"
"12_79_14_2","23_68_13_0 + 23_68_13_2"
"14_79_14_0","0"
"14_79_14_1","27_66_13"
"18_79_14_0","0"
"18_79_14_1","35_62_13_0 + 35_62_13_1"
"18_79_14_2","35_62_13_0"
"19_79_14_0","0"
"19_79_14_1","0"
"19_79_14_2","37_61_13_0"
"20_79_14_0","0"
"20_79_14_1","0"
"20_79_14_2","0"
"20_79_14_3","39_60_13"
"24_79_14_0","0"
"24_79_14_1","0"
"24_79_14_2","47_56_13_0"
"24_79_14_3","47_56_13_1"
"26_79_14_0","0"
"26_79_14_1","0"
"26_79_14_2","51_54_13"
"30_79_14_0","0"
"30_79_14_1","59_50_13"
"37_79_14_0","0"
"37_79_14_1","73_43_13"
"38_79_14_0","0"
"38_79_14_1","0"
"38_79_14_2","75_42_13"
"40_79_14_0","0"
"40_79_14_1","0"
"40_79_14_2","79_40_13"
"44_79_14_0","0"
"44_79_14_1","87_36_13"
"46_79_14_0","0"
"46_79_14_1","91_34_13"
"50_79_14_0","0"
"50_79_14_1","99_30_13"
"80_79_14_0","0"
"80_79_14_1","159_0_13"
"2_79_15","3_78_14"
"3_79_15","5_77_14_1"
"4_79_15_0","0"
"4_79_15_1","7_76_14_0"
"4_79_15_2","7_76_14_1"
"4_79_15_3","7_76_14_2"
"6_79_15_0","0"
"6_79_15_1","0"
"6_79_15_2","11_74_14_1"
"6_79_15_3","11_74_14_1 + 11_74_14_2"
"6_79_15_4","11_74_14_0 + 11_74_14_1"
"8_79_15_0","0"
"8_79_15_1","0"
"8_79_15_2","0"
"8_79_15_3","15_72_14"
"10_79_15_0","0"
"10_79_15_1","19_70_14_3"
"12_79_15_0","0"
"12_79_15_1","23_68_14_2"
"12_79_15_2","23_68_14_1 + 23_68_14_2"
"12_79_15_3","23_68_14_0 + 23_68_14_1"
"16_79_15_0","0"
"16_79_15_1","31_64_14_2"
"16_79_15_2","31_64_14_0"
"16_79_15_3","31_64_14_1"
"18_79_15_0","0"
"18_79_15_1","0"
"18_79_15_2","0"
"18_79_15_3","35_62_14"
"20_79_15_0","0"
"20_79_15_1","0"
"20_79_15_2","39_60_14"
"22_79_15_0","0"
"22_79_15_1","0"
"22_79_15_2","43_58_14"
"26_79_15_0","0"
"26_79_15_1","51_54_14"
"28_79_15_0","0"
"28_79_15_1","55_52_14"
"32_79_15_0","0"
"32_79_15_1","63_48_14"
"34_79_15_0","0"
"34_79_15_1","67_46_14"
"38_79_15_0","0"
"38_79_15_1","0"
"38_79_15_2","75_42_14"
"44_79_15_0","0"
"44_79_15_1","87_36_14"
"48_79_15_0","0"
"48_79_15_1","95_32_14"
"50_79_15_0","0"
"50_79_15_1","99_30_14"
"80_79_15_0","0"
"80_79_15_1","159_0_14"
"2_79_16","3_78_15"
"3_79_16_0","5_77_15_3"
"3_79_16_1","5_77_15_1"
"3_79_16_2","5_77_15_0"
"4_79_16_0","0"
"4_79_16_1","0"
"4_79_16_2","0"
"4_79_16_3","7_76_15_0 + 7_76_15_1"
"4_79_16_4","7_76_15_1"
"4_79_16_5","7_76_15_2"
"6_79_16_0","0"
"6_79_16_1","11_74_15_0"
"6_79_16_2","11_74_15_0 + 11_74_15_1"
"8_79_16","15_72_15"
"9_79_16_0","0"
"9_79_16_1","17_71_15_0"
"10_79_16_0","0"
"10_79_16_1","0"
"10_79_16_2","19_70_15"
"12_79_16_0","0"
"12_79_16_1","23_68_15_0 + 23_68_15_1"
"12_79_16_2","23_68_15_1"
"14_79_16_0","0"
"14_79_16_1","27_66_15"
"15_79_16_0","0"
"15_79_16_1","0"
"15_79_16_2","29_65_15_0"
"16_79_16_0","0"
"16_79_16_1","0"
"16_79_16_2","0"
"16_79_16_3","31_64_15_0 + 31_64_15_1"
"16_79_16_4","31_64_15_1"
"18_79_16_0","0"
"18_79_16_1","0"
"18_79_16_2","35_62_15_0 + 35_62_15_1"
"20_79_16_0","0"
"20_79_16_1","0"
"20_79_16_2","39_60_15"
"26_79_16_0","0"
"26_79_16_1","51_54_15_1"
"26_79_16_2","51_54_15_0"
"31_79_16_0","0"
"31_79_16_1","61_49_15"
"32_79_16_0","0"
"32_79_16_1","0"
"32_79_16_2","63_48_15"
"34_79_16_0","0"
"34_79_16_1","0"
"34_79_16_2","67_46_15"
"47_79_16_0","0"
"47_79_16_1","93_33_15"
"48_79_16_0","0"
"48_79_16_1","0"
"48_79_16_2","95_32_15"
"80_79_16_0","0"
"80_79_16_1","159_0_15"
"2_79_17","3_78_16"
"3_79_17","5_77_16"
"4_79_17_0","0"
"4_79_17_1","7_76_16"
"5_79_17_0","0"
"5_79_17_1","9_75_16_1"
"6_79_17_0","0"
"6_79_17_1","0"
"6_79_17_2","11_74_16_1"
"6_79_17_3","11_74_16_0 + 11_74_16_1"
"7_79_17_0","0"
"7_79_17_1","0"
"7_79_17_2","0"
"7_79_17_3","13_73_16_0"
"10_79_17_0","0"
"10_79_17_1","0"
"10_79_17_2","0"
"10_79_17_3","19_70_16"
"12_79_17_0","0"
"12_79_17_1","0"
"12_79_17_2","0"
"12_79_17_3","23_68_16_1"
"12_79_17_4","23_68_16_0 + 23_68_16_1"
"13_79_17_0","0"
"13_79_17_1","0"
"13_79_17_2","0"
"13_79_17_3","0"
"13_79_17_4","25_67_16"
"16_79_17_0","0"
"16_79_17_1","0"
"16_79_17_2","0"
"16_79_17_3","0"
"16_79_17_4","31_64_16_0 + 31_64_16_1"
"16_79_17_5","31_64_16_1"
"18_79_17_0","0"
"18_79_17_1","0"
"18_79_17_2","0"
"18_79_17_3","0"
"18_79_17_4","35_62_16_1"
"18_79_17_5","35_62_16_0 + 35_62_16_1"
"24_79_17_0","0"
"24_79_17_1","0"
"24_79_17_2","0"
"24_79_17_3","47_56_16"
"26_79_17_0","0"
"26_79_17_1","0"
"26_79_17_2","0"
"26_79_17_3","0"
"26_79_17_4","51_54_16"
"30_79_17_0","0"
"30_79_17_1","0"
"30_79_17_2","0"
"30_79_17_3","59_50_16"
"32_79_17_0","0"
"32_79_17_1","0"
"32_79_17_2","0"
"32_79_17_3","0"
"32_79_17_4","63_48_16"
"34_79_17_0","0"
"34_79_17_1","0"
"34_79_17_2","0"
"34_79_17_3","0"
"34_79_17_4","67_46_16"
"38_79_17_0","0"
"38_79_17_1","0"
"38_79_17_2","0"
"38_79_17_3","75_42_16"
"47_79_17_0","0"
"47_79_17_1","0"
"47_79_17_2","0"
"47_79_17_3","93_33_16"
"80_79_17_0","0"
"80_79_17_1","0"
"80_79_17_2","0"
"80_79_17_3","159_0_16"
"2_79_18_0","3_78_17_0"
"2_79_18_1","3_78_17_0 + 3_78_17_1"
"3_79_18","5_77_17_0"
"4_79_18_0","0"
"4_79_18_1","7_76_17_1"
"4_79_18_2","7_76_17_0 + 7_76_17_1"
"4_79_18_3","7_76_17_0 + 7_76_17_1 + 7_76_17_2"
"6_79_18_0","0"
"6_79_18_1","0"
"6_79_18_2","0"
"6_79_18_3","11_74_17"
"8_79_18_0","0"
"8_79_18_1","0"
"8_79_18_2","15_72_17"
"10_79_18_0","0"
"10_79_18_1","0"
"10_79_18_2","19_70_17_0"
"10_79_18_3","19_70_17_0 + 19_70_17_1"
"12_79_18_0","0"
"12_79_18_1","0"
"12_79_18_2","0"
"12_79_18_3","0"
"12_79_18_4","23_68_17"
"16_79_18_0","0"
"16_79_18_1","0"
"16_79_18_2","0"
"16_79_18_3","31_64_17_2"
"16_79_18_4","31_64_17_0"
"16_79_18_5","31_64_17_0 + 31_64_17_1 + 31_64_17_2"
"18_79_18_0","0"
"18_79_18_1","0"
"18_79_18_2","0"
"18_79_18_3","35_62_17"
"22_79_18_0","0"
"22_79_18_1","0"
"22_79_18_2","43_58_17"
"26_79_18_0","0"
"26_79_18_1","0"
"26_79_18_2","51_54_17"
"29_79_18_0","0"
"29_79_18_1","0"
"29_79_18_2","57_51_17"
"30_79_18_0","0"
"30_79_18_1","0"
"30_79_18_2","0"
"30_79_18_3","59_50_17"
"32_79_18_0","0"
"32_79_18_1","0"
"32_79_18_2","0"
"32_79_18_3","63_48_17"
"34_79_18_0","0"
"34_79_18_1","0"
"34_79_18_2","67_46_17"
"36_79_18_0","0"
"36_79_18_1","0"
"36_79_18_2","71_44_17"
"38_79_18_0","0"
"38_79_18_1","0"
"38_79_18_2","75_42_17"
"42_79_18_0","0"
"42_79_18_1","0"
"42_79_18_2","83_38_17"
"80_79_18_0","0"
"80_79_18_1","0"
"80_79_18_2","159_0_17"
"2_79_19_0","3_78_18_1"
"2_79_19_1","3_78_18_0"
"3_79_19_0","0"
"3_79_19_1","0"
"3_79_19_2","5_77_18"
"4_79_19_0","0"
"4_79_19_1","0"
"4_79_19_2","0"
"4_79_19_3","7_76_18"
"6_79_19_0","0"
"6_79_19_1","0"
"6_79_19_2","11_74_18"
"8_79_19_0","0"
"8_79_19_1","0"
"8_79_19_2","15_72_18_0"
"8_79_19_3","15_72_18_0 + 15_72_18_1"
"10_79_19_0","0"
"10_79_19_1","0"
"10_79_19_2","0"
"10_79_19_3","0"
"10_79_19_4","19_70_18"
"12_79_19_0","0"
"12_79_19_1","0"
"12_79_19_2","0"
"12_79_19_3","23_68_18"
"14_79_19_0","0"
"14_79_19_1","0"
"14_79_19_2","0"
"14_79_19_3","27_66_18"
"16_79_19_0","0"
"16_79_19_1","0"
"16_79_19_2","0"
"16_79_19_3","0"
"16_79_19_4","31_64_18"
"18_79_19_0","0"
"18_79_19_1","0"
"18_79_19_2","35_62_18"
"20_79_19_0","0"
"20_79_19_1","0"
"20_79_19_2","39_60_18"
"24_79_19_0","0"
"24_79_19_1","0"
"24_79_19_2","47_56_18"
"27_79_19_0","0"
"27_79_19_1","0"
"27_79_19_2","53_53_18"
"30_79_19_0","0"
"30_79_19_1","0"
"30_79_19_2","0"
"30_79_19_3","59_50_18"
"34_79_19_0","0"
"34_79_19_1","0"
"34_79_19_2","67_46_18"
"36_79_19_0","0"
"36_79_19_1","0"
"36_79_19_2","71_44_18"
"40_79_19_0","0"
"40_79_19_1","0"
"40_79_19_2","79_40_18"
"42_79_19_0","0"
"42_79_19_1","0"
"42_79_19_2","83_38_18"
"80_79_19_0","0"
"80_79_19_1","0"
"80_79_19_2","159_0_18"
"3_79_20","5_77_19"
"4_79_20_0","0"
"4_79_20_1","7_76_19"
"6_79_20_0","0"
"6_79_20_1","11_74_19"
"7_79_20_0","0"
"7_79_20_1","0"
"7_79_20_2","13_73_19"
"8_79_20_0","0"
"8_79_20_1","0"
"8_79_20_2","0"
"8_79_20_3","15_72_19"
"10_79_20_0","0"
"10_79_20_1","0"
"10_79_20_2","19_70_19_0 + 19_70_19_1"
"12_79_20_0","0"
"12_79_20_1","23_68_19_1"
"12_79_20_2","23_68_19_0 + 23_68_19_1"
"14_79_20_0","0"
"14_79_20_1","0"
"14_79_20_2","27_66_19"
"16_79_20_0","0"
"16_79_20_1","31_64_19"
"18_79_20_0","0"
"18_79_20_1","35_62_19_0 + 35_62_19_1"
"18_79_20_2","35_62_19_1"
"23_79_20_0","0"
"23_79_20_1","45_57_19"
"24_79_20_0","0"
"24_79_20_1","0"
"24_79_20_2","47_56_19"
"34_79_20_0","0"
"34_79_20_1","67_46_19"
"39_79_20_0","0"
"39_79_20_1","77_41_19"
"40_79_20_0","0"
"40_79_20_1","0"
"40_79_20_2","79_40_19"
"80_79_20_0","0"
"80_79_20_1","159_0_19"
"2_79_21_0","3_78_20_1"
"2_79_21_1","3_78_20_0 + 3_78_20_1"
"4_79_21_0","7_76_20_1"
"4_79_21_1","7_76_20_0 + 7_76_20_1 + 7_76_20_2"
"4_79_21_2","7_76_20_0 + 7_76_20_1"
"5_79_21_0","0"
"5_79_21_1","9_75_20_0"
"6_79_21_0","0"
"6_79_21_1","0"
"6_79_21_2","11_74_20"
"8_79_21_0","0"
"8_79_21_1","15_72_20_1"
"8_79_21_2","15_72_20_0"
"10_79_21_0","0"
"10_79_21_1","19_70_20_0 + 19_70_20_1"
"10_79_21_2","19_70_20_0 + 19_70_20_1 + 19_70_20_2"
"10_79_21_3","19_70_20_0"
"14_79_21","27_66_20"
"16_79_21","31_64_20"
"18_79_21_0","0"
"18_79_21_1","35_62_20"
"22_79_21","43_58_20"
"24_79_21_0","0"
"24_79_21_1","47_56_20"
"30_79_21","59_50_20"
"39_79_21","77_41_20"
"80_79_21","159_0_20"
"80_80_2","159_1_1"
"50_80_3","99_31_2"
"66_80_3","131_15_2"
"74_80_3","147_7_2"
"78_80_3","155_3_2"
"79_80_3","157_2_2"
"16_80_4","31_65_3"
"24_80_4","47_57_3"
"36_80_4","71_45_3"
"44_80_4_0","0"
"44_80_4_1","87_37_3"
"48_80_4_0","0"
"48_80_4_1","0"
"48_80_4_2","95_33_3"
"50_80_4_0","0"
"50_80_4_1","0"
"50_80_4_2","99_31_3_1"
"50_80_4_3","99_31_3_0"
"60_80_4_0","0"
"60_80_4_1","0"
"60_80_4_2","0"
"60_80_4_3","119_21_3"
"64_80_4_0","0"
"64_80_4_1","0"
"64_80_4_2","0"
"64_80_4_3","0"
"64_80_4_4","127_17_3"
"66_80_4_0","0"
"66_80_4_1","0"
"66_80_4_2","0"
"66_80_4_3","0"
"66_80_4_4","131_15_3"
"72_80_4_0","0"
"72_80_4_1","0"
"72_80_4_2","0"
"72_80_4_3","143_9_3"
"74_80_4_0","0"
"74_80_4_1","0"
"74_80_4_2","0"
"74_80_4_3","147_7_3"
"78_80_4_0","0"
"78_80_4_1","0"
"78_80_4_2","155_3_3"
"13_80_5","25_68_4"
"16_80_5_0","0"
"16_80_5_1","31_65_4_0 + 31_65_4_1"
"16_80_5_2","31_65_4_0"
"20_80_5","39_61_4_1"
"21_80_5","41_60_4"
"22_80_5_0","0"
"22_80_5_1","43_59_4"
"24_80_5_0","0"
"24_80_5_1","47_57_4"
"31_80_5","61_50_4"
"36_80_5_0","0"
"36_80_5_1","71_45_4"
"40_80_5_0","0"
"40_80_5_1","79_41_4"
"43_80_5_0","0"
"43_80_5_1","85_38_4_0"
"47_80_5_0","0"
"47_80_5_1","0"
"47_80_5_2","93_34_4"
"48_80_5_0","0"
"48_80_5_1","0"
"48_80_5_2","0"
"48_80_5_3","95_33_4"
"50_80_5_0","0"
"50_80_5_1","0"
"50_80_5_2","0"
"50_80_5_3","99_31_4"
"63_80_5_0","0"
"63_80_5_1","0"
"63_80_5_2","125_18_4_1"
"64_80_5_0","0"
"64_80_5_1","0"
"64_80_5_2","0"
"64_80_5_3","127_17_4"
"66_80_5_0","0"
"66_80_5_1","0"
"66_80_5_2","0"
"66_80_5_3","131_15_4"
"72_80_5_0","0"
"72_80_5_1","0"
"72_80_5_2","0"
"72_80_5_3","143_9_4"
"74_80_5_0","0"
"74_80_5_1","0"
"74_80_5_2","147_7_4"
"10_80_6","19_71_5"
"11_80_6_0","0"
"11_80_6_1","21_70_5"
"14_80_6_0","0"
"14_80_6_1","0"
"14_80_6_2","27_67_5_0"
"16_80_6_0","0"
"16_80_6_1","0"
"16_80_6_2","0"
"16_80_6_3","31_65_5_0 + 31_65_5_1"
"16_80_6_4","31_65_5_1"
"19_80_6_0","0"
"19_80_6_1","37_62_5_0"
"19_80_6_2","37_62_5_0 + 37_62_5_3"
"20_80_6_0","0"
"20_80_6_1","0"
"20_80_6_2","0"
"20_80_6_3","39_61_5_0"
"20_80_6_4","39_61_5_1"
"24_80_6_0","0"
"24_80_6_1","0"
"24_80_6_2","47_57_5"
"28_80_6_0","0"
"28_80_6_1","55_53_5"
"32_80_6_0","0"
"32_80_6_1","0"
"32_80_6_2","63_49_5"
"36_80_6_0","0"
"36_80_6_1","0"
"36_80_6_2","71_45_5_0"
"40_80_6_0","0"
"40_80_6_1","79_41_5"
"42_80_6_0","0"
"42_80_6_1","83_39_5"
"44_80_6_0","0"
"44_80_6_1","0"
"44_80_6_2","87_37_5"
"46_80_6_0","0"
"46_80_6_1","0"
"46_80_6_2","0"
"46_80_6_3","91_35_5"
"48_80_6_0","0"
"48_80_6_1","0"
"48_80_6_2","0"
"48_80_6_3","0"
"48_80_6_4","95_33_5"
"50_80_6_0","0"
"50_80_6_1","0"
"50_80_6_2","0"
"50_80_6_3","99_31_5_1"
"60_80_6_0","0"
"60_80_6_1","0"
"60_80_6_2","119_21_5"
"63_80_6_0","0"
"63_80_6_1","0"
"63_80_6_2","125_18_5"
"64_80_6_0","0"
"64_80_6_1","0"
"64_80_6_2","0"
"64_80_6_3","127_17_5"
"66_80_6_0","0"
"66_80_6_1","0"
"66_80_6_2","0"
"66_80_6_3","131_15_5_0 + 131_15_5_1"
"70_80_6_0","0"
"70_80_6_1","0"
"70_80_6_2","139_11_5"
"72_80_6_0","0"
"72_80_6_1","0"
"72_80_6_2","0"
"72_80_6_3","143_9_5"
"6_80_7","11_75_6"
"10_80_7","19_71_6"
"12_80_7_0","0"
"12_80_7_1","23_69_6_1"
"12_80_7_2","23_69_6_0"
"14_80_7_0","0"
"14_80_7_1","0"
"14_80_7_2","27_67_6_0 + 27_67_6_2"
"14_80_7_3","27_67_6_1 + 27_67_6_2"
"14_80_7_4","27_67_6_2"
"16_80_7_0","0"
"16_80_7_1","0"
"16_80_7_2","31_65_6_1"
"16_80_7_3","31_65_6_2"
"16_80_7_4","31_65_6_0"
"18_80_7_0","0"
"18_80_7_1","0"
"18_80_7_2","35_63_6_1"
"20_80_7_0","0"
"20_80_7_1","39_61_6_0 + 39_61_6_4"
"20_80_7_2","39_61_6_4"
"20_80_7_3","39_61_6_0 + 39_61_6_3"
"22_80_7_0","0"
"22_80_7_1","43_59_6"
"29_80_7","57_52_6"
"30_80_7_0","0"
"30_80_7_1","59_51_6"
"31_80_7_0","0"
"31_80_7_1","61_50_6"
"32_80_7_0","0"
"32_80_7_1","0"
"32_80_7_2","63_49_6"
"34_80_7_0","0"
"34_80_7_1","67_47_6"
"36_80_7_0","0"
"36_80_7_1","71_45_6"
"41_80_7","81_40_6_0"
"43_80_7_0","0"
"43_80_7_1","85_38_6_0"
"44_80_7_0","0"
"44_80_7_1","0"
"44_80_7_2","87_37_6"
"47_80_7_0","0"
"47_80_7_1","0"
"47_80_7_2","93_34_6"
"50_80_7_0","0"
"50_80_7_1","0"
"50_80_7_2","99_31_6"
"58_80_7_0","0"
"58_80_7_1","115_23_6"
"61_80_7_0","0"
"61_80_7_1","121_20_6"
"64_80_7_0","0"
"64_80_7_1","0"
"64_80_7_2","127_17_6"
"66_80_7_0","0"
"66_80_7_1","0"
"66_80_7_2","131_15_6"
"70_80_7_0","0"
"70_80_7_1","139_11_6"
"71_80_7_0","0"
"71_80_7_1","141_10_6"
"6_80_8","11_75_7"
"8_80_8","15_73_7"
"10_80_8_0","0"
"10_80_8_1","19_71_7"
"11_80_8_0","0"
"11_80_8_1","21_70_7_0"
"11_80_8_2","21_70_7_2"
"12_80_8_0","0"
"12_80_8_1","0"
"12_80_8_2","23_69_7_1"
"12_80_8_3","23_69_7_0 + 23_69_7_1 + 23_69_7_2"
"12_80_8_4","23_69_7_0"
"13_80_8_0","0"
"13_80_8_1","0"
"13_80_8_2","25_68_7_0"
"14_80_8_0","0"
"14_80_8_1","0"
"14_80_8_2","27_67_7_0 + 27_67_7_1"
"14_80_8_3","27_67_7_1"
"15_80_8_0","0"
"15_80_8_1","29_66_7_2"
"16_80_8_0","0"
"16_80_8_1","0"
"16_80_8_2","31_65_7_0"
"16_80_8_3","31_65_7_0 + 31_65_7_2"
"16_80_8_4","31_65_7_1"
"20_80_8_0","0"
"20_80_8_1","0"
"20_80_8_2","39_61_7_1"
"20_80_8_3","39_61_7_0 + 39_61_7_1 + 39_61_7_2 + 39_61_7_3"
"20_80_8_4","39_61_7_1 + 39_61_7_2 + 39_61_7_3"
"20_80_8_5","39_61_7_1 + 39_61_7_2"
"26_80_8","51_55_7"
"28_80_8_0","0"
"28_80_8_1","55_53_7"
"30_80_8_0","0"
"30_80_8_1","0"
"30_80_8_2","59_51_7"
"34_80_8_0","0"
"34_80_8_1","67_47_7"
"36_80_8_0","0"
"36_80_8_1","71_45_7"
"40_80_8_0","0"
"40_80_8_1","79_41_7"
"42_80_8_0","0"
"42_80_8_1","83_39_7"
"44_80_8_0","0"
"44_80_8_1","0"
"44_80_8_2","87_37_7_1"
"44_80_8_3","87_37_7_0"
"48_80_8_0","0"
"48_80_8_1","0"
"48_80_8_2","95_33_7"
"50_80_8_0","0"
"50_80_8_1","0"
"50_80_8_2","99_31_7"
"58_80_8_0","0"
"58_80_8_1","115_23_7"
"64_80_8_0","0"
"64_80_8_1","0"
"64_80_8_2","127_17_7"
"66_80_8_0","0"
"66_80_8_1","131_15_7"
"70_80_8_0","0"
"70_80_8_1","139_11_7"
"4_80_9","7_77_8"
"6_80_9_0","11_75_8_1 + 11_75_8_2"
"6_80_9_1","11_75_8_2"
"8_80_9_0","0"
"8_80_9_1","0"
"8_80_9_2","15_73_8"
"10_80_9_0","0"
"10_80_9_1","19_71_8"
"11_80_9_0","0"
"11_80_9_1","0"
"11_80_9_2","21_70_8_0"
"11_80_9_3","21_70_8_0 + 21_70_8_1"
"12_80_9_0","0"
"12_80_9_1","0"
"12_80_9_2","0"
"12_80_9_3","0"
"12_80_9_4","23_69_8_4"
"12_80_9_5","23_69_8_2 + 23_69_8_4"
"12_80_9_6","23_69_8_2 + 23_69_8_3 + 23_69_8_4"
"12_80_9_7","23_69_8_1 + 23_69_8_4"
"12_80_9_8","23_69_8_0 + 23_69_8_1"
"13_80_9_0","0"
"13_80_9_1","0"
"13_80_9_2","0"
"13_80_9_3","0"
"13_80_9_4","0"
"13_80_9_5","25_68_8_2"
"13_80_9_6","25_68_8_0"
"14_80_9_0","0"
"14_80_9_1","0"
"14_80_9_2","0"
"14_80_9_3","0"
"14_80_9_4","0"
"14_80_9_5","0"
"14_80_9_6","27_67_8_1"
"14_80_9_7","27_67_8_0 + 27_67_8_1"
"15_80_9_0","0"
"15_80_9_1","0"
"15_80_9_2","0"
"15_80_9_3","0"
"15_80_9_4","0"
"15_80_9_5","0"
"15_80_9_6","29_66_8_0"
"16_80_9_0","0"
"16_80_9_1","0"
"16_80_9_2","0"
"16_80_9_3","0"
"16_80_9_4","0"
"16_80_9_5","0"
"16_80_9_6","0"
"16_80_9_7","31_65_8_0"
"16_80_9_8","31_65_8_2"
"16_80_9_9","31_65_8_1 + 31_65_8_2"
"18_80_9_0","0"
"18_80_9_1","0"
"18_80_9_2","0"
"18_80_9_3","0"
"18_80_9_4","0"
"18_80_9_5","35_63_8_0"
"18_80_9_6","35_63_8_1"
"20_80_9_0","0"
"20_80_9_1","0"
"20_80_9_2","0"
"20_80_9_3","0"
"20_80_9_4","39_61_8_1"
"20_80_9_5","39_61_8_0"
"22_80_9_0","0"
"22_80_9_1","43_59_8"
"24_80_9_0","0"
"24_80_9_1","47_57_8_0 + 47_57_8_1"
"24_80_9_2","47_57_8_2"
"24_80_9_3","47_57_8_0"
"30_80_9_0","0"
"30_80_9_1","0"
"30_80_9_2","59_51_8"
"35_80_9_0","0"
"35_80_9_1","69_46_8"
"39_80_9_0","0"
"39_80_9_1","0"
"39_80_9_2","77_42_8"
"44_80_9_0","0"
"44_80_9_1","0"
"44_80_9_2","87_37_8_0 + 87_37_8_1"
"44_80_9_3","87_37_8_0"
"46_80_9_0","0"
"46_80_9_1","0"
"46_80_9_2","0"
"46_80_9_3","91_35_8"
"50_80_9_0","0"
"50_80_9_1","0"
"50_80_9_2","99_31_8_0 + 99_31_8_1"
"52_80_9_0","0"
"52_80_9_1","0"
"52_80_9_2","103_29_8"
"56_80_9_0","0"
"56_80_9_1","0"
"56_80_9_2","111_25_8"
"58_80_9_0","0"
"58_80_9_1","0"
"58_80_9_2","0"
"58_80_9_3","115_23_8"
"64_80_9_0","0"
"64_80_9_1","0"
"64_80_9_2","0"
"64_80_9_3","127_17_8"
"66_80_9_0","0"
"66_80_9_1","0"
"66_80_9_2","131_15_8"
"4_80_10","7_77_9"
"6_80_10","11_75_9_0"
"8_80_10_0","15_73_9_0 + 15_73_9_1"
"8_80_10_1","15_73_9_0"
"9_80_10_0","0"
"9_80_10_1","17_72_9_0"
"10_80_10_0","0"
"10_80_10_1","19_71_9_1"
"10_80_10_2","19_71_9_0 + 19_71_9_1"
"11_80_10_0","0"
"11_80_10_1","0"
"11_80_10_2","21_70_9_2"
"11_80_10_3","21_70_9_0"
"11_80_10_4","21_70_9_1 + 21_70_9_2"
"12_80_10_0","0"
"12_80_10_1","0"
"12_80_10_2","0"
"12_80_10_3","0"
"12_80_10_4","0"
"12_80_10_5","23_69_9_3 + 23_69_9_4"
"12_80_10_6","23_69_9_2"
"12_80_10_7","23_69_9_0 + 23_69_9_4"
"12_80_10_8","23_69_9_4"
"12_80_10_9","23_69_9_0 + 23_69_9_1 + 23_69_9_4"
"16_80_10_0","0"
"16_80_10_1","0"
"16_80_10_2","0"
"16_80_10_3","31_65_9_0 + 31_65_9_1 + 31_65_9_2"
"16_80_10_4","31_65_9_0 + 31_65_9_1"
"16_80_10_5","31_65_9_0 + 31_65_9_2"
"18_80_10_0","0"
"18_80_10_1","0"
"18_80_10_2","35_63_9_0 + 35_63_9_2"
"18_80_10_3","35_63_9_0"
"20_80_10","39_61_9_1"
"21_80_10","41_60_9_0"
"22_80_10_0","0"
"22_80_10_1","43_59_9"
"24_80_10_0","0"
"24_80_10_1","47_57_9_0 + 47_57_9_1"
"24_80_10_2","47_57_9_0"
"28_80_10","55_53_9"
"33_80_10","65_48_9_0 + 65_48_9_1"
"36_80_10_0","0"
"36_80_10_1","71_45_9"
"43_80_10_0","0"
"43_80_10_1","85_38_9"
"44_80_10_0","0"
"44_80_10_1","0"
"44_80_10_2","87_37_9"
"46_80_10_0","0"
"46_80_10_1","91_35_9"
"50_80_10_0","0"
"50_80_10_1","99_31_9_0 + 99_31_9_1"
"50_80_10_2","99_31_9_0"
"52_80_10_0","0"
"52_80_10_1","103_29_9"
"55_80_10_0","0"
"55_80_10_1","109_26_9"
"56_80_10_0","0"
"56_80_10_1","0"
"56_80_10_2","111_25_9"
"58_80_10_0","0"
"58_80_10_1","0"
"58_80_10_2","115_23_9_1"
"62_80_10_0","0"
"62_80_10_1","123_19_9"
"64_80_10_0","0"
"64_80_10_1","0"
"64_80_10_2","127_17_9"
"4_80_11_0","7_77_10_0"
"4_80_11_1","7_77_10_0 + 7_77_10_1"
"5_80_11","9_76_10_1"
"6_80_11_0","0"
"6_80_11_1","11_75_10_0 + 11_75_10_1"
"6_80_11_2","11_75_10_0"
"7_80_11_0","0"
"7_80_11_1","13_74_10_0"
"8_80_11_0","0"
"8_80_11_1","0"
"8_80_11_2","15_73_10"
"10_80_11_0","0"
"10_80_11_1","19_71_10_0 + 19_71_10_2"
"10_80_11_2","19_71_10_0"
"10_80_11_3","19_71_10_3"
"10_80_11_4","19_71_10_1"
"11_80_11_0","0"
"11_80_11_1","0"
"11_80_11_2","21_70_10_0"
"12_80_11_0","0"
"12_80_11_1","0"
"12_80_11_2","0"
"12_80_11_3","23_69_10_2"
"12_80_11_4","23_69_10_1 + 23_69_10_2"
"12_80_11_5","23_69_10_1 + 23_69_10_3"
"13_80_11_0","0"
"13_80_11_1","0"
"13_80_11_2","25_68_10_0"
"14_80_11_0","0"
"14_80_11_1","0"
"14_80_11_2","0"
"14_80_11_3","27_67_10_0"
"14_80_11_4","27_67_10_0 + 27_67_10_1"
"16_80_11_0","0"
"16_80_11_1","0"
"16_80_11_2","0"
"16_80_11_3","31_65_10_1"
"16_80_11_4","31_65_10_0 + 31_65_10_1"
"18_80_11_0","0"
"18_80_11_1","35_63_10"
"19_80_11_0","0"
"19_80_11_1","0"
"19_80_11_2","37_62_10_0"
"20_80_11_0","0"
"20_80_11_1","0"
"20_80_11_2","0"
"20_80_11_3","39_61_10_0 + 39_61_10_1"
"20_80_11_4","39_61_10_0"
"24_80_11_0","0"
"24_80_11_1","0"
"24_80_11_2","47_57_10"
"27_80_11","53_54_10_0"
"34_80_11","67_47_10"
"40_80_11","79_41_10"
"44_80_11","87_37_10"
"50_80_11_0","99_31_10_0"
"50_80_11_1","99_31_10_1"
"53_80_11","105_28_10"
"56_80_11_0","0"
"56_80_11_1","111_25_10"
"58_80_11_0","0"
"58_80_11_1","115_23_10"
"62_80_11","123_19_10"
"63_80_11","125_18_10"
"2_80_12","3_79_11"
"4_80_12_0","7_77_11_0"
"4_80_12_1","7_77_11_0 + 7_77_11_1"
"6_80_12_0","0"
"6_80_12_1","11_75_11_0"
"6_80_12_2","11_75_11_0 + 11_75_11_1"
"6_80_12_3","11_75_11_1 + 11_75_11_2"
"8_80_12_0","0"
"8_80_12_1","15_73_11"
"10_80_12_0","0"
"10_80_12_1","0"
"10_80_12_2","19_71_11_1 + 19_71_11_2 + 19_71_11_3"
"12_80_12_0","0"
"12_80_12_1","23_69_11_0 + 23_69_11_1 + 23_69_11_2"
"12_80_12_2","23_69_11_0 + 23_69_11_1"
"12_80_12_3","23_69_11_3"
"12_80_12_4","23_69_11_0"
"14_80_12_0","0"
"14_80_12_1","27_67_11_0"
"14_80_12_2","27_67_11_1"
"15_80_12_0","0"
"15_80_12_1","0"
"15_80_12_2","29_66_11_0"
"16_80_12_0","0"
"16_80_12_1","0"
"16_80_12_2","0"
"16_80_12_3","31_65_11_0"
"16_80_12_4","31_65_11_2"
"16_80_12_5","31_65_11_0 + 31_65_11_1 + 31_65_11_2"
"18_80_12_0","0"
"18_80_12_1","0"
"18_80_12_2","0"
"18_80_12_3","35_63_11_1"
"18_80_12_4","35_63_11_0 + 35_63_11_1"
"20_80_12_0","0"
"20_80_12_1","0"
"20_80_12_2","39_61_11_1"
"20_80_12_3","39_61_11_1 + 39_61_11_2"
"20_80_12_4","39_61_11_0"
"22_80_12_0","0"
"22_80_12_1","0"
"22_80_12_2","0"
"22_80_12_3","43_59_11"
"24_80_12_0","0"
"24_80_12_1","0"
"24_80_12_2","0"
"24_80_12_3","47_57_11"
"28_80_12_0","0"
"28_80_12_1","55_53_11"
"32_80_12_0","0"
"32_80_12_1","63_49_11"
"38_80_12_0","0"
"38_80_12_1","75_43_11"
"40_80_12_0","0"
"40_80_12_1","0"
"40_80_12_2","79_41_11"
"50_80_12_0","0"
"50_80_12_1","99_31_11"
"51_80_12_0","0"
"51_80_12_1","101_30_11"
"56_80_12_0","0"
"56_80_12_1","0"
"56_80_12_2","111_25_11"
"58_80_12_0","0"
"58_80_12_1","115_23_11"
"62_80_12_0","0"
"62_80_12_1","123_19_11"
"3_80_13","5_78_12"
"4_80_13_0","0"
"4_80_13_1","7_77_12"
"5_80_13_0","0"
"5_80_13_1","9_76_12_0 + 9_76_12_1"
"6_80_13_0","0"
"6_80_13_1","0"
"6_80_13_2","11_75_12_0"
"6_80_13_3","11_75_12_0 + 11_75_12_1 + 11_75_12_2"
"6_80_13_4","11_75_12_0 + 11_75_12_2"
"7_80_13_0","0"
"7_80_13_1","13_74_12_0"
"8_80_13_0","0"
"8_80_13_1","0"
"8_80_13_2","15_73_12"
"10_80_13_0","0"
"10_80_13_1","0"
"10_80_13_2","19_71_12_0"
"10_80_13_3","19_71_12_0 + 19_71_12_2"
"11_80_13_0","0"
"11_80_13_1","21_70_12_1"
"12_80_13_0","0"
"12_80_13_1","0"
"12_80_13_2","23_69_12"
"13_80_13_0","0"
"13_80_13_1","25_68_12_0"
"14_80_13_0","0"
"14_80_13_1","0"
"14_80_13_2","27_67_12_1"
"14_80_13_3","27_67_12_0"
"15_80_13_0","0"
"15_80_13_1","0"
"15_80_13_2","29_66_12_1"
"15_80_13_3","29_66_12_0"
"16_80_13_0","0"
"16_80_13_1","0"
"16_80_13_2","0"
"16_80_13_3","0"
"16_80_13_4","31_65_12_0"
"16_80_13_5","31_65_12_0 + 31_65_12_2"
"16_80_13_6","31_65_12_0 + 31_65_12_1"
"19_80_13_0","0"
"19_80_13_1","0"
"19_80_13_2","0"
"19_80_13_3","37_62_12_0"
"20_80_13_0","0"
"20_80_13_1","0"
"20_80_13_2","0"
"20_80_13_3","0"
"20_80_13_4","39_61_12_0 + 39_61_12_1"
"20_80_13_5","39_61_12_1"
"22_80_13_0","0"
"22_80_13_1","0"
"22_80_13_2","43_59_12"
"24_80_13_0","0"
"24_80_13_1","0"
"24_80_13_2","47_57_12"
"28_80_13_0","0"
"28_80_13_1","55_53_12"
"30_80_13_0","0"
"30_80_13_1","59_51_12"
"36_80_13_0","0"
"36_80_13_1","71_45_12"
"38_80_13_0","0"
"38_80_13_1","0"
"38_80_13_2","75_43_12"
"44_80_13_0","0"
"44_80_13_1","87_37_12"
"48_80_13_0","0"
"48_80_13_1","95_33_12"
"50_80_13_0","0"
"50_80_13_1","0"
"50_80_13_2","99_31_12"
"56_80_13_0","0"
"56_80_13_1","0"
"56_80_13_2","111_25_12"
"58_80_13_0","0"
"58_80_13_1","115_23_12"
"2_80_14","3_79_13"
"3_80_14_0","5_78_13_0"
"3_80_14_1","5_78_13_0 + 5_78_13_1 + 5_78_13_2"
"4_80_14_0","0"
"4_80_14_1","0"
"4_80_14_2","7_77_13_0"
"4_80_14_3","7_77_13_0 + 7_77_13_1 + 7_77_13_2"
"4_80_14_4","7_77_13_0 + 7_77_13_2"
"6_80_14_0","0"
"6_80_14_1","0"
"6_80_14_2","11_75_13_0 + 11_75_13_1"
"8_80_14_0","0"
"8_80_14_1","0"
"8_80_14_2","15_73_13"
"10_80_14_0","0"
"10_80_14_1","19_71_13_3"
"10_80_14_2","19_71_13_0 + 19_71_13_2"
"10_80_14_3","19_71_13_0"
"12_80_14_0","0"
"12_80_14_1","0"
"12_80_14_2","0"
"12_80_14_3","23_69_13_1"
"12_80_14_4","23_69_13_2"
"12_80_14_5","23_69_13_0 + 23_69_13_2"
"13_80_14_0","0"
"13_80_14_1","0"
"13_80_14_2","0"
"13_80_14_3","0"
"13_80_14_4","25_68_13_0"
"16_80_14_0","0"
"16_80_14_1","0"
"16_80_14_2","0"
"16_80_14_3","0"
"16_80_14_4","31_65_13_2"
"16_80_14_5","31_65_13_0 + 31_65_13_2"
"16_80_14_6","31_65_13_0 + 31_65_13_1 + 31_65_13_2"
"20_80_14_0","0"
"20_80_14_1","0"
"20_80_14_2","0"
"20_80_14_3","0"
"20_80_14_4","39_61_13"
"22_80_14_0","0"
"22_80_14_1","0"
"22_80_14_2","0"
"22_80_14_3","43_59_13"
"28_80_14_0","0"
"28_80_14_1","0"
"28_80_14_2","55_53_13_1"
"28_80_14_3","55_53_13_0"
"34_80_14_0","0"
"34_80_14_1","0"
"34_80_14_2","67_47_13_1"
"38_80_14_0","0"
"38_80_14_1","0"
"38_80_14_2","75_43_13"
"42_80_14_0","0"
"42_80_14_1","0"
"42_80_14_2","83_39_13"
"44_80_14_0","0"
"44_80_14_1","0"
"44_80_14_2","87_37_13"
"47_80_14_0","0"
"47_80_14_1","0"
"47_80_14_2","93_34_13"
"48_80_14_0","0"
"48_80_14_1","0"
"48_80_14_2","0"
"48_80_14_3","95_33_13"
"50_80_14_0","0"
"50_80_14_1","0"
"50_80_14_2","0"
"50_80_14_3","99_31_13_1"
"54_80_14_0","0"
"54_80_14_1","0"
"54_80_14_2","107_27_13"
"56_80_14_0","0"
"56_80_14_1","0"
"56_80_14_2","0"
"56_80_14_3","111_25_13"
"2_80_15_0","3_79_14_0"
"2_80_15_1","3_79_14_1"
"3_80_15_0","0"
"3_80_15_1","5_78_14_0"
"4_80_15_0","0"
"4_80_15_1","0"
"4_80_15_2","7_77_14_0 + 7_77_14_3"
"4_80_15_3","7_77_14_0 + 7_77_14_2 + 7_77_14_3"
"4_80_15_4","7_77_14_0 + 7_77_14_1 + 7_77_14_3"
"4_80_15_5","7_77_14_1 + 7_77_14_3"
"4_80_15_6","7_77_14_0 + 7_77_14_2 + 7_77_14_3 + 7_77_14_4"
"6_80_15_0","0"
"6_80_15_1","0"
"6_80_15_2","11_75_14_1"
"6_80_15_3","11_75_14_0 + 11_75_14_1"
"8_80_15_0","0"
"8_80_15_1","0"
"8_80_15_2","15_73_14"
"10_80_15_0","0"
"10_80_15_1","0"
"10_80_15_2","19_71_14_1"
"10_80_15_3","19_71_14_0 + 19_71_14_1"
"11_80_15_0","0"
"11_80_15_1","0"
"11_80_15_2","21_70_14_0"
"12_80_15_0","0"
"12_80_15_1","0"
"12_80_15_2","0"
"12_80_15_3","23_69_14"
"14_80_15_0","0"
"14_80_15_1","27_67_14_0"
"14_80_15_2","27_67_14_1"
"16_80_15_0","0"
"16_80_15_1","0"
"16_80_15_2","0"
"16_80_15_3","31_65_14_0"
"16_80_15_4","31_65_14_0 + 31_65_14_1"
"20_80_15_0","0"
"20_80_15_1","0"
"20_80_15_2","39_61_14"
"26_80_15_0","0"
"26_80_15_1","51_55_14"
"28_80_15_0","0"
"28_80_15_1","0"
"28_80_15_2","55_53_14"
"32_80_15_0","0"
"32_80_15_1","63_49_14"
"34_80_15_0","0"
"34_80_15_1","0"
"34_80_15_2","67_47_14"
"42_80_15_0","0"
"42_80_15_1","83_39_14"
"45_80_15_0","0"
"45_80_15_1","89_36_14"
"48_80_15_0","0"
"48_80_15_1","0"
"48_80_15_2","95_33_14"
"50_80_15_0","0"
"50_80_15_1","0"
"50_80_15_2","99_31_14"
"54_80_15_0","0"
"54_80_15_1","107_27_14"
"55_80_15_0","0"
"55_80_15_1","109_26_14"
"2_80_16","3_79_15"
"3_80_16","5_78_15_0"
"4_80_16_0","0"
"4_80_16_1","7_77_15_0 + 7_77_15_1"
"4_80_16_2","7_77_15_0"
"5_80_16","9_76_15_0"
"6_80_16_0","0"
"6_80_16_1","11_75_15_0 + 11_75_15_1"
"6_80_16_2","11_75_15_1"
"6_80_16_3","11_75_15_0 + 11_75_15_2"
"7_80_16_0","0"
"7_80_16_1","0"
"7_80_16_2","13_74_15_0"
"8_80_16_0","0"
"8_80_16_1","0"
"8_80_16_2","0"
"8_80_16_3","15_73_15"
"10_80_16_0","0"
"10_80_16_1","0"
"10_80_16_2","0"
"10_80_16_3","19_71_15_1"
"10_80_16_4","19_71_15_0"
"12_80_16_0","0"
"12_80_16_1","0"
"12_80_16_2","23_69_15_1"
"12_80_16_3","23_69_15_0 + 23_69_15_1"
"13_80_16_0","0"
"13_80_16_1","0"
"13_80_16_2","0"
"13_80_16_3","25_68_15_0"
"14_80_16_0","0"
"14_80_16_1","0"
"14_80_16_2","0"
"14_80_16_3","0"
"14_80_16_4","27_67_15"
"16_80_16_0","0"
"16_80_16_1","0"
"16_80_16_2","0"
"16_80_16_3","31_65_15_0 + 31_65_15_1"
"16_80_16_4","31_65_15_0"
"18_80_16_0","0"
"18_80_16_1","0"
"18_80_16_2","35_63_15"
"24_80_16_0","0"
"24_80_16_1","0"
"24_80_16_2","47_57_15"
"28_80_16_0","0"
"28_80_16_1","0"
"28_80_16_2","55_53_15"
"30_80_16_0","0"
"30_80_16_1","0"
"30_80_16_2","59_51_15"
"32_80_16_0","0"
"32_80_16_1","0"
"32_80_16_2","0"
"32_80_16_3","63_49_15"
"34_80_16_0","0"
"34_80_16_1","0"
"34_80_16_2","67_47_15"
"42_80_16_0","0"
"42_80_16_1","0"
"42_80_16_2","83_39_15"
"48_80_16_0","0"
"48_80_16_1","0"
"48_80_16_2","0"
"48_80_16_3","95_33_15"
"50_80_16_0","0"
"50_80_16_1","0"
"50_80_16_2","99_31_15"
"54_80_16_0","0"
"54_80_16_1","0"
"54_80_16_2","107_27_15"
"2_80_17_0","3_79_16_0"
"2_80_17_1","3_79_16_0 + 3_79_16_1"
"2_80_17_2","3_79_16_2"
"3_80_17","5_78_16_0"
"4_80_17_0","0"
"4_80_17_1","7_77_16_3"
"4_80_17_2","7_77_16_2"
"4_80_17_3","7_77_16_1 + 7_77_16_3"
"4_80_17_4","7_77_16_0 + 7_77_16_2"
"5_80_17_0","0"
"5_80_17_1","0"
"5_80_17_2","9_76_16_0"
"6_80_17_0","0"
"6_80_17_1","0"
"6_80_17_2","0"
"6_80_17_3","11_75_16_0"
"6_80_17_4","11_75_16_0 + 11_75_16_1"
"8_80_17_0","0"
"8_80_17_1","0"
"8_80_17_2","15_73_16_0"
"8_80_17_3","15_73_16_1"
"10_80_17_0","0"
"10_80_17_1","0"
"10_80_17_2","19_71_16_1"
"10_80_17_3","19_71_16_0"
"11_80_17_0","0"
"11_80_17_1","0"
"11_80_17_2","21_70_16"
"14_80_17_0","0"
"14_80_17_1","0"
"14_80_17_2","27_67_16_0"
"14_80_17_3","27_67_16_0 + 27_67_16_1"
"16_80_17_0","0"
"16_80_17_1","0"
"16_80_17_2","31_65_16"
"22_80_17_0","0"
"22_80_17_1","43_59_16"
"28_80_17_0","0"
"28_80_17_1","55_53_16_0 + 55_53_16_1"
"28_80_17_2","55_53_16_1"
"30_80_17_0","0"
"30_80_17_1","0"
"30_80_17_2","59_51_16"
"34_80_17_0","0"
"34_80_17_1","67_47_16_1"
"36_80_17_0","0"
"36_80_17_1","71_45_16"
"40_80_17_0","0"
"40_80_17_1","79_41_16"
"42_80_17_0","0"
"42_80_17_1","0"
"42_80_17_2","83_39_16"
"48_80_17_0","0"
"48_80_17_1","0"
"48_80_17_2","95_33_16"
"50_80_17_0","0"
"50_80_17_1","99_31_16"
"2_80_18","3_79_17"
"3_80_18_0","0"
"3_80_18_1","5_78_17"
"4_80_18_0","0"
"4_80_18_1","0"
"4_80_18_2","7_77_17_1"
"4_80_18_3","7_77_17_0"
"8_80_18_0","0"
"8_80_18_1","15_73_17_0"
"8_80_18_2","15_73_17_0 + 15_73_17_1"
"14_80_18_0","0"
"14_80_18_1","27_67_17_1"
"14_80_18_2","27_67_17_0"
"18_80_18","35_63_17"
"20_80_18","39_61_17"
"27_80_18","53_54_17"
"28_80_18_0","0"
"28_80_18_1","55_53_17"
"30_80_18","59_51_17"
"34_80_18_0","67_47_17_0"
"34_80_18_1","67_47_17_0 + 67_47_17_1"
"36_80_18","71_45_17"
"39_80_18","77_42_17"
"40_80_18_0","0"
"40_80_18_1","79_41_17"
"42_80_18_0","0"
"42_80_18_1","83_39_17_1"
"46_80_18","91_35_17"
"48_80_18_0","0"
"48_80_18_1","95_33_17"
"2_80_19","3_79_18"
"3_80_19_0","5_78_18_0"
"3_80_19_1","5_78_18_1"
"4_80_19_0","0"
"4_80_19_1","0"
"4_80_19_2","7_77_18"
"6_80_19_0","0"
"6_80_19_1","11_75_18_0"
"6_80_19_2","11_75_18_1"
"8_80_19_0","0"
"8_80_19_1","0"
"8_80_19_2","0"
"8_80_19_3","15_73_18"
"12_80_19_0","0"
"12_80_19_1","23_69_18_0"
"14_80_19_0","0"
"14_80_19_1","0"
"14_80_19_2","27_67_18"
"18_80_19_0","0"
"18_80_19_1","35_63_18_1"
"18_80_19_2","35_63_18_0 + 35_63_18_1"
"24_80_19_0","0"
"24_80_19_1","47_57_18"
"28_80_19_0","0"
"28_80_19_1","55_53_18"
"34_80_19_0","0"
"34_80_19_1","67_47_18_0"
"34_80_19_2","67_47_18_1"
"37_80_19_0","0"
"37_80_19_1","73_44_18"
"40_80_19_0","0"
"40_80_19_1","0"
"40_80_19_2","79_41_18"
"42_80_19_0","0"
"42_80_19_1","0"
"42_80_19_2","83_39_18"
"46_80_19_0","0"
"46_80_19_1","91_35_18"
"47_80_19_0","0"
"47_80_19_1","93_34_18"
"2_80_20_0","3_79_19_1"
"2_80_20_1","3_79_19_0 + 3_79_19_2"
"2_80_20_2","3_79_19_1 + 3_79_19_2"
"4_80_20_0","7_77_19_1"
"4_80_20_1","7_77_19_0 + 7_77_19_1 + 7_77_19_2"
"4_80_20_2","7_77_19_0"
"5_80_20_0","0"
"5_80_20_1","9_76_19_0"
"6_80_20_0","0"
"6_80_20_1","0"
"6_80_20_2","11_75_19_0 + 11_75_19_1"
"6_80_20_3","11_75_19_1"
"8_80_20_0","0"
"8_80_20_1","15_73_19_0 + 15_73_19_1"
"8_80_20_2","15_73_19_1"
"10_80_20_0","19_71_19_1"
"10_80_20_1","19_71_19_0"
"12_80_20_0","0"
"12_80_20_1","23_69_19"
"16_80_20","31_65_19"
"18_80_20_0","0"
"18_80_20_1","35_63_19"
"22_80_20","43_59_19"
"24_80_20_0","0"
"24_80_20_1","47_57_19"
"34_80_20","67_47_19"
"35_80_20","69_46_19"
"40_80_20_0","0"
"40_80_20_1","79_41_19"
"42_80_20","83_39_19"
"46_80_20","91_35_19"
"82_81_2","163_0_1"
"44_81_3","87_38_2"
"48_81_3_0","0"
"48_81_3_1","95_34_2"
"52_81_3_0","0"
"52_81_3_1","103_30_2"
"64_81_3_0","0"
"64_81_3_1","0"
"64_81_3_2","127_18_2"
"80_81_3_0","0"
"80_81_3_1","159_2_2"
"82_81_3_0","0"
"82_81_3_1","163_0_2"
"20_81_4","39_62_3"
"43_81_4","85_39_3"
"44_81_4_0","0"
"44_81_4_1","87_38_3"
"45_81_4_0","0"
"45_81_4_1","89_37_3"
"48_81_4_0","0"
"48_81_4_1","0"
"48_81_4_2","95_34_3"
"51_81_4_0","0"
"51_81_4_1","101_31_3_0"
"52_81_4_0","0"
"52_81_4_1","0"
"52_81_4_2","103_30_3"
"61_81_4_0","0"
"61_81_4_1","0"
"61_81_4_2","121_21_3"
"64_81_4_0","0"
"64_81_4_1","0"
"64_81_4_2","0"
"64_81_4_3","127_18_3"
"68_81_4_0","0"
"68_81_4_1","0"
"68_81_4_2","135_14_3"
"79_81_4_0","0"
"79_81_4_1","157_3_3"
"82_81_4_0","0"
"82_81_4_1","163_0_3"
"14_81_5","27_68_4"
"16_81_5_0","0"
"16_81_5_1","31_66_4"
"20_81_5_0","39_62_4_0 + 39_62_4_1"
"20_81_5_1","39_62_4_0"
"22_81_5","43_60_4"
"32_81_5","63_50_4"
"42_81_5_0","83_40_4_1"
"42_81_5_1","83_40_4_0"
"43_81_5_0","0"
"43_81_5_1","0"
"43_81_5_2","85_39_4"
"44_81_5_0","0"
"44_81_5_1","0"
"44_81_5_2","0"
"44_81_5_3","87_38_4_0 + 87_38_4_1"
"44_81_5_4","87_38_4_0"
"48_81_5_0","0"
"48_81_5_1","0"
"48_81_5_2","0"
"48_81_5_3","0"
"48_81_5_4","95_34_4"
"52_81_5_0","0"
"52_81_5_1","0"
"52_81_5_2","0"
"52_81_5_3","103_30_4"
"59_81_5_0","0"
"59_81_5_1","0"
"59_81_5_2","0"
"59_81_5_3","117_23_4"
"64_81_5_0","0"
"64_81_5_1","0"
"64_81_5_2","0"
"64_81_5_3","0"
"64_81_5_4","127_18_4_1"
"64_81_5_5","127_18_4_0 + 127_18_4_1"
"82_81_5_0","0"
"82_81_5_1","0"
"82_81_5_2","163_0_4"
"12_81_6","23_70_5"
"14_81_6_0","0"
"14_81_6_1","27_68_5"
"15_81_6","29_67_5_2"
"18_81_6","35_64_5_1"
"20_81_6_0","0"
"20_81_6_1","39_62_5_2"
"20_81_6_2","39_62_5_3"
"20_81_6_3","39_62_5_0"
"22_81_6","43_60_5"
"29_81_6","57_53_5"
"30_81_6_0","0"
"30_81_6_1","59_52_5"
"38_81_6","75_44_5"
"41_81_6","81_41_5"
"42_81_6_0","0"
"42_81_6_1","83_40_5_0"
"42_81_6_2","83_40_5_1"
"43_81_6_0","0"
"43_81_6_1","0"
"43_81_6_2","85_39_5"
"44_81_6_0","0"
"44_81_6_1","0"
"44_81_6_2","0"
"44_81_6_3","87_38_5"
"47_81_6_0","0"
"47_81_6_1","0"
"47_81_6_2","93_35_5"
"52_81_6_0","0"
"52_81_6_1","103_30_5"
"58_81_6_0","0"
"58_81_6_1","115_24_5"
"61_81_6_0","0"
"61_81_6_1","0"
"61_81_6_2","121_21_5"
"62_81_6_0","0"
"62_81_6_1","0"
"62_81_6_2","0"
"62_81_6_3","123_20_5"
"64_81_6_0","0"
"64_81_6_1","0"
"64_81_6_2","0"
"64_81_6_3","127_18_5"
"68_81_6_0","0"
"68_81_6_1","135_14_5"
"82_81_6_0","0"
"82_81_6_1","163_0_5"
"8_81_7","15_74_6"
"11_81_7_0","0"
"11_81_7_1","21_71_6_0"
"12_81_7_0","0"
"12_81_7_1","0"
"12_81_7_2","23_70_6_1"
"14_81_7_0","0"
"14_81_7_1","27_68_6_1"
"15_81_7_0","0"
"15_81_7_1","29_67_6_0"
"16_81_7_0","0"
"16_81_7_1","0"
"16_81_7_2","31_66_6"
"18_81_7_0","0"
"18_81_7_1","0"
"18_81_7_2","0"
"18_81_7_3","35_64_6_1"
"18_81_7_4","35_64_6_0 + 35_64_6_1"
"19_81_7_0","0"
"19_81_7_1","0"
"19_81_7_2","0"
"19_81_7_3","37_63_6_0 + 37_63_6_1"
"19_81_7_4","37_63_6_1"
"20_81_7_0","0"
"20_81_7_1","0"
"20_81_7_2","0"
"20_81_7_3","0"
"20_81_7_4","0"
"20_81_7_5","39_62_6_1"
"20_81_7_6","39_62_6_3"
"20_81_7_7","39_62_6_2 + 39_62_6_3"
"28_81_7_0","0"
"28_81_7_1","0"
"28_81_7_2","55_54_6"
"30_81_7_0","0"
"30_81_7_1","0"
"30_81_7_2","0"
"30_81_7_3","59_52_6"
"32_81_7_0","0"
"32_81_7_1","0"
"32_81_7_2","0"
"32_81_7_3","63_50_6"
"34_81_7_0","0"
"34_81_7_1","0"
"34_81_7_2","0"
"34_81_7_3","67_48_6"
"36_81_7_0","0"
"36_81_7_1","0"
"36_81_7_2","71_46_6"
"38_81_7_0","0"
"38_81_7_1","75_44_6"
"40_81_7_0","0"
"40_81_7_1","79_42_6"
"42_81_7_0","0"
"42_81_7_1","0"
"42_81_7_2","83_40_6_0"
"44_81_7_0","0"
"44_81_7_1","0"
"44_81_7_2","87_38_6_0"
"44_81_7_3","87_38_6_0 + 87_38_6_1"
"48_81_7_0","0"
"48_81_7_1","0"
"48_81_7_2","95_34_6"
"56_81_7_0","0"
"56_81_7_1","111_26_6"
"59_81_7_0","0"
"59_81_7_1","0"
"59_81_7_2","117_23_6"
"62_81_7_0","0"
"62_81_7_1","0"
"62_81_7_2","123_20_6"
"68_81_7_0","0"
"68_81_7_1","135_14_6"
"72_81_7_0","0"
"72_81_7_1","143_10_6"
"82_81_7_0","0"
"82_81_7_1","163_0_6"
"6_81_8","11_76_7"
"10_81_8_0","0"
"10_81_8_1","19_72_7"
"11_81_8_0","0"
"11_81_8_1","21_71_7_1"
"11_81_8_2","21_71_7_0"
"12_81_8_0","0"
"12_81_8_1","0"
"12_81_8_2","0"
"12_81_8_3","23_70_7_1"
"12_81_8_4","23_70_7_0 + 23_70_7_1"
"12_81_8_5","23_70_7_1 + 23_70_7_2"
"14_81_8_0","0"
"14_81_8_1","0"
"14_81_8_2","27_68_7_2"
"14_81_8_3","27_68_7_0"
"14_81_8_4","27_68_7_0 + 27_68_7_1"
"16_81_8_0","0"
"16_81_8_1","0"
"16_81_8_2","0"
"16_81_8_3","0"
"16_81_8_4","31_66_7_0 + 31_66_7_2"
"16_81_8_5","31_66_7_0"
"16_81_8_6","31_66_7_0 + 31_66_7_2 + 31_66_7_3"
"16_81_8_7","31_66_7_1 + 31_66_7_2"
"18_81_8_0","0"
"18_81_8_1","0"
"18_81_8_2","0"
"18_81_8_3","0"
"18_81_8_4","0"
"18_81_8_5","35_64_7_1"
"20_81_8_0","0"
"20_81_8_1","0"
"20_81_8_2","0"
"20_81_8_3","0"
"20_81_8_4","0"
"20_81_8_5","39_62_7_0"
"20_81_8_6","39_62_7_1"
"24_81_8_0","0"
"24_81_8_1","47_58_7_0 + 47_58_7_1"
"24_81_8_2","47_58_7_0"
"27_81_8_0","0"
"27_81_8_1","53_55_7"
"29_81_8_0","0"
"29_81_8_1","57_53_7"
"34_81_8_0","0"
"34_81_8_1","67_48_7_1"
"35_81_8_0","0"
"35_81_8_1","69_47_7"
"36_81_8_0","0"
"36_81_8_1","0"
"36_81_8_2","71_46_7"
"37_81_8_0","0"
"37_81_8_1","0"
"37_81_8_2","73_45_7"
"40_81_8_0","0"
"40_81_8_1","0"
"40_81_8_2","79_42_7"
"43_81_8_0","0"
"43_81_8_1","85_39_7"
"44_81_8_0","0"
"44_81_8_1","0"
"44_81_8_2","87_38_7"
"45_81_8_0","0"
"45_81_8_1","0"
"45_81_8_2","89_37_7_0"
"50_81_8_0","0"
"50_81_8_1","0"
"50_81_8_2","99_32_7"
"52_81_8_0","0"
"52_81_8_1","0"
"52_81_8_2","103_30_7"
"56_81_8_0","0"
"56_81_8_1","0"
"56_81_8_2","111_26_7"
"71_81_8_0","0"
"71_81_8_1","141_11_7"
"82_81_8_0","0"
"82_81_8_1","163_0_7"
"7_81_9","13_75_8_0"
"8_81_9_0","0"
"8_81_9_1","15_74_8"
"10_81_9_0","0"
"10_81_9_1","0"
"10_81_9_2","19_72_8_2"
"10_81_9_3","19_72_8_0"
"11_81_9_0","0"
"11_81_9_1","0"
"11_81_9_2","0"
"11_81_9_3","21_71_8_0"
"12_81_9_0","0"
"12_81_9_1","0"
"12_81_9_2","0"
"12_81_9_3","0"
"12_81_9_4","23_70_8_0"
"12_81_9_5","23_70_8_0 + 23_70_8_2"
"12_81_9_6","23_70_8_0 + 23_70_8_1"
"14_81_9_0","0"
"14_81_9_1","0"
"14_81_9_2","0"
"14_81_9_3","0"
"14_81_9_4","27_68_8_0"
"14_81_9_5","27_68_8_0 + 27_68_8_2"
"14_81_9_6","27_68_8_0 + 27_68_8_2 + 27_68_8_3"
"15_81_9_0","0"
"15_81_9_1","0"
"15_81_9_2","0"
"15_81_9_3","29_67_8_1"
"15_81_9_4","29_67_8_0"
"16_81_9_0","0"
"16_81_9_1","0"
"16_81_9_2","0"
"16_81_9_3","0"
"16_81_9_4","0"
"16_81_9_5","31_66_8_1"
"16_81_9_6","31_66_8_0 + 31_66_8_1"
"18_81_9_0","0"
"18_81_9_1","0"
"18_81_9_2","35_64_8_0"
"18_81_9_3","35_64_8_1 + 35_64_8_2"
"20_81_9_0","0"
"20_81_9_1","39_62_8_1 + 39_62_8_2"
"20_81_9_2","39_62_8_1 + 39_62_8_2 + 39_62_8_3"
"21_81_9_0","0"
"21_81_9_1","41_61_8_0"
"22_81_9_0","0"
"22_81_9_1","0"
"22_81_9_2","43_60_8"
"24_81_9_0","0"
"24_81_9_1","0"
"24_81_9_2","47_58_8_0"
"24_81_9_3","47_58_8_1"
"30_81_9_0","0"
"30_81_9_1","59_52_8"
"34_81_9_0","0"
"34_81_9_1","0"
"34_81_9_2","67_48_8"
"35_81_9_0","0"
"35_81_9_1","69_47_8_0"
"35_81_9_2","69_47_8_0 + 69_47_8_1"
"36_81_9_0","0"
"36_81_9_1","0"
"36_81_9_2","0"
"36_81_9_3","71_46_8"
"40_81_9_0","0"
"40_81_9_1","0"
"40_81_9_2","0"
"40_81_9_3","79_42_8"
"44_81_9_0","0"
"44_81_9_1","0"
"44_81_9_2","87_38_8"
"48_81_9_0","0"
"48_81_9_1","0"
"48_81_9_2","95_34_8"
"50_81_9_0","0"
"50_81_9_1","0"
"50_81_9_2","99_32_8"
"52_81_9_0","0"
"52_81_9_1","0"
"52_81_9_2","103_30_8"
"54_81_9_0","0"
"54_81_9_1","107_28_8"
"56_81_9_0","0"
"56_81_9_1","0"
"56_81_9_2","111_26_8"
"82_81_9_0","0"
"82_81_9_1","163_0_8"
"4_81_10","7_78_9"
"6_81_10_0","11_76_9_0 + 11_76_9_1"
"6_81_10_1","11_76_9_0"
"6_81_10_2","11_76_9_0 + 11_76_9_2"
"7_81_10_0","0"
"7_81_10_1","0"
"7_81_10_2","13_75_9_0"
"8_81_10_0","0"
"8_81_10_1","0"
"8_81_10_2","0"
"8_81_10_3","15_74_9"
"10_81_10_0","0"
"10_81_10_1","0"
"10_81_10_2","0"
"10_81_10_3","19_72_9_0"
"10_81_10_4","19_72_9_2"
"10_81_10_5","19_72_9_0 + 19_72_9_1 + 19_72_9_2"
"11_81_10_0","0"
"11_81_10_1","0"
"11_81_10_2","0"
"11_81_10_3","21_71_9_2"
"12_81_10_0","0"
"12_81_10_1","0"
"12_81_10_2","0"
"12_81_10_3","0"
"12_81_10_4","23_70_9_2"
"12_81_10_5","23_70_9_0 + 23_70_9_2"
"12_81_10_6","23_70_9_0 + 23_70_9_1"
"13_81_10_0","0"
"13_81_10_1","0"
"13_81_10_2","0"
"13_81_10_3","0"
"13_81_10_4","25_69_9_0"
"14_81_10_0","0"
"14_81_10_1","0"
"14_81_10_2","0"
"14_81_10_3","27_68_9_1"
"14_81_10_4","27_68_9_1 + 27_68_9_3"
"14_81_10_5","27_68_9_0"
"14_81_10_6","27_68_9_0 + 27_68_9_2 + 27_68_9_3"
"15_81_10_0","0"
"15_81_10_1","0"
"15_81_10_2","0"
"15_81_10_3","0"
"15_81_10_4","29_67_9_0"
"16_81_10_0","0"
"16_81_10_1","0"
"16_81_10_2","0"
"16_81_10_3","0"
"16_81_10_4","0"
"16_81_10_5","31_66_9"
"18_81_10_0","0"
"18_81_10_1","0"
"18_81_10_2","0"
"18_81_10_3","35_64_9"
"19_81_10_0","0"
"19_81_10_1","0"
"19_81_10_2","0"
"19_81_10_3","37_63_9_1"
"19_81_10_4","37_63_9_0 + 37_63_9_1"
"20_81_10_0","0"
"20_81_10_1","0"
"20_81_10_2","0"
"20_81_10_3","0"
"20_81_10_4","0"
"20_81_10_5","39_62_9"
"22_81_10_0","0"
"22_81_10_1","0"
"22_81_10_2","0"
"22_81_10_3","43_60_9_0"
"24_81_10_0","0"
"24_81_10_1","0"
"24_81_10_2","0"
"24_81_10_3","47_58_9"
"28_81_10_0","0"
"28_81_10_1","0"
"28_81_10_2","55_54_9"
"31_81_10_0","0"
"31_81_10_1","0"
"31_81_10_2","61_51_9"
"34_81_10_0","0"
"34_81_10_1","0"
"34_81_10_2","0"
"34_81_10_3","67_48_9_0"
"34_81_10_4","67_48_9_0 + 67_48_9_1"
"40_81_10_0","0"
"40_81_10_1","0"
"40_81_10_2","0"
"40_81_10_3","79_42_9"
"44_81_10_0","0"
"44_81_10_1","0"
"44_81_10_2","87_38_9"
"47_81_10_0","0"
"47_81_10_1","0"
"47_81_10_2","93_35_9"
"48_81_10_0","0"
"48_81_10_1","0"
"48_81_10_2","0"
"48_81_10_3","95_34_9"
"50_81_10_0","0"
"50_81_10_1","0"
"50_81_10_2","0"
"50_81_10_3","99_32_9"
"52_81_10_0","0"
"52_81_10_1","0"
"52_81_10_2","103_30_9"
"53_81_10_0","0"
"53_81_10_1","0"
"53_81_10_2","105_29_9"
"54_81_10_0","0"
"54_81_10_1","0"
"54_81_10_2","0"
"54_81_10_3","107_28_9"
"56_81_10_0","0"
"56_81_10_1","0"
"56_81_10_2","0"
"56_81_10_3","111_26_9"
"60_81_10_0","0"
"60_81_10_1","0"
"60_81_10_2","119_22_9"
"82_81_10_0","0"
"82_81_10_1","0"
"82_81_10_2","163_0_9"
"4_81_11","7_78_10"
"6_81_11_0","0"
"6_81_11_1","11_76_10_0 + 11_76_10_1"
"6_81_11_2","11_76_10_1"
"8_81_11_0","0"
"8_81_11_1","15_74_10"
"10_81_11_0","0"
"10_81_11_1","19_72_10_2"
"10_81_11_2","19_72_10_1"
"10_81_11_3","19_72_10_0 + 19_72_10_2"
"11_81_11_0","0"
"11_81_11_1","0"
"11_81_11_2","21_71_10_1"
"12_81_11_0","0"
"12_81_11_1","0"
"12_81_11_2","0"
"12_81_11_3","23_70_10_2 + 23_70_10_3"
"12_81_11_4","23_70_10_2"
"12_81_11_5","23_70_10_1 + 23_70_10_2"
"12_81_11_6","23_70_10_0"
"14_81_11_0","0"
"14_81_11_1","27_68_10_2"
"14_81_11_2","27_68_10_1 + 27_68_10_2"
"14_81_11_3","27_68_10_0 + 27_68_10_1"
"16_81_11_0","0"
"16_81_11_1","0"
"16_81_11_2","31_66_10_2"
"16_81_11_3","31_66_10_1 + 31_66_10_2"
"16_81_11_4","31_66_10_0 + 31_66_10_1 + 31_66_10_2"
"18_81_11_0","0"
"18_81_11_1","0"
"18_81_11_2","0"
"18_81_11_3","35_64_10_0"
"20_81_11_0","0"
"20_81_11_1","0"
"20_81_11_2","0"
"20_81_11_3","39_62_10_0"
"22_81_11_0","0"
"22_81_11_1","0"
"22_81_11_2","43_60_10_1"
"22_81_11_3","43_60_10_0"
"28_81_11_0","0"
"28_81_11_1","55_54_10_0"
"28_81_11_2","55_54_10_0 + 55_54_10_1"
"32_81_11_0","0"
"32_81_11_1","0"
"32_81_11_2","63_50_10"
"38_81_11_0","0"
"38_81_11_1","0"
"38_81_11_2","75_44_10"
"45_81_11_0","0"
"45_81_11_1","0"
"45_81_11_2","89_37_10"
"48_81_11_0","0"
"48_81_11_1","0"
"48_81_11_2","0"
"48_81_11_3","95_34_10"
"51_81_11_0","0"
"51_81_11_1","0"
"51_81_11_2","101_31_10_0"
"52_81_11_0","0"
"52_81_11_1","0"
"52_81_11_2","0"
"52_81_11_3","103_30_10"
"54_81_11_0","0"
"54_81_11_1","0"
"54_81_11_2","0"
"54_81_11_3","107_28_10"
"60_81_11_0","0"
"60_81_11_1","0"
"60_81_11_2","119_22_10"
"64_81_11_0","0"
"64_81_11_1","0"
"64_81_11_2","127_18_10"
"82_81_11_0","0"
"82_81_11_1","0"
"82_81_11_2","163_0_10"
"3_81_12","5_79_11"
"5_81_12","9_77_11_1"
"6_81_12_0","11_76_11_0"
"6_81_12_1","11_76_11_0 + 11_76_11_1"
"8_81_12","15_74_11"
"10_81_12_0","19_72_11_1"
"10_81_12_1","19_72_11_0"
"11_81_12","21_71_11_2"
"13_81_12_0","25_69_11_0"
"13_81_12_1","25_69_11_1"
"14_81_12_0","0"
"14_81_12_1","0"
"14_81_12_2","27_68_11_2"
"14_81_12_3","27_68_11_0 + 27_68_11_1 + 27_68_11_2"
"14_81_12_4","27_68_11_0 + 27_68_11_2"
"15_81_12_0","0"
"15_81_12_1","0"
"15_81_12_2","0"
"15_81_12_3","29_67_11_1"
"16_81_12_0","0"
"16_81_12_1","0"
"16_81_12_2","0"
"16_81_12_3","0"
"16_81_12_4","31_66_11_2"
"16_81_12_5","31_66_11_0 + 31_66_11_1"
"16_81_12_6","31_66_11_0"
"19_81_12_0","0"
"19_81_12_1","0"
"19_81_12_2","37_63_11_0"
"20_81_12_0","0"
"20_81_12_1","0"
"20_81_12_2","39_62_11_2"
"20_81_12_3","39_62_11_0"
"20_81_12_4","39_62_11_1"
"22_81_12_0","0"
"22_81_12_1","43_60_11_1"
"22_81_12_2","43_60_11_2"
"26_81_12_0","0"
"26_81_12_1","51_56_11"
"28_81_12_0","0"
"28_81_12_1","55_54_11_0 + 55_54_11_1"
"28_81_12_2","55_54_11_0"
"30_81_12_0","0"
"30_81_12_1","59_52_11"
"36_81_12_0","0"
"36_81_12_1","71_46_11"
"42_81_12_0","0"
"42_81_12_1","83_40_11"
"48_81_12_0","0"
"48_81_12_1","0"
"48_81_12_2","95_34_11"
"52_81_12_0","0"
"52_81_12_1","0"
"52_81_12_2","103_30_11"
"63_81_12_0","0"
"63_81_12_1","125_19_11"
"82_81_12_0","0"
"82_81_12_1","163_0_11"
"3_81_13","5_79_12_1"
"4_81_13_0","0"
"4_81_13_1","7_78_12"
"6_81_13_0","11_76_12_0"
"6_81_13_1","11_76_12_1"
"8_81_13_0","15_74_12_0"
"8_81_13_1","15_74_12_1"
"10_81_13","19_72_12_0"
"11_81_13_0","21_71_12_0"
"11_81_13_1","21_71_12_1"
"12_81_13_0","0"
"12_81_13_1","0"
"12_81_13_2","23_70_12_1"
"12_81_13_3","23_70_12_0"
"14_81_13_0","0"
"14_81_13_1","0"
"14_81_13_2","0"
"14_81_13_3","27_68_12_2"
"14_81_13_4","27_68_12_0 + 27_68_12_1"
"14_81_13_5","27_68_12_1"
"14_81_13_6","27_68_12_3"
"16_81_13_0","0"
"16_81_13_1","0"
"16_81_13_2","0"
"16_81_13_3","31_66_12_1"
"16_81_13_4","31_66_12_0 + 31_66_12_1"
"18_81_13_0","0"
"18_81_13_1","0"
"18_81_13_2","35_64_12"
"20_81_13_0","0"
"20_81_13_1","0"
"20_81_13_2","39_62_12_0"
"20_81_13_3","39_62_12_1"
"22_81_13_0","0"
"22_81_13_1","43_60_12_1"
"26_81_13_0","0"
"26_81_13_1","51_56_12"
"27_81_13_0","0"
"27_81_13_1","53_55_12"
"28_81_13_0","0"
"28_81_13_1","0"
"28_81_13_2","55_54_12_0 + 55_54_12_1"
"28_81_13_3","55_54_12_0"
"34_81_13_0","0"
"34_81_13_1","67_48_12"
"40_81_13_0","0"
"40_81_13_1","79_42_12"
"42_81_13_0","0"
"42_81_13_1","0"
"42_81_13_2","83_40_12"
"46_81_13_0","0"
"46_81_13_1","91_36_12"
"48_81_13_0","0"
"48_81_13_1","0"
"48_81_13_2","95_34_12"
"82_81_13_0","0"
"82_81_13_1","163_0_12"
"2_81_14","3_80_13"
"4_81_14_0","7_78_13_1 + 7_78_13_4"
"4_81_14_1","7_78_13_3"
"4_81_14_2","7_78_13_0"
"4_81_14_3","7_78_13_0 + 7_78_13_2 + 7_78_13_4"
"4_81_14_4","7_78_13_0 + 7_78_13_1"
"6_81_14","11_76_13_0"
"8_81_14_0","15_74_13_1"
"8_81_14_1","15_74_13_0"
"10_81_14_0","0"
"10_81_14_1","19_72_13"
"11_81_14_0","0"
"11_81_14_1","0"
"11_81_14_2","21_71_13_1"
"14_81_14_0","0"
"14_81_14_1","0"
"14_81_14_2","0"
"14_81_14_3","27_68_13_0"
"14_81_14_4","27_68_13_0 + 27_68_13_2"
"14_81_14_5","27_68_13_3"
"18_81_14","35_64_13"
"20_81_14_0","39_62_13_0 + 39_62_13_1"
"20_81_14_1","39_62_13_1"
"22_81_14_0","0"
"22_81_14_1","43_60_13"
"26_81_14_0","51_56_13_0"
"26_81_14_1","51_56_13_1"
"28_81_14_0","0"
"28_81_14_1","55_54_13"
"32_81_14","63_50_13"
"39_81_14","77_43_13"
"40_81_14_0","0"
"40_81_14_1","79_42_13"
"42_81_14_0","0"
"42_81_14_1","83_40_13"
"45_81_14","89_37_13"
"46_81_14_0","0"
"46_81_14_1","91_36_13"
"48_81_14_0","0"
"48_81_14_1","95_34_13"
"52_81_14","103_30_13"
"82_81_14","163_0_13"
"2_81_15_0","3_80_14_0"
"2_81_15_1","3_80_14_0 + 3_80_14_1"
"3_81_15_0","5_79_14_0"
"3_81_15_1","5_79_14_0 + 5_79_14_1"
"4_81_15_0","0"
"4_81_15_1","0"
"4_81_15_2","7_78_14_0"
"4_81_15_3","7_78_14_0 + 7_78_14_1"
"6_81_15_0","11_76_14_3"
"6_81_15_1","11_76_14_2"
"6_81_15_2","11_76_14_1 + 11_76_14_3"
"6_81_15_3","11_76_14_0 + 11_76_14_1"
"8_81_15_0","0"
"8_81_15_1","0"
"8_81_15_2","0"
"8_81_15_3","15_74_14_2"
"8_81_15_4","15_74_14_1"
"8_81_15_5","15_74_14_0 + 15_74_14_2"
"12_81_15_0","0"
"12_81_15_1","0"
"12_81_15_2","23_70_14_0"
"12_81_15_3","23_70_14_1"
"14_81_15_0","0"
"14_81_15_1","0"
"14_81_15_2","0"
"14_81_15_3","27_68_14_0"
"14_81_15_4","27_68_14_1"
"18_81_15_0","0"
"18_81_15_1","0"
"18_81_15_2","35_64_14_2"
"18_81_15_3","35_64_14_0 + 35_64_14_2"
"20_81_15_0","0"
"20_81_15_1","0"
"20_81_15_2","0"
"20_81_15_3","39_62_14"
"22_81_15_0","0"
"22_81_15_1","0"
"22_81_15_2","43_60_14"
"24_81_15_0","0"
"24_81_15_1","0"
"24_81_15_2","47_58_14"
"28_81_15_0","0"
"28_81_15_1","0"
"28_81_15_2","55_54_14"
"30_81_15_0","0"
"30_81_15_1","0"
"30_81_15_2","59_52_14"
"36_81_15_0","0"
"36_81_15_1","0"
"36_81_15_2","71_46_14"
"40_81_15_0","0"
"40_81_15_1","0"
"40_81_15_2","0"
"40_81_15_3","79_42_14"
"43_81_15_0","0"
"43_81_15_1","0"
"43_81_15_2","85_39_14"
"46_81_15_0","0"
"46_81_15_1","0"
"46_81_15_2","0"
"46_81_15_3","91_36_14"
"52_81_15_0","0"
"52_81_15_1","0"
"52_81_15_2","103_30_14"
"56_81_15_0","0"
"56_81_15_1","0"
"56_81_15_2","111_26_14"
"82_81_15_0","0"
"82_81_15_1","0"
"82_81_15_2","163_0_14"
"2_81_16_0","3_80_15_0"
"2_81_16_1","3_80_15_1"
"4_81_16_0","7_78_15_0"
"4_81_16_1","7_78_15_1"
"4_81_16_2","7_78_15_0 + 7_78_15_1 + 7_78_15_2"
"4_81_16_3","7_78_15_0 + 7_78_15_2 + 7_78_15_3"
"5_81_16_0","9_77_15_1"
"5_81_16_1","9_77_15_0"
"6_81_16_0","0"
"6_81_16_1","0"
"6_81_16_2","11_76_15_0 + 11_76_15_2"
"6_81_16_3","11_76_15_1"
"6_81_16_4","11_76_15_0"
"8_81_16_0","0"
"8_81_16_1","0"
"8_81_16_2","15_74_15_0"
"8_81_16_3","15_74_15_0 + 15_74_15_1"
"10_81_16_0","19_72_15_1"
"10_81_16_1","19_72_15_0 + 19_72_15_1"
"11_81_16_0","0"
"11_81_16_1","21_71_15_0"
"12_81_16_0","0"
"12_81_16_1","0"
"12_81_16_2","23_70_15_1"
"12_81_16_3","23_70_15_0 + 23_70_15_1"
"14_81_16_0","27_68_15_0"
"14_81_16_1","27_68_15_1"
"16_81_16","31_66_15"
"18_81_16_0","0"
"18_81_16_1","35_64_15"
"20_81_16_0","39_62_15_0 + 39_62_15_1"
"20_81_16_1","39_62_15_0"
"22_81_16_0","0"
"22_81_16_1","43_60_15"
"28_81_16_0","55_54_15_1"
"28_81_16_1","55_54_15_0 + 55_54_15_1"
"34_81_16","67_48_15"
"36_81_16_0","0"
"36_81_16_1","71_46_15"
"40_81_16_0","0"
"40_81_16_1","79_42_15"
"55_81_16","109_27_15"
"82_81_16","163_0_15"
"2_81_17","3_80_16"
"3_81_17","5_79_16"
"4_81_17_0","0"
"4_81_17_1","7_78_16_2"
"4_81_17_2","7_78_16_0 + 7_78_16_2"
"4_81_17_3","7_78_16_0 + 7_78_16_1"
"6_81_17_0","0"
"6_81_17_1","11_76_16"
"8_81_17_0","0"
"8_81_17_1","15_74_16"
"12_81_17","23_70_16"
"14_81_17_0","27_68_16_1"
"14_81_17_1","27_68_16_0"
"18_81_17","35_64_16"
"19_81_17","37_63_16_0"
"20_81_17_0","0"
"20_81_17_1","39_62_16_1"
"20_81_17_2","39_62_16_0"
"26_81_17","51_56_16"
"28_81_17_0","0"
"28_81_17_1","55_54_16"
"32_81_17","63_50_16"
"34_81_17_0","0"
"34_81_17_1","67_48_16"
"36_81_17_0","0"
"36_81_17_1","71_46_16"
"38_81_17","75_44_16"
"40_81_17_0","0"
"40_81_17_1","79_42_16"
"82_81_17","163_0_16"
"2_81_18","3_80_17"
"3_81_18","5_79_17_0"
"4_81_18_0","0"
"4_81_18_1","7_78_17"
"6_81_18_0","0"
"6_81_18_1","11_76_17_0"
"6_81_18_2","11_76_17_1"
"12_81_18_0","0"
"12_81_18_1","0"
"12_81_18_2","23_70_17_0"
"14_81_18_0","0"
"14_81_18_1","0"
"14_81_18_2","0"
"14_81_18_3","27_68_17"
"18_81_18_0","0"
"18_81_18_1","0"
"18_81_18_2","35_64_17_0"
"18_81_18_3","35_64_17_1"
"20_81_18_0","0"
"20_81_18_1","0"
"20_81_18_2","0"
"20_81_18_3","39_62_17"
"24_81_18_0","0"
"24_81_18_1","0"
"24_81_18_2","47_58_17"
"28_81_18_0","0"
"28_81_18_1","0"
"28_81_18_2","55_54_17"
"31_81_18_0","0"
"31_81_18_1","0"
"31_81_18_2","61_51_17"
"32_81_18_0","0"
"32_81_18_1","0"
"32_81_18_2","0"
"32_81_18_3","63_50_17"
"34_81_18_0","0"
"34_81_18_1","0"
"34_81_18_2","0"
"34_81_18_3","67_48_17"
"36_81_18_0","0"
"36_81_18_1","0"
"36_81_18_2","71_46_17"
"37_81_18_0","0"
"37_81_18_1","0"
"37_81_18_2","73_45_17"
"38_81_18_0","0"
"38_81_18_1","0"
"38_81_18_2","0"
"38_81_18_3","75_44_17"
"40_81_18_0","0"
"40_81_18_1","0"
"40_81_18_2","0"
"40_81_18_3","79_42_17"
"44_81_18_0","0"
"44_81_18_1","0"
"44_81_18_2","87_38_17"
"82_81_18_0","0"
"82_81_18_1","0"
"82_81_18_2","163_0_17"
"2_81_19_0","3_80_18_0"
"2_81_19_1","3_80_18_1"
"4_81_19_0","7_78_18_2"
"4_81_19_1","7_78_18_0"
"4_81_19_2","7_78_18_0 + 7_78_18_1"
"4_81_19_3","7_78_18_3"
"6_81_19_0","0"
"6_81_19_1","0"
"6_81_19_2","11_76_18_0"
"6_81_19_3","11_76_18_0 + 11_76_18_1"
"8_81_19_0","0"
"8_81_19_1","15_74_18"
"10_81_19_0","0"
"10_81_19_1","19_72_18_2"
"10_81_19_2","19_72_18_0"
"12_81_19_0","0"
"12_81_19_1","0"
"12_81_19_2","23_70_18_0 + 23_70_18_1"
"12_81_19_3","23_70_18_1"
"16_81_19_0","0"
"16_81_19_1","31_66_18"
"20_81_19_0","0"
"20_81_19_1","39_62_18"
"22_81_19_0","0"
"22_81_19_1","43_60_18"
"29_81_19_0","0"
"29_81_19_1","57_53_18"
"32_81_19_0","0"
"32_81_19_1","0"
"32_81_19_2","63_50_18"
"35_81_19_0","0"
"35_81_19_1","69_47_18_0"
"36_81_19_0","0"
"36_81_19_1","0"
"36_81_19_2","71_46_18"
"38_81_19_0","0"
"38_81_19_1","0"
"38_81_19_2","75_44_18"
"44_81_19_0","0"
"44_81_19_1","87_38_18"
"48_81_19_0","0"
"48_81_19_1","95_34_18"
"82_81_19_0","0"
"82_81_19_1","163_0_18"
"80_82_2","159_3_1"
"52_82_3","103_31_2"
"68_82_3","135_15_2"
"76_82_3","151_7_2"
"77_82_3","153_6_2"
"80_82_3_0","0"
"80_82_3_1","159_3_2"
"20_82_4","39_63_3"
"42_82_4","83_41_3"
"44_82_4_0","0"
"44_82_4_1","87_39_3"
"46_82_4_0","0"
"46_82_4_1","91_37_3"
"52_82_4_0","0"
"52_82_4_1","103_31_3_1"
"52_82_4_2","103_31_3_0"
"62_82_4_0","0"
"62_82_4_1","123_21_3"
"64_82_4_0","0"
"64_82_4_1","0"
"64_82_4_2","127_19_3"
"68_82_4_0","0"
"68_82_4_1","0"
"68_82_4_2","135_15_3"
"75_82_4_0","0"
"75_82_4_1","149_8_3"
"76_82_4_0","0"
"76_82_4_1","0"
"76_82_4_2","151_7_3"
"80_82_4_0","0"
"80_82_4_1","0"
"80_82_4_2","159_3_3"
"18_82_5","35_65_4"
"19_82_5","37_64_4"
"22_82_5","43_61_4_1"
"38_82_5","75_45_4"
"42_82_5","83_41_4"
"43_82_5","85_40_4_1"
"44_82_5_0","0"
"44_82_5_1","87_39_4"
"50_82_5","99_33_4"
"52_82_5_0","0"
"52_82_5_1","103_31_4"
"60_82_5","119_23_4"
"61_82_5_0","0"
"61_82_5_1","121_22_4"
"68_82_5","135_15_4"
"74_82_5","147_9_4"
"76_82_5_0","0"
"76_82_5_1","151_7_4"
"8_82_6","15_75_5"
"12_82_6_0","0"
"12_82_6_1","23_71_5"
"15_82_6_0","0"
"15_82_6_1","29_68_5_0"
"16_82_6_0","0"
"16_82_6_1","0"
"16_82_6_2","31_67_5_2"
"16_82_6_3","31_67_5_0 + 31_67_5_1"
"16_82_6_4","31_67_5_1"
"18_82_6_0","0"
"18_82_6_1","0"
"18_82_6_2","0"
"18_82_6_3","0"
"18_82_6_4","0"
"18_82_6_5","35_65_5"
"20_82_6_0","0"
"20_82_6_1","0"
"20_82_6_2","0"
"20_82_6_3","0"
"20_82_6_4","0"
"20_82_6_5","39_63_5"
"22_82_6_0","0"
"22_82_6_1","0"
"22_82_6_2","0"
"22_82_6_3","0"
"22_82_6_4","43_61_5_0"
"22_82_6_5","43_61_5_1"
"30_82_6_0","0"
"30_82_6_1","0"
"30_82_6_2","0"
"30_82_6_3","59_53_5"
"32_82_6_0","0"
"32_82_6_1","0"
"32_82_6_2","0"
"32_82_6_3","0"
"32_82_6_4","63_51_5"
"42_82_6_0","0"
"42_82_6_1","0"
"42_82_6_2","83_41_5"
"43_82_6_0","0"
"43_82_6_1","0"
"43_82_6_2","85_40_5_1"
"44_82_6_0","0"
"44_82_6_1","0"
"44_82_6_2","0"
"44_82_6_3","87_39_5"
"48_82_6_0","0"
"48_82_6_1","0"
"48_82_6_2","95_35_5"
"50_82_6_0","0"
"50_82_6_1","0"
"50_82_6_2","0"
"50_82_6_3","99_33_5"
"52_82_6_0","0"
"52_82_6_1","0"
"52_82_6_2","103_31_5_1"
"59_82_6_0","0"
"59_82_6_1","0"
"59_82_6_2","117_24_5"
"62_82_6_0","0"
"62_82_6_1","0"
"62_82_6_2","123_21_5"
"66_82_6_0","0"
"66_82_6_1","0"
"66_82_6_2","131_17_5"
"68_82_6_0","0"
"68_82_6_1","0"
"68_82_6_2","135_15_5_0 + 135_15_5_1"
"68_82_6_3","135_15_5_0"
"72_82_6_0","0"
"72_82_6_1","0"
"72_82_6_2","143_11_5"
"5_82_7","9_78_6"
"8_82_7_0","0"
"8_82_7_1","15_75_6"
"9_82_7_0","0"
"9_82_7_1","17_74_6"
"11_82_7_0","0"
"11_82_7_1","0"
"11_82_7_2","21_72_6_0"
"12_82_7_0","0"
"12_82_7_1","0"
"12_82_7_2","0"
"12_82_7_3","23_71_6_0"
"12_82_7_4","23_71_6_1"
"13_82_7_0","0"
"13_82_7_1","0"
"13_82_7_2","0"
"13_82_7_3","0"
"13_82_7_4","25_70_6_2"
"14_82_7_0","0"
"14_82_7_1","0"
"14_82_7_2","0"
"14_82_7_3","0"
"14_82_7_4","27_69_6_1"
"15_82_7_0","0"
"15_82_7_1","0"
"15_82_7_2","0"
"15_82_7_3","0"
"15_82_7_4","29_68_6_0"
"16_82_7_0","0"
"16_82_7_1","0"
"16_82_7_2","0"
"16_82_7_3","0"
"16_82_7_4","0"
"16_82_7_5","31_67_6_0"
"16_82_7_6","31_67_6_0 + 31_67_6_1"
"19_82_7_0","0"
"19_82_7_1","0"
"19_82_7_2","0"
"19_82_7_3","0"
"19_82_7_4","37_64_6_1"
"20_82_7_0","0"
"20_82_7_1","0"
"20_82_7_2","0"
"20_82_7_3","0"
"20_82_7_4","39_63_6_1"
"20_82_7_5","39_63_6_0 + 39_63_6_1"
"22_82_7_0","0"
"22_82_7_1","0"
"22_82_7_2","43_61_6_0 + 43_61_6_3"
"22_82_7_3","43_61_6_3"
"31_82_7_0","0"
"31_82_7_1","0"
"31_82_7_2","61_52_6"
"32_82_7_0","0"
"32_82_7_1","0"
"32_82_7_2","0"
"32_82_7_3","63_51_6"
"34_82_7_0","0"
"34_82_7_1","0"
"34_82_7_2","0"
"34_82_7_3","67_49_6"
"36_82_7_0","0"
"36_82_7_1","0"
"36_82_7_2","71_47_6"
"38_82_7_0","0"
"38_82_7_1","0"
"38_82_7_2","75_45_6"
"43_82_7_0","0"
"43_82_7_1","0"
"43_82_7_2","85_40_6_0"
"45_82_7_0","0"
"45_82_7_1","0"
"45_82_7_2","89_38_6_0"
"46_82_7_0","0"
"46_82_7_1","0"
"46_82_7_2","0"
"46_82_7_3","91_37_6"
"47_82_7_0","0"
"47_82_7_1","0"
"47_82_7_2","0"
"47_82_7_3","93_36_6"
"52_82_7_0","0"
"52_82_7_1","0"
"52_82_7_2","0"
"52_82_7_3","103_31_6"
"60_82_7_0","0"
"60_82_7_1","0"
"60_82_7_2","119_23_6"
"66_82_7_0","0"
"66_82_7_1","0"
"66_82_7_2","131_17_6"
"67_82_7_0","0"
"67_82_7_1","0"
"67_82_7_2","133_16_6"
"68_82_7_0","0"
"68_82_7_1","0"
"68_82_7_2","0"
"68_82_7_3","135_15_6"
"69_82_7_0","0"
"69_82_7_1","0"
"69_82_7_2","137_14_6"
"72_82_7_0","0"
"72_82_7_1","0"
"72_82_7_2","0"
"72_82_7_3","143_11_6"
"7_82_8_0","13_76_7_0"
"7_82_8_1","13_76_7_1"
"8_82_8_0","0"
"8_82_8_1","0"
"8_82_8_2","15_75_7"
"10_82_8_0","0"
"10_82_8_1","0"
"10_82_8_2","0"
"10_82_8_3","19_73_7_0"
"10_82_8_4","19_73_7_1"
"11_82_8_0","0"
"11_82_8_1","0"
"11_82_8_2","0"
"11_82_8_3","0"
"11_82_8_4","0"
"11_82_8_5","21_72_7_0 + 21_72_7_1"
"12_82_8_0","0"
"12_82_8_1","0"
"12_82_8_2","0"
"12_82_8_3","0"
"12_82_8_4","0"
"12_82_8_5","0"
"12_82_8_6","23_71_7_0 + 23_71_7_2"
"12_82_8_7","23_71_7_2"
"12_82_8_8","23_71_7_0 + 23_71_7_1 + 23_71_7_2"
"14_82_8_0","0"
"14_82_8_1","0"
"14_82_8_2","0"
"14_82_8_3","0"
"14_82_8_4","0"
"14_82_8_5","27_69_7_0 + 27_69_7_2"
"14_82_8_6","27_69_7_0 + 27_69_7_1 + 27_69_7_2"
"14_82_8_7","27_69_7_1 + 27_69_7_2"
"15_82_8_0","0"
"15_82_8_1","0"
"15_82_8_2","0"
"15_82_8_3","0"
"15_82_8_4","0"
"15_82_8_5","29_68_7_0"
"16_82_8_0","0"
"16_82_8_1","0"
"16_82_8_2","0"
"16_82_8_3","0"
"16_82_8_4","0"
"16_82_8_5","0"
"16_82_8_6","31_67_7_0"
"16_82_8_7","31_67_7_0 + 31_67_7_1"
"18_82_8_0","0"
"18_82_8_1","0"
"18_82_8_2","0"
"18_82_8_3","0"
"18_82_8_4","35_65_7_0 + 35_65_7_1"
"18_82_8_5","35_65_7_2"
"20_82_8_0","0"
"20_82_8_1","0"
"20_82_8_2","0"
"20_82_8_3","0"
"20_82_8_4","39_63_7_3"
"20_82_8_5","39_63_7_2"
"20_82_8_6","39_63_7_0 + 39_63_7_1 + 39_63_7_2 + 39_63_7_3"
"22_82_8_0","0"
"22_82_8_1","0"
"22_82_8_2","0"
"22_82_8_3","43_61_7_0 + 43_61_7_1"
"22_82_8_4","43_61_7_1 + 43_61_7_2"
"22_82_8_5","43_61_7_0"
"28_82_8_0","0"
"28_82_8_1","0"
"28_82_8_2","0"
"28_82_8_3","55_55_7"
"30_82_8_0","0"
"30_82_8_1","0"
"30_82_8_2","0"
"30_82_8_3","59_53_7"
"32_82_8_0","0"
"32_82_8_1","0"
"32_82_8_2","0"
"32_82_8_3","0"
"32_82_8_4","63_51_7"
"36_82_8_0","0"
"36_82_8_1","0"
"36_82_8_2","71_47_7"
"38_82_8_0","0"
"38_82_8_1","0"
"38_82_8_2","75_45_7"
"44_82_8_0","0"
"44_82_8_1","0"
"44_82_8_2","87_39_7"
"46_82_8_0","0"
"46_82_8_1","0"
"46_82_8_2","91_37_7_1"
"46_82_8_3","91_37_7_0"
"48_82_8_0","0"
"48_82_8_1","0"
"48_82_8_2","0"
"48_82_8_3","95_35_7"
"52_82_8_0","0"
"52_82_8_1","0"
"52_82_8_2","0"
"52_82_8_3","103_31_7"
"66_82_8_0","0"
"66_82_8_1","0"
"66_82_8_2","131_17_7"
"67_82_8_0","0"
"67_82_8_1","0"
"67_82_8_2","133_16_7"
"68_82_8_0","0"
"68_82_8_1","0"
"68_82_8_2","0"
"68_82_8_3","135_15_7"
"72_82_8_0","0"
"72_82_8_1","0"
"72_82_8_2","0"
"72_82_8_3","143_11_7"
"6_82_9_0","11_77_8_0 + 11_77_8_1"
"6_82_9_1","11_77_8_1"
"7_82_9_0","0"
"7_82_9_1","13_76_8_0"
"8_82_9_0","0"
"8_82_9_1","0"
"8_82_9_2","15_75_8_1"
"8_82_9_3","15_75_8_0"
"8_82_9_4","15_75_8_0 + 15_75_8_2"
"10_82_9_0","0"
"10_82_9_1","0"
"10_82_9_2","0"
"10_82_9_3","0"
"10_82_9_4","19_73_8_0"
"10_82_9_5","19_73_8_0 + 19_73_8_1"
"11_82_9_0","0"
"11_82_9_1","0"
"11_82_9_2","0"
"11_82_9_3","21_72_8_3"
"12_82_9_0","0"
"12_82_9_1","0"
"12_82_9_2","0"
"12_82_9_3","0"
"12_82_9_4","23_71_8_1"
"12_82_9_5","23_71_8_0"
"13_82_9_0","0"
"13_82_9_1","0"
"13_82_9_2","25_70_8_0"
"14_82_9_0","0"
"14_82_9_1","0"
"14_82_9_2","27_69_8_2"
"14_82_9_3","27_69_8_3"
"14_82_9_4","27_69_8_0 + 27_69_8_2 + 27_69_8_3"
"15_82_9_0","0"
"15_82_9_1","0"
"15_82_9_2","0"
"15_82_9_3","0"
"15_82_9_4","29_68_8_0"
"16_82_9_0","0"
"16_82_9_1","0"
"16_82_9_2","0"
"16_82_9_3","0"
"16_82_9_4","0"
"16_82_9_5","31_67_8_2"
"16_82_9_6","31_67_8_0 + 31_67_8_1 + 31_67_8_2"
"16_82_9_7","31_67_8_1"
"18_82_9_0","0"
"18_82_9_1","0"
"18_82_9_2","0"
"18_82_9_3","35_65_8_0"
"18_82_9_4","35_65_8_0 + 35_65_8_1"
"19_82_9_0","0"
"19_82_9_1","0"
"19_82_9_2","0"
"19_82_9_3","0"
"19_82_9_4","37_64_8_0"
"19_82_9_5","37_64_8_0 + 37_64_8_1 + 37_64_8_2"
"20_82_9_0","0"
"20_82_9_1","0"
"20_82_9_2","0"
"20_82_9_3","0"
"20_82_9_4","0"
"20_82_9_5","39_63_8"
"22_82_9_0","0"
"22_82_9_1","0"
"22_82_9_2","0"
"22_82_9_3","43_61_8"
"26_82_9_0","0"
"26_82_9_1","0"
"26_82_9_2","51_57_8_0 + 51_57_8_1"
"26_82_9_3","51_57_8_0"
"31_82_9_0","0"
"31_82_9_1","0"
"31_82_9_2","61_52_8"
"32_82_9_0","0"
"32_82_9_1","0"
"32_82_9_2","0"
"32_82_9_3","63_51_8"
"36_82_9_0","0"
"36_82_9_1","0"
"36_82_9_2","71_47_8_0"
"36_82_9_3","71_47_8_1"
"46_82_9_0","0"
"46_82_9_1","91_37_8_0 + 91_37_8_1"
"46_82_9_2","91_37_8_0"
"48_82_9_0","0"
"48_82_9_1","0"
"48_82_9_2","95_35_8"
"52_82_9_0","0"
"52_82_9_1","103_31_8_0 + 103_31_8_1"
"54_82_9_0","0"
"54_82_9_1","107_29_8"
"60_82_9_0","0"
"60_82_9_1","119_23_8"
"66_82_9_0","0"
"66_82_9_1","131_17_8"
"68_82_9_0","0"
"68_82_9_1","0"
"68_82_9_2","135_15_8"
"6_82_10","11_77_9"
"7_82_10_0","13_76_9_0"
"7_82_10_1","13_76_9_0 + 13_76_9_2"
"8_82_10_0","0"
"8_82_10_1","0"
"8_82_10_2","15_75_9_2 + 15_75_9_3"
"8_82_10_3","15_75_9_0"
"8_82_10_4","15_75_9_3"
"8_82_10_5","15_75_9_1 + 15_75_9_2"
"10_82_10_0","0"
"10_82_10_1","0"
"10_82_10_2","19_73_9"
"11_82_10_0","0"
"11_82_10_1","0"
"11_82_10_2","21_72_9_0"
"12_82_10_0","0"
"12_82_10_1","0"
"12_82_10_2","23_71_9_1"
"12_82_10_3","23_71_9_3"
"12_82_10_4","23_71_9_2 + 23_71_9_3"
"12_82_10_5","23_71_9_0 + 23_71_9_3"
"14_82_10_0","0"
"14_82_10_1","0"
"14_82_10_2","0"
"14_82_10_3","27_69_9_0"
"14_82_10_4","27_69_9_0 + 27_69_9_2"
"14_82_10_5","27_69_9_0 + 27_69_9_3"
"15_82_10_0","0"
"15_82_10_1","0"
"15_82_10_2","29_68_9_2"
"16_82_10_0","0"
"16_82_10_1","0"
"16_82_10_2","0"
"16_82_10_3","31_67_9_2"
"16_82_10_4","31_67_9_0"
"16_82_10_5","31_67_9_1"
"18_82_10_0","0"
"18_82_10_1","0"
"18_82_10_2","0"
"18_82_10_3","35_65_9_0 + 35_65_9_1"
"18_82_10_4","35_65_9_2"
"20_82_10_0","0"
"20_82_10_1","0"
"20_82_10_2","39_63_9_0"
"20_82_10_3","39_63_9_1"
"22_82_10_0","0"
"22_82_10_1","43_61_9_1"
"26_82_10_0","0"
"26_82_10_1","51_57_9_0"
"26_82_10_2","51_57_9_1"
"27_82_10_0","0"
"27_82_10_1","53_56_9"
"30_82_10_0","0"
"30_82_10_1","59_53_9"
"32_82_10_0","0"
"32_82_10_1","0"
"32_82_10_2","63_51_9"
"35_82_10_0","0"
"35_82_10_1","0"
"35_82_10_2","69_48_9_0 + 69_48_9_1"
"35_82_10_3","69_48_9_0"
"44_82_10_0","0"
"44_82_10_1","87_39_9"
"45_82_10_0","0"
"45_82_10_1","0"
"45_82_10_2","89_38_9"
"46_82_10_0","0"
"46_82_10_1","0"
"46_82_10_2","0"
"46_82_10_3","91_37_9"
"48_82_10_0","0"
"48_82_10_1","0"
"48_82_10_2","95_35_9"
"52_82_10_0","0"
"52_82_10_1","103_31_9_0"
"52_82_10_2","103_31_9_1"
"54_82_10_0","0"
"54_82_10_1","107_29_9"
"58_82_10_0","0"
"58_82_10_1","115_25_9"
"60_82_10_0","0"
"60_82_10_1","119_23_9_1"
"60_82_10_2","119_23_9_0"
"64_82_10_0","0"
"64_82_10_1","127_19_9"
"4_82_11","7_79_10"
"5_82_11_0","0"
"5_82_11_1","9_78_10_1"
"7_82_11_0","0"
"7_82_11_1","13_76_10_0"
"8_82_11_0","0"
"8_82_11_1","0"
"8_82_11_2","15_75_10_0"
"8_82_11_3","15_75_10_0 + 15_75_10_1"
"11_82_11_0","0"
"11_82_11_1","21_72_10_1"
"12_82_11_0","0"
"12_82_11_1","0"
"12_82_11_2","23_71_10_0 + 23_71_10_2"
"12_82_11_3","23_71_10_0"
"12_82_11_4","23_71_10_1"
"13_82_11_0","0"
"13_82_11_1","0"
"13_82_11_2","25_70_10_0"
"14_82_11_0","0"
"14_82_11_1","27_69_10_1"
"14_82_11_2","27_69_10_1 + 27_69_10_2"
"14_82_11_3","27_69_10_0 + 27_69_10_1"
"15_82_11_0","0"
"15_82_11_1","0"
"15_82_11_2","29_68_10_0 + 29_68_10_3"
"15_82_11_3","29_68_10_0"
"16_82_11_0","0"
"16_82_11_1","0"
"16_82_11_2","0"
"16_82_11_3","0"
"16_82_11_4","31_67_10"
"18_82_11_0","0"
"18_82_11_1","0"
"18_82_11_2","35_65_10_1"
"19_82_11_0","0"
"19_82_11_1","37_64_10_0"
"22_82_11_0","0"
"22_82_11_1","43_61_10_0"
"22_82_11_2","43_61_10_1"
"24_82_11","47_59_10"
"26_82_11_0","0"
"26_82_11_1","51_57_10"
"27_82_11_0","0"
"27_82_11_1","53_56_10_0"
"29_82_11_0","0"
"29_82_11_1","0"
"29_82_11_2","57_54_10_0"
"36_82_11_0","0"
"36_82_11_1","71_47_10"
"42_82_11_0","0"
"42_82_11_1","83_41_10"
"43_82_11_0","0"
"43_82_11_1","0"
"43_82_11_2","85_40_10"
"46_82_11_0","0"
"46_82_11_1","0"
"46_82_11_2","91_37_10"
"52_82_11_0","0"
"52_82_11_1","103_31_10_0"
"52_82_11_2","103_31_10_0 + 103_31_10_1"
"58_82_11_0","0"
"58_82_11_1","115_25_10"
"59_82_11_0","0"
"59_82_11_1","117_24_10"
"60_82_11_0","0"
"60_82_11_1","0"
"60_82_11_2","119_23_10"
"61_82_11_0","0"
"61_82_11_1","121_22_10"
"64_82_11_0","0"
"64_82_11_1","0"
"64_82_11_2","127_19_10"
"3_82_12","5_80_11"
"6_82_12_0","0"
"6_82_12_1","11_77_11_1"
"6_82_12_2","11_77_11_0"
"8_82_12_0","0"
"8_82_12_1","15_75_11_1"
"8_82_12_2","15_75_11_0"
"8_82_12_3","15_75_11_0 + 15_75_11_1 + 15_75_11_2"
"10_82_12_0","0"
"10_82_12_1","19_73_11"
"12_82_12_0","0"
"12_82_12_1","0"
"12_82_12_2","23_71_11_2"
"12_82_12_3","23_71_11_1"
"12_82_12_4","23_71_11_0 + 23_71_11_1 + 23_71_11_2"
"14_82_12_0","0"
"14_82_12_1","0"
"14_82_12_2","27_69_11_3"
"14_82_12_3","27_69_11_2"
"14_82_12_4","27_69_11_0 + 27_69_11_1 + 27_69_11_3"
"14_82_12_5","27_69_11_1 + 27_69_11_3"
"16_82_12_0","0"
"16_82_12_1","0"
"16_82_12_2","0"
"16_82_12_3","31_67_11_0"
"16_82_12_4","31_67_11_0 + 31_67_11_1"
"18_82_12_0","0"
"18_82_12_1","0"
"18_82_12_2","0"
"18_82_12_3","35_65_11_0"
"18_82_12_4","35_65_11_2"
"20_82_12_0","0"
"20_82_12_1","0"
"20_82_12_2","0"
"20_82_12_3","39_63_11_1"
"20_82_12_4","39_63_11_0"
"22_82_12_0","0"
"22_82_12_1","43_61_11_2"
"22_82_12_2","43_61_11_1 + 43_61_11_2"
"23_82_12_0","0"
"23_82_12_1","45_60_11_0"
"24_82_12_0","0"
"24_82_12_1","0"
"24_82_12_2","47_59_11"
"26_82_12_0","0"
"26_82_12_1","0"
"26_82_12_2","51_57_11"
"28_82_12_0","0"
"28_82_12_1","0"
"28_82_12_2","55_55_11"
"30_82_12_0","0"
"30_82_12_1","0"
"30_82_12_2","0"
"30_82_12_3","59_53_11"
"34_82_12_0","0"
"34_82_12_1","0"
"34_82_12_2","67_49_11"
"40_82_12_0","0"
"40_82_12_1","0"
"40_82_12_2","79_43_11"
"42_82_12_0","0"
"42_82_12_1","0"
"42_82_12_2","0"
"42_82_12_3","83_41_11"
"52_82_12_0","0"
"52_82_12_1","0"
"52_82_12_2","103_31_11"
"58_82_12_0","0"
"58_82_12_1","0"
"58_82_12_2","115_25_11"
"59_82_12_0","0"
"59_82_12_1","0"
"59_82_12_2","117_24_11"
"60_82_12_0","0"
"60_82_12_1","0"
"60_82_12_2","0"
"60_82_12_3","119_23_11"
"64_82_12_0","0"
"64_82_12_1","0"
"64_82_12_2","0"
"64_82_12_3","127_19_11"
"2_82_13","3_81_12"
"4_82_13_0","7_79_12_0"
"4_82_13_1","7_79_12_0 + 7_79_12_1"
"8_82_13_0","15_75_12_0"
"8_82_13_1","15_75_12_1"
"9_82_13_0","0"
"9_82_13_1","17_74_12_0"
"10_82_13_0","0"
"10_82_13_1","19_73_12"
"11_82_13_0","0"
"11_82_13_1","21_72_12"
"12_82_13_0","0"
"12_82_13_1","0"
"12_82_13_2","23_71_12_0"
"12_82_13_3","23_71_12_0 + 23_71_12_1"
"13_82_13_0","0"
"13_82_13_1","0"
"13_82_13_2","0"
"13_82_13_3","25_70_12"
"14_82_13_0","0"
"14_82_13_1","0"
"14_82_13_2","0"
"14_82_13_3","0"
"14_82_13_4","27_69_12"
"16_82_13_0","0"
"16_82_13_1","0"
"16_82_13_2","31_67_12"
"18_82_13_0","0"
"18_82_13_1","35_65_12_0"
"18_82_13_2","35_65_12_0 + 35_65_12_2"
"18_82_13_3","35_65_12_0 + 35_65_12_1 + 35_65_12_2"
"20_82_13_0","0"
"20_82_13_1","0"
"20_82_13_2","39_63_12"
"21_82_13","41_62_12_0"
"22_82_13_0","0"
"22_82_13_1","43_61_12_0"
"22_82_13_2","43_61_12_0 + 43_61_12_1"
"24_82_13_0","0"
"24_82_13_1","47_59_12"
"26_82_13_0","0"
"26_82_13_1","51_57_12"
"28_82_13_0","0"
"28_82_13_1","55_55_12"
"30_82_13","59_53_12"
"32_82_13","63_51_12"
"38_82_13","75_45_12"
"40_82_13_0","0"
"40_82_13_1","79_43_12"
"46_82_13","91_37_12"
"52_82_13","103_31_12"
"58_82_13","115_25_12"
"60_82_13_0","0"
"60_82_13_1","119_23_12"
"2_82_14","3_81_13"
"4_82_14","7_79_13"
"5_82_14","9_78_13_0 + 9_78_13_3"
"6_82_14_0","0"
"6_82_14_1","11_77_13_0 + 11_77_13_1"
"6_82_14_2","11_77_13_0"
"6_82_14_3","11_77_13_2"
"7_82_14_0","0"
"7_82_14_1","0"
"7_82_14_2","0"
"7_82_14_3","13_76_13_0"
"8_82_14_0","0"
"8_82_14_1","0"
"8_82_14_2","0"
"8_82_14_3","0"
"8_82_14_4","15_75_13_0"
"8_82_14_5","15_75_13_0 + 15_75_13_1"
"10_82_14_0","0"
"10_82_14_1","0"
"10_82_14_2","0"
"10_82_14_3","19_73_13"
"11_82_14_0","0"
"11_82_14_1","0"
"11_82_14_2","0"
"11_82_14_3","21_72_13"
"12_82_14_0","0"
"12_82_14_1","0"
"12_82_14_2","0"
"12_82_14_3","0"
"12_82_14_4","23_71_13_1"
"14_82_14_0","0"
"14_82_14_1","0"
"14_82_14_2","0"
"14_82_14_3","0"
"14_82_14_4","27_69_13_1"
"15_82_14_0","0"
"15_82_14_1","0"
"15_82_14_2","0"
"15_82_14_3","0"
"15_82_14_4","29_68_13_0"
"18_82_14_0","0"
"18_82_14_1","0"
"18_82_14_2","0"
"18_82_14_3","35_65_13_2"
"18_82_14_4","35_65_13_1"
"20_82_14_0","0"
"20_82_14_1","0"
"20_82_14_2","0"
"20_82_14_3","39_63_13"
"22_82_14_0","0"
"22_82_14_1","0"
"22_82_14_2","0"
"22_82_14_3","43_61_13"
"24_82_14_0","0"
"24_82_14_1","0"
"24_82_14_2","0"
"24_82_14_3","47_59_13"
"27_82_14_0","0"
"27_82_14_1","0"
"27_82_14_2","53_56_13_0"
"30_82_14_0","0"
"30_82_14_1","0"
"30_82_14_2","59_53_13_1"
"30_82_14_3","59_53_13_0 + 59_53_13_1"
"36_82_14_0","0"
"36_82_14_1","0"
"36_82_14_2","71_47_13_0"
"36_82_14_3","71_47_13_0 + 71_47_13_1"
"40_82_14_0","0"
"40_82_14_1","0"
"40_82_14_2","0"
"40_82_14_3","79_43_13"
"44_82_14_0","0"
"44_82_14_1","0"
"44_82_14_2","87_39_13"
"46_82_14_0","0"
"46_82_14_1","0"
"46_82_14_2","91_37_13"
"50_82_14_0","0"
"50_82_14_1","0"
"50_82_14_2","99_33_13"
"52_82_14_0","0"
"52_82_14_1","0"
"52_82_14_2","103_31_13_1"
"52_82_14_3","103_31_13_0 + 103_31_13_1"
"56_82_14_0","0"
"56_82_14_1","0"
"56_82_14_2","111_27_13"
"4_82_15_0","7_79_14_0"
"4_82_15_1","7_79_14_3"
"4_82_15_2","7_79_14_0 + 7_79_14_3 + 7_79_14_4"
"4_82_15_3","7_79_14_0 + 7_79_14_1"
"4_82_15_4","7_79_14_0 + 7_79_14_1 + 7_79_14_2"
"6_82_15_0","0"
"6_82_15_1","11_77_14_0 + 11_77_14_2 + 11_77_14_3"
"6_82_15_2","11_77_14_3"
"6_82_15_3","11_77_14_2"
"6_82_15_4","11_77_14_1 + 11_77_14_2 + 11_77_14_3"
"7_82_15_0","0"
"7_82_15_1","13_76_14_0"
"8_82_15_0","0"
"8_82_15_1","0"
"8_82_15_2","15_75_14_0 + 15_75_14_1"
"8_82_15_3","15_75_14_0"
"10_82_15_0","0"
"10_82_15_1","0"
"10_82_15_2","19_73_14_1"
"12_82_15_0","0"
"12_82_15_1","0"
"12_82_15_2","23_71_14_1"
"12_82_15_3","23_71_14_0"
"12_82_15_4","23_71_14_2"
"16_82_15_0","31_67_14_2"
"16_82_15_1","31_67_14_0"
"16_82_15_2","31_67_14_0 + 31_67_14_1"
"18_82_15_0","0"
"18_82_15_1","0"
"18_82_15_2","35_65_14"
"20_82_15_0","0"
"20_82_15_1","39_63_14"
"22_82_15_0","0"
"22_82_15_1","43_61_14"
"28_82_15","55_55_14"
"30_82_15_0","0"
"30_82_15_1","59_53_14"
"34_82_15","67_49_14"
"35_82_15_0","0"
"35_82_15_1","69_48_14"
"36_82_15_0","0"
"36_82_15_1","0"
"36_82_15_2","71_47_14"
"44_82_15","87_39_14"
"50_82_15","99_33_14"
"51_82_15","101_32_14"
"52_82_15_0","0"
"52_82_15_1","103_31_14"
"53_82_15","105_30_14"
"56_82_15_0","0"
"56_82_15_1","111_27_14"
"2_82_16_0","3_81_15_0"
"2_82_16_1","3_81_15_1"
"3_82_16_0","5_80_15_0"
"3_82_16_1","5_80_15_1"
"4_82_16_0","0"
"4_82_16_1","0"
"4_82_16_2","7_79_15_2"
"4_82_16_3","7_79_15_1 + 7_79_15_2"
"4_82_16_4","7_79_15_0 + 7_79_15_2"
"6_82_16_0","0"
"6_82_16_1","11_77_15_0"
"6_82_16_2","11_77_15_2"
"7_82_16","13_76_15_0"
"8_82_16_0","0"
"8_82_16_1","15_75_15_0"
"8_82_16_2","15_75_15_1"
"10_82_16_0","0"
"10_82_16_1","0"
"10_82_16_2","19_73_15"
"12_82_16_0","0"
"12_82_16_1","0"
"12_82_16_2","23_71_15_0"
"12_82_16_3","23_71_15_1"
"14_82_16_0","0"
"14_82_16_1","27_69_15"
"15_82_16_0","0"
"15_82_16_1","0"
"15_82_16_2","29_68_15_0"
"16_82_16_0","0"
"16_82_16_1","0"
"16_82_16_2","0"
"16_82_16_3","31_67_15_1"
"16_82_16_4","31_67_15_0 + 31_67_15_1"
"18_82_16_0","0"
"18_82_16_1","0"
"18_82_16_2","35_65_15"
"20_82_16_0","0"
"20_82_16_1","39_63_15_0 + 39_63_15_1"
"20_82_16_2","39_63_15_0"
"26_82_16_0","0"
"26_82_16_1","51_57_15"
"30_82_16_0","0"
"30_82_16_1","59_53_15"
"32_82_16_0","0"
"32_82_16_1","63_51_15"
"34_82_16_0","0"
"34_82_16_1","0"
"34_82_16_2","67_49_15"
"36_82_16_0","0"
"36_82_16_1","0"
"36_82_16_2","71_47_15"
"50_82_16_0","0"
"50_82_16_1","99_33_15"
"51_82_16_0","0"
"51_82_16_1","101_32_15"
"52_82_16_0","0"
"52_82_16_1","0"
"52_82_16_2","103_31_15"
"56_82_16_0","0"
"56_82_16_1","0"
"56_82_16_2","111_27_15"
"5_82_17_0","9_78_16_0"
"5_82_17_1","9_78_16_1"
"6_82_17_0","0"
"6_82_17_1","0"
"6_82_17_2","11_77_16_1"
"6_82_17_3","11_77_16_0"
"7_82_17_0","0"
"7_82_17_1","0"
"7_82_17_2","0"
"7_82_17_3","13_76_16"
"8_82_17_0","0"
"8_82_17_1","0"
"8_82_17_2","0"
"8_82_17_3","0"
"8_82_17_4","15_75_16"
"10_82_17_0","0"
"10_82_17_1","0"
"10_82_17_2","0"
"10_82_17_3","19_73_16"
"12_82_17_0","0"
"12_82_17_1","0"
"12_82_17_2","0"
"12_82_17_3","23_71_16_1"
"12_82_17_4","23_71_16_0"
"13_82_17_0","0"
"13_82_17_1","0"
"13_82_17_2","0"
"13_82_17_3","0"
"13_82_17_4","25_70_16"
"16_82_17_0","0"
"16_82_17_1","0"
"16_82_17_2","0"
"16_82_17_3","0"
"16_82_17_4","31_67_16_0"
"16_82_17_5","31_67_16_0 + 31_67_16_1"
"18_82_17_0","0"
"18_82_17_1","0"
"18_82_17_2","0"
"18_82_17_3","0"
"18_82_17_4","35_65_16"
"20_82_17_0","0"
"20_82_17_1","0"
"20_82_17_2","0"
"20_82_17_3","0"
"20_82_17_4","39_63_16_0 + 39_63_16_1"
"20_82_17_5","39_63_16_0"
"24_82_17_0","0"
"24_82_17_1","0"
"24_82_17_2","0"
"24_82_17_3","47_59_16"
"30_82_17_0","0"
"30_82_17_1","0"
"30_82_17_2","0"
"30_82_17_3","59_53_16_0 + 59_53_16_1"
"30_82_17_4","59_53_16_0"
"32_82_17_0","0"
"32_82_17_1","0"
"32_82_17_2","0"
"32_82_17_3","0"
"32_82_17_4","63_51_16"
"36_82_17_0","0"
"36_82_17_1","0"
"36_82_17_2","0"
"36_82_17_3","71_47_16_1"
"38_82_17_0","0"
"38_82_17_1","0"
"38_82_17_2","0"
"38_82_17_3","75_45_16"
"44_82_17_0","0"
"44_82_17_1","0"
"44_82_17_2","0"
"44_82_17_3","87_39_16"
"50_82_17_0","0"
"50_82_17_1","0"
"50_82_17_2","0"
"50_82_17_3","99_33_16"
"52_82_17_0","0"
"52_82_17_1","0"
"52_82_17_2","0"
"52_82_17_3","0"
"52_82_17_4","103_31_16"
"2_82_18","3_81_17"
"3_82_18","5_80_17_0"
"4_82_18_0","0"
"4_82_18_1","7_79_17_0 + 7_79_17_1"
"4_82_18_2","7_79_17_2"
"4_82_18_3","7_79_17_1 + 7_79_17_2"
"4_82_18_4","7_79_17_0 + 7_79_17_1 + 7_79_17_2 + 7_79_17_3"
"6_82_18_0","0"
"6_82_18_1","0"
"6_82_18_2","0"
"6_82_18_3","11_77_17_1"
"6_82_18_4","11_77_17_0 + 11_77_17_1 + 11_77_17_2"
"8_82_18_0","0"
"8_82_18_1","0"
"8_82_18_2","15_75_17"
"10_82_18_0","0"
"10_82_18_1","0"
"10_82_18_2","19_73_17_2"
"10_82_18_3","19_73_17_0 + 19_73_17_2"
"10_82_18_4","19_73_17_1 + 19_73_17_2"
"12_82_18_0","0"
"12_82_18_1","0"
"12_82_18_2","0"
"12_82_18_3","0"
"12_82_18_4","23_71_17"
"16_82_18_0","0"
"16_82_18_1","0"
"16_82_18_2","0"
"16_82_18_3","31_67_17"
"19_82_18_0","0"
"19_82_18_1","0"
"19_82_18_2","37_64_17_0"
"20_82_18_0","0"
"20_82_18_1","0"
"20_82_18_2","0"
"20_82_18_3","39_63_17"
"22_82_18_0","0"
"22_82_18_1","0"
"22_82_18_2","43_61_17"
"28_82_18_0","0"
"28_82_18_1","0"
"28_82_18_2","55_55_17"
"29_82_18_0","0"
"29_82_18_1","0"
"29_82_18_2","0"
"29_82_18_3","57_54_17"
"30_82_18_0","0"
"30_82_18_1","0"
"30_82_18_2","0"
"30_82_18_3","0"
"30_82_18_4","59_53_17"
"32_82_18_0","0"
"32_82_18_1","0"
"32_82_18_2","0"
"32_82_18_3","63_51_17"
"36_82_18_0","0"
"36_82_18_1","0"
"36_82_18_2","71_47_17_0"
"36_82_18_3","71_47_17_0 + 71_47_17_1"
"38_82_18_0","0"
"38_82_18_1","0"
"38_82_18_2","75_45_17"
"42_82_18_0","0"
"42_82_18_1","0"
"42_82_18_2","83_41_17"
"44_82_18_0","0"
"44_82_18_1","0"
"44_82_18_2","87_39_17_1"
"44_82_18_3","87_39_17_0 + 87_39_17_1"
"48_82_18_0","0"
"48_82_18_1","0"
"48_82_18_2","95_35_17"
"84_83_2","167_0_1"
"52_83_3","103_32_2"
"68_83_3","135_16_2"
"76_83_3","151_8_2"
"78_83_3","155_6_2"
"84_83_3","167_0_2"
"22_83_4","43_62_3"
"28_83_4","55_56_3"
"46_83_4","91_38_3"
"50_83_4","99_34_3"
"51_83_4","101_33_3"
"54_83_4","107_30_3"
"66_83_4","131_18_3"
"67_83_4","133_17_3"
"70_83_4","139_14_3"
"75_83_4","149_9_3"
"76_83_4_0","0"
"76_83_4_1","151_8_3"
"84_83_4","167_0_3"
"16_83_5_0","31_68_4_0"
"16_83_5_1","31_68_4_1"
"20_83_5_0","0"
"20_83_5_1","39_64_4"
"22_83_5_0","0"
"22_83_5_1","43_62_4_0 + 43_62_4_1"
"26_83_5_0","0"
"26_83_5_1","51_58_4"
"40_83_5_0","0"
"40_83_5_1","79_44_4"
"44_83_5_0","0"
"44_83_5_1","0"
"44_83_5_2","87_40_4_1"
"44_83_5_3","87_40_4_0"
"46_83_5_0","0"
"46_83_5_1","0"
"46_83_5_2","0"
"46_83_5_3","91_38_4_0 + 91_38_4_1"
"50_83_5_0","0"
"50_83_5_1","0"
"50_83_5_2","0"
"50_83_5_3","99_34_4"
"54_83_5_0","0"
"54_83_5_1","0"
"54_83_5_2","107_30_4"
"62_83_5_0","0"
"62_83_5_1","0"
"62_83_5_2","123_22_4"
"64_83_5_0","0"
"64_83_5_1","0"
"64_83_5_2","0"
"64_83_5_3","127_20_4"
"66_83_5_0","0"
"66_83_5_1","0"
"66_83_5_2","0"
"66_83_5_3","131_18_4_1"
"75_83_5_0","0"
"75_83_5_1","0"
"75_83_5_2","149_9_4"
"84_83_5_0","0"
"84_83_5_1","0"
"84_83_5_2","167_0_4"
"8_83_6","15_76_5"
"12_83_6_0","0"
"12_83_6_1","23_72_5"
"13_83_6_0","0"
"13_83_6_1","0"
"13_83_6_2","25_71_5_0 + 25_71_5_1"
"16_83_6_0","0"
"16_83_6_1","0"
"16_83_6_2","31_68_5_0"
"16_83_6_3","31_68_5_0 + 31_68_5_1"
"18_83_6_0","0"
"18_83_6_1","35_66_5"
"19_83_6_0","0"
"19_83_6_1","37_65_5"
"20_83_6_0","0"
"20_83_6_1","0"
"20_83_6_2","39_64_5_1"
"22_83_6_0","0"
"22_83_6_1","0"
"22_83_6_2","43_62_5_2"
"26_83_6","51_58_5"
"31_83_6","61_53_5"
"32_83_6_0","0"
"32_83_6_1","63_52_5"
"39_83_6","77_45_5_0"
"40_83_6_0","0"
"40_83_6_1","79_44_5"
"43_83_6_0","0"
"43_83_6_1","85_41_5"
"44_83_6_0","0"
"44_83_6_1","0"
"44_83_6_2","87_40_5_0"
"44_83_6_3","87_40_5_1"
"46_83_6_0","0"
"46_83_6_1","0"
"46_83_6_2","91_38_5"
"51_83_6_0","0"
"51_83_6_1","101_33_5"
"54_83_6_0","0"
"54_83_6_1","107_30_5"
"60_83_6_0","0"
"60_83_6_1","119_24_5"
"63_83_6_0","0"
"63_83_6_1","125_21_5"
"64_83_6_0","0"
"64_83_6_1","0"
"64_83_6_2","127_20_5"
"66_83_6_0","0"
"66_83_6_1","0"
"66_83_6_2","131_18_5"
"70_83_6_0","0"
"70_83_6_1","139_14_5"
"84_83_6_0","0"
"84_83_6_1","167_0_5"
"6_83_7","11_78_6"
"7_83_7_0","0"
"7_83_7_1","13_77_6"
"8_83_7_0","0"
"8_83_7_1","0"
"8_83_7_2","15_76_6_0 + 15_76_6_1"
"8_83_7_3","15_76_6_1"
"8_83_7_4","15_76_6_1 + 15_76_6_2"
"9_83_7_0","0"
"9_83_7_1","0"
"9_83_7_2","0"
"9_83_7_3","17_75_6"
"10_83_7_0","0"
"10_83_7_1","0"
"10_83_7_2","0"
"10_83_7_3","19_74_6"
"11_83_7_0","0"
"11_83_7_1","0"
"11_83_7_2","0"
"11_83_7_3","0"
"11_83_7_4","21_73_6"
"12_83_7_0","0"
"12_83_7_1","0"
"12_83_7_2","0"
"12_83_7_3","0"
"12_83_7_4","0"
"12_83_7_5","23_72_6_1"
"12_83_7_6","23_72_6_0"
"14_83_7_0","0"
"14_83_7_1","0"
"14_83_7_2","0"
"14_83_7_3","0"
"14_83_7_4","27_70_6_1"
"14_83_7_5","27_70_6_0"
"15_83_7_0","0"
"15_83_7_1","0"
"15_83_7_2","0"
"15_83_7_3","0"
"15_83_7_4","0"
"15_83_7_5","29_69_6_0"
"16_83_7_0","0"
"16_83_7_1","0"
"16_83_7_2","0"
"16_83_7_3","0"
"16_83_7_4","0"
"16_83_7_5","0"
"16_83_7_6","31_68_6_0"
"16_83_7_7","31_68_6_0 + 31_68_6_1"
"20_83_7_0","0"
"20_83_7_1","0"
"20_83_7_2","0"
"20_83_7_3","0"
"20_83_7_4","39_64_6_1"
"22_83_7_0","0"
"22_83_7_1","0"
"22_83_7_2","43_62_6_1"
"22_83_7_3","43_62_6_0 + 43_62_6_1"
"26_83_7_0","0"
"26_83_7_1","0"
"26_83_7_2","51_58_6_1"
"26_83_7_3","51_58_6_0 + 51_58_6_1"
"32_83_7_0","0"
"32_83_7_1","0"
"32_83_7_2","0"
"32_83_7_3","63_52_6"
"36_83_7_0","0"
"36_83_7_1","71_48_6"
"37_83_7_0","0"
"37_83_7_1","73_47_6"
"40_83_7_0","0"
"40_83_7_1","0"
"40_83_7_2","79_44_6"
"42_83_7_0","0"
"42_83_7_1","0"
"42_83_7_2","83_42_6"
"44_83_7_0","0"
"44_83_7_1","0"
"44_83_7_2","0"
"44_83_7_3","87_40_6_0"
"44_83_7_4","87_40_6_0 + 87_40_6_1"
"46_83_7_0","0"
"46_83_7_1","0"
"46_83_7_2","0"
"46_83_7_3","91_38_6_0"
"48_83_7_0","0"
"48_83_7_1","0"
"48_83_7_2","0"
"48_83_7_3","95_36_6"
"52_83_7_0","0"
"52_83_7_1","0"
"52_83_7_2","0"
"52_83_7_3","103_32_6"
"58_83_7_0","0"
"58_83_7_1","0"
"58_83_7_2","115_26_6"
"61_83_7_0","0"
"61_83_7_1","0"
"61_83_7_2","121_23_6"
"64_83_7_0","0"
"64_83_7_1","0"
"64_83_7_2","0"
"64_83_7_3","127_20_6"
"68_83_7_0","0"
"68_83_7_1","0"
"68_83_7_2","135_16_6"
"70_83_7_0","0"
"70_83_7_1","0"
"70_83_7_2","139_14_6"
"84_83_7_0","0"
"84_83_7_1","0"
"84_83_7_2","167_0_6"
"6_83_8_0","11_78_7_0"
"6_83_8_1","11_78_7_0 + 11_78_7_1"
"7_83_8_0","0"
"7_83_8_1","13_77_7_1"
"8_83_8_0","0"
"8_83_8_1","0"
"8_83_8_2","15_76_7_1 + 15_76_7_2"
"8_83_8_3","15_76_7_1"
"8_83_8_4","15_76_7_0 + 15_76_7_1"
"8_83_8_5","15_76_7_0 + 15_76_7_3"
"10_83_8_0","0"
"10_83_8_1","0"
"10_83_8_2","0"
"10_83_8_3","0"
"10_83_8_4","19_74_7"
"12_83_8_0","0"
"12_83_8_1","0"
"12_83_8_2","0"
"12_83_8_3","23_72_7_1"
"12_83_8_4","23_72_7_0"
"12_83_8_5","23_72_7_0 + 23_72_7_1 + 23_72_7_2"
"14_83_8_0","0"
"14_83_8_1","27_70_7_1"
"14_83_8_2","27_70_7_0"
"15_83_8_0","0"
"15_83_8_1","29_69_7_0"
"15_83_8_2","29_69_7_0 + 29_69_7_2"
"16_83_8_0","0"
"16_83_8_1","0"
"16_83_8_2","0"
"16_83_8_3","31_68_7_3"
"16_83_8_4","31_68_7_2 + 31_68_7_3 + 31_68_7_4"
"16_83_8_5","31_68_7_4"
"16_83_8_6","31_68_7_0"
"16_83_8_7","31_68_7_1 + 31_68_7_3"
"18_83_8_0","0"
"18_83_8_1","0"
"18_83_8_2","0"
"18_83_8_3","0"
"18_83_8_4","35_66_7_0"
"19_83_8_0","0"
"19_83_8_1","0"
"19_83_8_2","0"
"19_83_8_3","0"
"19_83_8_4","37_65_7_0"
"20_83_8_0","0"
"20_83_8_1","0"
"20_83_8_2","0"
"20_83_8_3","0"
"20_83_8_4","39_64_7_1"
"22_83_8_0","0"
"22_83_8_1","0"
"22_83_8_2","43_62_7"
"24_83_8_0","0"
"24_83_8_1","47_60_7"
"26_83_8_0","0"
"26_83_8_1","0"
"26_83_8_2","51_58_7"
"31_83_8_0","0"
"31_83_8_1","61_53_7"
"36_83_8","71_48_7_1"
"42_83_8","83_42_7"
"43_83_8","85_41_7"
"45_83_8","89_39_7"
"46_83_8_0","0"
"46_83_8_1","91_38_7"
"47_83_8_0","0"
"47_83_8_1","93_37_7_0"
"51_83_8","101_33_7"
"54_83_8","107_30_7"
"58_83_8","115_26_7"
"67_83_8","133_17_7"
"68_83_8_0","0"
"68_83_8_1","135_16_7"
"84_83_8","167_0_7"
"5_83_9","9_79_8"
"6_83_9_0","0"
"6_83_9_1","11_78_8_0"
"6_83_9_2","11_78_8_0 + 11_78_8_1"
"7_83_9_0","0"
"7_83_9_1","0"
"7_83_9_2","13_77_8_2"
"7_83_9_3","13_77_8_0"
"8_83_9_0","0"
"8_83_9_1","0"
"8_83_9_2","0"
"8_83_9_3","0"
"8_83_9_4","15_76_8_3"
"8_83_9_5","15_76_8_2"
"8_83_9_6","15_76_8_2 + 15_76_8_3 + 15_76_8_4"
"8_83_9_7","15_76_8_0 + 15_76_8_1 + 15_76_8_2 + 15_76_8_3 + 15_76_8_4"
"8_83_9_8","15_76_8_0"
"10_83_9_0","0"
"10_83_9_1","0"
"10_83_9_2","19_74_8"
"11_83_9_0","0"
"11_83_9_1","0"
"11_83_9_2","0"
"11_83_9_3","21_73_8_1"
"12_83_9_0","0"
"12_83_9_1","0"
"12_83_9_2","0"
"12_83_9_3","23_72_8_2"
"12_83_9_4","23_72_8_3"
"12_83_9_5","23_72_8_0"
"13_83_9_0","0"
"13_83_9_1","0"
"13_83_9_2","0"
"13_83_9_3","0"
"13_83_9_4","25_71_8_0"
"14_83_9_0","0"
"14_83_9_1","0"
"14_83_9_2","0"
"14_83_9_3","0"
"14_83_9_4","27_70_8_0"
"14_83_9_5","27_70_8_0 + 27_70_8_1"
"15_83_9_0","0"
"15_83_9_1","0"
"15_83_9_2","0"
"15_83_9_3","0"
"15_83_9_4","0"
"15_83_9_5","29_69_8_3"
"16_83_9_0","0"
"16_83_9_1","0"
"16_83_9_2","0"
"16_83_9_3","0"
"16_83_9_4","0"
"16_83_9_5","0"
"16_83_9_6","31_68_8_0 + 31_68_8_2"
"16_83_9_7","31_68_8_2"
"16_83_9_8","31_68_8_0 + 31_68_8_2 + 31_68_8_3"
"16_83_9_9","31_68_8_0 + 31_68_8_1 + 31_68_8_2 + 31_68_8_3"
"18_83_9_0","0"
"18_83_9_1","0"
"18_83_9_2","0"
"18_83_9_3","0"
"18_83_9_4","35_66_8_0"
"20_83_9_0","0"
"20_83_9_1","0"
"20_83_9_2","39_64_8_0 + 39_64_8_1 + 39_64_8_2"
"20_83_9_3","39_64_8_0"
"22_83_9_0","0"
"22_83_9_1","43_62_8_1 + 43_62_8_2"
"23_83_9_0","0"
"23_83_9_1","45_61_8_0"
"24_83_9_0","0"
"24_83_9_1","0"
"24_83_9_2","47_60_8"
"26_83_9_0","0"
"26_83_9_1","0"
"26_83_9_2","51_58_8"
"32_83_9","63_52_8"
"36_83_9_0","0"
"36_83_9_1","71_48_8"
"42_83_9","83_42_8"
"44_83_9","87_40_8"
"46_83_9_0","0"
"46_83_9_1","91_38_8"
"52_83_9","103_32_8"
"54_83_9","107_30_8"
"56_83_9","111_28_8"
"58_83_9_0","0"
"58_83_9_1","115_26_8"
"67_83_9","133_17_8"
"84_83_9","167_0_8"
"4_83_10_0","7_80_9_0"
"4_83_10_1","7_80_9_0 + 7_80_9_1"
"5_83_10_0","0"
"5_83_10_1","9_79_9"
"6_83_10_0","0"
"6_83_10_1","0"
"6_83_10_2","11_78_9_1"
"7_83_10_0","0"
"7_83_10_1","0"
"7_83_10_2","13_77_9"
"8_83_10_0","0"
"8_83_10_1","0"
"8_83_10_2","0"
"8_83_10_3","15_76_9_0 + 15_76_9_2 + 15_76_9_3"
"8_83_10_4","15_76_9_0"
"8_83_10_5","15_76_9_3"
"8_83_10_6","15_76_9_0 + 15_76_9_2 + 15_76_9_4"
"8_83_10_7","15_76_9_1 + 15_76_9_3"
"9_83_10_0","0"
"9_83_10_1","0"
"9_83_10_2","0"
"9_83_10_3","0"
"9_83_10_4","17_75_9_0"
"10_83_10_0","0"
"10_83_10_1","0"
"10_83_10_2","0"
"10_83_10_3","0"
"10_83_10_4","19_74_9_1"
"10_83_10_5","19_74_9_0"
"11_83_10_0","0"
"11_83_10_1","0"
"11_83_10_2","0"
"11_83_10_3","0"
"11_83_10_4","21_73_9"
"12_83_10_0","0"
"12_83_10_1","0"
"12_83_10_2","0"
"12_83_10_3","0"
"12_83_10_4","0"
"12_83_10_5","23_72_9_1"
"12_83_10_6","23_72_9_0"
"12_83_10_7","23_72_9_2"
"15_83_10_0","0"
"15_83_10_1","0"
"15_83_10_2","0"
"15_83_10_3","29_69_9_2 + 29_69_9_4"
"15_83_10_4","29_69_9_0 + 29_69_9_2 + 29_69_9_4"
"15_83_10_5","29_69_9_0 + 29_69_9_1 + 29_69_9_2 + 29_69_9_4"
"16_83_10_0","0"
"16_83_10_1","0"
"16_83_10_2","0"
"16_83_10_3","0"
"16_83_10_4","0"
"16_83_10_5","0"
"16_83_10_6","31_68_9_1 + 31_68_9_2"
"16_83_10_7","31_68_9_1"
"16_83_10_8","31_68_9_0"
"18_83_10_0","0"
"18_83_10_1","0"
"18_83_10_2","0"
"18_83_10_3","35_66_9"
"19_83_10_0","0"
"19_83_10_1","0"
"19_83_10_2","37_65_9_0 + 37_65_9_1"
"20_83_10_0","0"
"20_83_10_1","0"
"20_83_10_2","0"
"20_83_10_3","39_64_9"
"21_83_10_0","0"
"21_83_10_1","0"
"21_83_10_2","0"
"21_83_10_3","41_63_9_0"
"22_83_10_0","0"
"22_83_10_1","0"
"22_83_10_2","0"
"22_83_10_3","0"
"22_83_10_4","43_62_9"
"24_83_10_0","0"
"24_83_10_1","0"
"24_83_10_2","0"
"24_83_10_3","47_60_9_0"
"27_83_10_0","0"
"27_83_10_1","0"
"27_83_10_2","53_57_9_1"
"28_83_10_0","0"
"28_83_10_1","0"
"28_83_10_2","55_56_9"
"30_83_10_0","0"
"30_83_10_1","0"
"30_83_10_2","0"
"30_83_10_3","59_54_9"
"36_83_10_0","0"
"36_83_10_1","71_48_9_0"
"36_83_10_2","71_48_9_1"
"42_83_10_0","0"
"42_83_10_1","83_42_9"
"46_83_10_0","0"
"46_83_10_1","91_38_9"
"50_83_10_0","0"
"50_83_10_1","99_34_9"
"52_83_10_0","0"
"52_83_10_1","103_32_9"
"54_83_10_0","0"
"54_83_10_1","107_30_9"
"55_83_10_0","0"
"55_83_10_1","109_29_9"
"56_83_10_0","0"
"56_83_10_1","0"
"56_83_10_2","111_28_9"
"58_83_10_0","0"
"58_83_10_1","0"
"58_83_10_2","115_26_9"
"62_83_10_0","0"
"62_83_10_1","123_22_9"
"84_83_10_0","0"
"84_83_10_1","167_0_9"
"5_83_11","9_79_10"
"6_83_11_0","0"
"6_83_11_1","11_78_10_1"
"6_83_11_2","11_78_10_0 + 11_78_10_1"
"7_83_11_0","0"
"7_83_11_1","0"
"7_83_11_2","13_77_10_1"
"8_83_11_0","0"
"8_83_11_1","0"
"8_83_11_2","0"
"8_83_11_3","15_76_10_0 + 15_76_10_1"
"8_83_11_4","15_76_10_1"
"8_83_11_5","15_76_10_1 + 15_76_10_2"
"10_83_11_0","0"
"10_83_11_1","0"
"10_83_11_2","19_74_10_0"
"10_83_11_3","19_74_10_0 + 19_74_10_1"
"12_83_11_0","0"
"12_83_11_1","0"
"12_83_11_2","0"
"12_83_11_3","23_72_10_1"
"12_83_11_4","23_72_10_0 + 23_72_10_1"
"13_83_11_0","0"
"13_83_11_1","0"
"13_83_11_2","0"
"13_83_11_3","25_71_10_0"
"14_83_11_0","0"
"14_83_11_1","0"
"14_83_11_2","0"
"14_83_11_3","27_70_10"
"16_83_11_0","0"
"16_83_11_1","0"
"16_83_11_2","0"
"16_83_11_3","0"
"16_83_11_4","31_68_10_1 + 31_68_10_2 + 31_68_10_3"
"16_83_11_5","31_68_10_3"
"16_83_11_6","31_68_10_2"
"16_83_11_7","31_68_10_0 + 31_68_10_1"
"18_83_11_0","0"
"18_83_11_1","0"
"18_83_11_2","0"
"18_83_11_3","0"
"18_83_11_4","35_66_10_0 + 35_66_10_1"
"20_83_11_0","0"
"20_83_11_1","0"
"20_83_11_2","0"
"20_83_11_3","0"
"20_83_11_4","39_64_10_0"
"20_83_11_5","39_64_10_0 + 39_64_10_2"
"20_83_11_6","39_64_10_0 + 39_64_10_1"
"24_83_11_0","0"
"24_83_11_1","0"
"24_83_11_2","47_60_10"
"27_83_11_0","0"
"27_83_11_1","53_57_10"
"28_83_11_0","0"
"28_83_11_1","0"
"28_83_11_2","55_56_10_0"
"30_83_11_0","0"
"30_83_11_1","0"
"30_83_11_2","59_54_10_0"
"30_83_11_3","59_54_10_1"
"40_83_11_0","0"
"40_83_11_1","79_44_10"
"44_83_11_0","0"
"44_83_11_1","87_40_10"
"50_83_11_0","0"
"50_83_11_1","99_34_10"
"53_83_11_0","0"
"53_83_11_1","105_31_10_0"
"54_83_11_0","0"
"54_83_11_1","0"
"54_83_11_2","107_30_10"
"56_83_11_0","0"
"56_83_11_1","0"
"56_83_11_2","111_28_10"
"60_83_11_0","0"
"60_83_11_1","119_24_10"
"62_83_11_0","0"
"62_83_11_1","123_22_10"
"84_83_11_0","0"
"84_83_11_1","167_0_10"
"4_83_12_0","7_80_11_0"
"4_83_12_1","7_80_11_1"
"6_83_12_0","11_78_11_1 + 11_78_11_2"
"6_83_12_1","11_78_11_2"
"6_83_12_2","11_78_11_0 + 11_78_11_1"
"7_83_12_0","0"
"7_83_12_1","13_77_11_1"
"7_83_12_2","13_77_11_0"
"8_83_12_0","0"
"8_83_12_1","0"
"8_83_12_2","0"
"8_83_12_3","15_76_11_0"
"8_83_12_4","15_76_11_2"
"8_83_12_5","15_76_11_0 + 15_76_11_1 + 15_76_11_2"
"9_83_12_0","0"
"9_83_12_1","0"
"9_83_12_2","0"
"9_83_12_3","0"
"9_83_12_4","17_75_11_0"
"10_83_12_0","0"
"10_83_12_1","0"
"10_83_12_2","0"
"10_83_12_3","0"
"10_83_12_4","19_74_11_0"
"10_83_12_5","19_74_11_1"
"12_83_12_0","0"
"12_83_12_1","0"
"12_83_12_2","0"
"12_83_12_3","0"
"12_83_12_4","23_72_11"
"16_83_12_0","0"
"16_83_12_1","0"
"16_83_12_2","0"
"16_83_12_3","31_68_11_2"
"16_83_12_4","31_68_11_0 + 31_68_11_1 + 31_68_11_2"
"16_83_12_5","31_68_11_0"
"18_83_12_0","0"
"18_83_12_1","0"
"18_83_12_2","0"
"18_83_12_3","35_66_11_0"
"18_83_12_4","35_66_11_0 + 35_66_11_1"
"19_83_12_0","0"
"19_83_12_1","0"
"19_83_12_2","0"
"19_83_12_3","37_65_11_0 + 37_65_11_1"
"20_83_12_0","0"
"20_83_12_1","0"
"20_83_12_2","0"
"20_83_12_3","39_64_11"
"22_83_12_0","0"
"22_83_12_1","43_62_11_0 + 43_62_11_1"
"22_83_12_2","43_62_11_0"
"23_83_12","45_61_11_0"
"24_83_12_0","0"
"24_83_12_1","47_60_11_1"
"24_83_12_2","47_60_11_0"
"28_83_12_0","0"
"28_83_12_1","55_56_11"
"30_83_12","59_54_11_0 + 59_54_11_1"
"32_83_12","63_52_11"
"38_83_12","75_46_11"
"43_83_12","85_41_11"
"50_83_12","99_34_11"
"54_83_12_0","0"
"54_83_12_1","107_30_11"
"59_83_12","117_25_11"
"60_83_12_0","0"
"60_83_12_1","119_24_11"
"84_83_12","167_0_11"
"2_83_13","3_82_12"
"4_83_13","7_80_12"
"5_83_13_0","0"
"5_83_13_1","9_79_12_1"
"6_83_13_0","0"
"6_83_13_1","11_78_12_0"
"6_83_13_2","11_78_12_0 + 11_78_12_1"
"7_83_13_0","0"
"7_83_13_1","0"
"7_83_13_2","13_77_12_2"
"7_83_13_3","13_77_12_0"
"8_83_13_0","0"
"8_83_13_1","0"
"8_83_13_2","0"
"8_83_13_3","0"
"8_83_13_4","15_76_12"
"10_83_13_0","0"
"10_83_13_1","0"
"10_83_13_2","19_74_12_1"
"10_83_13_3","19_74_12_0"
"12_83_13_0","0"
"12_83_13_1","0"
"12_83_13_2","23_72_12"
"13_83_13_0","0"
"13_83_13_1","0"
"13_83_13_2","25_71_12_0"
"14_83_13_0","0"
"14_83_13_1","0"
"14_83_13_2","0"
"14_83_13_3","27_70_12"
"16_83_13_0","0"
"16_83_13_1","0"
"16_83_13_2","0"
"16_83_13_3","0"
"16_83_13_4","31_68_12_1 + 31_68_12_2"
"16_83_13_5","31_68_12_0 + 31_68_12_1 + 31_68_12_2"
"16_83_13_6","31_68_12_2"
"18_83_13_0","0"
"18_83_13_1","0"
"18_83_13_2","0"
"18_83_13_3","35_66_12_1"
"19_83_13_0","0"
"19_83_13_1","0"
"19_83_13_2","37_65_12_0"
"20_83_13_0","0"
"20_83_13_1","0"
"20_83_13_2","0"
"20_83_13_3","39_64_12"
"22_83_13_0","0"
"22_83_13_1","0"
"22_83_13_2","43_62_12_0 + 43_62_12_1"
"22_83_13_3","43_62_12_0"
"24_83_13_0","0"
"24_83_13_1","0"
"24_83_13_2","47_60_12_1"
"24_83_13_3","47_60_12_0 + 47_60_12_1"
"28_83_13_0","0"
"28_83_13_1","0"
"28_83_13_2","55_56_12"
"30_83_13_0","0"
"30_83_13_1","59_54_12_0 + 59_54_12_1"
"30_83_13_2","59_54_12_0"
"36_83_13_0","0"
"36_83_13_1","71_48_12"
"44_83_13_0","0"
"44_83_13_1","87_40_12"
"48_83_13_0","0"
"48_83_13_1","95_36_12"
"50_83_13_0","0"
"50_83_13_1","0"
"50_83_13_2","99_34_12"
"59_83_13_0","0"
"59_83_13_1","117_25_12"
"84_83_13_0","0"
"84_83_13_1","167_0_12"
"4_83_14_0","7_80_13_0"
"4_83_14_1","7_80_13_0 + 7_80_13_1"
"6_83_14_0","0"
"6_83_14_1","11_78_13_2"
"6_83_14_2","11_78_13_1 + 11_78_13_2 + 11_78_13_3"
"6_83_14_3","11_78_13_0 + 11_78_13_1 + 11_78_13_3"
"8_83_14_0","0"
"8_83_14_1","0"
"8_83_14_2","15_76_13_1"
"8_83_14_3","15_76_13_0"
"10_83_14_0","0"
"10_83_14_1","0"
"10_83_14_2","19_74_13_1"
"10_83_14_3","19_74_13_0"
"12_83_14_0","0"
"12_83_14_1","0"
"12_83_14_2","23_72_13_1"
"12_83_14_3","23_72_13_0"
"16_83_14_0","0"
"16_83_14_1","0"
"16_83_14_2","31_68_13_0"
"16_83_14_3","31_68_13_0 + 31_68_13_2"
"16_83_14_4","31_68_13_0 + 31_68_13_1"
"20_83_14_0","0"
"20_83_14_1","39_64_13"
"22_83_14_0","0"
"22_83_14_1","43_62_13_0 + 43_62_13_1"
"22_83_14_2","43_62_13_0"
"24_83_14_0","0"
"24_83_14_1","47_60_13"
"28_83_14_0","55_56_13_0"
"28_83_14_1","55_56_13_1"
"30_83_14_0","0"
"30_83_14_1","59_54_13"
"34_83_14","67_50_13"
"42_83_14","83_42_13"
"44_83_14","87_40_13"
"47_83_14","93_37_13"
"48_83_14_0","0"
"48_83_14_1","95_36_13"
"50_83_14_0","0"
"50_83_14_1","99_34_13"
"54_83_14","107_30_13"
"84_83_14","167_0_13"
"3_83_15","5_81_14_2"
"4_83_15_0","0"
"4_83_15_1","7_80_14_0"
"4_83_15_2","7_80_14_0 + 7_80_14_1"
"6_83_15_0","0"
"6_83_15_1","11_78_14_0 + 11_78_14_2"
"6_83_15_2","11_78_14_0"
"8_83_15_0","0"
"8_83_15_1","15_76_14_2"
"8_83_15_2","15_76_14_3"
"8_83_15_3","15_76_14_0 + 15_76_14_1 + 15_76_14_2"
"8_83_15_4","15_76_14_0 + 15_76_14_2 + 15_76_14_3"
"10_83_15_0","0"
"10_83_15_1","0"
"10_83_15_2","0"
"10_83_15_3","19_74_14_2"
"10_83_15_4","19_74_14_1"
"10_83_15_5","19_74_14_0 + 19_74_14_2"
"14_83_15_0","0"
"14_83_15_1","27_70_14_0 + 27_70_14_2"
"14_83_15_2","27_70_14_0"
"16_83_15_0","0"
"16_83_15_1","0"
"16_83_15_2","0"
"16_83_15_3","31_68_14_1"
"16_83_15_4","31_68_14_0"
"20_83_15_0","0"
"20_83_15_1","39_64_14_2"
"20_83_15_2","39_64_14_0"
"22_83_15_0","0"
"22_83_15_1","0"
"22_83_15_2","43_62_14"
"24_83_15_0","0"
"24_83_15_1","47_60_14"
"26_83_15_0","0"
"26_83_15_1","51_58_14"
"30_83_15_0","0"
"30_83_15_1","59_54_14"
"32_83_15_0","0"
"32_83_15_1","63_52_14"
"36_83_15_0","0"
"36_83_15_1","71_48_14"
"42_83_15_0","0"
"42_83_15_1","83_42_14"
"45_83_15_0","0"
"45_83_15_1","89_39_14"
"48_83_15_0","0"
"48_83_15_1","0"
"48_83_15_2","95_36_14"
"52_83_15_0","0"
"52_83_15_1","103_32_14"
"54_83_15_0","0"
"54_83_15_1","107_30_14"
"84_83_15_0","0"
"84_83_15_1","167_0_14"
"4_83_16_0","7_80_15_0 + 7_80_15_1"
"4_83_16_1","7_80_15_0"
"5_83_16_0","9_79_15_0"
"5_83_16_1","9_79_15_0 + 9_79_15_1"
"6_83_16_0","0"
"6_83_16_1","0"
"6_83_16_2","11_78_15"
"7_83_16_0","0"
"7_83_16_1","0"
"7_83_16_2","13_77_15_1 + 13_77_15_2"
"7_83_16_3","13_77_15_0"
"8_83_16_0","0"
"8_83_16_1","0"
"8_83_16_2","0"
"8_83_16_3","0"
"8_83_16_4","15_76_15_1"
"8_83_16_5","15_76_15_0"
"10_83_16_0","0"
"10_83_16_1","0"
"10_83_16_2","19_74_15"
"12_83_16_0","0"
"12_83_16_1","23_72_15"
"13_83_16_0","0"
"13_83_16_1","0"
"13_83_16_2","25_71_15_1"
"13_83_16_3","25_71_15_0"
"14_83_16_0","0"
"14_83_16_1","0"
"14_83_16_2","0"
"14_83_16_3","0"
"14_83_16_4","27_70_15"
"16_83_16_0","0"
"16_83_16_1","0"
"16_83_16_2","0"
"16_83_16_3","31_68_15_1"
"16_83_16_4","31_68_15_0"
"18_83_16_0","0"
"18_83_16_1","0"
"18_83_16_2","35_66_15_1"
"18_83_16_3","35_66_15_0 + 35_66_15_1"
"20_83_16_0","0"
"20_83_16_1","0"
"20_83_16_2","0"
"20_83_16_3","39_64_15_1"
"20_83_16_4","39_64_15_0"
"22_83_16_0","0"
"22_83_16_1","0"
"22_83_16_2","43_62_15_0 + 43_62_15_1"
"24_83_16_0","0"
"24_83_16_1","0"
"24_83_16_2","47_60_15"
"30_83_16_0","0"
"30_83_16_1","0"
"30_83_16_2","59_54_15_1"
"30_83_16_3","59_54_15_0"
"35_83_16_0","0"
"35_83_16_1","0"
"35_83_16_2","69_49_15"
"38_83_16_0","0"
"38_83_16_1","0"
"38_83_16_2","75_46_15"
"42_83_16_0","0"
"42_83_16_1","0"
"42_83_16_2","83_42_15"
"51_83_16_0","0"
"51_83_16_1","0"
"51_83_16_2","101_33_15"
"52_83_16_0","0"
"52_83_16_1","0"
"52_83_16_2","0"
"52_83_16_3","103_32_15"
"84_83_16_0","0"
"84_83_16_1","0"
"84_83_16_2","167_0_15"
"2_83_17_0","3_82_16_0"
"2_83_17_1","3_82_16_0 + 3_82_16_1"
"3_83_17","5_81_16_0"
"4_83_17_0","0"
"4_83_17_1","7_80_16_2"
"4_83_17_2","7_80_16_0"
"4_83_17_3","7_80_16_0 + 7_80_16_1 + 7_80_16_2"
"6_83_17_0","0"
"6_83_17_1","0"
"6_83_17_2","0"
"6_83_17_3","11_78_16"
"8_83_17_0","0"
"8_83_17_1","0"
"8_83_17_2","0"
"8_83_17_3","15_76_16_0"
"8_83_17_4","15_76_16_0 + 15_76_16_1"
"10_83_17_0","0"
"10_83_17_1","0"
"10_83_17_2","19_74_16_1"
"10_83_17_3","19_74_16_0 + 19_74_16_1"
"11_83_17_0","0"
"11_83_17_1","0"
"11_83_17_2","0"
"11_83_17_3","21_73_16_0"
"12_83_17_0","0"
"12_83_17_1","0"
"12_83_17_2","0"
"12_83_17_3","0"
"12_83_17_4","23_72_16"
"14_83_17_0","0"
"14_83_17_1","0"
"14_83_17_2","0"
"14_83_17_3","27_70_16_0"
"14_83_17_4","27_70_16_1"
"16_83_17_0","0"
"16_83_17_1","0"
"16_83_17_2","0"
"16_83_17_3","31_68_16"
"18_83_17_0","0"
"18_83_17_1","0"
"18_83_17_2","0"
"18_83_17_3","35_66_16"
"20_83_17_0","0"
"20_83_17_1","0"
"20_83_17_2","39_64_16"
"22_83_17_0","0"
"22_83_17_1","0"
"22_83_17_2","43_62_16_1"
"22_83_17_3","43_62_16_0 + 43_62_16_1"
"28_83_17_0","0"
"28_83_17_1","0"
"28_83_17_2","55_56_16"
"30_83_17_0","0"
"30_83_17_1","0"
"30_83_17_2","0"
"30_83_17_3","59_54_16"
"36_83_17_0","0"
"36_83_17_1","0"
"36_83_17_2","71_48_16"
"38_83_17_0","0"
"38_83_17_1","0"
"38_83_17_2","75_46_16"
"40_83_17_0","0"
"40_83_17_1","0"
"40_83_17_2","79_44_16"
"42_83_17_0","0"
"42_83_17_1","0"
"42_83_17_2","0"
"42_83_17_3","83_42_16"
"51_83_17_0","0"
"51_83_17_1","0"
"51_83_17_2","101_33_16"
"84_83_17_0","0"
"84_83_17_1","0"
"84_83_17_2","167_0_16"
"84_84_2","167_1_1"
"54_84_3","107_31_2"
"70_84_3","139_15_2"
"78_84_3","155_7_2"
"82_84_3","163_3_2"
"83_84_3","165_2_2"
"24_84_4","47_61_3"
"40_84_4_0","0"
"40_84_4_1","79_45_3"
"44_84_4_0","0"
"44_84_4_1","0"
"44_84_4_2","87_41_3"
"48_84_4_0","0"
"48_84_4_1","0"
"48_84_4_2","0"
"48_84_4_3","95_37_3"
"52_84_4_0","0"
"52_84_4_1","0"
"52_84_4_2","0"
"52_84_4_3","103_33_3"
"54_84_4_0","0"
"54_84_4_1","0"
"54_84_4_2","0"
"54_84_4_3","107_31_3_1"
"64_84_4_0","0"
"64_84_4_1","0"
"64_84_4_2","0"
"64_84_4_3","127_21_3"
"68_84_4_0","0"
"68_84_4_1","0"
"68_84_4_2","0"
"68_84_4_3","135_17_3"
"70_84_4_0","0"
"70_84_4_1","0"
"70_84_4_2","0"
"70_84_4_3","139_15_3"
"76_84_4_0","0"
"76_84_4_1","0"
"76_84_4_2","151_9_3"
"78_84_4_0","0"
"78_84_4_1","0"
"78_84_4_2","155_7_3"
"82_84_4_0","0"
"82_84_4_1","0"
"82_84_4_2","163_3_3"
"16_84_5","31_69_4"
"18_84_5","35_67_4"
"20_84_5","39_65_4"
"23_84_5","45_62_4_0"
"24_84_5_0","0"
"24_84_5_1","47_61_4_1"
"26_84_5_0","0"
"26_84_5_1","51_59_4"
"28_84_5_0","0"
"28_84_5_1","55_57_4"
"40_84_5_0","0"
"40_84_5_1","79_45_4"
"44_84_5_0","0"
"44_84_5_1","87_41_4"
"45_84_5_0","0"
"45_84_5_1","89_40_4_1"
"51_84_5_0","0"
"51_84_5_1","101_34_4"
"52_84_5_0","0"
"52_84_5_1","0"
"52_84_5_2","103_33_4"
"54_84_5_0","0"
"54_84_5_1","0"
"54_84_5_2","107_31_4"
"63_84_5_0","0"
"63_84_5_1","0"
"63_84_5_2","125_22_4"
"67_84_5_0","0"
"67_84_5_1","133_18_4_1"
"70_84_5_0","0"
"70_84_5_1","139_15_4"
"76_84_5_0","0"
"76_84_5_1","151_9_4"
"78_84_5_0","0"
"78_84_5_1","155_7_4"
"8_84_6","15_77_5"
"14_84_6_0","0"
"14_84_6_1","27_71_5_0 + 27_71_5_1"
"16_84_6_0","0"
"16_84_6_1","0"
"16_84_6_2","31_69_5_0 + 31_69_5_1"
"16_84_6_3","31_69_5_0"
"16_84_6_4","31_69_5_0 + 31_69_5_1 + 31_69_5_2"
"20_84_6_0","0"
"20_84_6_1","39_65_5"
"23_84_6_0","0"
"23_84_6_1","45_62_5_0"
"24_84_6_0","0"
"24_84_6_1","0"
"24_84_6_2","47_61_5"
"26_84_6_0","0"
"26_84_6_1","51_59_5"
"32_84_6_0","0"
"32_84_6_1","63_53_5"
"38_84_6_0","0"
"38_84_6_1","75_47_5"
"40_84_6_0","0"
"40_84_6_1","0"
"40_84_6_2","79_45_5_0"
"40_84_6_3","79_45_5_0 + 79_45_5_1"
"44_84_6_0","0"
"44_84_6_1","0"
"44_84_6_2","0"
"44_84_6_3","87_41_5"
"46_84_6_0","0"
"46_84_6_1","0"
"46_84_6_2","0"
"46_84_6_3","91_39_5"
"48_84_6_0","0"
"48_84_6_1","0"
"48_84_6_2","0"
"48_84_6_3","95_37_5"
"52_84_6_0","0"
"52_84_6_1","0"
"52_84_6_2","0"
"52_84_6_3","0"
"52_84_6_4","103_33_5"
"54_84_6_0","0"
"54_84_6_1","0"
"54_84_6_2","0"
"54_84_6_3","107_31_5_1"
"62_84_6_0","0"
"62_84_6_1","0"
"62_84_6_2","0"
"62_84_6_3","123_23_5"
"64_84_6_0","0"
"64_84_6_1","0"
"64_84_6_2","0"
"64_84_6_3","127_21_5"
"68_84_6_0","0"
"68_84_6_1","0"
"68_84_6_2","135_17_5"
"70_84_6_0","0"
"70_84_6_1","0"
"70_84_6_2","139_15_5_0 + 139_15_5_1"
"74_84_6_0","0"
"74_84_6_1","0"
"74_84_6_2","147_11_5"
"76_84_6_0","0"
"76_84_6_1","0"
"76_84_6_2","0"
"76_84_6_3","151_9_5"
"6_84_7","11_79_6"
"8_84_7_0","0"
"8_84_7_1","15_77_6_2"
"8_84_7_2","15_77_6_0"
"8_84_7_3","15_77_6_0 + 15_77_6_1 + 15_77_6_2"
"10_84_7_0","19_75_6_0"
"10_84_7_1","19_75_6_1"
"12_84_7_0","23_73_6_0"
"12_84_7_1","23_73_6_1"
"14_84_7_0","27_71_6_2"
"14_84_7_1","27_71_6_0 + 27_71_6_2 + 27_71_6_3"
"16_84_7_0","0"
"16_84_7_1","0"
"16_84_7_2","31_69_6_2 + 31_69_6_3"
"16_84_7_3","31_69_6_1"
"16_84_7_4","31_69_6_4"
"16_84_7_5","31_69_6_3"
"16_84_7_6","31_69_6_0 + 31_69_6_1 + 31_69_6_2 + 31_69_6_3 + 31_69_6_4"
"18_84_7_0","0"
"18_84_7_1","0"
"18_84_7_2","0"
"18_84_7_3","35_67_6_0"
"18_84_7_4","35_67_6_1"
"23_84_7_0","0"
"23_84_7_1","0"
"23_84_7_2","45_62_6_0"
"24_84_7_0","0"
"24_84_7_1","0"
"24_84_7_2","47_61_6_2"
"24_84_7_3","47_61_6_0 + 47_61_6_1 + 47_61_6_2"
"34_84_7_0","0"
"34_84_7_1","67_51_6"
"36_84_7_0","0"
"36_84_7_1","71_49_6"
"38_84_7_0","0"
"38_84_7_1","75_47_6"
"39_84_7_0","0"
"39_84_7_1","77_46_6"
"40_84_7_0","0"
"40_84_7_1","0"
"40_84_7_2","79_45_6"
"41_84_7_0","0"
"41_84_7_1","0"
"41_84_7_2","81_44_6"
"45_84_7_0","0"
"45_84_7_1","0"
"45_84_7_2","0"
"45_84_7_3","89_40_6_0"
"47_84_7_0","0"
"47_84_7_1","0"
"47_84_7_2","0"
"47_84_7_3","93_38_6_0"
"48_84_7_0","0"
"48_84_7_1","0"
"48_84_7_2","0"
"48_84_7_3","0"
"48_84_7_4","95_37_6"
"54_84_7_0","0"
"54_84_7_1","0"
"54_84_7_2","107_31_6"
"59_84_7_0","0"
"59_84_7_1","0"
"59_84_7_2","117_26_6"
"62_84_7_0","0"
"62_84_7_1","0"
"62_84_7_2","123_23_6"
"68_84_7_0","0"
"68_84_7_1","135_17_6"
"70_84_7_0","0"
"70_84_7_1","139_15_6"
"74_84_7_0","0"
"74_84_7_1","147_11_6"
"75_84_7_0","0"
"75_84_7_1","149_10_6"
"3_84_8","5_82_7"
"6_84_8_0","0"
"6_84_8_1","11_79_7_0"
"6_84_8_2","11_79_7_0 + 11_79_7_1"
"6_84_8_3","11_79_7_0 + 11_79_7_1 + 11_79_7_2"
"7_84_8_0","0"
"7_84_8_1","0"
"7_84_8_2","13_78_7_1"
"8_84_8_0","0"
"8_84_8_1","0"
"8_84_8_2","0"
"8_84_8_3","15_77_7_2"
"8_84_8_4","15_77_7_2 + 15_77_7_3"
"8_84_8_5","15_77_7_2 + 15_77_7_4"
"8_84_8_6","15_77_7_1 + 15_77_7_4"
"8_84_8_7","15_77_7_0 + 15_77_7_1 + 15_77_7_2 + 15_77_7_3"
"9_84_8_0","0"
"9_84_8_1","0"
"9_84_8_2","0"
"9_84_8_3","17_76_7_0"
"10_84_8_0","0"
"10_84_8_1","0"
"10_84_8_2","0"
"10_84_8_3","19_75_7_1"
"12_84_8_0","0"
"12_84_8_1","0"
"12_84_8_2","0"
"12_84_8_3","0"
"12_84_8_4","23_73_7_2"
"12_84_8_5","23_73_7_0"
"13_84_8_0","0"
"13_84_8_1","0"
"13_84_8_2","0"
"13_84_8_3","0"
"13_84_8_4","0"
"13_84_8_5","25_72_7_0 + 25_72_7_1"
"14_84_8_0","0"
"14_84_8_1","0"
"14_84_8_2","0"
"14_84_8_3","0"
"14_84_8_4","0"
"14_84_8_5","27_71_7_0 + 27_71_7_3"
"14_84_8_6","27_71_7_3"
"14_84_8_7","27_71_7_0 + 27_71_7_2 + 27_71_7_3"
"15_84_8_0","0"
"15_84_8_1","0"
"15_84_8_2","0"
"15_84_8_3","0"
"15_84_8_4","0"
"15_84_8_5","29_70_7_0 + 29_70_7_2"
"15_84_8_6","29_70_7_0"
"16_84_8_0","0"
"16_84_8_1","0"
"16_84_8_2","0"
"16_84_8_3","0"
"16_84_8_4","0"
"16_84_8_5","0"
"16_84_8_6","0"
"16_84_8_7","31_69_7_0 + 31_69_7_2"
"16_84_8_8","31_69_7_1"
"16_84_8_9","31_69_7_2"
"18_84_8_0","0"
"18_84_8_1","0"
"18_84_8_2","0"
"18_84_8_3","0"
"18_84_8_4","35_67_7_0"
"20_84_8_0","0"
"20_84_8_1","0"
"20_84_8_2","39_65_7_0"
"22_84_8_0","0"
"22_84_8_1","0"
"22_84_8_2","43_63_7_1"
"24_84_8_0","0"
"24_84_8_1","0"
"24_84_8_2","0"
"24_84_8_3","47_61_7_0 + 47_61_7_1"
"24_84_8_4","47_61_7_0"
"24_84_8_5","47_61_7_0 + 47_61_7_1 + 47_61_7_2"
"32_84_8_0","0"
"32_84_8_1","0"
"32_84_8_2","63_53_7"
"34_84_8_0","0"
"34_84_8_1","0"
"34_84_8_2","67_51_7"
"38_84_8_0","0"
"38_84_8_1","75_47_7"
"39_84_8_0","0"
"39_84_8_1","0"
"39_84_8_2","77_46_7"
"40_84_8_0","0"
"40_84_8_1","0"
"40_84_8_2","0"
"40_84_8_3","79_45_7"
"44_84_8_0","0"
"44_84_8_1","0"
"44_84_8_2","87_41_7"
"46_84_8_0","0"
"46_84_8_1","0"
"46_84_8_2","91_39_7"
"48_84_8_0","0"
"48_84_8_1","0"
"48_84_8_2","0"
"48_84_8_3","95_37_7_1"
"48_84_8_4","95_37_7_0 + 95_37_7_1"
"52_84_8_0","0"
"52_84_8_1","0"
"52_84_8_2","103_33_7"
"54_84_8_0","0"
"54_84_8_1","0"
"54_84_8_2","107_31_7"
"56_84_8_0","0"
"56_84_8_1","111_29_7"
"68_84_8_0","0"
"68_84_8_1","135_17_7"
"70_84_8_0","0"
"70_84_8_1","139_15_7"
"74_84_8_0","0"
"74_84_8_1","147_11_7"
"4_84_9","7_81_8"
"6_84_9_0","0"
"6_84_9_1","11_79_8_1 + 11_79_8_2"
"6_84_9_2","11_79_8_0 + 11_79_8_1 + 11_79_8_2"
"6_84_9_3","11_79_8_2"
"7_84_9_0","0"
"7_84_9_1","13_78_8_0 + 13_78_8_1"
"7_84_9_2","13_78_8_0"
"8_84_9_0","0"
"8_84_9_1","0"
"8_84_9_2","0"
"8_84_9_3","15_77_8_0 + 15_77_8_1"
"8_84_9_4","15_77_8_2"
"8_84_9_5","15_77_8_0 + 15_77_8_1 + 15_77_8_3"
"8_84_9_6","15_77_8_0 + 15_77_8_1 + 15_77_8_3 + 15_77_8_4"
"8_84_9_7","15_77_8_1 + 15_77_8_4"
"10_84_9_0","0"
"10_84_9_1","0"
"10_84_9_2","0"
"10_84_9_3","0"
"10_84_9_4","19_75_8_1"
"10_84_9_5","19_75_8_1 + 19_75_8_3"
"10_84_9_6","19_75_8_1 + 19_75_8_2"
"12_84_9_0","0"
"12_84_9_1","0"
"12_84_9_2","0"
"12_84_9_3","0"
"12_84_9_4","0"
"12_84_9_5","23_73_8_0 + 23_73_8_1"
"12_84_9_6","23_73_8_1"
"14_84_9_0","0"
"14_84_9_1","0"
"14_84_9_2","0"
"14_84_9_3","0"
"14_84_9_4","27_71_8_0"
"15_84_9_0","0"
"15_84_9_1","0"
"15_84_9_2","0"
"15_84_9_3","29_70_8_0"
"15_84_9_4","29_70_8_1"
"16_84_9_0","0"
"16_84_9_1","0"
"16_84_9_2","0"
"16_84_9_3","0"
"16_84_9_4","0"
"16_84_9_5","31_69_8_2 + 31_69_8_3 + 31_69_8_4"
"16_84_9_6","31_69_8_3 + 31_69_8_4"
"16_84_9_7","31_69_8_1 + 31_69_8_3 + 31_69_8_4"
"16_84_9_8","31_69_8_2 + 31_69_8_3"
"16_84_9_9","31_69_8_0"
"18_84_9_0","0"
"18_84_9_1","0"
"18_84_9_2","0"
"18_84_9_3","0"
"18_84_9_4","0"
"18_84_9_5","35_67_8_1"
"20_84_9_0","0"
"20_84_9_1","0"
"20_84_9_2","39_65_8_0"
"20_84_9_3","39_65_8_1"
"21_84_9_0","0"
"21_84_9_1","0"
"21_84_9_2","41_64_8_0"
"21_84_9_3","41_64_8_1 + 41_64_8_2"
"22_84_9_0","0"
"22_84_9_1","0"
"22_84_9_2","0"
"22_84_9_3","0"
"22_84_9_4","43_63_8"
"23_84_9_0","0"
"23_84_9_1","0"
"23_84_9_2","0"
"23_84_9_3","45_62_8_0"
"24_84_9_0","0"
"24_84_9_1","0"
"24_84_9_2","0"
"24_84_9_3","0"
"24_84_9_4","47_61_8_0"
"24_84_9_5","47_61_8_1"
"28_84_9_0","0"
"28_84_9_1","0"
"28_84_9_2","55_57_8_0 + 55_57_8_1"
"38_84_9_0","0"
"38_84_9_1","75_47_8_0"
"39_84_9_0","0"
"39_84_9_1","0"
"39_84_9_2","77_46_8"
"43_84_9_0","0"
"43_84_9_1","0"
"43_84_9_2","0"
"43_84_9_3","85_42_8"
"48_84_9_0","0"
"48_84_9_1","0"
"48_84_9_2","0"
"48_84_9_3","95_37_8_0 + 95_37_8_1"
"48_84_9_4","95_37_8_1"
"50_84_9_0","0"
"50_84_9_1","0"
"50_84_9_2","0"
"50_84_9_3","99_35_8"
"54_84_9_0","0"
"54_84_9_1","107_31_8_0 + 107_31_8_1"
"54_84_9_2","107_31_8_0"
"56_84_9_0","0"
"56_84_9_1","0"
"56_84_9_2","111_29_8"
"62_84_9_0","0"
"62_84_9_1","123_23_8"
"68_84_9_0","0"
"68_84_9_1","135_17_8"
"70_84_9_0","0"
"70_84_9_1","139_15_8"
"4_84_10","7_81_9"
"5_84_10_0","0"
"5_84_10_1","9_80_9"
"6_84_10_0","0"
"6_84_10_1","0"
"6_84_10_2","11_79_9_0 + 11_79_9_1"
"6_84_10_3","11_79_9_2"
"6_84_10_4","11_79_9_0"
"7_84_10_0","0"
"7_84_10_1","0"
"7_84_10_2","13_78_9_1 + 13_78_9_3"
"7_84_10_3","13_78_9_1 + 13_78_9_2 + 13_78_9_3"
"7_84_10_4","13_78_9_0 + 13_78_9_1 + 13_78_9_2 + 13_78_9_3"
"8_84_10_0","0"
"8_84_10_1","0"
"8_84_10_2","0"
"8_84_10_3","0"
"8_84_10_4","0"
"8_84_10_5","15_77_9_0"
"8_84_10_6","15_77_9_1"
"9_84_10_0","0"
"9_84_10_1","0"
"9_84_10_2","0"
"9_84_10_3","17_76_9_0"
"10_84_10_0","0"
"10_84_10_1","0"
"10_84_10_2","0"
"10_84_10_3","19_75_9_0"
"10_84_10_4","19_75_9_2 + 19_75_9_3"
"10_84_10_5","19_75_9_2"
"12_84_10_0","0"
"12_84_10_1","0"
"12_84_10_2","0"
"12_84_10_3","23_73_9_0"
"12_84_10_4","23_73_9_0 + 23_73_9_1"
"13_84_10_0","0"
"13_84_10_1","0"
"13_84_10_2","0"
"13_84_10_3","0"
"13_84_10_4","25_72_9_0"
"14_84_10_0","0"
"14_84_10_1","0"
"14_84_10_2","0"
"14_84_10_3","27_71_9_0"
"15_84_10_0","0"
"15_84_10_1","0"
"15_84_10_2","0"
"15_84_10_3","0"
"15_84_10_4","29_70_9_0"
"15_84_10_5","29_70_9_1"
"16_84_10_0","0"
"16_84_10_1","0"
"16_84_10_2","0"
"16_84_10_3","0"
"16_84_10_4","0"
"16_84_10_5","0"
"16_84_10_6","31_69_9_2 + 31_69_9_3"
"16_84_10_7","31_69_9_0 + 31_69_9_2 + 31_69_9_3"
"16_84_10_8","31_69_9_0 + 31_69_9_2"
"16_84_10_9","31_69_9_0 + 31_69_9_1 + 31_69_9_2"
"18_84_10_0","0"
"18_84_10_1","0"
"18_84_10_2","0"
"18_84_10_3","0"
"18_84_10_4","35_67_9_1"
"20_84_10_0","0"
"20_84_10_1","0"
"20_84_10_2","0"
"20_84_10_3","0"
"20_84_10_4","39_65_9_0 + 39_65_9_1"
"20_84_10_5","39_65_9_0 + 39_65_9_1 + 39_65_9_2"
"22_84_10_0","0"
"22_84_10_1","0"
"22_84_10_2","0"
"22_84_10_3","43_63_9_0"
"28_84_10_0","0"
"28_84_10_1","55_57_9_0"
"28_84_10_2","55_57_9_0 + 55_57_9_1"
"32_84_10_0","0"
"32_84_10_1","63_53_9"
"37_84_10_0","0"
"37_84_10_1","73_48_9_0"
"40_84_10_0","0"
"40_84_10_1","0"
"40_84_10_2","79_45_9"
"47_84_10_0","0"
"47_84_10_1","0"
"47_84_10_2","93_38_9"
"48_84_10_0","0"
"48_84_10_1","0"
"48_84_10_2","0"
"48_84_10_3","95_37_9"
"50_84_10_0","0"
"50_84_10_1","0"
"50_84_10_2","99_35_9"
"53_84_10_0","0"
"53_84_10_1","105_32_9"
"54_84_10_0","0"
"54_84_10_1","0"
"54_84_10_2","107_31_9_0"
"54_84_10_3","107_31_9_1"
"56_84_10_0","0"
"56_84_10_1","0"
"56_84_10_2","111_29_9"
"60_84_10_0","0"
"60_84_10_1","119_25_9"
"62_84_10_0","0"
"62_84_10_1","123_23_9_1"
"66_84_10_0","0"
"66_84_10_1","131_19_9"
"68_84_10_0","0"
"68_84_10_1","0"
"68_84_10_2","135_17_9"
"4_84_11_0","7_81_10_2"
"4_84_11_1","7_81_10_0 + 7_81_10_2"
"4_84_11_2","7_81_10_1"
"6_84_11_0","0"
"6_84_11_1","11_79_10_1"
"6_84_11_2","11_79_10_2"
"6_84_11_3","11_79_10_0"
"6_84_11_4","11_79_10_0 + 11_79_10_1 + 11_79_10_2 + 11_79_10_3"
"7_84_11_0","0"
"7_84_11_1","0"
"7_84_11_2","0"
"7_84_11_3","13_78_10_0"
"8_84_11_0","0"
"8_84_11_1","0"
"8_84_11_2","0"
"8_84_11_3","0"
"8_84_11_4","15_77_10_1 + 15_77_10_4"
"8_84_11_5","15_77_10_1 + 15_77_10_3 + 15_77_10_4"
"8_84_11_6","15_77_10_1"
"8_84_11_7","15_77_10_2 + 15_77_10_4"
"8_84_11_8","15_77_10_0 + 15_77_10_2"
"9_84_11_0","0"
"9_84_11_1","0"
"9_84_11_2","0"
"9_84_11_3","0"
"9_84_11_4","0"
"9_84_11_5","17_76_10_0"
"10_84_11_0","0"
"10_84_11_1","0"
"10_84_11_2","0"
"10_84_11_3","0"
"10_84_11_4","0"
"10_84_11_5","19_75_10_0"
"10_84_11_6","19_75_10_1 + 19_75_10_2"
"12_84_11_0","0"
"12_84_11_1","0"
"12_84_11_2","0"
"12_84_11_3","0"
"12_84_11_4","0"
"12_84_11_5","23_73_10"
"14_84_11_0","0"
"14_84_11_1","0"
"14_84_11_2","0"
"14_84_11_3","0"
"14_84_11_4","27_71_10"
"15_84_11_0","0"
"15_84_11_1","0"
"15_84_11_2","0"
"15_84_11_3","0"
"15_84_11_4","29_70_10"
"16_84_11_0","0"
"16_84_11_1","0"
"16_84_11_2","0"
"16_84_11_3","0"
"16_84_11_4","0"
"16_84_11_5","31_69_10_1"
"16_84_11_6","31_69_10_0"
"18_84_11_0","0"
"18_84_11_1","0"
"18_84_11_2","0"
"18_84_11_3","35_67_10"
"20_84_11_0","0"
"20_84_11_1","0"
"20_84_11_2","39_65_10_1"
"22_84_11_0","0"
"22_84_11_1","43_63_10"
"24_84_11_0","0"
"24_84_11_1","47_61_10"
"28_84_11","55_57_10"
"31_84_11","61_54_10_0"
"32_84_11_0","0"
"32_84_11_1","63_53_10"
"38_84_11_0","0"
"38_84_11_1","75_47_10"
"44_84_11_0","0"
"44_84_11_1","87_41_10"
"48_84_11_0","0"
"48_84_11_1","95_37_10"
"51_84_11","101_34_10"
"54_84_11_0","0"
"54_84_11_1","107_31_10_1"
"54_84_11_2","107_31_10_0 + 107_31_10_1"
"60_84_11","119_25_10"
"62_84_11","123_23_10"
"66_84_11","131_19_10"
"67_84_11","133_18_10"
"3_84_12","5_82_11_0"
"4_84_12_0","0"
"4_84_12_1","7_81_11"
"5_84_12_0","0"
"5_84_12_1","9_80_11"
"6_84_12_0","0"
"6_84_12_1","0"
"6_84_12_2","11_79_11_0"
"6_84_12_3","11_79_11_2 + 11_79_11_3"
"6_84_12_4","11_79_11_2"
"7_84_12_0","0"
"7_84_12_1","0"
"7_84_12_2","13_78_11_0"
"8_84_12_0","0"
"8_84_12_1","0"
"8_84_12_2","0"
"8_84_12_3","15_77_11_1"
"8_84_12_4","15_77_11_0"
"10_84_12_0","0"
"10_84_12_1","0"
"10_84_12_2","19_75_11_0"
"10_84_12_3","19_75_11_1"
"10_84_12_4","19_75_11_0 + 19_75_11_1 + 19_75_11_2"
"11_84_12_0","0"
"11_84_12_1","0"
"11_84_12_2","21_74_11_1 + 21_74_11_2"
"14_84_12_0","0"
"14_84_12_1","0"
"14_84_12_2","27_71_11"
"16_84_12_0","0"
"16_84_12_1","0"
"16_84_12_2","31_69_11_0 + 31_69_11_1"
"16_84_12_3","31_69_11_0 + 31_69_11_1 + 31_69_11_2"
"16_84_12_4","31_69_11_0 + 31_69_11_2"
"18_84_12_0","0"
"18_84_12_1","0"
"18_84_12_2","35_67_11_0"
"20_84_12_0","39_65_11_0"
"20_84_12_1","39_65_11_2"
"20_84_12_2","39_65_11_0 + 39_65_11_1"
"22_84_12","43_63_11_1"
"24_84_12_0","47_61_11_1"
"24_84_12_1","47_61_11_0"
"26_84_12_0","0"
"26_84_12_1","51_59_11"
"28_84_12_0","0"
"28_84_12_1","55_57_11"
"31_84_12","61_54_11_0"
"32_84_12_0","0"
"32_84_12_1","63_53_11"
"36_84_12_0","0"
"36_84_12_1","71_49_11"
"42_84_12_0","0"
"42_84_12_1","83_43_11"
"44_84_12_0","0"
"44_84_12_1","0"
"44_84_12_2","87_41_11"
"48_84_12_0","0"
"48_84_12_1","95_37_11"
"54_84_12_0","0"
"54_84_12_1","107_31_11"
"60_84_12","119_25_11"
"62_84_12","123_23_11"
"66_84_12","131_19_11"
"3_84_13","5_82_12"
"5_84_13_0","0"
"5_84_13_1","9_80_12_0"
"6_84_13_0","0"
"6_84_13_1","0"
"6_84_13_2","11_79_12_0 + 11_79_12_1"
"6_84_13_3","11_79_12_1"
"7_84_13_0","0"
"7_84_13_1","0"
"7_84_13_2","13_78_12_1"
"8_84_13_0","0"
"8_84_13_1","0"
"8_84_13_2","0"
"8_84_13_3","15_77_12_2"
"8_84_13_4","15_77_12_3"
"8_84_13_5","15_77_12_1"
"8_84_13_6","15_77_12_0 + 15_77_12_1 + 15_77_12_3"
"10_84_13_0","0"
"10_84_13_1","0"
"10_84_13_2","19_75_12_0"
"10_84_13_3","19_75_12_1"
"12_84_13_0","0"
"12_84_13_1","23_73_12"
"13_84_13_0","0"
"13_84_13_1","25_72_12_0"
"14_84_13_0","0"
"14_84_13_1","0"
"14_84_13_2","27_71_12_0"
"14_84_13_3","27_71_12_0 + 27_71_12_2"
"15_84_13_0","0"
"15_84_13_1","0"
"15_84_13_2","29_70_12"
"18_84_13_0","0"
"18_84_13_1","35_67_12_0"
"18_84_13_2","35_67_12_0 + 35_67_12_1"
"19_84_13_0","37_66_12_1"
"19_84_13_1","37_66_12_0 + 37_66_12_1"
"20_84_13_0","0"
"20_84_13_1","0"
"20_84_13_2","39_65_12_0"
"24_84_13_0","0"
"24_84_13_1","47_61_12"
"26_84_13","51_59_12"
"28_84_13","55_57_12"
"30_84_13_0","0"
"30_84_13_1","59_55_12"
"32_84_13_0","0"
"32_84_13_1","63_53_12"
"34_84_13_0","0"
"34_84_13_1","67_51_12"
"40_84_13_0","0"
"40_84_13_1","79_45_12"
"42_84_13_0","0"
"42_84_13_1","0"
"42_84_13_2","83_43_12"
"46_84_13","91_39_12"
"48_84_13_0","0"
"48_84_13_1","95_37_12"
"54_84_13","107_31_12"
"60_84_13","119_25_12"
"62_84_13","123_23_12"
"6_84_14","11_79_13"
"7_84_14_0","0"
"7_84_14_1","13_78_13_0"
"8_84_14_0","0"
"8_84_14_1","0"
"8_84_14_2","15_77_13_2 + 15_77_13_3"
"8_84_14_3","15_77_13_0 + 15_77_13_1 + 15_77_13_2 + 15_77_13_3"
"8_84_14_4","15_77_13_3"
"8_84_14_5","15_77_13_1 + 15_77_13_2"
"10_84_14_0","0"
"10_84_14_1","0"
"10_84_14_2","19_75_13_0"
"14_84_14_0","0"
"14_84_14_1","0"
"14_84_14_2","27_71_13_0"
"16_84_14_0","0"
"16_84_14_1","0"
"16_84_14_2","31_69_13"
"18_84_14_0","0"
"18_84_14_1","0"
"18_84_14_2","0"
"18_84_14_3","35_67_13"
"20_84_14_0","0"
"20_84_14_1","0"
"20_84_14_2","39_65_13_0"
"22_84_14_0","0"
"22_84_14_1","0"
"22_84_14_2","43_63_13"
"24_84_14_0","0"
"24_84_14_1","0"
"24_84_14_2","47_61_13"
"26_84_14_0","0"
"26_84_14_1","51_59_13"
"29_84_14_0","0"
"29_84_14_1","57_56_13_0"
"32_84_14_0","0"
"32_84_14_1","0"
"32_84_14_2","63_53_13_1"
"32_84_14_3","63_53_13_0 + 63_53_13_1"
"38_84_14_0","0"
"38_84_14_1","0"
"38_84_14_2","75_47_13_1"
"42_84_14_0","0"
"42_84_14_1","0"
"42_84_14_2","83_43_13"
"45_84_14_0","0"
"45_84_14_1","89_40_13"
"46_84_14_0","0"
"46_84_14_1","0"
"46_84_14_2","91_39_13"
"48_84_14_0","0"
"48_84_14_1","0"
"48_84_14_2","95_37_13"
"52_84_14_0","0"
"52_84_14_1","103_33_13"
"54_84_14_0","0"
"54_84_14_1","107_31_13_1"
"58_84_14_0","0"
"58_84_14_1","115_27_13"
"60_84_14_0","0"
"60_84_14_1","0"
"60_84_14_2","119_25_13"
"3_84_15","5_82_14"
"6_84_15_0","0"
"6_84_15_1","11_79_14"
"7_84_15_0","0"
"7_84_15_1","0"
"7_84_15_2","13_78_14_0"
"8_84_15_0","0"
"8_84_15_1","0"
"8_84_15_2","0"
"8_84_15_3","15_77_14_1 + 15_77_14_2"
"8_84_15_4","15_77_14_2"
"8_84_15_5","15_77_14_0 + 15_77_14_2"
"10_84_15_0","0"
"10_84_15_1","0"
"10_84_15_2","19_75_14"
"12_84_15_0","0"
"12_84_15_1","23_73_14"
"14_84_15_0","0"
"14_84_15_1","0"
"14_84_15_2","27_71_14_0"
"14_84_15_3","27_71_14_1"
"15_84_15_0","0"
"15_84_15_1","0"
"15_84_15_2","29_70_14_0"
"18_84_15_0","0"
"18_84_15_1","0"
"18_84_15_2","35_67_14_2"
"18_84_15_3","35_67_14_0"
"20_84_15_0","0"
"20_84_15_1","0"
"20_84_15_2","0"
"20_84_15_3","39_65_14"
"22_84_15_0","0"
"22_84_15_1","0"
"22_84_15_2","43_63_14"
"24_84_15_0","0"
"24_84_15_1","0"
"24_84_15_2","47_61_14"
"25_84_15_0","0"
"25_84_15_1","0"
"25_84_15_2","0"
"25_84_15_3","49_60_14"
"30_84_15_0","0"
"30_84_15_1","0"
"30_84_15_2","0"
"30_84_15_3","59_55_14"
"32_84_15_0","0"
"32_84_15_1","0"
"32_84_15_2","0"
"32_84_15_3","0"
"32_84_15_4","63_53_14"
"36_84_15_0","0"
"36_84_15_1","0"
"36_84_15_2","0"
"36_84_15_3","71_49_14"
"38_84_15_0","0"
"38_84_15_1","0"
"38_84_15_2","0"
"38_84_15_3","0"
"38_84_15_4","75_47_14"
"43_84_15_0","0"
"43_84_15_1","0"
"43_84_15_2","85_42_14"
"46_84_15_0","0"
"46_84_15_1","0"
"46_84_15_2","0"
"46_84_15_3","91_39_14"
"52_84_15_0","0"
"52_84_15_1","0"
"52_84_15_2","103_33_14"
"54_84_15_0","0"
"54_84_15_1","0"
"54_84_15_2","107_31_14"
"58_84_15_0","0"
"58_84_15_1","0"
"58_84_15_2","115_27_14"
"59_84_15_0","0"
"59_84_15_1","0"
"59_84_15_2","117_26_14"
"2_84_16","3_83_15"
"4_84_16_0","7_81_15_0"
"4_84_16_1","7_81_15_1 + 7_81_15_2"
"4_84_16_2","7_81_15_1"
"5_84_16_0","0"
"5_84_16_1","0"
"5_84_16_2","9_80_15_0"
"6_84_16_0","0"
"6_84_16_1","0"
"6_84_16_2","11_79_15"
"8_84_16_0","0"
"8_84_16_1","0"
"8_84_16_2","15_77_15_1"
"8_84_16_3","15_77_15_0 + 15_77_15_1"
"10_84_16_0","19_75_15_0"
"10_84_16_1","19_75_15_0 + 19_75_15_2"
"11_84_16","21_74_15_0"
"12_84_16_0","0"
"12_84_16_1","23_73_15_1"
"12_84_16_2","23_73_15_0 + 23_73_15_1"
"14_84_16_0","0"
"14_84_16_1","27_71_15_1"
"14_84_16_2","27_71_15_0 + 27_71_15_1"
"14_84_16_3","27_71_15_2"
"16_84_16_0","0"
"16_84_16_1","31_69_15"
"18_84_16_0","0"
"18_84_16_1","0"
"18_84_16_2","35_67_15"
"20_84_16_0","0"
"20_84_16_1","39_65_15"
"22_84_16_0","0"
"22_84_16_1","43_63_15_0 + 43_63_15_1"
"22_84_16_2","43_63_15_1"
"23_84_16_0","0"
"23_84_16_1","0"
"23_84_16_2","45_62_15_0"
"28_84_16_0","0"
"28_84_16_1","0"
"28_84_16_2","55_57_15"
"32_84_16_0","0"
"32_84_16_1","0"
"32_84_16_2","63_53_15"
"34_84_16_0","0"
"34_84_16_1","0"
"34_84_16_2","67_51_15"
"36_84_16_0","0"
"36_84_16_1","0"
"36_84_16_2","0"
"36_84_16_3","71_49_15"
"38_84_16_0","0"
"38_84_16_1","0"
"38_84_16_2","75_47_15"
"40_84_16_0","0"
"40_84_16_1","79_45_15"
"52_84_16_0","0"
"52_84_16_1","103_33_15"
"54_84_16_0","0"
"54_84_16_1","107_31_15"
"58_84_16_0","0"
"58_84_16_1","115_27_15"
"86_85_2","171_0_1"
"24_85_3","47_62_2"
"48_85_3_0","0"
"48_85_3_1","95_38_2"
"56_85_3_0","0"
"56_85_3_1","111_30_2"
"80_85_3_0","0"
"80_85_3_1","159_6_2"
"84_85_3_0","0"
"84_85_3_1","167_2_2"
"86_85_3_0","0"
"86_85_3_1","171_0_2"
"23_85_4","45_63_3"
"24_85_4_0","0"
"24_85_4_1","47_62_3"
"28_85_4_0","0"
"28_85_4_1","55_58_3"
"47_85_4_0","0"
"47_85_4_1","93_39_3"
"48_85_4_0","0"
"48_85_4_1","0"
"48_85_4_2","95_38_3"
"52_85_4_0","0"
"52_85_4_1","0"
"52_85_4_2","103_34_3"
"55_85_4_0","0"
"55_85_4_1","109_31_3_0"
"56_85_4_0","0"
"56_85_4_1","0"
"56_85_4_2","111_30_3"
"68_85_4_0","0"
"68_85_4_1","0"
"68_85_4_2","135_18_3"
"72_85_4_0","0"
"72_85_4_1","143_14_3"
"77_85_4_0","0"
"77_85_4_1","153_9_3"
"83_85_4_0","0"
"83_85_4_1","165_3_3"
"86_85_4_0","0"
"86_85_4_1","171_0_3"
"16_85_5_0","31_70_4_0"
"16_85_5_1","31_70_4_1"
"22_85_5_0","0"
"22_85_5_1","43_64_4"
"24_85_5_0","0"
"24_85_5_1","0"
"24_85_5_2","47_62_4_0"
"24_85_5_3","47_62_4_1"
"28_85_5_0","0"
"28_85_5_1","0"
"28_85_5_2","55_58_4"
"38_85_5_0","0"
"38_85_5_1","0"
"38_85_5_2","75_48_4"
"41_85_5_0","0"
"41_85_5_1","0"
"41_85_5_2","0"
"41_85_5_3","81_45_4"
"46_85_5_0","0"
"46_85_5_1","0"
"46_85_5_2","0"
"46_85_5_3","0"
"46_85_5_4","91_40_4_1"
"46_85_5_5","91_40_4_0"
"48_85_5_0","0"
"48_85_5_1","0"
"48_85_5_2","0"
"48_85_5_3","0"
"48_85_5_4","0"
"48_85_5_5","0"
"48_85_5_6","95_38_4_0 + 95_38_4_1"
"48_85_5_7","95_38_4_1"
"52_85_5_0","0"
"52_85_5_1","0"
"52_85_5_2","0"
"52_85_5_3","0"
"52_85_5_4","0"
"52_85_5_5","0"
"52_85_5_6","103_34_4"
"56_85_5_0","0"
"56_85_5_1","0"
"56_85_5_2","0"
"56_85_5_3","0"
"56_85_5_4","0"
"56_85_5_5","111_30_4"
"64_85_5_0","0"
"64_85_5_1","0"
"64_85_5_2","0"
"64_85_5_3","0"
"64_85_5_4","0"
"64_85_5_5","127_22_4"
"68_85_5_0","0"
"68_85_5_1","0"
"68_85_5_2","0"
"68_85_5_3","0"
"68_85_5_4","135_18_4_1"
"72_85_5_0","0"
"72_85_5_1","0"
"72_85_5_2","0"
"72_85_5_3","143_14_4"
"86_85_5_0","0"
"86_85_5_1","0"
"86_85_5_2","0"
"86_85_5_3","171_0_4"
"8_85_6","15_78_5"
"12_85_6","23_74_5"
"14_85_6","27_72_5_0"
"15_85_6_0","29_71_5_0"
"15_85_6_1","29_71_5_1"
"16_85_6_0","0"
"16_85_6_1","0"
"16_85_6_2","31_70_5_1"
"16_85_6_3","31_70_5_0 + 31_70_5_1"
"18_85_6_0","0"
"18_85_6_1","35_68_5_0"
"18_85_6_2","35_68_5_0 + 35_68_5_1"
"21_85_6","41_65_5"
"22_85_6_0","0"
"22_85_6_1","43_64_5_1"
"22_85_6_2","43_64_5_0"
"23_85_6_0","0"
"23_85_6_1","0"
"23_85_6_2","45_63_5"
"24_85_6_0","0"
"24_85_6_1","0"
"24_85_6_2","0"
"24_85_6_3","47_62_5_2"
"24_85_6_4","47_62_5_0"
"28_85_6_0","0"
"28_85_6_1","0"
"28_85_6_2","55_58_5"
"38_85_6_0","0"
"38_85_6_1","0"
"38_85_6_2","75_48_5"
"41_85_6_0","0"
"41_85_6_1","0"
"41_85_6_2","0"
"41_85_6_3","81_45_5_0"
"42_85_6_0","0"
"42_85_6_1","0"
"42_85_6_2","0"
"42_85_6_3","0"
"42_85_6_4","83_44_5"
"45_85_6_0","0"
"45_85_6_1","0"
"45_85_6_2","0"
"45_85_6_3","0"
"45_85_6_4","89_41_5"
"46_85_6_0","0"
"46_85_6_1","0"
"46_85_6_2","0"
"46_85_6_3","0"
"46_85_6_4","0"
"46_85_6_5","91_40_5_0"
"47_85_6_0","0"
"47_85_6_1","0"
"47_85_6_2","0"
"47_85_6_3","0"
"47_85_6_4","0"
"47_85_6_5","93_39_5"
"48_85_6_0","0"
"48_85_6_1","0"
"48_85_6_2","0"
"48_85_6_3","0"
"48_85_6_4","0"
"48_85_6_5","0"
"48_85_6_6","95_38_5"
"55_85_6_0","0"
"55_85_6_1","0"
"55_85_6_2","0"
"55_85_6_3","109_31_5_0"
"56_85_6_0","0"
"56_85_6_1","0"
"56_85_6_2","0"
"56_85_6_3","0"
"56_85_6_4","111_30_5"
"66_85_6_0","0"
"66_85_6_1","0"
"66_85_6_2","0"
"66_85_6_3","131_20_5"
"68_85_6_0","0"
"68_85_6_1","0"
"68_85_6_2","0"
"68_85_6_3","135_18_5"
"71_85_6_0","0"
"71_85_6_1","0"
"71_85_6_2","141_15_5_0"
"72_85_6_0","0"
"72_85_6_1","0"
"72_85_6_2","0"
"72_85_6_3","143_14_5"
"86_85_6_0","0"
"86_85_6_1","0"
"86_85_6_2","171_0_5"
"6_85_7_0","11_80_6_0 + 11_80_6_1"
"6_85_7_1","11_80_6_0"
"8_85_7_0","0"
"8_85_7_1","15_78_6_1"
"8_85_7_2","15_78_6_0"
"10_85_7_0","0"
"10_85_7_1","0"
"10_85_7_2","19_76_6_0"
"10_85_7_3","19_76_6_0 + 19_76_6_2"
"11_85_7_0","0"
"11_85_7_1","21_75_6"
"12_85_7_0","0"
"12_85_7_1","0"
"12_85_7_2","23_74_6_1"
"12_85_7_3","23_74_6_0"
"14_85_7_0","0"
"14_85_7_1","0"
"14_85_7_2","0"
"14_85_7_3","27_72_6_0"
"14_85_7_4","27_72_6_0 + 27_72_6_1"
"14_85_7_5","27_72_6_0 + 27_72_6_3"
"15_85_7_0","0"
"15_85_7_1","0"
"15_85_7_2","0"
"15_85_7_3","0"
"15_85_7_4","29_71_6_0"
"16_85_7_0","0"
"16_85_7_1","0"
"16_85_7_2","0"
"16_85_7_3","0"
"16_85_7_4","0"
"16_85_7_5","31_70_6_2"
"16_85_7_6","31_70_6_1"
"16_85_7_7","31_70_6_0"
"18_85_7_0","0"
"18_85_7_1","0"
"18_85_7_2","0"
"18_85_7_3","0"
"18_85_7_4","35_68_6_2"
"22_85_7_0","0"
"22_85_7_1","43_64_6_1"
"22_85_7_2","43_64_6_0"
"23_85_7_0","0"
"23_85_7_1","0"
"23_85_7_2","45_63_6"
"24_85_7_0","0"
"24_85_7_1","0"
"24_85_7_2","0"
"24_85_7_3","47_62_6_1"
"24_85_7_4","47_62_6_0"
"26_85_7_0","0"
"26_85_7_1","0"
"26_85_7_2","51_60_6"
"32_85_7_0","0"
"32_85_7_1","0"
"32_85_7_2","63_54_6"
"37_85_7_0","0"
"37_85_7_1","73_49_6"
"38_85_7_0","0"
"38_85_7_1","0"
"38_85_7_2","75_48_6"
"39_85_7_0","0"
"39_85_7_1","0"
"39_85_7_2","77_47_6"
"40_85_7_0","0"
"40_85_7_1","0"
"40_85_7_2","0"
"40_85_7_3","79_46_6"
"42_85_7_0","0"
"42_85_7_1","0"
"42_85_7_2","0"
"42_85_7_3","83_44_6"
"46_85_7_0","0"
"46_85_7_1","0"
"46_85_7_2","0"
"46_85_7_3","91_40_6_0"
"48_85_7_0","0"
"48_85_7_1","0"
"48_85_7_2","0"
"48_85_7_3","95_38_6_0"
"48_85_7_4","95_38_6_0 + 95_38_6_1"
"60_85_7_0","0"
"60_85_7_1","119_26_6"
"66_85_7_0","0"
"66_85_7_1","131_20_6"
"70_85_7_0","0"
"70_85_7_1","139_16_6"
"72_85_7_0","0"
"72_85_7_1","0"
"72_85_7_2","143_14_6"
"76_85_7_0","0"
"76_85_7_1","151_10_6"
"86_85_7_0","0"
"86_85_7_1","171_0_6"
"4_85_8","7_82_7"
"5_85_8","9_81_7"
"6_85_8_0","0"
"6_85_8_1","11_80_7"
"7_85_8_0","0"
"7_85_8_1","13_79_7_2 + 13_79_7_3"
"8_85_8_0","0"
"8_85_8_1","0"
"8_85_8_2","15_78_7_2"
"8_85_8_3","15_78_7_0"
"8_85_8_4","15_78_7_1 + 15_78_7_2"
"8_85_8_5","15_78_7_1 + 15_78_7_3"
"10_85_8_0","0"
"10_85_8_1","19_76_7_4"
"10_85_8_2","19_76_7_1 + 19_76_7_4"
"10_85_8_3","19_76_7_1 + 19_76_7_2"
"10_85_8_4","19_76_7_3"
"10_85_8_5","19_76_7_2 + 19_76_7_6"
"10_85_8_6","19_76_7_0 + 19_76_7_1 + 19_76_7_2 + 19_76_7_3 + 19_76_7_4 + 19_76_7_6"
"12_85_8_0","0"
"12_85_8_1","0"
"12_85_8_2","0"
"12_85_8_3","0"
"12_85_8_4","23_74_7"
"13_85_8_0","0"
"13_85_8_1","0"
"13_85_8_2","0"
"13_85_8_3","25_73_7_0"
"14_85_8_0","0"
"14_85_8_1","0"
"14_85_8_2","0"
"14_85_8_3","0"
"14_85_8_4","27_72_7_0 + 27_72_7_1"
"14_85_8_5","27_72_7_1"
"15_85_8_0","0"
"15_85_8_1","0"
"15_85_8_2","0"
"15_85_8_3","29_71_7_1"
"16_85_8_0","0"
"16_85_8_1","0"
"16_85_8_2","0"
"16_85_8_3","0"
"16_85_8_4","31_70_7_1"
"16_85_8_5","31_70_7_1 + 31_70_7_3"
"16_85_8_6","31_70_7_2"
"16_85_8_7","31_70_7_0 + 31_70_7_3"
"18_85_8_0","0"
"18_85_8_1","0"
"18_85_8_2","0"
"18_85_8_3","35_68_7_2 + 35_68_7_3"
"18_85_8_4","35_68_7_2"
"18_85_8_5","35_68_7_0 + 35_68_7_1"
"20_85_8_0","0"
"20_85_8_1","0"
"20_85_8_2","0"
"20_85_8_3","39_66_7_0"
"21_85_8_0","0"
"21_85_8_1","0"
"21_85_8_2","0"
"21_85_8_3","41_65_7_0"
"22_85_8_0","0"
"22_85_8_1","0"
"22_85_8_2","0"
"22_85_8_3","43_64_7_1"
"22_85_8_4","43_64_7_0"
"24_85_8_0","0"
"24_85_8_1","0"
"24_85_8_2","0"
"24_85_8_3","0"
"24_85_8_4","47_62_7_1"
"24_85_8_5","47_62_7_0"
"26_85_8_0","0"
"26_85_8_1","51_60_7_1"
"28_85_8_0","0"
"28_85_8_1","55_58_7"
"31_85_8_0","0"
"31_85_8_1","61_55_7"
"35_85_8_0","0"
"35_85_8_1","69_51_7"
"38_85_8_0","0"
"38_85_8_1","0"
"38_85_8_2","75_48_7_1"
"38_85_8_3","75_48_7_0 + 75_48_7_1"
"39_85_8_0","0"
"39_85_8_1","0"
"39_85_8_2","0"
"39_85_8_3","77_47_7"
"40_85_8_0","0"
"40_85_8_1","0"
"40_85_8_2","0"
"40_85_8_3","0"
"40_85_8_4","79_46_7"
"41_85_8_0","0"
"41_85_8_1","0"
"41_85_8_2","0"
"41_85_8_3","0"
"41_85_8_4","81_45_7"
"44_85_8_0","0"
"44_85_8_1","0"
"44_85_8_2","0"
"44_85_8_3","0"
"44_85_8_4","87_42_7"
"47_85_8_0","0"
"47_85_8_1","0"
"47_85_8_2","0"
"47_85_8_3","93_39_7"
"48_85_8_0","0"
"48_85_8_1","0"
"48_85_8_2","0"
"48_85_8_3","0"
"48_85_8_4","95_38_7"
"56_85_8_0","0"
"56_85_8_1","111_30_7"
"69_85_8_0","0"
"69_85_8_1","137_17_7"
"75_85_8_0","0"
"75_85_8_1","149_11_7"
"86_85_8_0","0"
"86_85_8_1","171_0_7"
"2_85_9","3_84_8"
"4_85_9_0","0"
"4_85_9_1","7_82_8_0"
"4_85_9_2","7_82_8_0 + 7_82_8_1"
"5_85_9_0","0"
"5_85_9_1","0"
"5_85_9_2","9_81_8"
"6_85_9_0","0"
"6_85_9_1","0"
"6_85_9_2","0"
"6_85_9_3","11_80_8_1"
"6_85_9_4","11_80_8_0"
"6_85_9_5","11_80_8_1 + 11_80_8_2"
"7_85_9_0","0"
"7_85_9_1","0"
"7_85_9_2","0"
"7_85_9_3","0"
"7_85_9_4","13_79_8_1"
"8_85_9_0","0"
"8_85_9_1","0"
"8_85_9_2","0"
"8_85_9_3","0"
"8_85_9_4","0"
"8_85_9_5","15_78_8_0"
"8_85_9_6","15_78_8_3"
"8_85_9_7","15_78_8_3 + 15_78_8_5"
"8_85_9_8","15_78_8_0 + 15_78_8_1 + 15_78_8_3 + 15_78_8_4 + 15_78_8_5"
"8_85_9_9","15_78_8_3 + 15_78_8_4"
"8_85_9_10","15_78_8_2 + 15_78_8_3 + 15_78_8_4 + 15_78_8_5"
"10_85_9_0","0"
"10_85_9_1","0"
"10_85_9_2","0"
"10_85_9_3","19_76_8_0 + 19_76_8_1 + 19_76_8_2"
"10_85_9_4","19_76_8_0 + 19_76_8_1 + 19_76_8_2 + 19_76_8_3"
"10_85_9_5","19_76_8_2"
"11_85_9_0","0"
"11_85_9_1","0"
"11_85_9_2","21_75_8_0"
"12_85_9_0","0"
"12_85_9_1","0"
"12_85_9_2","0"
"12_85_9_3","23_74_8_1"
"12_85_9_4","23_74_8_0"
"14_85_9_0","0"
"14_85_9_1","0"
"14_85_9_2","0"
"14_85_9_3","27_72_8_0"
"15_85_9_0","0"
"15_85_9_1","0"
"15_85_9_2","0"
"15_85_9_3","0"
"15_85_9_4","29_71_8"
"16_85_9_0","0"
"16_85_9_1","0"
"16_85_9_2","0"
"16_85_9_3","0"
"16_85_9_4","0"
"16_85_9_5","31_70_8_0"
"16_85_9_6","31_70_8_2"
"16_85_9_7","31_70_8_0 + 31_70_8_1"
"18_85_9_0","0"
"18_85_9_1","0"
"18_85_9_2","0"
"18_85_9_3","35_68_8_0"
"18_85_9_4","35_68_8_2"
"20_85_9_0","0"
"20_85_9_1","0"
"20_85_9_2","39_66_8"
"22_85_9_0","0"
"22_85_9_1","43_64_8_1 + 43_64_8_2 + 43_64_8_3"
"22_85_9_2","43_64_8_1 + 43_64_8_2"
"22_85_9_3","43_64_8_0 + 43_64_8_3"
"24_85_9_0","47_62_8_1 + 47_62_8_2"
"24_85_9_1","47_62_8_0"
"26_85_9_0","0"
"26_85_9_1","51_60_8"
"28_85_9_0","0"
"28_85_9_1","55_58_8"
"32_85_9","63_54_8"
"34_85_9_0","0"
"34_85_9_1","67_52_8"
"38_85_9_0","0"
"38_85_9_1","0"
"38_85_9_2","75_48_8"
"39_85_9_0","0"
"39_85_9_1","0"
"39_85_9_2","77_47_8_0"
"39_85_9_3","77_47_8_1"
"40_85_9_0","0"
"40_85_9_1","0"
"40_85_9_2","0"
"40_85_9_3","0"
"40_85_9_4","79_46_8"
"44_85_9_0","0"
"44_85_9_1","0"
"44_85_9_2","0"
"44_85_9_3","0"
"44_85_9_4","87_42_8"
"48_85_9_0","0"
"48_85_9_1","0"
"48_85_9_2","0"
"48_85_9_3","95_38_8"
"54_85_9_0","0"
"54_85_9_1","107_32_8"
"56_85_9_0","0"
"56_85_9_1","111_30_8"
"60_85_9_0","0"
"60_85_9_1","119_26_8"
"64_85_9_0","0"
"64_85_9_1","127_22_8"
"86_85_9_0","0"
"86_85_9_1","171_0_8"
"3_85_10","5_83_9"
"4_85_10_0","0"
"4_85_10_1","7_82_9_1"
"4_85_10_2","7_82_9_0"
"6_85_10_0","0"
"6_85_10_1","11_80_9_2"
"6_85_10_2","11_80_9_1"
"6_85_10_3","11_80_9_2 + 11_80_9_3"
"6_85_10_4","11_80_9_0 + 11_80_9_2"
"7_85_10_0","0"
"7_85_10_1","0"
"7_85_10_2","0"
"7_85_10_3","13_79_9_0"
"7_85_10_4","13_79_9_1"
"8_85_10_0","0"
"8_85_10_1","0"
"8_85_10_2","0"
"8_85_10_3","0"
"8_85_10_4","0"
"8_85_10_5","15_78_9_2 + 15_78_9_3 + 15_78_9_5 + 15_78_9_6"
"8_85_10_6","15_78_9_1 + 15_78_9_2 + 15_78_9_5 + 15_78_9_6"
"8_85_10_7","15_78_9_4"
"8_85_10_8","15_78_9_1 + 15_78_9_5"
"8_85_10_9","15_78_9_1 + 15_78_9_3 + 15_78_9_4 + 15_78_9_5"
"8_85_10_10","15_78_9_2"
"8_85_10_11","15_78_9_0 + 15_78_9_2"
"9_85_10_0","0"
"9_85_10_1","0"
"9_85_10_2","0"
"9_85_10_3","0"
"9_85_10_4","0"
"9_85_10_5","17_77_9_0"
"10_85_10_0","0"
"10_85_10_1","0"
"10_85_10_2","0"
"10_85_10_3","0"
"10_85_10_4","19_76_9_0"
"10_85_10_5","19_76_9_0 + 19_76_9_2"
"11_85_10_0","0"
"11_85_10_1","0"
"11_85_10_2","0"
"11_85_10_3","0"
"11_85_10_4","21_75_9_0"
"12_85_10_0","0"
"12_85_10_1","0"
"12_85_10_2","0"
"12_85_10_3","0"
"12_85_10_4","0"
"12_85_10_5","23_74_9_0"
"12_85_10_6","23_74_9_1"
"14_85_10_0","0"
"14_85_10_1","0"
"14_85_10_2","0"
"14_85_10_3","0"
"14_85_10_4","0"
"14_85_10_5","27_72_9_0 + 27_72_9_1"
"14_85_10_6","27_72_9_1"
"15_85_10_0","0"
"15_85_10_1","0"
"15_85_10_2","0"
"15_85_10_3","0"
"15_85_10_4","29_71_9_1"
"16_85_10_0","0"
"16_85_10_1","0"
"16_85_10_2","0"
"16_85_10_3","0"
"16_85_10_4","0"
"16_85_10_5","31_70_9_1"
"16_85_10_6","31_70_9_0"
"18_85_10_0","0"
"18_85_10_1","35_68_9_1"
"18_85_10_2","35_68_9_1 + 35_68_9_2"
"18_85_10_3","35_68_9_0 + 35_68_9_2"
"21_85_10","41_65_9_0"
"22_85_10_0","0"
"22_85_10_1","43_64_9_0"
"22_85_10_2","43_64_9_1"
"23_85_10_0","0"
"23_85_10_1","45_63_9_1"
"24_85_10_0","0"
"24_85_10_1","0"
"24_85_10_2","47_62_9"
"26_85_10","51_60_9_0"
"29_85_10","57_57_9_1"
"30_85_10_0","0"
"30_85_10_1","59_56_9"
"32_85_10_0","0"
"32_85_10_1","0"
"32_85_10_2","63_54_9"
"35_85_10_0","0"
"35_85_10_1","0"
"35_85_10_2","69_51_9"
"38_85_10_0","0"
"38_85_10_1","0"
"38_85_10_2","0"
"38_85_10_3","75_48_9_0"
"38_85_10_4","75_48_9_0 + 75_48_9_1"
"44_85_10_0","0"
"44_85_10_1","0"
"44_85_10_2","0"
"44_85_10_3","87_42_9"
"48_85_10_0","0"
"48_85_10_1","0"
"48_85_10_2","95_38_9"
"52_85_10_0","0"
"52_85_10_1","103_34_9"
"54_85_10_0","0"
"54_85_10_1","107_32_9"
"56_85_10_0","0"
"56_85_10_1","111_30_9"
"58_85_10_0","0"
"58_85_10_1","115_28_9"
"60_85_10_0","0"
"60_85_10_1","119_26_9"
"63_85_10_0","0"
"63_85_10_1","125_23_9_0"
"64_85_10_0","0"
"64_85_10_1","0"
"64_85_10_2","127_22_9"
"86_85_10_0","0"
"86_85_10_1","171_0_9"
"3_85_11_0","5_83_10_0"
"3_85_11_1","5_83_10_1"
"4_85_11_0","0"
"4_85_11_1","0"
"4_85_11_2","7_82_10_0"
"4_85_11_3","7_82_10_0 + 7_82_10_1"
"5_85_11_0","0"
"5_85_11_1","9_81_10_2"
"5_85_11_2","9_81_10_0"
"6_85_11_0","0"
"6_85_11_1","0"
"6_85_11_2","0"
"6_85_11_3","11_80_10_0 + 11_80_10_1"
"6_85_11_4","11_80_10_0 + 11_80_10_1 + 11_80_10_2 + 11_80_10_3"
"6_85_11_5","11_80_10_3"
"6_85_11_6","11_80_10_1"
"6_85_11_7","11_80_10_0 + 11_80_10_1 + 11_80_10_2 + 11_80_10_4"
"7_85_11_0","0"
"7_85_11_1","0"
"7_85_11_2","0"
"7_85_11_3","13_79_10_0 + 13_79_10_2"
"7_85_11_4","13_79_10_0"
"8_85_11_0","0"
"8_85_11_1","0"
"8_85_11_2","0"
"8_85_11_3","0"
"8_85_11_4","0"
"8_85_11_5","15_78_10_1"
"8_85_11_6","15_78_10_2"
"8_85_11_7","15_78_10_1 + 15_78_10_3"
"8_85_11_8","15_78_10_0"
"10_85_11_0","0"
"10_85_11_1","0"
"10_85_11_2","0"
"10_85_11_3","19_76_10_0"
"10_85_11_4","19_76_10_0 + 19_76_10_2"
"11_85_11_0","0"
"11_85_11_1","0"
"11_85_11_2","0"
"11_85_11_3","21_75_10_2"
"12_85_11_0","0"
"12_85_11_1","0"
"12_85_11_2","0"
"12_85_11_3","0"
"12_85_11_4","23_74_10_0"
"12_85_11_5","23_74_10_0 + 23_74_10_1"
"14_85_11_0","0"
"14_85_11_1","0"
"14_85_11_2","0"
"14_85_11_3","27_72_10_1"
"14_85_11_4","27_72_10_0"
"16_85_11_0","0"
"16_85_11_1","0"
"16_85_11_2","0"
"16_85_11_3","31_70_10"
"18_85_11_0","0"
"18_85_11_1","0"
"18_85_11_2","35_68_10_1 + 35_68_10_2"
"18_85_11_3","35_68_10_2"
"22_85_11_0","0"
"22_85_11_1","43_64_10_2"
"22_85_11_2","43_64_10_0"
"24_85_11_0","0"
"24_85_11_1","47_62_10_0"
"24_85_11_2","47_62_10_0 + 47_62_10_1"
"24_85_11_3","47_62_10_0 + 47_62_10_1 + 47_62_10_2"
"26_85_11_0","0"
"26_85_11_1","0"
"26_85_11_2","0"
"26_85_11_3","51_60_10"
"29_85_11_0","0"
"29_85_11_1","0"
"29_85_11_2","0"
"29_85_11_3","57_57_10"
"32_85_11_0","0"
"32_85_11_1","0"
"32_85_11_2","0"
"32_85_11_3","63_54_10_0"
"32_85_11_4","63_54_10_1"
"36_85_11_0","0"
"36_85_11_1","0"
"36_85_11_2","0"
"36_85_11_3","71_50_10"
"42_85_11_0","0"
"42_85_11_1","0"
"42_85_11_2","0"
"42_85_11_3","83_44_10"
"52_85_11_0","0"
"52_85_11_1","0"
"52_85_11_2","103_34_10"
"56_85_11_0","0"
"56_85_11_1","0"
"56_85_11_2","111_30_10"
"58_85_11_0","0"
"58_85_11_1","0"
"58_85_11_2","115_28_10"
"62_85_11_0","0"
"62_85_11_1","0"
"62_85_11_2","123_24_10"
"64_85_11_0","0"
"64_85_11_1","0"
"64_85_11_2","0"
"64_85_11_3","127_22_10"
"68_85_11_0","0"
"68_85_11_1","0"
"68_85_11_2","135_18_10"
"86_85_11_0","0"
"86_85_11_1","0"
"86_85_11_2","171_0_10"
"3_85_12","5_83_11"
"4_85_12_0","0"
"4_85_12_1","7_82_11_0 + 7_82_11_1"
"4_85_12_2","7_82_11_1"
"5_85_12_0","0"
"5_85_12_1","9_81_11"
"6_85_12_0","0"
"6_85_12_1","0"
"6_85_12_2","11_80_11_0"
"6_85_12_3","11_80_11_1"
"6_85_12_4","11_80_11_2"
"7_85_12_0","0"
"7_85_12_1","0"
"7_85_12_2","13_79_11_0 + 13_79_11_1 + 13_79_11_2 + 13_79_11_3"
"7_85_12_3","13_79_11_3"
"8_85_12_0","0"
"8_85_12_1","0"
"8_85_12_2","0"
"8_85_12_3","0"
"8_85_12_4","15_78_11_1 + 15_78_11_2 + 15_78_11_3"
"8_85_12_5","15_78_11_1"
"8_85_12_6","15_78_11_1 + 15_78_11_3"
"8_85_12_7","15_78_11_0 + 15_78_11_1 + 15_78_11_2"
"10_85_12_0","0"
"10_85_12_1","19_76_11_1"
"10_85_12_2","19_76_11_0"
"12_85_12_0","0"
"12_85_12_1","23_74_11_1"
"12_85_12_2","23_74_11_0 + 23_74_11_1"
"14_85_12_0","0"
"14_85_12_1","27_72_11_0"
"14_85_12_2","27_72_11_1"
"16_85_12_0","0"
"16_85_12_1","31_70_11"
"18_85_12_0","35_68_11_0 + 35_68_11_1"
"18_85_12_1","35_68_11_0 + 35_68_11_1 + 35_68_11_2"
"18_85_12_2","35_68_11_1"
"20_85_12_0","0"
"20_85_12_1","39_66_11_0"
"20_85_12_2","39_66_11_1"
"23_85_12_0","45_63_11_0"
"23_85_12_1","45_63_11_1"
"24_85_12_0","0"
"24_85_12_1","0"
"24_85_12_2","47_62_11_0 + 47_62_11_1"
"24_85_12_3","47_62_11_0"
"26_85_12_0","0"
"26_85_12_1","51_60_11_1"
"26_85_12_2","51_60_11_0"
"29_85_12_0","0"
"29_85_12_1","57_57_11"
"30_85_12_0","0"
"30_85_12_1","0"
"30_85_12_2","59_56_11"
"32_85_12_0","0"
"32_85_12_1","0"
"32_85_12_2","63_54_11_0 + 63_54_11_1"
"32_85_12_3","63_54_11_0"
"34_85_12_0","0"
"34_85_12_1","67_52_11"
"40_85_12_0","0"
"40_85_12_1","79_46_11"
"56_85_12","111_30_11"
"61_85_12","121_25_11"
"67_85_12","133_19_11"
"86_85_12","171_0_11"
"2_85_13","3_84_12"
"4_85_13","7_82_12"
"6_85_13_0","0"
"6_85_13_1","11_80_12"
"7_85_13_0","0"
"7_85_13_1","13_79_12"
"8_85_13_0","0"
"8_85_13_1","0"
"8_85_13_2","15_78_12_1"
"8_85_13_3","15_78_12_1 + 15_78_12_2"
"8_85_13_4","15_78_12_0"
"10_85_13","19_76_12_0"
"12_85_13_0","23_74_12_0"
"12_85_13_1","23_74_12_0 + 23_74_12_1"
"14_85_13","27_72_12"
"15_85_13","29_71_12_1"
"16_85_13_0","0"
"16_85_13_1","31_70_12"
"18_85_13_0","0"
"18_85_13_1","0"
"18_85_13_2","35_68_12_0 + 35_68_12_1"
"18_85_13_3","35_68_12_0 + 35_68_12_2"
"18_85_13_4","35_68_12_1"
"20_85_13_0","0"
"20_85_13_1","39_66_12_1"
"20_85_13_2","39_66_12_0 + 39_66_12_1"
"21_85_13_0","0"
"21_85_13_1","0"
"21_85_13_2","41_65_12_0"
"24_85_13_0","0"
"24_85_13_1","0"
"24_85_13_2","0"
"24_85_13_3","47_62_12_0 + 47_62_12_1"
"24_85_13_4","47_62_12_1"
"26_85_13_0","0"
"26_85_13_1","0"
"26_85_13_2","51_60_12_1"
"27_85_13_0","0"
"27_85_13_1","53_59_12"
"30_85_13_0","0"
"30_85_13_1","0"
"30_85_13_2","59_56_12"
"31_85_13_0","0"
"31_85_13_1","0"
"31_85_13_2","61_55_12"
"32_85_13_0","0"
"32_85_13_1","0"
"32_85_13_2","0"
"32_85_13_3","63_54_12_0 + 63_54_12_1"
"32_85_13_4","63_54_12_0"
"38_85_13_0","0"
"38_85_13_1","0"
"38_85_13_2","75_48_12"
"46_85_13_0","0"
"46_85_13_1","91_40_12"
"52_85_13_0","0"
"52_85_13_1","103_34_12"
"56_85_13_0","0"
"56_85_13_1","111_30_12"
"86_85_13_0","0"
"86_85_13_1","171_0_12"
"2_85_14","3_84_13"
"3_85_14_0","5_83_13_0"
"3_85_14_1","5_83_13_0 + 5_83_13_1"
"6_85_14_0","0"
"6_85_14_1","11_80_13_1"
"6_85_14_2","11_80_13_0"
"7_85_14_0","0"
"7_85_14_1","0"
"7_85_14_2","13_79_13"
"8_85_14_0","0"
"8_85_14_1","0"
"8_85_14_2","0"
"8_85_14_3","15_78_13_3"
"8_85_14_4","15_78_13_1 + 15_78_13_2"
"8_85_14_5","15_78_13_2 + 15_78_13_3"
"8_85_14_6","15_78_13_0 + 15_78_13_3"
"10_85_14_0","0"
"10_85_14_1","0"
"10_85_14_2","19_76_13"
"11_85_14_0","0"
"11_85_14_1","0"
"11_85_14_2","21_75_13_1"
"14_85_14_0","0"
"14_85_14_1","0"
"14_85_14_2","27_72_13"
"15_85_14_0","0"
"15_85_14_1","0"
"15_85_14_2","0"
"15_85_14_3","29_71_13_1"
"18_85_14_0","0"
"18_85_14_1","0"
"18_85_14_2","0"
"18_85_14_3","35_68_13_0"
"18_85_14_4","35_68_13_0 + 35_68_13_2"
"18_85_14_5","35_68_13_0 + 35_68_13_1"
"24_85_14_0","0"
"24_85_14_1","0"
"24_85_14_2","0"
"24_85_14_3","47_62_13_0 + 47_62_13_1"
"24_85_14_4","47_62_13_0"
"25_85_14_0","0"
"25_85_14_1","0"
"25_85_14_2","0"
"25_85_14_3","49_61_13"
"26_85_14_0","0"
"26_85_14_1","0"
"26_85_14_2","0"
"26_85_14_3","0"
"26_85_14_4","51_60_13"
"30_85_14_0","0"
"30_85_14_1","0"
"30_85_14_2","0"
"30_85_14_3","59_56_13_0"
"30_85_14_4","59_56_13_0 + 59_56_13_1"
"32_85_14_0","0"
"32_85_14_1","0"
"32_85_14_2","0"
"32_85_14_3","0"
"32_85_14_4","63_54_13"
"36_85_14_0","0"
"36_85_14_1","0"
"36_85_14_2","0"
"36_85_14_3","71_50_13"
"44_85_14_0","0"
"44_85_14_1","0"
"44_85_14_2","87_42_13"
"46_85_14_0","0"
"46_85_14_1","0"
"46_85_14_2","91_40_13"
"50_85_14_0","0"
"50_85_14_1","0"
"50_85_14_2","99_36_13"
"52_85_14_0","0"
"52_85_14_1","0"
"52_85_14_2","103_34_13"
"55_85_14_0","0"
"55_85_14_1","0"
"55_85_14_2","109_31_13_0"
"56_85_14_0","0"
"56_85_14_1","0"
"56_85_14_2","0"
"56_85_14_3","111_30_13"
"86_85_14_0","0"
"86_85_14_1","0"
"86_85_14_2","171_0_13"
"4_85_15_0","7_82_14_3"
"4_85_15_1","7_82_14_1"
"4_85_15_2","7_82_14_0 + 7_82_14_1 + 7_82_14_3"
"4_85_15_3","7_82_14_2 + 7_82_14_3"
"6_85_15_0","0"
"6_85_15_1","0"
"6_85_15_2","11_80_14_0"
"6_85_15_3","11_80_14_0 + 11_80_14_1"
"9_85_15_0","0"
"9_85_15_1","17_77_14_1"
"10_85_15_0","0"
"10_85_15_1","0"
"10_85_15_2","19_76_14_2"
"12_85_15_0","0"
"12_85_15_1","0"
"12_85_15_2","23_74_14_1 + 23_74_14_2"
"12_85_15_3","23_74_14_1"
"12_85_15_4","23_74_14_0 + 23_74_14_1 + 23_74_14_2"
"14_85_15_0","0"
"14_85_15_1","0"
"14_85_15_2","0"
"14_85_15_3","27_72_14"
"16_85_15_0","0"
"16_85_15_1","0"
"16_85_15_2","0"
"16_85_15_3","31_70_14_3"
"16_85_15_4","31_70_14_0 + 31_70_14_3"
"16_85_15_5","31_70_14_1 + 31_70_14_2 + 31_70_14_3"
"16_85_15_6","31_70_14_2"
"18_85_15_0","0"
"18_85_15_1","0"
"18_85_15_2","0"
"18_85_15_3","0"
"18_85_15_4","0"
"18_85_15_5","35_68_14"
"22_85_15_0","0"
"22_85_15_1","0"
"22_85_15_2","43_64_14_0"
"22_85_15_3","43_64_14_1"
"24_85_15_0","0"
"24_85_15_1","0"
"24_85_15_2","0"
"24_85_15_3","0"
"24_85_15_4","47_62_14"
"26_85_15_0","0"
"26_85_15_1","0"
"26_85_15_2","0"
"26_85_15_3","51_60_14"
"28_85_15_0","0"
"28_85_15_1","0"
"28_85_15_2","0"
"28_85_15_3","55_58_14"
"32_85_15_0","0"
"32_85_15_1","0"
"32_85_15_2","0"
"32_85_15_3","63_54_14"
"34_85_15_0","0"
"34_85_15_1","0"
"34_85_15_2","0"
"34_85_15_3","67_52_14"
"44_85_15_0","0"
"44_85_15_1","0"
"44_85_15_2","87_42_14"
"50_85_15_0","0"
"50_85_15_1","0"
"50_85_15_2","99_36_14"
"54_85_15_0","0"
"54_85_15_1","0"
"54_85_15_2","107_32_14"
"56_85_15_0","0"
"56_85_15_1","0"
"56_85_15_2","0"
"56_85_15_3","111_30_14"
"60_85_15_0","0"
"60_85_15_1","0"
"60_85_15_2","119_26_14"
"86_85_15_0","0"
"86_85_15_1","0"
"86_85_15_2","171_0_14"
"80_86_2","159_7_1"
"56_86_3","111_31_2"
"72_86_3","143_15_2"
"79_86_3","157_8_2"
"80_86_3_0","0"
"80_86_3_1","159_7_2"
"84_86_3_0","0"
"84_86_3_1","167_3_2"
"22_86_4","43_65_3"
"24_86_4_0","0"
"24_86_4_1","47_63_3"
"28_86_4_0","0"
"28_86_4_1","55_59_3"
"42_86_4_0","0"
"42_86_4_1","83_45_3"
"46_86_4_0","0"
"46_86_4_1","0"
"46_86_4_2","91_41_3"
"48_86_4_0","0"
"48_86_4_1","0"
"48_86_4_2","0"
"48_86_4_3","95_39_3"
"56_86_4_0","0"
"56_86_4_1","0"
"56_86_4_2","111_31_3_1"
"56_86_4_3","111_31_3_0"
"72_86_4_0","0"
"72_86_4_1","143_15_3"
"73_86_4_0","0"
"73_86_4_1","145_14_3"
"78_86_4_0","0"
"78_86_4_1","0"
"78_86_4_2","155_9_3"
"80_86_4_0","0"
"80_86_4_1","0"
"80_86_4_2","0"
"80_86_4_3","159_7_3"
"84_86_4_0","0"
"84_86_4_1","0"
"84_86_4_2","167_3_3"
"18_86_5","35_69_4"
"22_86_5","43_65_4"
"23_86_5","45_64_4_0"
"24_86_5_0","0"
"24_86_5_1","47_63_4"
"26_86_5","51_61_4_1"
"27_86_5","53_60_4"
"37_86_5","73_50_4"
"39_86_5_0","0"
"39_86_5_1","77_48_4"
"42_86_5_0","0"
"42_86_5_1","0"
"42_86_5_2","83_45_4"
"46_86_5_0","0"
"46_86_5_1","0"
"46_86_5_2","91_41_4"
"47_86_5_0","0"
"47_86_5_1","0"
"47_86_5_2","93_40_4_1"
"48_86_5_0","0"
"48_86_5_1","0"
"48_86_5_2","0"
"48_86_5_3","95_39_4"
"54_86_5_0","0"
"54_86_5_1","0"
"54_86_5_2","107_33_4"
"56_86_5_0","0"
"56_86_5_1","0"
"56_86_5_2","0"
"56_86_5_3","111_31_4"
"64_86_5_0","0"
"64_86_5_1","0"
"64_86_5_2","127_23_4"
"70_86_5_0","0"
"70_86_5_1","139_17_4"
"72_86_5_0","0"
"72_86_5_1","0"
"72_86_5_2","143_15_4"
"80_86_5_0","0"
"80_86_5_1","0"
"80_86_5_2","159_7_4"
"12_86_6","23_75_5"
"14_86_6_0","0"
"14_86_6_1","27_73_5_0 + 27_73_5_1"
"16_86_6_0","0"
"16_86_6_1","0"
"16_86_6_2","31_71_5_0 + 31_71_5_1"
"16_86_6_3","31_71_5_0"
"18_86_6_0","0"
"18_86_6_1","0"
"18_86_6_2","35_69_5_0"
"22_86_6_0","0"
"22_86_6_1","43_65_5_0"
"22_86_6_2","43_65_5_0 + 43_65_5_1"
"23_86_6_0","0"
"23_86_6_1","45_64_5_0"
"24_86_6_0","0"
"24_86_6_1","0"
"24_86_6_2","47_63_5"
"26_86_6_0","0"
"26_86_6_1","0"
"26_86_6_2","0"
"26_86_6_3","51_61_5"
"36_86_6_0","0"
"36_86_6_1","71_51_5"
"38_86_6_0","0"
"38_86_6_1","0"
"38_86_6_2","75_49_5"
"40_86_6_0","0"
"40_86_6_1","0"
"40_86_6_2","0"
"40_86_6_3","79_47_5"
"42_86_6_0","0"
"42_86_6_1","0"
"42_86_6_2","0"
"42_86_6_3","0"
"42_86_6_4","83_45_5_0"
"46_86_6_0","0"
"46_86_6_1","0"
"46_86_6_2","0"
"46_86_6_3","91_41_5"
"47_86_6_0","0"
"47_86_6_1","0"
"47_86_6_2","0"
"47_86_6_3","93_40_5_1"
"48_86_6_0","0"
"48_86_6_1","0"
"48_86_6_2","0"
"48_86_6_3","0"
"48_86_6_4","95_39_5"
"54_86_6_0","0"
"54_86_6_1","0"
"54_86_6_2","0"
"54_86_6_3","107_33_5"
"56_86_6_0","0"
"56_86_6_1","0"
"56_86_6_2","111_31_5_1"
"56_86_6_3","111_31_5_0"
"63_86_6_0","0"
"63_86_6_1","0"
"63_86_6_2","0"
"63_86_6_3","125_24_5"
"64_86_6_0","0"
"64_86_6_1","0"
"64_86_6_2","0"
"64_86_6_3","0"
"64_86_6_4","127_23_5"
"69_86_6_0","0"
"69_86_6_1","0"
"69_86_6_2","137_18_5"
"70_86_6_0","0"
"70_86_6_1","0"
"70_86_6_2","0"
"70_86_6_3","139_17_5"
"72_86_6_0","0"
"72_86_6_1","0"
"72_86_6_2","0"
"72_86_6_3","143_15_5_0 + 143_15_5_1"
"72_86_6_4","143_15_5_1"
"7_86_7","13_80_6_0"
"8_86_7_0","0"
"8_86_7_1","15_79_6_1 + 15_79_6_2"
"8_86_7_2","15_79_6_2"
"8_86_7_3","15_79_6_0"
"10_86_7_0","0"
"10_86_7_1","0"
"10_86_7_2","19_77_6_2"
"10_86_7_3","19_77_6_0 + 19_77_6_1 + 19_77_6_2"
"12_86_7_0","0"
"12_86_7_1","23_75_6_0"
"12_86_7_2","23_75_6_0 + 23_75_6_1"
"13_86_7_0","0"
"13_86_7_1","0"
"13_86_7_2","25_74_6_0"
"15_86_7_0","0"
"15_86_7_1","0"
"15_86_7_2","29_72_6_0"
"16_86_7_0","0"
"16_86_7_1","0"
"16_86_7_2","0"
"16_86_7_3","31_71_6_3 + 31_71_6_4"
"16_86_7_4","31_71_6_2 + 31_71_6_3 + 31_71_6_4"
"16_86_7_5","31_71_6_0"
"16_86_7_6","31_71_6_2 + 31_71_6_3"
"16_86_7_7","31_71_6_0 + 31_71_6_1 + 31_71_6_2 + 31_71_6_3"
"18_86_7_0","0"
"18_86_7_1","0"
"18_86_7_2","0"
"18_86_7_3","35_69_6_2 + 35_69_6_3"
"18_86_7_4","35_69_6_1 + 35_69_6_2 + 35_69_6_3"
"20_86_7_0","0"
"20_86_7_1","0"
"20_86_7_2","39_67_6_1"
"20_86_7_3","39_67_6_0 + 39_67_6_1"
"22_86_7_0","0"
"22_86_7_1","0"
"22_86_7_2","43_65_6_1"
"23_86_7_0","0"
"23_86_7_1","0"
"23_86_7_2","45_64_6_1"
"24_86_7_0","0"
"24_86_7_1","0"
"24_86_7_2","0"
"24_86_7_3","47_63_6"
"26_86_7_0","0"
"26_86_7_1","51_61_6_2"
"35_86_7_0","0"
"35_86_7_1","69_52_6"
"36_86_7_0","0"
"36_86_7_1","0"
"36_86_7_2","71_51_6"
"37_86_7_0","0"
"37_86_7_1","0"
"37_86_7_2","73_50_6"
"38_86_7_0","0"
"38_86_7_1","0"
"38_86_7_2","0"
"38_86_7_3","75_49_6"
"40_86_7_0","0"
"40_86_7_1","0"
"40_86_7_2","0"
"40_86_7_3","79_47_6"
"42_86_7_0","0"
"42_86_7_1","0"
"42_86_7_2","0"
"42_86_7_3","83_45_6"
"47_86_7_0","0"
"47_86_7_1","0"
"47_86_7_2","0"
"47_86_7_3","93_40_6_0"
"50_86_7_0","0"
"50_86_7_1","0"
"50_86_7_2","0"
"50_86_7_3","99_37_6"
"53_86_7_0","0"
"53_86_7_1","0"
"53_86_7_2","105_34_6"
"56_86_7_0","0"
"56_86_7_1","0"
"56_86_7_2","0"
"56_86_7_3","111_31_6"
"61_86_7_0","0"
"61_86_7_1","0"
"61_86_7_2","121_26_6"
"64_86_7_0","0"
"64_86_7_1","0"
"64_86_7_2","0"
"64_86_7_3","127_23_6"
"67_86_7_0","0"
"67_86_7_1","0"
"67_86_7_2","133_20_6"
"70_86_7_0","0"
"70_86_7_1","0"
"70_86_7_2","0"
"70_86_7_3","139_17_6"
"71_86_7_0","0"
"71_86_7_1","0"
"71_86_7_2","0"
"71_86_7_3","141_16_6"
"72_86_7_0","0"
"72_86_7_1","0"
"72_86_7_2","0"
"72_86_7_3","0"
"72_86_7_4","143_15_6"
"76_86_7_0","0"
"76_86_7_1","0"
"76_86_7_2","0"
"76_86_7_3","151_11_6"
"4_86_8_0","7_83_7_1"
"4_86_8_1","7_83_7_0"
"5_86_8_0","0"
"5_86_8_1","9_82_7_0"
"6_86_8_0","0"
"6_86_8_1","11_81_7_1"
"6_86_8_2","11_81_7_0 + 11_81_7_1"
"8_86_8_0","0"
"8_86_8_1","0"
"8_86_8_2","15_79_7_0"
"8_86_8_3","15_79_7_2"
"8_86_8_4","15_79_7_0 + 15_79_7_4"
"8_86_8_5","15_79_7_0 + 15_79_7_1"
"8_86_8_6","15_79_7_0 + 15_79_7_3"
"11_86_8_0","0"
"11_86_8_1","0"
"11_86_8_2","21_76_7_3"
"11_86_8_3","21_76_7_0"
"12_86_8_0","0"
"12_86_8_1","0"
"12_86_8_2","0"
"12_86_8_3","23_75_7_1"
"12_86_8_4","23_75_7_0"
"14_86_8_0","0"
"14_86_8_1","0"
"14_86_8_2","27_73_7_0"
"14_86_8_3","27_73_7_0 + 27_73_7_1"
"15_86_8_0","0"
"15_86_8_1","0"
"15_86_8_2","0"
"15_86_8_3","0"
"15_86_8_4","29_72_7"
"16_86_8_0","0"
"16_86_8_1","0"
"16_86_8_2","0"
"16_86_8_3","0"
"16_86_8_4","0"
"16_86_8_5","31_71_7_0 + 31_71_7_1 + 31_71_7_2 + 31_71_7_3"
"16_86_8_6","31_71_7_0"
"16_86_8_7","31_71_7_0 + 31_71_7_1"
"16_86_8_8","31_71_7_0 + 31_71_7_2"
"18_86_8_0","0"
"18_86_8_1","0"
"18_86_8_2","0"
"18_86_8_3","35_69_7_0 + 35_69_7_1"
"20_86_8_0","0"
"20_86_8_1","0"
"20_86_8_2","39_67_7"
"22_86_8_0","0"
"22_86_8_1","43_65_7_3"
"22_86_8_2","43_65_7_2 + 43_65_7_3"
"22_86_8_3","43_65_7_0 + 43_65_7_1 + 43_65_7_3"
"22_86_8_4","43_65_7_0"
"24_86_8_0","0"
"24_86_8_1","0"
"24_86_8_2","47_63_7_1"
"26_86_8_0","0"
"26_86_8_1","51_61_7_2"
"26_86_8_2","51_61_7_0"
"26_86_8_3","51_61_7_0 + 51_61_7_1"
"32_86_8","63_55_7"
"34_86_8","67_53_7"
"36_86_8_0","0"
"36_86_8_1","71_51_7"
"39_86_8_0","0"
"39_86_8_1","77_48_7_1"
"40_86_8_0","0"
"40_86_8_1","0"
"40_86_8_2","79_47_7"
"42_86_8_0","0"
"42_86_8_1","0"
"42_86_8_2","83_45_7"
"48_86_8_0","0"
"48_86_8_1","0"
"48_86_8_2","95_39_7"
"50_86_8_0","0"
"50_86_8_1","0"
"50_86_8_2","99_37_7_1"
"54_86_8_0","0"
"54_86_8_1","107_33_7"
"56_86_8_0","0"
"56_86_8_1","0"
"56_86_8_2","111_31_7"
"58_86_8_0","0"
"58_86_8_1","115_29_7"
"64_86_8_0","0"
"64_86_8_1","0"
"64_86_8_2","127_23_7"
"70_86_8_0","0"
"70_86_8_1","0"
"70_86_8_2","139_17_7"
"72_86_8_0","0"
"72_86_8_1","0"
"72_86_8_2","143_15_7"
"76_86_8_0","0"
"76_86_8_1","0"
"76_86_8_2","151_11_7"
"3_86_9","5_84_8"
"4_86_9_0","0"
"4_86_9_1","7_83_8_0"
"4_86_9_2","7_83_8_1"
"5_86_9","9_82_8_0"
"6_86_9_0","0"
"6_86_9_1","11_81_8_1"
"6_86_9_2","11_81_8_1 + 11_81_8_2"
"6_86_9_3","11_81_8_0"
"7_86_9_0","0"
"7_86_9_1","0"
"7_86_9_2","0"
"7_86_9_3","13_80_8_2"
"8_86_9_0","0"
"8_86_9_1","0"
"8_86_9_2","0"
"8_86_9_3","0"
"8_86_9_4","15_79_8_0 + 15_79_8_2"
"8_86_9_5","15_79_8_0 + 15_79_8_1 + 15_79_8_3 + 15_79_8_4"
"8_86_9_6","15_79_8_1 + 15_79_8_3 + 15_79_8_4"
"8_86_9_7","15_79_8_2 + 15_79_8_3"
"8_86_9_8","15_79_8_0 + 15_79_8_2 + 15_79_8_4"
"8_86_9_9","15_79_8_1 + 15_79_8_5"
"9_86_9_0","0"
"9_86_9_1","0"
"9_86_9_2","0"
"9_86_9_3","0"
"9_86_9_4","0"
"9_86_9_5","17_78_8_0"
"10_86_9_0","0"
"10_86_9_1","0"
"10_86_9_2","0"
"10_86_9_3","0"
"10_86_9_4","19_77_8_3"
"10_86_9_5","19_77_8_0 + 19_77_8_1"
"11_86_9_0","0"
"11_86_9_1","0"
"11_86_9_2","21_76_8_0"
"12_86_9_0","0"
"12_86_9_1","0"
"12_86_9_2","0"
"12_86_9_3","23_75_8_1"
"12_86_9_4","23_75_8_0"
"12_86_9_5","23_75_8_3"
"12_86_9_6","23_75_8_2"
"14_86_9_0","0"
"14_86_9_1","0"
"14_86_9_2","0"
"14_86_9_3","0"
"14_86_9_4","0"
"14_86_9_5","0"
"14_86_9_6","27_73_8_1"
"14_86_9_7","27_73_8_0 + 27_73_8_1"
"16_86_9_0","0"
"16_86_9_1","0"
"16_86_9_2","0"
"16_86_9_3","0"
"16_86_9_4","31_71_8_1"
"16_86_9_5","31_71_8_0 + 31_71_8_1"
"18_86_9_0","0"
"18_86_9_1","35_69_8_2"
"20_86_9","39_67_8"
"21_86_9_0","0"
"21_86_9_1","41_66_8"
"22_86_9_0","0"
"22_86_9_1","43_65_8_0"
"22_86_9_2","43_65_8_0 + 43_65_8_1"
"23_86_9_0","0"
"23_86_9_1","45_64_8_0"
"23_86_9_2","45_64_8_1 + 45_64_8_2"
"24_86_9_0","0"
"24_86_9_1","0"
"24_86_9_2","0"
"24_86_9_3","47_63_8_1"
"24_86_9_4","47_63_8_0"
"26_86_9_0","0"
"26_86_9_1","0"
"26_86_9_2","51_61_8_1"
"26_86_9_3","51_61_8_0 + 51_61_8_1"
"29_86_9","57_58_8"
"30_86_9_0","0"
"30_86_9_1","59_57_8_0 + 59_57_8_1"
"30_86_9_2","59_57_8_0"
"35_86_9_0","0"
"35_86_9_1","69_52_8"
"36_86_9_0","0"
"36_86_9_1","0"
"36_86_9_2","71_51_8"
"40_86_9_0","0"
"40_86_9_1","0"
"40_86_9_2","0"
"40_86_9_3","79_47_8_0"
"40_86_9_4","79_47_8_1"
"50_86_9_0","0"
"50_86_9_1","99_37_8_0 + 99_37_8_1"
"52_86_9_0","0"
"52_86_9_1","103_35_8"
"56_86_9_0","0"
"56_86_9_1","111_31_8_0 + 111_31_8_1"
"56_86_9_2","111_31_8_0"
"58_86_9_0","0"
"58_86_9_1","0"
"58_86_9_2","115_29_8"
"62_86_9_0","0"
"62_86_9_1","123_25_8"
"64_86_9_0","0"
"64_86_9_1","0"
"64_86_9_2","127_23_8"
"72_86_9_0","0"
"72_86_9_1","0"
"72_86_9_2","143_15_8"
"2_86_10","3_85_9"
"3_86_10","5_84_9"
"4_86_10_0","0"
"4_86_10_1","7_83_9_0"
"4_86_10_2","7_83_9_2"
"4_86_10_3","7_83_9_1 + 7_83_9_2"
"4_86_10_4","7_83_9_3"
"5_86_10_0","0"
"5_86_10_1","0"
"5_86_10_2","9_82_9_1"
"6_86_10_0","0"
"6_86_10_1","0"
"6_86_10_2","0"
"6_86_10_3","11_81_9_1 + 11_81_9_3"
"6_86_10_4","11_81_9_1 + 11_81_9_2 + 11_81_9_3"
"6_86_10_5","11_81_9_1 + 11_81_9_2"
"6_86_10_6","11_81_9_0 + 11_81_9_1 + 11_81_9_2"
"7_86_10_0","0"
"7_86_10_1","0"
"7_86_10_2","0"
"7_86_10_3","0"
"7_86_10_4","13_80_9_1"
"7_86_10_5","13_80_9_0"
"8_86_10_0","0"
"8_86_10_1","0"
"8_86_10_2","0"
"8_86_10_3","0"
"8_86_10_4","0"
"8_86_10_5","0"
"8_86_10_6","15_79_9_0 + 15_79_9_2"
"8_86_10_7","15_79_9_0"
"8_86_10_8","15_79_9_1"
"8_86_10_9","15_79_9_0 + 15_79_9_3"
"10_86_10_0","0"
"10_86_10_1","0"
"10_86_10_2","19_77_9_0"
"10_86_10_3","19_77_9_1"
"11_86_10_0","0"
"11_86_10_1","0"
"11_86_10_2","21_76_9_0"
"11_86_10_3","21_76_9_2"
"12_86_10_0","0"
"12_86_10_1","0"
"12_86_10_2","0"
"12_86_10_3","0"
"12_86_10_4","23_75_9_0"
"12_86_10_5","23_75_9_0 + 23_75_9_2"
"12_86_10_6","23_75_9_0 + 23_75_9_1"
"14_86_10_0","0"
"14_86_10_1","27_73_9_2"
"14_86_10_2","27_73_9_0 + 27_73_9_2"
"14_86_10_3","27_73_9_1 + 27_73_9_2"
"16_86_10_0","0"
"16_86_10_1","31_71_9_1"
"16_86_10_2","31_71_9_0 + 31_71_9_1"
"18_86_10_0","0"
"18_86_10_1","0"
"18_86_10_2","35_69_9_2"
"18_86_10_3","35_69_9_0"
"20_86_10_0","0"
"20_86_10_1","39_67_9_1"
"22_86_10_0","0"
"22_86_10_1","0"
"22_86_10_2","43_65_9_0 + 43_65_9_1"
"22_86_10_3","43_65_9_2"
"22_86_10_4","43_65_9_0"
"24_86_10_0","0"
"24_86_10_1","0"
"24_86_10_2","47_63_9_2"
"24_86_10_3","47_63_9_0 + 47_63_9_2"
"24_86_10_4","47_63_9_1"
"25_86_10_0","0"
"25_86_10_1","0"
"25_86_10_2","0"
"25_86_10_3","49_62_9"
"27_86_10_0","0"
"27_86_10_1","53_60_9_0"
"30_86_10_0","0"
"30_86_10_1","0"
"30_86_10_2","59_57_9_0"
"30_86_10_3","59_57_9_0 + 59_57_9_1"
"36_86_10_0","0"
"36_86_10_1","0"
"36_86_10_2","71_51_9"
"39_86_10_0","0"
"39_86_10_1","0"
"39_86_10_2","0"
"39_86_10_3","77_48_9_0 + 77_48_9_1"
"39_86_10_4","77_48_9_1"
"48_86_10_0","0"
"48_86_10_1","0"
"48_86_10_2","95_39_9"
"50_86_10_0","0"
"50_86_10_1","0"
"50_86_10_2","0"
"50_86_10_3","99_37_9"
"52_86_10_0","0"
"52_86_10_1","0"
"52_86_10_2","103_35_9"
"55_86_10_0","0"
"55_86_10_1","0"
"55_86_10_2","109_32_9"
"56_86_10_0","0"
"56_86_10_1","0"
"56_86_10_2","0"
"56_86_10_3","111_31_9_0 + 111_31_9_1"
"56_86_10_4","111_31_9_1"
"58_86_10_0","0"
"58_86_10_1","0"
"58_86_10_2","0"
"58_86_10_3","115_29_9"
"61_86_10_0","0"
"61_86_10_1","0"
"61_86_10_2","121_26_9"
"62_86_10_0","0"
"62_86_10_1","0"
"62_86_10_2","0"
"62_86_10_3","123_25_9"
"64_86_10_0","0"
"64_86_10_1","0"
"64_86_10_2","0"
"64_86_10_3","127_23_9_1"
"64_86_10_4","127_23_9_0"
"2_86_11","3_85_10"
"3_86_11_0","5_84_10_1"
"3_86_11_1","5_84_10_0"
"4_86_11_0","0"
"4_86_11_1","0"
"4_86_11_2","7_83_10_2"
"4_86_11_3","7_83_10_1 + 7_83_10_2"
"4_86_11_4","7_83_10_0"
"6_86_11_0","0"
"6_86_11_1","11_81_10_0 + 11_81_10_2"
"6_86_11_2","11_81_10_0"
"6_86_11_3","11_81_10_0 + 11_81_10_3"
"6_86_11_4","11_81_10_1"
"7_86_11_0","0"
"7_86_11_1","13_80_10_0 + 13_80_10_1"
"8_86_11_0","0"
"8_86_11_1","0"
"8_86_11_2","15_79_10_1 + 15_79_10_2"
"8_86_11_3","15_79_10_1"
"8_86_11_4","15_79_10_5 + 15_79_10_6"
"8_86_11_5","15_79_10_4 + 15_79_10_5 + 15_79_10_6"
"8_86_11_6","15_79_10_0 + 15_79_10_1"
"8_86_11_7","15_79_10_3"
"8_86_11_8","15_79_10_0 + 15_79_10_3 + 15_79_10_5"
"10_86_11_0","0"
"10_86_11_1","0"
"10_86_11_2","0"
"10_86_11_3","0"
"10_86_11_4","19_77_10_1"
"11_86_11_0","0"
"11_86_11_1","0"
"11_86_11_2","21_76_10_0"
"12_86_11_0","0"
"12_86_11_1","0"
"12_86_11_2","0"
"12_86_11_3","23_75_10_0"
"12_86_11_4","23_75_10_1 + 23_75_10_2 + 23_75_10_3"
"12_86_11_5","23_75_10_0 + 23_75_10_1 + 23_75_10_2"
"12_86_11_6","23_75_10_0 + 23_75_10_2 + 23_75_10_3"
"14_86_11_0","0"
"14_86_11_1","0"
"14_86_11_2","0"
"14_86_11_3","27_73_10_0 + 27_73_10_1"
"14_86_11_4","27_73_10_1"
"16_86_11_0","0"
"16_86_11_1","0"
"16_86_11_2","0"
"16_86_11_3","0"
"16_86_11_4","31_71_10_0 + 31_71_10_1"
"16_86_11_5","31_71_10_0"
"18_86_11_0","0"
"18_86_11_1","0"
"18_86_11_2","0"
"18_86_11_3","35_69_10"
"19_86_11_0","0"
"19_86_11_1","0"
"19_86_11_2","0"
"19_86_11_3","37_68_10_0"
"20_86_11_0","0"
"20_86_11_1","0"
"20_86_11_2","0"
"20_86_11_3","0"
"20_86_11_4","39_67_10_0 + 39_67_10_1"
"20_86_11_5","39_67_10_0"
"23_86_11_0","0"
"23_86_11_1","0"
"23_86_11_2","45_64_10_0"
"23_86_11_3","45_64_10_1"
"24_86_11_0","0"
"24_86_11_1","0"
"24_86_11_2","0"
"24_86_11_3","0"
"24_86_11_4","47_63_10_1"
"24_86_11_5","47_63_10_0"
"26_86_11_0","0"
"26_86_11_1","0"
"26_86_11_2","0"
"26_86_11_3","51_61_10"
"30_86_11_0","0"
"30_86_11_1","0"
"30_86_11_2","59_57_10"
"31_86_11_0","0"
"31_86_11_1","0"
"31_86_11_2","61_56_10_0"
"40_86_11_0","0"
"40_86_11_1","0"
"40_86_11_2","79_47_10"
"47_86_11_0","0"
"47_86_11_1","0"
"47_86_11_2","93_40_10"
"50_86_11_0","0"
"50_86_11_1","0"
"50_86_11_2","99_37_10"
"53_86_11_0","0"
"53_86_11_1","0"
"53_86_11_2","105_34_10"
"56_86_11_0","0"
"56_86_11_1","0"
"56_86_11_2","0"
"56_86_11_3","111_31_10_0"
"56_86_11_4","111_31_10_1"
"59_86_11_0","0"
"59_86_11_1","0"
"59_86_11_2","117_28_10"
"62_86_11_0","0"
"62_86_11_1","0"
"62_86_11_2","0"
"62_86_11_3","123_25_10"
"63_86_11_0","0"
"63_86_11_1","0"
"63_86_11_2","0"
"63_86_11_3","125_24_10"
"64_86_11_0","0"
"64_86_11_1","0"
"64_86_11_2","0"
"64_86_11_3","0"
"64_86_11_4","127_23_10"
"68_86_11_0","0"
"68_86_11_1","0"
"68_86_11_2","0"
"68_86_11_3","135_19_10"
"2_86_12_0","3_85_11_0"
"2_86_12_1","3_85_11_0 + 3_85_11_1"
"4_86_12_0","0"
"4_86_12_1","7_83_11_2"
"4_86_12_2","7_83_11_1 + 7_83_11_2"
"4_86_12_3","7_83_11_0 + 7_83_11_1"
"5_86_12_0","0"
"5_86_12_1","0"
"5_86_12_2","9_82_11"
"6_86_12_0","0"
"6_86_12_1","0"
"6_86_12_2","0"
"6_86_12_3","11_81_11_2"
"6_86_12_4","11_81_11_0 + 11_81_11_1 + 11_81_11_2"
"6_86_12_5","11_81_11_1"
"7_86_12_0","0"
"7_86_12_1","0"
"7_86_12_2","0"
"7_86_12_3","13_80_11_0 + 13_80_11_2"
"7_86_12_4","13_80_11_0"
"8_86_12_0","0"
"8_86_12_1","0"
"8_86_12_2","0"
"8_86_12_3","0"
"8_86_12_4","0"
"8_86_12_5","15_79_11_1"
"8_86_12_6","15_79_11_0"
"8_86_12_7","15_79_11_2"
"10_86_12_0","0"
"10_86_12_1","0"
"10_86_12_2","19_77_11_1"
"12_86_12_0","0"
"12_86_12_1","0"
"12_86_12_2","0"
"12_86_12_3","23_75_11_0"
"12_86_12_4","23_75_11_0 + 23_75_11_1"
"12_86_12_5","23_75_11_1 + 23_75_11_2"
"12_86_12_6","23_75_11_0 + 23_75_11_2 + 23_75_11_3"
"16_86_12_0","0"
"16_86_12_1","0"
"16_86_12_2","31_71_11"
"18_86_12_0","0"
"18_86_12_1","35_69_11_0 + 35_69_11_1"
"18_86_12_2","35_69_11_1"
"20_86_12_0","0"
"20_86_12_1","0"
"20_86_12_2","39_67_11_0"
"20_86_12_3","39_67_11_2"
"21_86_12_0","0"
"21_86_12_1","0"
"21_86_12_2","41_66_11_0"
"22_86_12_0","0"
"22_86_12_1","0"
"22_86_12_2","43_65_11_0"
"22_86_12_3","43_65_11_1"
"24_86_12_0","0"
"24_86_12_1","0"
"24_86_12_2","0"
"24_86_12_3","47_63_11_2"
"24_86_12_4","47_63_11_1 + 47_63_11_2"
"24_86_12_5","47_63_11_0"
"26_86_12_0","0"
"26_86_12_1","0"
"26_86_12_2","51_61_11_1"
"28_86_12_0","0"
"28_86_12_1","0"
"28_86_12_2","55_59_11"
"30_86_12_0","0"
"30_86_12_1","0"
"30_86_12_2","59_57_11"
"32_86_12_0","0"
"32_86_12_1","0"
"32_86_12_2","0"
"32_86_12_3","63_55_11"
"34_86_12_0","0"
"34_86_12_1","0"
"34_86_12_2","0"
"34_86_12_3","67_53_11"
"38_86_12_0","0"
"38_86_12_1","0"
"38_86_12_2","75_49_11"
"46_86_12_0","0"
"46_86_12_1","0"
"46_86_12_2","91_41_11"
"50_86_12_0","0"
"50_86_12_1","0"
"50_86_12_2","99_37_11"
"56_86_12_0","0"
"56_86_12_1","0"
"56_86_12_2","0"
"56_86_12_3","111_31_11"
"57_86_12_0","0"
"57_86_12_1","0"
"57_86_12_2","113_30_11"
"62_86_12_0","0"
"62_86_12_1","0"
"62_86_12_2","0"
"62_86_12_3","123_25_11"
"64_86_12_0","0"
"64_86_12_1","0"
"64_86_12_2","0"
"64_86_12_3","127_23_11"
"68_86_12_0","0"
"68_86_12_1","0"
"68_86_12_2","0"
"68_86_12_3","135_19_11"
"2_86_13","3_85_12"
"3_86_13_0","0"
"3_86_13_1","5_84_12_0"
"4_86_13_0","0"
"4_86_13_1","0"
"4_86_13_2","7_83_12_1"
"4_86_13_3","7_83_12_2"
"4_86_13_4","7_83_12_0 + 7_83_12_1 + 7_83_12_2"
"6_86_13_0","0"
"6_86_13_1","0"
"6_86_13_2","0"
"6_86_13_3","11_81_12"
"7_86_13_0","0"
"7_86_13_1","0"
"7_86_13_2","13_80_12_1"
"8_86_13_0","0"
"8_86_13_1","0"
"8_86_13_2","0"
"8_86_13_3","15_79_12_0"
"8_86_13_4","15_79_12_1"
"10_86_13_0","0"
"10_86_13_1","19_77_12_2"
"10_86_13_2","19_77_12_1 + 19_77_12_2 + 19_77_12_3"
"10_86_13_3","19_77_12_1"
"11_86_13_0","21_76_12_0 + 21_76_12_2"
"11_86_13_1","21_76_12_1"
"12_86_13_0","0"
"12_86_13_1","0"
"12_86_13_2","23_75_12"
"13_86_13","25_74_12_0"
"15_86_13_0","0"
"15_86_13_1","29_72_12"
"16_86_13_0","0"
"16_86_13_1","0"
"16_86_13_2","31_71_12_0"
"16_86_13_3","31_71_12_0 + 31_71_12_2"
"16_86_13_4","31_71_12_1 + 31_71_12_2"
"19_86_13_0","0"
"19_86_13_1","37_68_12_0"
"20_86_13_0","0"
"20_86_13_1","39_67_12_0"
"20_86_13_2","39_67_12_1"
"21_86_13_0","0"
"21_86_13_1","41_66_12_1"
"22_86_13_0","0"
"22_86_13_1","0"
"22_86_13_2","43_65_12_0"
"22_86_13_3","43_65_12_1"
"24_86_13_0","0"
"24_86_13_1","0"
"24_86_13_2","0"
"24_86_13_3","47_63_12"
"26_86_13_0","0"
"26_86_13_1","51_61_12"
"28_86_13_0","0"
"28_86_13_1","55_59_12"
"30_86_13_0","0"
"30_86_13_1","59_57_12"
"32_86_13_0","0"
"32_86_13_1","0"
"32_86_13_2","63_55_12"
"34_86_13_0","0"
"34_86_13_1","67_53_12"
"36_86_13_0","0"
"36_86_13_1","71_51_12"
"44_86_13_0","0"
"44_86_13_1","87_43_12"
"48_86_13_0","0"
"48_86_13_1","95_39_12"
"50_86_13_0","0"
"50_86_13_1","0"
"50_86_13_2","99_37_12"
"54_86_13_0","0"
"54_86_13_1","107_33_12"
"56_86_13_0","0"
"56_86_13_1","0"
"56_86_13_2","111_31_12"
"64_86_13_0","0"
"64_86_13_1","0"
"64_86_13_2","127_23_12"
"3_86_14_0","5_84_13_0"
"3_86_14_1","5_84_13_1"
"4_86_14_0","0"
"4_86_14_1","0"
"4_86_14_2","7_83_13_0 + 7_83_13_3"
"4_86_14_3","7_83_13_3"
"4_86_14_4","7_83_13_0 + 7_83_13_2"
"4_86_14_5","7_83_13_0 + 7_83_13_1 + 7_83_13_3"
"6_86_14_0","0"
"6_86_14_1","11_81_13_0"
"6_86_14_2","11_81_13_0 + 11_81_13_1"
"8_86_14_0","0"
"8_86_14_1","15_79_13_1"
"8_86_14_2","15_79_13_0"
"9_86_14_0","0"
"9_86_14_1","0"
"9_86_14_2","0"
"9_86_14_3","17_78_13_1"
"10_86_14_0","0"
"10_86_14_1","0"
"10_86_14_2","0"
"10_86_14_3","0"
"10_86_14_4","19_77_13_0 + 19_77_13_1"
"10_86_14_5","19_77_13_1"
"12_86_14_0","0"
"12_86_14_1","0"
"12_86_14_2","0"
"12_86_14_3","0"
"12_86_14_4","23_75_13"
"14_86_14_0","0"
"14_86_14_1","0"
"14_86_14_2","0"
"14_86_14_3","0"
"14_86_14_4","27_73_13"
"15_86_14_0","0"
"15_86_14_1","0"
"15_86_14_2","0"
"15_86_14_3","0"
"15_86_14_4","29_72_13_0"
"16_86_14_0","0"
"16_86_14_1","0"
"16_86_14_2","0"
"16_86_14_3","0"
"16_86_14_4","0"
"16_86_14_5","31_71_13_3"
"16_86_14_6","31_71_13_0 + 31_71_13_3"
"16_86_14_7","31_71_13_0 + 31_71_13_1 + 31_71_13_3"
"16_86_14_8","31_71_13_1 + 31_71_13_2 + 31_71_13_3"
"24_86_14_0","0"
"24_86_14_1","0"
"24_86_14_2","47_63_13"
"26_86_14_0","0"
"26_86_14_1","0"
"26_86_14_2","51_61_13"
"28_86_14_0","0"
"28_86_14_1","0"
"28_86_14_2","55_59_13"
"31_86_14_0","0"
"31_86_14_1","0"
"31_86_14_2","61_56_13_0"
"34_86_14_0","0"
"34_86_14_1","0"
"34_86_14_2","67_53_13_1"
"34_86_14_3","67_53_13_0"
"40_86_14_0","0"
"40_86_14_1","0"
"40_86_14_2","79_47_13_0"
"44_86_14_0","0"
"44_86_14_1","0"
"44_86_14_2","87_43_13"
"47_86_14_0","0"
"47_86_14_1","0"
"47_86_14_2","93_40_13"
"48_86_14_0","0"
"48_86_14_1","0"
"48_86_14_2","0"
"48_86_14_3","95_39_13"
"50_86_14_0","0"
"50_86_14_1","0"
"50_86_14_2","0"
"50_86_14_3","99_37_13"
"53_86_14_0","0"
"53_86_14_1","0"
"53_86_14_2","105_34_13"
"54_86_14_0","0"
"54_86_14_1","0"
"54_86_14_2","0"
"54_86_14_3","107_33_13"
"56_86_14_0","0"
"56_86_14_1","0"
"56_86_14_2","0"
"56_86_14_3","111_31_13_1"
"56_86_14_4","111_31_13_0"
"88_87_2","175_0_1"
"56_87_3","111_32_2"
"72_87_3","143_16_2"
"74_87_3","147_14_2"
"80_87_3_0","0"
"80_87_3_1","159_8_2"
"88_87_3","175_0_2"
"26_87_4","51_62_3"
"50_87_4","99_38_3"
"54_87_4","107_34_3"
"55_87_4","109_33_3"
"58_87_4","115_30_3"
"70_87_4","139_18_3"
"71_87_4","141_17_3"
"74_87_4","147_14_3"
"79_87_4","157_9_3"
"80_87_4_0","0"
"80_87_4_1","159_8_3"
"88_87_4","175_0_3"
"16_87_5","31_72_4"
"20_87_5","39_68_4_0"
"24_87_5_0","0"
"24_87_5_1","47_64_4_0"
"24_87_5_2","47_64_4_0 + 47_64_4_1"
"26_87_5_0","0"
"26_87_5_1","0"
"26_87_5_2","51_62_4"
"38_87_5_0","0"
"38_87_5_1","75_50_4"
"40_87_5_0","0"
"40_87_5_1","0"
"40_87_5_2","79_48_4"
"48_87_5_0","0"
"48_87_5_1","0"
"48_87_5_2","0"
"48_87_5_3","95_40_4_1"
"48_87_5_4","95_40_4_0"
"50_87_5_0","0"
"50_87_5_1","0"
"50_87_5_2","0"
"50_87_5_3","0"
"50_87_5_4","99_38_4_0 + 99_38_4_1"
"54_87_5_0","0"
"54_87_5_1","0"
"54_87_5_2","0"
"54_87_5_3","107_34_4"
"58_87_5_0","0"
"58_87_5_1","0"
"58_87_5_2","115_30_4"
"70_87_5_0","0"
"70_87_5_1","139_18_4_1"
"70_87_5_2","139_18_4_0 + 139_18_4_1"
"79_87_5_0","0"
"79_87_5_1","157_9_4"
"88_87_5_0","0"
"88_87_5_1","175_0_4"
"8_87_6","15_80_5"
"12_87_6","23_76_5_1"
"15_87_6_0","0"
"15_87_6_1","29_73_5_0 + 29_73_5_1"
"16_87_6_0","0"
"16_87_6_1","0"
"16_87_6_2","31_72_5_0 + 31_72_5_1"
"16_87_6_3","31_72_5_0"
"20_87_6_0","39_68_5_0"
"20_87_6_1","39_68_5_1"
"23_87_6_0","0"
"23_87_6_1","45_65_5_0"
"24_87_6_0","0"
"24_87_6_1","0"
"24_87_6_2","47_64_5_1"
"24_87_6_3","47_64_5_0"
"26_87_6_0","0"
"26_87_6_1","51_62_5_2"
"35_87_6","69_53_5"
"36_87_6_0","0"
"36_87_6_1","71_52_5"
"40_87_6_0","0"
"40_87_6_1","0"
"40_87_6_2","79_48_5"
"43_87_6_0","0"
"43_87_6_1","0"
"43_87_6_2","0"
"43_87_6_3","85_45_5_0"
"44_87_6_0","0"
"44_87_6_1","0"
"44_87_6_2","0"
"44_87_6_3","0"
"44_87_6_4","87_44_5"
"47_87_6_0","0"
"47_87_6_1","0"
"47_87_6_2","0"
"47_87_6_3","0"
"47_87_6_4","93_41_5"
"48_87_6_0","0"
"48_87_6_1","0"
"48_87_6_2","0"
"48_87_6_3","0"
"48_87_6_4","0"
"48_87_6_5","95_40_5_0"
"48_87_6_6","95_40_5_1"
"50_87_6_0","0"
"50_87_6_1","0"
"50_87_6_2","0"
"50_87_6_3","0"
"50_87_6_4","99_38_5"
"55_87_6_0","0"
"55_87_6_1","0"
"55_87_6_2","0"
"55_87_6_3","109_33_5"
"58_87_6_0","0"
"58_87_6_1","0"
"58_87_6_2","115_30_5"
"64_87_6_0","0"
"64_87_6_1","0"
"64_87_6_2","127_24_5"
"68_87_6_0","0"
"68_87_6_1","135_20_5"
"70_87_6_0","0"
"70_87_6_1","139_18_5"
"74_87_6_0","0"
"74_87_6_1","147_14_5"
"88_87_6_0","0"
"88_87_6_1","175_0_5"
"8_87_7_0","15_80_6_0 + 15_80_6_1"
"8_87_7_1","15_80_6_0"
"8_87_7_2","15_80_6_2"
"11_87_7_0","0"
"11_87_7_1","21_77_6_0 + 21_77_6_1"
"11_87_7_2","21_77_6_1"
"12_87_7_0","0"
"12_87_7_1","0"
"12_87_7_2","0"
"12_87_7_3","23_76_6_0"
"13_87_7_0","0"
"13_87_7_1","0"
"13_87_7_2","25_75_6_0"
"14_87_7_0","0"
"14_87_7_1","0"
"14_87_7_2","0"
"14_87_7_3","27_74_6_0"
"16_87_7_0","0"
"16_87_7_1","0"
"16_87_7_2","0"
"16_87_7_3","0"
"16_87_7_4","31_72_6_0"
"16_87_7_5","31_72_6_0 + 31_72_6_1"
"16_87_7_6","31_72_6_0 + 31_72_6_2"
"18_87_7_0","0"
"18_87_7_1","0"
"18_87_7_2","35_70_6_0"
"19_87_7_0","0"
"19_87_7_1","0"
"19_87_7_2","0"
"19_87_7_3","37_69_6_2"
"20_87_7_0","0"
"20_87_7_1","0"
"20_87_7_2","0"
"20_87_7_3","0"
"20_87_7_4","39_68_6_1"
"20_87_7_5","39_68_6_0 + 39_68_6_1"
"21_87_7_0","0"
"21_87_7_1","0"
"21_87_7_2","0"
"21_87_7_3","0"
"21_87_7_4","41_67_6_0"
"22_87_7_0","0"
"22_87_7_1","0"
"22_87_7_2","0"
"22_87_7_3","43_66_6_1"
"23_87_7_0","0"
"23_87_7_1","0"
"23_87_7_2","45_65_6_0"
"24_87_7_0","0"
"24_87_7_1","0"
"24_87_7_2","0"
"24_87_7_3","47_64_6_1"
"26_87_7_0","0"
"26_87_7_1","0"
"26_87_7_2","51_62_6_1"
"36_87_7_0","0"
"36_87_7_1","71_52_6"
"38_87_7_0","0"
"38_87_7_1","75_50_6"
"39_87_7_0","0"
"39_87_7_1","0"
"39_87_7_2","77_49_6"
"40_87_7_0","0"
"40_87_7_1","0"
"40_87_7_2","0"
"40_87_7_3","79_48_6"
"41_87_7_0","0"
"41_87_7_1","0"
"41_87_7_2","0"
"41_87_7_3","81_47_6"
"44_87_7_0","0"
"44_87_7_1","0"
"44_87_7_2","0"
"44_87_7_3","87_44_6"
"46_87_7_0","0"
"46_87_7_1","0"
"46_87_7_2","0"
"46_87_7_3","91_42_6"
"48_87_7_0","0"
"48_87_7_1","0"
"48_87_7_2","0"
"48_87_7_3","0"
"48_87_7_4","95_40_6_0"
"48_87_7_5","95_40_6_0 + 95_40_6_1"
"50_87_7_0","0"
"50_87_7_1","0"
"50_87_7_2","0"
"50_87_7_3","99_38_6_0"
"54_87_7_0","0"
"54_87_7_1","0"
"54_87_7_2","107_34_6"
"56_87_7_0","0"
"56_87_7_1","0"
"56_87_7_2","0"
"56_87_7_3","111_32_6"
"62_87_7_0","0"
"62_87_7_1","0"
"62_87_7_2","123_26_6"
"68_87_7_0","0"
"68_87_7_1","135_20_6"
"72_87_7_0","0"
"72_87_7_1","143_16_6"
"74_87_7_0","0"
"74_87_7_1","147_14_6"
"88_87_7_0","0"
"88_87_7_1","175_0_6"
"4_87_8","7_84_7"
"5_87_8","9_83_7_0"
"6_87_8_0","0"
"6_87_8_1","11_82_7_0 + 11_82_7_2"
"6_87_8_2","11_82_7_0"
"6_87_8_3","11_82_7_1"
"7_87_8_0","0"
"7_87_8_1","0"
"7_87_8_2","13_81_7_0"
"8_87_8_0","0"
"8_87_8_1","0"
"8_87_8_2","0"
"8_87_8_3","15_80_7_0"
"8_87_8_4","15_80_7_0 + 15_80_7_1"
"10_87_8_0","0"
"10_87_8_1","19_78_7_0"
"10_87_8_2","19_78_7_3"
"10_87_8_3","19_78_7_1"
"12_87_8_0","0"
"12_87_8_1","0"
"12_87_8_2","23_76_7_1 + 23_76_7_3"
"12_87_8_3","23_76_7_3"
"12_87_8_4","23_76_7_2"
"12_87_8_5","23_76_7_1 + 23_76_7_2 + 23_76_7_3 + 23_76_7_4"
"12_87_8_6","23_76_7_0 + 23_76_7_3"
"12_87_8_7","23_76_7_2 + 23_76_7_4 + 23_76_7_5"
"13_87_8_0","0"
"13_87_8_1","0"
"13_87_8_2","0"
"13_87_8_3","0"
"13_87_8_4","0"
"13_87_8_5","25_75_7_1"
"14_87_8_0","0"
"14_87_8_1","0"
"14_87_8_2","0"
"14_87_8_3","0"
"14_87_8_4","0"
"14_87_8_5","27_74_7"
"16_87_8_0","0"
"16_87_8_1","0"
"16_87_8_2","0"
"16_87_8_3","31_72_7"
"18_87_8_0","35_70_7_1"
"18_87_8_1","35_70_7_1 + 35_70_7_2"
"19_87_8_0","0"
"19_87_8_1","37_69_7_0"
"20_87_8_0","0"
"20_87_8_1","39_68_7_2"
"20_87_8_2","39_68_7_0 + 39_68_7_2"
"21_87_8_0","0"
"21_87_8_1","41_67_7"
"22_87_8_0","0"
"22_87_8_1","0"
"22_87_8_2","43_66_7_0"
"23_87_8_0","0"
"23_87_8_1","0"
"23_87_8_2","45_65_7_0"
"24_87_8_0","0"
"24_87_8_1","0"
"24_87_8_2","0"
"24_87_8_3","47_64_7_2"
"24_87_8_4","47_64_7_1"
"24_87_8_5","47_64_7_0"
"26_87_8_0","0"
"26_87_8_1","0"
"26_87_8_2","0"
"26_87_8_3","51_62_7"
"30_87_8","59_58_7"
"35_87_8","69_53_7"
"37_87_8_0","0"
"37_87_8_1","73_51_7"
"40_87_8_0","0"
"40_87_8_1","0"
"40_87_8_2","79_48_7_1"
"40_87_8_3","79_48_7_0"
"46_87_8_0","0"
"46_87_8_1","91_42_7"
"47_87_8_0","0"
"47_87_8_1","93_41_7"
"50_87_8","99_38_7"
"51_87_8","101_37_7_0"
"55_87_8","109_33_7"
"56_87_8_0","0"
"56_87_8_1","111_32_7"
"58_87_8_0","0"
"58_87_8_1","115_30_7"
"71_87_8","141_17_7"
"72_87_8_0","0"
"72_87_8_1","143_16_7"
"88_87_8","175_0_7"
"4_87_9_0","7_84_8_1"
"4_87_9_1","7_84_8_1 + 7_84_8_2"
"4_87_9_2","7_84_8_0 + 7_84_8_1"
"5_87_9_0","0"
"5_87_9_1","9_83_8_2"
"6_87_9_0","0"
"6_87_9_1","11_82_8_0 + 11_82_8_4"
"6_87_9_2","11_82_8_3"
"6_87_9_3","11_82_8_4"
"6_87_9_4","11_82_8_4 + 11_82_8_5"
"6_87_9_5","11_82_8_0 + 11_82_8_2 + 11_82_8_3 + 11_82_8_4"
"6_87_9_6","11_82_8_0 + 11_82_8_1 + 11_82_8_3"
"7_87_9_0","0"
"7_87_9_1","0"
"7_87_9_2","0"
"7_87_9_3","13_81_8_0"
"8_87_9_0","0"
"8_87_9_1","0"
"8_87_9_2","0"
"8_87_9_3","0"
"8_87_9_4","15_80_8_1"
"8_87_9_5","15_80_8_0 + 15_80_8_1"
"10_87_9_0","0"
"10_87_9_1","0"
"10_87_9_2","19_78_8_0 + 19_78_8_2 + 19_78_8_3 + 19_78_8_4"
"10_87_9_3","19_78_8_0"
"10_87_9_4","19_78_8_3"
"10_87_9_5","19_78_8_3 + 19_78_8_4"
"11_87_9_0","0"
"11_87_9_1","0"
"11_87_9_2","0"
"11_87_9_3","0"
"11_87_9_4","21_77_8_2"
"12_87_9_0","0"
"12_87_9_1","0"
"12_87_9_2","0"
"12_87_9_3","0"
"12_87_9_4","0"
"12_87_9_5","23_76_8_2"
"12_87_9_6","23_76_8_0 + 23_76_8_1 + 23_76_8_2"
"12_87_9_7","23_76_8_0"
"16_87_9_0","0"
"16_87_9_1","31_72_8_1 + 31_72_8_2"
"16_87_9_2","31_72_8_1"
"16_87_9_3","31_72_8_0 + 31_72_8_1"
"18_87_9_0","0"
"18_87_9_1","0"
"18_87_9_2","0"
"18_87_9_3","0"
"18_87_9_4","35_70_8_0"
"19_87_9_0","0"
"19_87_9_1","0"
"19_87_9_2","0"
"19_87_9_3","37_69_8_1"
"20_87_9_0","0"
"20_87_9_1","0"
"20_87_9_2","0"
"20_87_9_3","0"
"20_87_9_4","39_68_8_0"
"20_87_9_5","39_68_8_0 + 39_68_8_2"
"21_87_9_0","0"
"21_87_9_1","0"
"21_87_9_2","0"
"21_87_9_3","0"
"21_87_9_4","41_67_8"
"22_87_9_0","0"
"22_87_9_1","0"
"22_87_9_2","0"
"22_87_9_3","0"
"22_87_9_4","0"
"22_87_9_5","43_66_8"
"24_87_9_0","0"
"24_87_9_1","0"
"24_87_9_2","0"
"24_87_9_3","47_64_8_1 + 47_64_8_2 + 47_64_8_3"
"24_87_9_4","47_64_8_3"
"24_87_9_5","47_64_8_0 + 47_64_8_1 + 47_64_8_2 + 47_64_8_3"
"26_87_9_0","0"
"26_87_9_1","51_62_8_1 + 51_62_8_2"
"28_87_9_0","0"
"28_87_9_1","55_60_8"
"30_87_9_0","0"
"30_87_9_1","59_58_8"
"34_87_9_0","0"
"34_87_9_1","67_54_8"
"36_87_9_0","0"
"36_87_9_1","0"
"36_87_9_2","71_52_8"
"37_87_9_0","0"
"37_87_9_1","0"
"37_87_9_2","0"
"37_87_9_3","73_51_8"
"40_87_9_0","0"
"40_87_9_1","0"
"40_87_9_2","0"
"40_87_9_3","0"
"40_87_9_4","79_48_8"
"46_87_9_0","0"
"46_87_9_1","0"
"46_87_9_2","91_42_8"
"48_87_9_0","0"
"48_87_9_1","0"
"48_87_9_2","95_40_8"
"50_87_9_0","0"
"50_87_9_1","0"
"50_87_9_2","99_38_8"
"54_87_9_0","0"
"54_87_9_1","107_34_8"
"56_87_9_0","0"
"56_87_9_1","0"
"56_87_9_2","111_32_8"
"58_87_9_0","0"
"58_87_9_1","0"
"58_87_9_2","115_30_8"
"62_87_9_0","0"
"62_87_9_1","123_26_8"
"71_87_9_0","0"
"71_87_9_1","141_17_8"
"88_87_9_0","0"
"88_87_9_1","175_0_8"
"2_87_10","3_86_9"
"3_87_10_0","5_85_9_0"
"3_87_10_1","5_85_9_0 + 5_85_9_1 + 5_85_9_2"
"4_87_10_0","0"
"4_87_10_1","0"
"4_87_10_2","7_84_9_1 + 7_84_9_2"
"4_87_10_3","7_84_9_2"
"4_87_10_4","7_84_9_0"
"6_87_10_0","0"
"6_87_10_1","11_82_9_1"
"6_87_10_2","11_82_9_2 + 11_82_9_3"
"6_87_10_3","11_82_9_1 + 11_82_9_2"
"8_87_10_0","15_80_9_1 + 15_80_9_3"
"8_87_10_1","15_80_9_1"
"8_87_10_2","15_80_9_1 + 15_80_9_2"
"8_87_10_3","15_80_9_2 + 15_80_9_3 + 15_80_9_5"
"8_87_10_4","15_80_9_3 + 15_80_9_6"
"8_87_10_5","15_80_9_0 + 15_80_9_1"
"8_87_10_6","15_80_9_4"
"9_87_10_0","0"
"9_87_10_1","0"
"9_87_10_2","0"
"9_87_10_3","0"
"9_87_10_4","17_79_9_0"
"10_87_10_0","0"
"10_87_10_1","0"
"10_87_10_2","0"
"10_87_10_3","0"
"10_87_10_4","19_78_9_2"
"10_87_10_5","19_78_9_1 + 19_78_9_2"
"11_87_10_0","0"
"11_87_10_1","0"
"11_87_10_2","0"
"11_87_10_3","21_77_9_0"
"12_87_10_0","0"
"12_87_10_1","0"
"12_87_10_2","0"
"12_87_10_3","23_76_9_0"
"12_87_10_4","23_76_9_2"
"12_87_10_5","23_76_9_0 + 23_76_9_2 + 23_76_9_3"
"12_87_10_6","23_76_9_1 + 23_76_9_3"
"13_87_10_0","0"
"13_87_10_1","0"
"13_87_10_2","0"
"13_87_10_3","25_75_9_0"
"14_87_10_0","0"
"14_87_10_1","0"
"14_87_10_2","0"
"14_87_10_3","0"
"14_87_10_4","27_74_9_1 + 27_74_9_2"
"14_87_10_5","27_74_9_0"
"15_87_10_0","0"
"15_87_10_1","0"
"15_87_10_2","0"
"15_87_10_3","0"
"15_87_10_4","29_73_9_0"
"16_87_10_0","0"
"16_87_10_1","0"
"16_87_10_2","0"
"16_87_10_3","0"
"16_87_10_4","0"
"16_87_10_5","31_72_9_1"
"16_87_10_6","31_72_9_0"
"16_87_10_7","31_72_9_0 + 31_72_9_1 + 31_72_9_2"
"18_87_10_0","0"
"18_87_10_1","0"
"18_87_10_2","0"
"18_87_10_3","35_70_9"
"19_87_10_0","0"
"19_87_10_1","0"
"19_87_10_2","0"
"19_87_10_3","0"
"19_87_10_4","37_69_9_0"
"20_87_10_0","0"
"20_87_10_1","0"
"20_87_10_2","0"
"20_87_10_3","0"
"20_87_10_4","39_68_9_0"
"20_87_10_5","39_68_9_1"
"23_87_10_0","0"
"23_87_10_1","0"
"23_87_10_2","0"
"23_87_10_3","45_65_9_0"
"24_87_10_0","0"
"24_87_10_1","0"
"24_87_10_2","0"
"24_87_10_3","0"
"24_87_10_4","47_64_9_1"
"24_87_10_5","47_64_9_0"
"26_87_10_0","0"
"26_87_10_1","0"
"26_87_10_2","51_62_9"
"28_87_10_0","0"
"28_87_10_1","55_60_9_0"
"31_87_10_0","0"
"31_87_10_1","61_57_9_1"
"32_87_10_0","0"
"32_87_10_1","0"
"32_87_10_2","63_56_9"
"34_87_10_0","0"
"34_87_10_1","0"
"34_87_10_2","0"
"34_87_10_3","67_54_9"
"35_87_10_0","0"
"35_87_10_1","0"
"35_87_10_2","0"
"35_87_10_3","69_53_9"
"40_87_10_0","0"
"40_87_10_1","0"
"40_87_10_2","0"
"40_87_10_3","79_48_9_0"
"40_87_10_4","79_48_9_1"
"46_87_10_0","0"
"46_87_10_1","91_42_9"
"50_87_10_0","0"
"50_87_10_1","99_38_9"
"53_87_10_0","0"
"53_87_10_1","105_35_9"
"54_87_10_0","0"
"54_87_10_1","0"
"54_87_10_2","107_34_9"
"56_87_10_0","0"
"56_87_10_1","0"
"56_87_10_2","111_32_9"
"58_87_10_0","0"
"58_87_10_1","115_30_9"
"60_87_10_0","0"
"60_87_10_1","119_28_9"
"62_87_10_0","0"
"62_87_10_1","123_26_9"
"66_87_10_0","0"
"66_87_10_1","131_22_9"
"88_87_10_0","0"
"88_87_10_1","175_0_9"
"2_87_11","3_86_10"
"4_87_11_0","7_84_10_0 + 7_84_10_3"
"4_87_11_1","7_84_10_3"
"4_87_11_2","7_84_10_0 + 7_84_10_2"
"4_87_11_3","7_84_10_0 + 7_84_10_1"
"4_87_11_4","7_84_10_0 + 7_84_10_1 + 7_84_10_2 + 7_84_10_4"
"5_87_11_0","0"
"5_87_11_1","9_83_10_0"
"5_87_11_2","9_83_10_1 + 9_83_10_4"
"5_87_11_3","9_83_10_0 + 9_83_10_4"
"6_87_11_0","0"
"6_87_11_1","0"
"6_87_11_2","0"
"6_87_11_3","0"
"6_87_11_4","11_82_10_0 + 11_82_10_1"
"6_87_11_5","11_82_10_0"
"6_87_11_6","11_82_10_0 + 11_82_10_1 + 11_82_10_2"
"7_87_11_0","0"
"7_87_11_1","0"
"7_87_11_2","0"
"7_87_11_3","0"
"7_87_11_4","0"
"7_87_11_5","13_81_10_4"
"7_87_11_6","13_81_10_0 + 13_81_10_4"
"8_87_11_0","0"
"8_87_11_1","0"
"8_87_11_2","0"
"8_87_11_3","0"
"8_87_11_4","0"
"8_87_11_5","0"
"8_87_11_6","0"
"8_87_11_7","15_80_10_0 + 15_80_10_2"
"8_87_11_8","15_80_10_2"
"8_87_11_9","15_80_10_0 + 15_80_10_1"
"10_87_11_0","0"
"10_87_11_1","0"
"10_87_11_2","0"
"10_87_11_3","19_78_10_0"
"11_87_11_0","0"
"11_87_11_1","0"
"11_87_11_2","0"
"11_87_11_3","21_77_10"
"12_87_11_0","0"
"12_87_11_1","0"
"12_87_11_2","0"
"12_87_11_3","0"
"12_87_11_4","23_76_10_0 + 23_76_10_2"
"12_87_11_5","23_76_10_0"
"12_87_11_6","23_76_10_0 + 23_76_10_1"
"14_87_11_0","0"
"14_87_11_1","0"
"14_87_11_2","0"
"14_87_11_3","27_74_10_2"
"14_87_11_4","27_74_10_0 + 27_74_10_2 + 27_74_10_3"
"14_87_11_5","27_74_10_3"
"16_87_11_0","0"
"16_87_11_1","0"
"16_87_11_2","0"
"16_87_11_3","31_72_10_1"
"16_87_11_4","31_72_10_0"
"20_87_11_0","0"
"20_87_11_1","39_68_10_1"
"20_87_11_2","39_68_10_2"
"20_87_11_3","39_68_10_0"
"22_87_11","43_66_10_1"
"24_87_11_0","0"
"24_87_11_1","47_64_10_2"
"24_87_11_2","47_64_10_0"
"24_87_11_3","47_64_10_0 + 47_64_10_1"
"26_87_11_0","0"
"26_87_11_1","0"
"26_87_11_2","51_62_10_2"
"28_87_11_0","0"
"28_87_11_1","0"
"28_87_11_2","55_60_10"
"31_87_11_0","0"
"31_87_11_1","0"
"31_87_11_2","61_57_10"
"32_87_11_0","0"
"32_87_11_1","0"
"32_87_11_2","0"
"32_87_11_3","63_56_10_0"
"32_87_11_4","63_56_10_1"
"34_87_11_0","0"
"34_87_11_1","0"
"34_87_11_2","0"
"34_87_11_3","0"
"34_87_11_4","67_54_10_0"
"44_87_11_0","0"
"44_87_11_1","87_44_10"
"48_87_11_0","0"
"48_87_11_1","95_40_10"
"51_87_11_0","0"
"51_87_11_1","101_37_10"
"54_87_11_0","0"
"54_87_11_1","0"
"54_87_11_2","107_34_10"
"58_87_11_0","0"
"58_87_11_1","115_30_10"
"60_87_11_0","0"
"60_87_11_1","119_28_10"
"64_87_11_0","0"
"64_87_11_1","127_24_10"
"66_87_11_0","0"
"66_87_11_1","131_22_10"
"88_87_11_0","0"
"88_87_11_1","175_0_10"
"2_87_12_0","3_86_11_1"
"2_87_12_1","3_86_11_0 + 3_86_11_1"
"3_87_12_0","5_85_11_0 + 5_85_11_2"
"3_87_12_1","5_85_11_1 + 5_85_11_2"
"3_87_12_2","5_85_11_2"
"4_87_12_0","0"
"4_87_12_1","0"
"4_87_12_2","0"
"4_87_12_3","7_84_11_0 + 7_84_11_2"
"4_87_12_4","7_84_11_0 + 7_84_11_1"
"4_87_12_5","7_84_11_1"
"4_87_12_6","7_84_11_1 + 7_84_11_3"
"5_87_12_0","0"
"5_87_12_1","0"
"5_87_12_2","0"
"5_87_12_3","0"
"5_87_12_4","9_83_11_1"
"6_87_12_0","0"
"6_87_12_1","0"
"6_87_12_2","0"
"6_87_12_3","0"
"6_87_12_4","11_82_11_0"
"6_87_12_5","11_82_11_0 + 11_82_11_1"
"7_87_12_0","0"
"7_87_12_1","0"
"7_87_12_2","13_81_11_0"
"8_87_12_0","0"
"8_87_12_1","0"
"8_87_12_2","0"
"8_87_12_3","15_80_11_0 + 15_80_11_1"
"8_87_12_4","15_80_11_0 + 15_80_11_2"
"8_87_12_5","15_80_11_0"
"10_87_12_0","0"
"10_87_12_1","0"
"10_87_12_2","19_78_11_1"
"10_87_12_3","19_78_11_0 + 19_78_11_2"
"10_87_12_4","19_78_11_0"
"12_87_12_0","0"
"12_87_12_1","0"
"12_87_12_2","0"
"12_87_12_3","23_76_11_0"
"12_87_12_4","23_76_11_0 + 23_76_11_1"
"13_87_12_0","0"
"13_87_12_1","25_75_11_0"
"14_87_12_0","0"
"14_87_12_1","0"
"14_87_12_2","27_74_11"
"15_87_12_0","0"
"15_87_12_1","29_73_11"
"16_87_12_0","0"
"16_87_12_1","0"
"16_87_12_2","31_72_11"
"20_87_12_0","39_68_11_0 + 39_68_11_1"
"20_87_12_1","39_68_11_2"
"21_87_12","41_67_11_1"
"22_87_12_0","0"
"22_87_12_1","43_66_11_0 + 43_66_11_1"
"22_87_12_2","43_66_11_0"
"22_87_12_3","43_66_11_0 + 43_66_11_2"
"23_87_12_0","0"
"23_87_12_1","45_65_11_0 + 45_65_11_1"
"24_87_12_0","0"
"24_87_12_1","0"
"24_87_12_2","47_64_11"
"26_87_12_0","0"
"26_87_12_1","51_62_11_1"
"26_87_12_2","51_62_11_0 + 51_62_11_1"
"27_87_12_0","0"
"27_87_12_1","53_61_11_0"
"28_87_12_0","0"
"28_87_12_1","0"
"28_87_12_2","55_60_11_1"
"28_87_12_3","55_60_11_0"
"31_87_12_0","0"
"31_87_12_1","0"
"31_87_12_2","61_57_11"
"32_87_12_0","0"
"32_87_12_1","0"
"32_87_12_2","0"
"32_87_12_3","63_56_11"
"34_87_12_0","0"
"34_87_12_1","0"
"34_87_12_2","67_54_11_0 + 67_54_11_1"
"36_87_12_0","0"
"36_87_12_1","71_52_11"
"42_87_12_0","0"
"42_87_12_1","83_46_11"
"47_87_12_0","0"
"47_87_12_1","93_41_11"
"48_87_12_0","0"
"48_87_12_1","0"
"48_87_12_2","95_40_11"
"58_87_12_0","0"
"58_87_12_1","115_30_11"
"63_87_12_0","0"
"63_87_12_1","125_25_11"
"64_87_12_0","0"
"64_87_12_1","0"
"64_87_12_2","127_24_11"
"88_87_12_0","0"
"88_87_12_1","175_0_11"
"2_87_13","3_86_12"
"3_87_13_0","0"
"3_87_13_1","5_85_12_0 + 5_85_12_1"
"3_87_13_2","5_85_12_0"
"4_87_13_0","0"
"4_87_13_1","0"
"4_87_13_2","0"
"4_87_13_3","7_84_12_0"
"4_87_13_4","7_84_12_2"
"4_87_13_5","7_84_12_0 + 7_84_12_1"
"6_87_13_0","11_82_12_1"
"6_87_13_1","11_82_12_0"
"8_87_13_0","0"
"8_87_13_1","15_80_12_0 + 15_80_12_2"
"8_87_13_2","15_80_12_0"
"8_87_13_3","15_80_12_1 + 15_80_12_2"
"10_87_13_0","0"
"10_87_13_1","0"
"10_87_13_2","19_78_12"
"11_87_13_0","0"
"11_87_13_1","0"
"11_87_13_2","21_77_12_0"
"12_87_13_0","0"
"12_87_13_1","0"
"12_87_13_2","0"
"12_87_13_3","23_76_12"
"14_87_13_0","0"
"14_87_13_1","0"
"14_87_13_2","0"
"14_87_13_3","27_74_12_0"
"14_87_13_4","27_74_12_0 + 27_74_12_1"
"16_87_13_0","0"
"16_87_13_1","0"
"16_87_13_2","0"
"16_87_13_3","31_72_12_0"
"16_87_13_4","31_72_12_1"
"18_87_13_0","0"
"18_87_13_1","0"
"18_87_13_2","35_70_12_1"
"20_87_13_0","0"
"20_87_13_1","0"
"20_87_13_2","39_68_12_0"
"20_87_13_3","39_68_12_0 + 39_68_12_1"
"22_87_13_0","0"
"22_87_13_1","0"
"22_87_13_2","43_66_12_2"
"22_87_13_3","43_66_12_1 + 43_66_12_2"
"23_87_13_0","0"
"23_87_13_1","0"
"23_87_13_2","45_65_12_0 + 45_65_12_1"
"26_87_13_0","0"
"26_87_13_1","0"
"26_87_13_2","0"
"26_87_13_3","51_62_12_0"
"26_87_13_4","51_62_12_1"
"28_87_13_0","0"
"28_87_13_1","0"
"28_87_13_2","0"
"28_87_13_3","55_60_12_1"
"28_87_13_4","55_60_12_0"
"29_87_13_0","0"
"29_87_13_1","0"
"29_87_13_2","0"
"29_87_13_3","57_59_12"
"32_87_13_0","0"
"32_87_13_1","0"
"32_87_13_2","0"
"32_87_13_3","0"
"32_87_13_4","63_56_12"
"34_87_13_0","0"
"34_87_13_1","0"
"34_87_13_2","0"
"34_87_13_3","67_54_12_0 + 67_54_12_1"
"34_87_13_4","67_54_12_0"
"40_87_13_0","0"
"40_87_13_1","0"
"40_87_13_2","79_48_12"
"46_87_13_0","0"
"46_87_13_1","0"
"46_87_13_2","91_42_12"
"48_87_13_0","0"
"48_87_13_1","0"
"48_87_13_2","0"
"48_87_13_3","95_40_12"
"54_87_13_0","0"
"54_87_13_1","0"
"54_87_13_2","107_34_12"
"63_87_13_0","0"
"63_87_13_1","0"
"63_87_13_2","125_25_12"
"88_87_13_0","0"
"88_87_13_1","0"
"88_87_13_2","175_0_12"
"88_88_2","175_1_1"
"58_88_3","115_31_2"
"74_88_3","147_15_2"
"82_88_3","163_7_2"
"86_88_3","171_3_2"
"87_88_3","173_2_2"
"24_88_4","47_65_3"
"44_88_4","87_45_3"
"48_88_4_0","0"
"48_88_4_1","95_41_3"
"56_88_4_0","0"
"56_88_4_1","111_33_3"
"58_88_4_0","0"
"58_88_4_1","115_31_3_1"
"70_88_4","139_19_3"
"72_88_4_0","0"
"72_88_4_1","143_17_3"
"74_88_4_0","0"
"74_88_4_1","147_15_3"
"80_88_4_0","0"
"80_88_4_1","159_9_3"
"82_88_4_0","0"
"82_88_4_1","163_7_3"
"86_88_4","171_3_3"
"20_88_5","39_69_4"
"24_88_5_0","0"
"24_88_5_1","47_65_4_0 + 47_65_4_1"
"24_88_5_2","47_65_4_1"
"28_88_5","55_61_4_1"
"39_88_5","77_50_4"
"41_88_5_0","0"
"41_88_5_1","81_48_4"
"44_88_5_0","0"
"44_88_5_1","0"
"44_88_5_2","87_45_4"
"48_88_5_0","0"
"48_88_5_1","0"
"48_88_5_2","95_41_4"
"55_88_5_0","0"
"55_88_5_1","109_34_4"
"58_88_5_0","0"
"58_88_5_1","115_31_4"
"71_88_5","141_18_4_1"
"72_88_5_0","0"
"72_88_5_1","143_17_4"
"74_88_5_0","0"
"74_88_5_1","147_15_4"
"80_88_5_0","0"
"80_88_5_1","159_9_4"
"82_88_5","163_7_4"
"8_88_6","15_81_5"
"12_88_6","23_77_5"
"14_88_6_0","0"
"14_88_6_1","27_75_5"
"16_88_6_0","0"
"16_88_6_1","0"
"16_88_6_2","31_73_5"
"19_88_6_0","0"
"19_88_6_1","37_70_5"
"20_88_6_0","0"
"20_88_6_1","0"
"20_88_6_2","39_69_5_0"
"20_88_6_3","39_69_5_0 + 39_69_5_1"
"24_88_6_0","0"
"24_88_6_1","0"
"24_88_6_2","47_65_5_0"
"24_88_6_3","47_65_5_1"
"27_88_6","53_62_5_0"
"36_88_6","71_53_5"
"37_88_6_0","0"
"37_88_6_1","73_52_5"
"40_88_6_0","0"
"40_88_6_1","0"
"40_88_6_2","79_49_5"
"42_88_6_0","0"
"42_88_6_1","0"
"42_88_6_2","0"
"42_88_6_3","83_47_5"
"44_88_6_0","0"
"44_88_6_1","0"
"44_88_6_2","0"
"44_88_6_3","0"
"44_88_6_4","87_45_5_0"
"48_88_6_0","0"
"48_88_6_1","0"
"48_88_6_2","0"
"48_88_6_3","95_41_5"
"54_88_6","107_35_5"
"56_88_6_0","0"
"56_88_6_1","111_33_5"
"58_88_6","115_31_5_1"
"68_88_6","135_21_5"
"71_88_6","141_18_5"
"72_88_6_0","0"
"72_88_6_1","143_17_5"
"74_88_6_0","0"
"74_88_6_1","147_15_5_0 + 147_15_5_1"
"78_88_6","155_11_5"
"80_88_6_0","0"
"80_88_6_1","159_9_5"
"6_88_7","11_83_6"
"8_88_7_0","0"
"8_88_7_1","15_81_6"
"10_88_7_0","19_79_6_0"
"10_88_7_1","19_79_6_2"
"12_88_7_0","0"
"12_88_7_1","0"
"12_88_7_2","23_77_6_3"
"12_88_7_3","23_77_6_1"
"12_88_7_4","23_77_6_0"
"12_88_7_5","23_77_6_2"
"14_88_7_0","0"
"14_88_7_1","0"
"14_88_7_2","27_75_6_0"
"18_88_7_0","35_71_6_2"
"18_88_7_1","35_71_6_0"
"19_88_7_0","0"
"19_88_7_1","37_70_6_1"
"20_88_7_0","0"
"20_88_7_1","0"
"20_88_7_2","39_69_6_1"
"20_88_7_3","39_69_6_0"
"22_88_7_0","0"
"22_88_7_1","0"
"22_88_7_2","43_67_6_1"
"22_88_7_3","43_67_6_0"
"24_88_7_0","0"
"24_88_7_1","0"
"24_88_7_2","47_65_6_1 + 47_65_6_2"
"24_88_7_3","47_65_6_2"
"24_88_7_4","47_65_6_0"
"35_88_7","69_54_6"
"37_88_7_0","0"
"37_88_7_1","73_52_6"
"38_88_7_0","0"
"38_88_7_1","0"
"38_88_7_2","75_51_6"
"39_88_7_0","0"
"39_88_7_1","0"
"39_88_7_2","77_50_6"
"40_88_7_0","0"
"40_88_7_1","0"
"40_88_7_2","0"
"40_88_7_3","79_49_6"
"42_88_7_0","0"
"42_88_7_1","0"
"42_88_7_2","83_47_6"
"44_88_7_0","0"
"44_88_7_1","0"
"44_88_7_2","87_45_6"
"51_88_7","101_38_6_0"
"52_88_7_0","0"
"52_88_7_1","103_37_6"
"55_88_7_0","0"
"55_88_7_1","109_34_6"
"58_88_7_0","0"
"58_88_7_1","115_31_6"
"66_88_7","131_23_6"
"69_88_7","137_20_6"
"72_88_7_0","0"
"72_88_7_1","143_17_6"
"74_88_7_0","0"
"74_88_7_1","147_15_6"
"78_88_7","155_11_6"
"79_88_7","157_10_6"
"4_88_8","7_85_7"
"6_88_8_0","11_83_7_0"
"6_88_8_1","11_83_7_0 + 11_83_7_4"
"6_88_8_2","11_83_7_2 + 11_83_7_4"
"6_88_8_3","11_83_7_0 + 11_83_7_3 + 11_83_7_4"
"7_88_8_0","0"
"7_88_8_1","13_82_7_0"
"8_88_8_0","0"
"8_88_8_1","0"
"8_88_8_2","15_81_7_1"
"8_88_8_3","15_81_7_0"
"10_88_8_0","0"
"10_88_8_1","0"
"10_88_8_2","19_79_7_2 + 19_79_7_3"
"10_88_8_3","19_79_7_2"
"10_88_8_4","19_79_7_0 + 19_79_7_2"
"11_88_8_0","0"
"11_88_8_1","0"
"11_88_8_2","21_78_7_2"
"11_88_8_3","21_78_7_1"
"12_88_8_0","0"
"12_88_8_1","0"
"12_88_8_2","0"
"12_88_8_3","23_77_7_2"
"12_88_8_4","23_77_7_1"
"12_88_8_5","23_77_7_0 + 23_77_7_1"
"13_88_8_0","0"
"13_88_8_1","0"
"13_88_8_2","0"
"13_88_8_3","25_76_7_1"
"16_88_8_0","0"
"16_88_8_1","0"
"16_88_8_2","31_73_7_0"
"16_88_8_3","31_73_7_0 + 31_73_7_1"
"18_88_8_0","0"
"18_88_8_1","0"
"18_88_8_2","0"
"18_88_8_3","0"
"18_88_8_4","35_71_7_0"
"18_88_8_5","35_71_7_1"
"19_88_8_0","0"
"19_88_8_1","0"
"19_88_8_2","0"
"19_88_8_3","0"
"19_88_8_4","37_70_7_0"
"20_88_8_0","0"
"20_88_8_1","0"
"20_88_8_2","0"
"20_88_8_3","0"
"20_88_8_4","39_69_7_0"
"20_88_8_5","39_69_7_1"
"21_88_8_0","0"
"21_88_8_1","0"
"21_88_8_2","0"
"21_88_8_3","41_68_7_0"
"22_88_8_0","0"
"22_88_8_1","0"
"22_88_8_2","0"
"22_88_8_3","43_67_7_0"
"22_88_8_4","43_67_7_1"
"24_88_8_0","0"
"24_88_8_1","0"
"24_88_8_2","0"
"24_88_8_3","47_65_7_2"
"24_88_8_4","47_65_7_0"
"28_88_8_0","0"
"28_88_8_1","0"
"28_88_8_2","55_61_7_0"
"28_88_8_3","55_61_7_0 + 55_61_7_1"
"32_88_8_0","0"
"32_88_8_1","0"
"32_88_8_2","63_57_7"
"34_88_8_0","0"
"34_88_8_1","0"
"34_88_8_2","0"
"34_88_8_3","67_55_7"
"36_88_8_0","0"
"36_88_8_1","0"
"36_88_8_2","0"
"36_88_8_3","0"
"36_88_8_4","71_53_7"
"38_88_8_0","0"
"38_88_8_1","0"
"38_88_8_2","0"
"38_88_8_3","0"
"38_88_8_4","0"
"38_88_8_5","75_51_7"
"42_88_8_0","0"
"42_88_8_1","0"
"42_88_8_2","0"
"42_88_8_3","0"
"42_88_8_4","83_47_7"
"44_88_8_0","0"
"44_88_8_1","0"
"44_88_8_2","0"
"44_88_8_3","0"
"44_88_8_4","87_45_7"
"48_88_8_0","0"
"48_88_8_1","0"
"48_88_8_2","0"
"48_88_8_3","0"
"48_88_8_4","95_41_7"
"52_88_8_0","0"
"52_88_8_1","0"
"52_88_8_2","0"
"52_88_8_3","103_37_7_1"
"52_88_8_4","103_37_7_0 + 103_37_7_1"
"56_88_8_0","0"
"56_88_8_1","0"
"56_88_8_2","0"
"56_88_8_3","111_33_7"
"58_88_8_0","0"
"58_88_8_1","0"
"58_88_8_2","0"
"58_88_8_3","115_31_7"
"66_88_8_0","0"
"66_88_8_1","0"
"66_88_8_2","131_23_7"
"72_88_8_0","0"
"72_88_8_1","0"
"72_88_8_2","0"
"72_88_8_3","143_17_7"
"74_88_8_0","0"
"74_88_8_1","0"
"74_88_8_2","147_15_7"
"78_88_8_0","0"
"78_88_8_1","0"
"78_88_8_2","155_11_7"
"3_88_9","5_86_8_0"
"4_88_9_0","0"
"4_88_9_1","7_85_8_0"
"4_88_9_2","7_85_8_0 + 7_85_8_1"
"6_88_9_0","11_83_8_0"
"6_88_9_1","11_83_8_0 + 11_83_8_2"
"6_88_9_2","11_83_8_1 + 11_83_8_2"
"7_88_9_0","13_82_8_3"
"7_88_9_1","13_82_8_1 + 13_82_8_3"
"8_88_9_0","0"
"8_88_9_1","0"
"8_88_9_2","15_81_8_1 + 15_81_8_3"
"8_88_9_3","15_81_8_2"
"8_88_9_4","15_81_8_1"
"8_88_9_5","15_81_8_0"
"10_88_9_0","0"
"10_88_9_1","0"
"10_88_9_2","0"
"10_88_9_3","19_79_8_1"
"10_88_9_4","19_79_8_1 + 19_79_8_3 + 19_79_8_4"
"10_88_9_5","19_79_8_0 + 19_79_8_1 + 19_79_8_3 + 19_79_8_4"
"10_88_9_6","19_79_8_0 + 19_79_8_2"
"11_88_9_0","0"
"11_88_9_1","0"
"11_88_9_2","0"
"11_88_9_3","21_78_8_0 + 21_78_8_1"
"11_88_9_4","21_78_8_0"
"12_88_9_0","0"
"12_88_9_1","0"
"12_88_9_2","0"
"12_88_9_3","0"
"12_88_9_4","0"
"12_88_9_5","23_77_8_0 + 23_77_8_1"
"12_88_9_6","23_77_8_3"
"12_88_9_7","23_77_8_2 + 23_77_8_3"
"14_88_9_0","0"
"14_88_9_1","0"
"14_88_9_2","27_75_8_1 + 27_75_8_2 + 27_75_8_3"
"14_88_9_3","27_75_8_2"
"14_88_9_4","27_75_8_1 + 27_75_8_2"
"14_88_9_5","27_75_8_0 + 27_75_8_1 + 27_75_8_3"
"16_88_9_0","0"
"16_88_9_1","0"
"16_88_9_2","0"
"16_88_9_3","31_73_8_1"
"16_88_9_4","31_73_8_0 + 31_73_8_1"
"19_88_9_0","0"
"19_88_9_1","0"
"19_88_9_2","37_70_8"
"20_88_9_0","0"
"20_88_9_1","0"
"20_88_9_2","0"
"20_88_9_3","39_69_8_1"
"22_88_9_0","0"
"22_88_9_1","0"
"22_88_9_2","0"
"22_88_9_3","43_67_8_1"
"22_88_9_4","43_67_8_0"
"23_88_9_0","0"
"23_88_9_1","0"
"23_88_9_2","0"
"23_88_9_3","45_66_8"
"24_88_9_0","0"
"24_88_9_1","0"
"24_88_9_2","0"
"24_88_9_3","0"
"24_88_9_4","47_65_8"
"26_88_9_0","0"
"26_88_9_1","0"
"26_88_9_2","51_63_8"
"27_88_9_0","0"
"27_88_9_1","53_62_8_0 + 53_62_8_1"
"28_88_9_0","0"
"28_88_9_1","0"
"28_88_9_2","55_61_8"
"31_88_9_0","0"
"31_88_9_1","0"
"31_88_9_2","61_58_8"
"32_88_9_0","0"
"32_88_9_1","0"
"32_88_9_2","0"
"32_88_9_3","63_57_8_0 + 63_57_8_1"
"32_88_9_4","63_57_8_0"
"38_88_9_0","0"
"38_88_9_1","0"
"38_88_9_2","0"
"38_88_9_3","0"
"38_88_9_4","75_51_8"
"47_88_9_0","0"
"47_88_9_1","0"
"47_88_9_2","0"
"47_88_9_3","93_42_8"
"52_88_9_0","0"
"52_88_9_1","0"
"52_88_9_2","103_37_8_0 + 103_37_8_1"
"52_88_9_3","103_37_8_0"
"54_88_9_0","0"
"54_88_9_1","0"
"54_88_9_2","0"
"54_88_9_3","107_35_8"
"58_88_9_0","0"
"58_88_9_1","0"
"58_88_9_2","115_31_8_0 + 115_31_8_1"
"60_88_9_0","0"
"60_88_9_1","0"
"60_88_9_2","119_29_8"
"64_88_9_0","0"
"64_88_9_1","0"
"64_88_9_2","127_25_8"
"66_88_9_0","0"
"66_88_9_1","0"
"66_88_9_2","0"
"66_88_9_3","131_23_8"
"72_88_9_0","0"
"72_88_9_1","0"
"72_88_9_2","0"
"72_88_9_3","143_17_8"
"74_88_9_0","0"
"74_88_9_1","0"
"74_88_9_2","147_15_8"
"4_88_10_0","7_85_9_3"
"4_88_10_1","7_85_9_0 + 7_85_9_3"
"4_88_10_2","7_85_9_0 + 7_85_9_4"
"4_88_10_3","7_85_9_1 + 7_85_9_2"
"4_88_10_4","7_85_9_0 + 7_85_9_1 + 7_85_9_3"
"5_88_10_0","0"
"5_88_10_1","0"
"5_88_10_2","9_84_9_0"
"6_88_10_0","0"
"6_88_10_1","11_83_9_0 + 11_83_9_3"
"6_88_10_2","11_83_9_3"
"6_88_10_3","11_83_9_1 + 11_83_9_3"
"6_88_10_4","11_83_9_0 + 11_83_9_2"
"7_88_10_0","0"
"7_88_10_1","0"
"7_88_10_2","0"
"7_88_10_3","13_82_9_0"
"8_88_10_0","0"
"8_88_10_1","0"
"8_88_10_2","0"
"8_88_10_3","0"
"8_88_10_4","15_81_9_1 + 15_81_9_2"
"8_88_10_5","15_81_9_1 + 15_81_9_2 + 15_81_9_3"
"8_88_10_6","15_81_9_1 + 15_81_9_3"
"8_88_10_7","15_81_9_3 + 15_81_9_4"
"8_88_10_8","15_81_9_0 + 15_81_9_2"
"10_88_10_0","0"
"10_88_10_1","0"
"10_88_10_2","19_79_9_0"
"11_88_10_0","0"
"11_88_10_1","0"
"11_88_10_2","21_78_9_1"
"12_88_10_0","0"
"12_88_10_1","0"
"12_88_10_2","0"
"12_88_10_3","23_77_9_0"
"12_88_10_4","23_77_9_1"
"12_88_10_5","23_77_9_1 + 23_77_9_2"
"13_88_10_0","0"
"13_88_10_1","0"
"13_88_10_2","0"
"13_88_10_3","25_76_9_0"
"14_88_10_0","0"
"14_88_10_1","0"
"14_88_10_2","0"
"14_88_10_3","27_75_9_0"
"14_88_10_4","27_75_9_2"
"16_88_10_0","0"
"16_88_10_1","31_73_9_0 + 31_73_9_1"
"16_88_10_2","31_73_9_1"
"19_88_10","37_70_9"
"20_88_10_0","0"
"20_88_10_1","39_69_9_0"
"20_88_10_2","39_69_9_0 + 39_69_9_1"
"22_88_10","43_67_9_2"
"24_88_10_0","47_65_9_0 + 47_65_9_1"
"24_88_10_1","47_65_9_1"
"26_88_10_0","0"
"26_88_10_1","51_63_9_0"
"26_88_10_2","51_63_9_0 + 51_63_9_2"
"26_88_10_3","51_63_9_0 + 51_63_9_1"
"28_88_10_0","0"
"28_88_10_1","55_61_9"
"29_88_10_0","0"
"29_88_10_1","0"
"29_88_10_2","57_60_9_0"
"32_88_10_0","0"
"32_88_10_1","0"
"32_88_10_2","0"
"32_88_10_3","63_57_9_0"
"32_88_10_4","63_57_9_1"
"36_88_10_0","0"
"36_88_10_1","0"
"36_88_10_2","71_53_9"
"44_88_10_0","0"
"44_88_10_1","87_45_9"
"51_88_10_0","0"
"51_88_10_1","101_38_9"
"52_88_10_0","0"
"52_88_10_1","0"
"52_88_10_2","103_37_9"
"54_88_10_0","0"
"54_88_10_1","107_35_9"
"58_88_10_0","0"
"58_88_10_1","115_31_9_0"
"58_88_10_2","115_31_9_1"
"60_88_10_0","0"
"60_88_10_1","119_29_9"
"63_88_10_0","0"
"63_88_10_1","125_26_9"
"64_88_10_0","0"
"64_88_10_1","0"
"64_88_10_2","127_25_9"
"66_88_10_0","0"
"66_88_10_1","0"
"66_88_10_2","131_23_9_1"
"70_88_10_0","0"
"70_88_10_1","139_19_9"
"72_88_10_0","0"
"72_88_10_1","0"
"72_88_10_2","143_17_9"
"2_88_11_0","3_87_10_0"
"2_88_11_1","3_87_10_0 + 3_87_10_1"
"3_88_11","5_86_10_0"
"4_88_11_0","0"
"4_88_11_1","7_85_10_1 + 7_85_10_3"
"4_88_11_2","7_85_10_4"
"4_88_11_3","7_85_10_1"
"4_88_11_4","7_85_10_1 + 7_85_10_2"
"4_88_11_5","7_85_10_0 + 7_85_10_1 + 7_85_10_3"
"5_88_11_0","0"
"5_88_11_1","0"
"5_88_11_2","9_84_10_0"
"6_88_11_0","0"
"6_88_11_1","0"
"6_88_11_2","11_83_10_1 + 11_83_10_3"
"6_88_11_3","11_83_10_3"
"6_88_11_4","11_83_10_1 + 11_83_10_4"
"6_88_11_5","11_83_10_0 + 11_83_10_3"
"8_88_11_0","0"
"8_88_11_1","0"
"8_88_11_2","15_81_10_0"
"8_88_11_3","15_81_10_2 + 15_81_10_3"
"8_88_11_4","15_81_10_0 + 15_81_10_2"
"8_88_11_5","15_81_10_2 + 15_81_10_4"
"8_88_11_6","15_81_10_0 + 15_81_10_1 + 15_81_10_2 + 15_81_10_3"
"10_88_11_0","0"
"10_88_11_1","0"
"10_88_11_2","19_79_10_1"
"10_88_11_3","19_79_10_0"
"11_88_11_0","0"
"11_88_11_1","0"
"11_88_11_2","0"
"11_88_11_3","21_78_10_1"
"12_88_11_0","0"
"12_88_11_1","0"
"12_88_11_2","0"
"12_88_11_3","0"
"12_88_11_4","23_77_10_0 + 23_77_10_1"
"12_88_11_5","23_77_10_0"
"14_88_11_0","0"
"14_88_11_1","27_75_10_1"
"14_88_11_2","27_75_10_0 + 27_75_10_1"
"16_88_11_0","0"
"16_88_11_1","31_73_10"
"18_88_11","35_71_10"
"19_88_11","37_70_10"
"21_88_11","41_68_10_0"
"22_88_11_0","0"
"22_88_11_1","43_67_10_1"
"22_88_11_2","43_67_10_0 + 43_67_10_1"
"24_88_11_0","0"
"24_88_11_1","47_65_10"
"25_88_11_0","0"
"25_88_11_1","49_64_10_0"
"26_88_11_0","0"
"26_88_11_1","0"
"26_88_11_2","51_63_10_1"
"26_88_11_3","51_63_10_0 + 51_63_10_1"
"27_88_11_0","0"
"27_88_11_1","0"
"27_88_11_2","0"
"27_88_11_3","53_62_10_0"
"28_88_11_0","0"
"28_88_11_1","0"
"28_88_11_2","0"
"28_88_11_3","0"
"28_88_11_4","55_61_10"
"32_88_11_0","0"
"32_88_11_1","0"
"32_88_11_2","0"
"32_88_11_3","63_57_10"
"35_88_11_0","0"
"35_88_11_1","69_54_10_0"
"42_88_11_0","0"
"42_88_11_1","83_47_10"
"48_88_11_0","0"
"48_88_11_1","95_41_10"
"52_88_11_0","0"
"52_88_11_1","103_37_10"
"58_88_11_0","0"
"58_88_11_1","115_31_10_0"
"58_88_11_2","115_31_10_1"
"61_88_11_0","0"
"61_88_11_1","121_28_10"
"64_88_11_0","0"
"64_88_11_1","0"
"64_88_11_2","127_25_10"
"66_88_11_0","0"
"66_88_11_1","0"
"66_88_11_2","131_23_10"
"70_88_11_0","0"
"70_88_11_1","139_19_10"
"71_88_11_0","0"
"71_88_11_1","141_18_10"
"3_88_12_0","5_86_11_0"
"3_88_12_1","5_86_11_0 + 5_86_11_1"
"4_88_12_0","0"
"4_88_12_1","0"
"4_88_12_2","7_85_11_1"
"4_88_12_3","7_85_11_1 + 7_85_11_4"
"4_88_12_4","7_85_11_1 + 7_85_11_3 + 7_85_11_4"
"4_88_12_5","7_85_11_0 + 7_85_11_2"
"4_88_12_6","7_85_11_0"
"6_88_12_0","11_83_11_2"
"6_88_12_1","11_83_11_1"
"6_88_12_2","11_83_11_0 + 11_83_11_2"
"7_88_12_0","0"
"7_88_12_1","13_82_11_0 + 13_82_11_1 + 13_82_11_2"
"7_88_12_2","13_82_11_0"
"8_88_12_0","0"
"8_88_12_1","0"
"8_88_12_2","0"
"8_88_12_3","15_81_11_0"
"8_88_12_4","15_81_11_0 + 15_81_11_1"
"10_88_12_0","0"
"10_88_12_1","0"
"10_88_12_2","19_79_11_0"
"11_88_12_0","0"
"11_88_12_1","0"
"11_88_12_2","21_78_11_0"
"12_88_12_0","0"
"12_88_12_1","0"
"12_88_12_2","23_77_11_1 + 23_77_11_2"
"12_88_12_3","23_77_11_0 + 23_77_11_1 + 23_77_11_2"
"12_88_12_4","23_77_11_2"
"14_88_12_0","0"
"14_88_12_1","0"
"14_88_12_2","0"
"14_88_12_3","27_75_11_0 + 27_75_11_1 + 27_75_11_2"
"14_88_12_4","27_75_11_0 + 27_75_11_2"
"14_88_12_5","27_75_11_0 + 27_75_11_1"
"16_88_12_0","0"
"16_88_12_1","0"
"16_88_12_2","0"
"16_88_12_3","31_73_11"
"18_88_12_0","0"
"18_88_12_1","0"
"18_88_12_2","0"
"18_88_12_3","35_71_11_1"
"20_88_12_0","0"
"20_88_12_1","0"
"20_88_12_2","39_69_11_0 + 39_69_11_1"
"20_88_12_3","39_69_11_1"
"22_88_12_0","0"
"22_88_12_1","0"
"22_88_12_2","0"
"22_88_12_3","43_67_11_0"
"22_88_12_4","43_67_11_0 + 43_67_11_1"
"23_88_12_0","0"
"23_88_12_1","0"
"23_88_12_2","0"
"23_88_12_3","0"
"23_88_12_4","45_66_11_0"
"24_88_12_0","0"
"24_88_12_1","0"
"24_88_12_2","0"
"24_88_12_3","0"
"24_88_12_4","0"
"24_88_12_5","47_65_11_0"
"24_88_12_6","47_65_11_1"
"26_88_12_0","0"
"26_88_12_1","0"
"26_88_12_2","0"
"26_88_12_3","0"
"26_88_12_4","0"
"26_88_12_5","51_63_11_1 + 51_63_11_2"
"26_88_12_6","51_63_11_2"
"26_88_12_7","51_63_11_0 + 51_63_11_1 + 51_63_11_2"
"28_88_12_0","0"
"28_88_12_1","0"
"28_88_12_2","0"
"28_88_12_3","0"
"28_88_12_4","0"
"28_88_12_5","55_61_11_1"
"28_88_12_6","55_61_11_0"
"30_88_12_0","0"
"30_88_12_1","0"
"30_88_12_2","0"
"30_88_12_3","0"
"30_88_12_4","0"
"30_88_12_5","0"
"30_88_12_6","59_59_11"
"32_88_12_0","0"
"32_88_12_1","0"
"32_88_12_2","0"
"32_88_12_3","0"
"32_88_12_4","0"
"32_88_12_5","0"
"32_88_12_6","63_57_11"
"36_88_12_0","0"
"36_88_12_1","0"
"36_88_12_2","0"
"36_88_12_3","71_53_11"
"40_88_12_0","0"
"40_88_12_1","0"
"40_88_12_2","0"
"40_88_12_3","79_49_11"
"46_88_12_0","0"
"46_88_12_1","0"
"46_88_12_2","0"
"46_88_12_3","91_43_11"
"48_88_12_0","0"
"48_88_12_1","0"
"48_88_12_2","0"
"48_88_12_3","0"
"48_88_12_4","95_41_11"
"58_88_12_0","0"
"58_88_12_1","0"
"58_88_12_2","0"
"58_88_12_3","115_31_11"
"59_88_12_0","0"
"59_88_12_1","0"
"59_88_12_2","0"
"59_88_12_3","117_30_11"
"64_88_12_0","0"
"64_88_12_1","0"
"64_88_12_2","0"
"64_88_12_3","0"
"64_88_12_4","127_25_11"
"66_88_12_0","0"
"66_88_12_1","0"
"66_88_12_2","0"
"66_88_12_3","131_23_11"
"70_88_12_0","0"
"70_88_12_1","0"
"70_88_12_2","0"
"70_88_12_3","139_19_11"
"90_89_2","179_0_1"
"56_89_3","111_34_2"
"72_89_3","143_18_2"
"76_89_3","151_14_2"
"88_89_3","175_2_2"
"90_89_3","179_0_2"
"28_89_4","55_62_3"
"30_89_4","59_60_3"
"52_89_4","103_38_3"
"53_89_4","105_37_3"
"56_89_4_0","0"
"56_89_4_1","111_34_3"
"60_89_4","119_30_3"
"69_89_4","137_21_3"
"71_89_4_0","0"
"71_89_4_1","141_19_3"
"72_89_4_0","0"
"72_89_4_1","0"
"72_89_4_2","143_18_3"
"76_89_4_0","0"
"76_89_4_1","151_14_3"
"87_89_4","173_3_3"
"90_89_4","179_0_3"
"20_89_5","39_70_4"
"24_89_5_0","0"
"24_89_5_1","47_66_4"
"28_89_5_0","55_62_4_0"
"28_89_5_1","55_62_4_1"
"40_89_5","79_50_4"
"42_89_5_0","0"
"42_89_5_1","83_48_4"
"51_89_5","101_39_4"
"52_89_5_0","0"
"52_89_5_1","103_38_4_0 + 103_38_4_1"
"56_89_5_0","0"
"56_89_5_1","111_34_4"
"60_89_5","119_30_4"
"67_89_5","133_23_4"
"68_89_5_0","0"
"68_89_5_1","135_22_4"
"72_89_5_0","0"
"72_89_5_1","0"
"72_89_5_2","143_18_4_1"
"72_89_5_3","143_18_4_0"
"90_89_5","179_0_4"
"12_89_6","23_78_5"
"18_89_6","35_72_5"
"19_89_6","37_71_5_0"
"20_89_6_0","0"
"20_89_6_1","39_70_5_1"
"20_89_6_2","39_70_5_0"
"22_89_6_0","43_68_5_0"
"22_89_6_1","43_68_5_0 + 43_68_5_1"
"24_89_6_0","0"
"24_89_6_1","47_66_5"
"26_89_6","51_64_5_1"
"28_89_6_0","0"
"28_89_6_1","55_62_5_2"
"28_89_6_2","55_62_5_0 + 55_62_5_2"
"37_89_6","73_53_5"
"38_89_6_0","0"
"38_89_6_1","75_52_5"
"46_89_6","91_44_5"
"50_89_6_0","99_40_5_0"
"50_89_6_1","99_40_5_1"
"51_89_6_0","0"
"51_89_6_1","101_39_5"
"52_89_6_0","0"
"52_89_6_1","0"
"52_89_6_2","103_38_5"
"55_89_6_0","0"
"55_89_6_1","109_35_5"
"60_89_6","119_30_5"
"66_89_6","131_24_5"
"69_89_6_0","0"
"69_89_6_1","137_21_5"
"70_89_6_0","0"
"70_89_6_1","0"
"70_89_6_2","139_20_5"
"72_89_6_0","0"
"72_89_6_1","0"
"72_89_6_2","143_18_5"
"76_89_6","151_14_5"
"90_89_6","179_0_5"
"8_89_7_0","15_82_6_0"
"8_89_7_1","15_82_6_1"
"10_89_7_0","0"
"10_89_7_1","0"
"10_89_7_2","19_80_6_1 + 19_80_6_2"
"14_89_7_0","0"
"14_89_7_1","27_76_6_0"
"15_89_7","29_75_6"
"16_89_7_0","0"
"16_89_7_1","31_74_6_1"
"16_89_7_2","31_74_6_0"
"18_89_7_0","0"
"18_89_7_1","0"
"18_89_7_2","0"
"18_89_7_3","35_72_6"
"19_89_7_0","0"
"19_89_7_1","0"
"19_89_7_2","0"
"19_89_7_3","37_71_6_0"
"20_89_7_0","0"
"20_89_7_1","0"
"20_89_7_2","0"
"20_89_7_3","39_70_6_1"
"22_89_7_0","0"
"22_89_7_1","0"
"22_89_7_2","43_68_6_1"
"23_89_7_0","0"
"23_89_7_1","45_67_6_0"
"24_89_7_0","0"
"24_89_7_1","47_66_6_1"
"24_89_7_2","47_66_6_0"
"26_89_7_0","0"
"26_89_7_1","0"
"26_89_7_2","51_64_6_1"
"26_89_7_3","51_64_6_0"
"27_89_7_0","0"
"27_89_7_1","0"
"27_89_7_2","53_63_6"
"28_89_7_0","0"
"28_89_7_1","0"
"28_89_7_2","0"
"28_89_7_3","55_62_6_1"
"32_89_7_0","0"
"32_89_7_1","63_58_6"
"36_89_7_0","0"
"36_89_7_1","0"
"36_89_7_2","71_54_6"
"38_89_7_0","0"
"38_89_7_1","0"
"38_89_7_2","0"
"38_89_7_3","75_52_6"
"40_89_7_0","0"
"40_89_7_1","0"
"40_89_7_2","0"
"40_89_7_3","79_50_6"
"42_89_7_0","0"
"42_89_7_1","0"
"42_89_7_2","0"
"42_89_7_3","83_48_6"
"44_89_7_0","0"
"44_89_7_1","0"
"44_89_7_2","0"
"44_89_7_3","87_46_6"
"46_89_7_0","0"
"46_89_7_1","0"
"46_89_7_2","91_44_6"
"48_89_7_0","0"
"48_89_7_1","0"
"48_89_7_2","95_42_6"
"50_89_7_0","0"
"50_89_7_1","0"
"50_89_7_2","0"
"50_89_7_3","99_40_6_0"
"52_89_7_0","0"
"52_89_7_1","0"
"52_89_7_2","0"
"52_89_7_3","103_38_6_0"
"56_89_7_0","0"
"56_89_7_1","0"
"56_89_7_2","111_34_6"
"64_89_7_0","0"
"64_89_7_1","127_26_6"
"67_89_7_0","0"
"67_89_7_1","0"
"67_89_7_2","133_23_6"
"70_89_7_0","0"
"70_89_7_1","0"
"70_89_7_2","139_20_6"
"76_89_7_0","0"
"76_89_7_1","151_14_6"
"80_89_7_0","0"
"80_89_7_1","159_10_6"
"90_89_7_0","0"
"90_89_7_1","179_0_6"
"4_89_8","7_86_7"
"7_89_8_0","13_83_7_3"
"7_89_8_1","13_83_7_1 + 13_83_7_2 + 13_83_7_3"
"8_89_8_0","0"
"8_89_8_1","0"
"8_89_8_2","15_82_7_0"
"8_89_8_3","15_82_7_0 + 15_82_7_2"
"8_89_8_4","15_82_7_1 + 15_82_7_4"
"8_89_8_5","15_82_7_1 + 15_82_7_3 + 15_82_7_4"
"8_89_8_6","15_82_7_0 + 15_82_7_2 + 15_82_7_3 + 15_82_7_4"
"9_89_8_0","0"
"9_89_8_1","0"
"9_89_8_2","17_81_7_0"
"10_89_8_0","0"
"10_89_8_1","0"
"10_89_8_2","0"
"10_89_8_3","19_80_7_0 + 19_80_7_1"
"12_89_8_0","0"
"12_89_8_1","0"
"12_89_8_2","23_78_7_0"
"12_89_8_3","23_78_7_1"
"12_89_8_4","23_78_7_0 + 23_78_7_2"
"12_89_8_5","23_78_7_1 + 23_78_7_3"
"14_89_8_0","0"
"14_89_8_1","0"
"14_89_8_2","27_76_7_1"
"14_89_8_3","27_76_7_3"
"14_89_8_4","27_76_7_2"
"18_89_8","35_72_7"
"19_89_8_0","0"
"19_89_8_1","37_71_7"
"20_89_8_0","0"
"20_89_8_1","39_70_7_1"
"20_89_8_2","39_70_7_2"
"20_89_8_3","39_70_7_0 + 39_70_7_1"
"22_89_8_0","0"
"22_89_8_1","43_68_7_2"
"22_89_8_2","43_68_7_2 + 43_68_7_3"
"22_89_8_3","43_68_7_0 + 43_68_7_2"
"22_89_8_4","43_68_7_1"
"24_89_8_0","0"
"24_89_8_1","0"
"24_89_8_2","0"
"24_89_8_3","0"
"24_89_8_4","47_66_7_0"
"24_89_8_5","47_66_7_0 + 47_66_7_1"
"26_89_8_0","0"
"26_89_8_1","0"
"26_89_8_2","0"
"26_89_8_3","51_64_7_1"
"28_89_8_0","0"
"28_89_8_1","0"
"28_89_8_2","0"
"28_89_8_3","55_62_7"
"29_89_8_0","0"
"29_89_8_1","0"
"29_89_8_2","57_61_7_0"
"30_89_8_0","0"
"30_89_8_1","59_60_7"
"32_89_8_0","0"
"32_89_8_1","0"
"32_89_8_2","63_58_7"
"35_89_8_0","0"
"35_89_8_1","0"
"35_89_8_2","69_55_7"
"37_89_8_0","0"
"37_89_8_1","0"
"37_89_8_2","73_53_7"
"42_89_8_0","0"
"42_89_8_1","0"
"42_89_8_2","83_48_7_1"
"43_89_8_0","0"
"43_89_8_1","0"
"43_89_8_2","85_47_7"
"44_89_8_0","0"
"44_89_8_1","0"
"44_89_8_2","0"
"44_89_8_3","87_46_7"
"45_89_8_0","0"
"45_89_8_1","0"
"45_89_8_2","0"
"45_89_8_3","89_45_7"
"48_89_8_0","0"
"48_89_8_1","0"
"48_89_8_2","0"
"48_89_8_3","95_42_7"
"52_89_8_0","0"
"52_89_8_1","0"
"52_89_8_2","103_38_7"
"53_89_8_0","0"
"53_89_8_1","0"
"53_89_8_2","105_37_7_0"
"58_89_8_0","0"
"58_89_8_1","0"
"58_89_8_2","115_32_7"
"60_89_8_0","0"
"60_89_8_1","0"
"60_89_8_2","119_30_7"
"64_89_8_0","0"
"64_89_8_1","0"
"64_89_8_2","127_26_7"
"79_89_8_0","0"
"79_89_8_1","157_11_7"
"90_89_8_0","0"
"90_89_8_1","179_0_7"
"3_89_9","5_87_8"
"4_89_9_0","0"
"4_89_9_1","7_86_8_0"
"4_89_9_2","7_86_8_0 + 7_86_8_1"
"6_89_9_0","11_84_8_3"
"6_89_9_1","11_84_8_0"
"7_89_9_0","0"
"7_89_9_1","13_83_8_0"
"8_89_9_0","0"
"8_89_9_1","0"
"8_89_9_2","15_82_8_3"
"8_89_9_3","15_82_8_0 + 15_82_8_3"
"8_89_9_4","15_82_8_0 + 15_82_8_2 + 15_82_8_4"
"8_89_9_5","15_82_8_4 + 15_82_8_5"
"8_89_9_6","15_82_8_3 + 15_82_8_4"
"8_89_9_7","15_82_8_1 + 15_82_8_2 + 15_82_8_4"
"10_89_9_0","0"
"10_89_9_1","0"
"10_89_9_2","0"
"10_89_9_3","19_80_8_0 + 19_80_8_1"
"10_89_9_4","19_80_8_1 + 19_80_8_2"
"11_89_9_0","0"
"11_89_9_1","0"
"11_89_9_2","0"
"11_89_9_3","0"
"11_89_9_4","21_79_8_1"
"12_89_9_0","0"
"12_89_9_1","0"
"12_89_9_2","0"
"12_89_9_3","0"
"12_89_9_4","23_78_8_2 + 23_78_8_3"
"12_89_9_5","23_78_8_0"
"12_89_9_6","23_78_8_0 + 23_78_8_2"
"12_89_9_7","23_78_8_1 + 23_78_8_2"
"14_89_9_0","0"
"14_89_9_1","0"
"14_89_9_2","27_76_8_2"
"14_89_9_3","27_76_8_0 + 27_76_8_1 + 27_76_8_2"
"14_89_9_4","27_76_8_1"
"16_89_9_0","0"
"16_89_9_1","31_74_8"
"18_89_9_0","0"
"18_89_9_1","0"
"18_89_9_2","35_72_8_2"
"18_89_9_3","35_72_8_0"
"20_89_9_0","0"
"20_89_9_1","0"
"20_89_9_2","0"
"20_89_9_3","39_70_8_1"
"20_89_9_4","39_70_8_0"
"22_89_9_0","0"
"22_89_9_1","0"
"22_89_9_2","0"
"22_89_9_3","0"
"22_89_9_4","43_68_8_0"
"22_89_9_5","43_68_8_0 + 43_68_8_2"
"23_89_9_0","0"
"23_89_9_1","0"
"23_89_9_2","0"
"23_89_9_3","45_67_8_0"
"24_89_9_0","0"
"24_89_9_1","0"
"24_89_9_2","0"
"24_89_9_3","0"
"24_89_9_4","47_66_8"
"26_89_9_0","0"
"26_89_9_1","0"
"26_89_9_2","51_64_8_1 + 51_64_8_2"
"26_89_9_3","51_64_8_0 + 51_64_8_1 + 51_64_8_2"
"26_89_9_4","51_64_8_1"
"28_89_9_0","0"
"28_89_9_1","55_62_8_1 + 55_62_8_2"
"28_89_9_2","55_62_8_0 + 55_62_8_1"
"29_89_9_0","0"
"29_89_9_1","0"
"29_89_9_2","57_61_8"
"30_89_9_0","0"
"30_89_9_1","0"
"30_89_9_2","0"
"30_89_9_3","59_60_8"
"32_89_9_0","0"
"32_89_9_1","0"
"32_89_9_2","0"
"32_89_9_3","63_58_8"
"38_89_9_0","0"
"38_89_9_1","0"
"38_89_9_2","75_52_8"
"42_89_9_0","0"
"42_89_9_1","0"
"42_89_9_2","0"
"42_89_9_3","83_48_8"
"43_89_9_0","0"
"43_89_9_1","0"
"43_89_9_2","85_47_8_0"
"43_89_9_3","85_47_8_0 + 85_47_8_1"
"48_89_9_0","0"
"48_89_9_1","0"
"48_89_9_2","0"
"48_89_9_3","95_42_8"
"52_89_9_0","0"
"52_89_9_1","0"
"52_89_9_2","103_38_8"
"56_89_9_0","0"
"56_89_9_1","0"
"56_89_9_2","111_34_8"
"58_89_9_0","0"
"58_89_9_1","0"
"58_89_9_2","115_32_8"
"60_89_9_0","0"
"60_89_9_1","0"
"60_89_9_2","119_30_8"
"62_89_9_0","0"
"62_89_9_1","123_28_8"
"64_89_9_0","0"
"64_89_9_1","0"
"64_89_9_2","127_26_8"
"90_89_9_0","0"
"90_89_9_1","179_0_8"
"2_89_10","3_88_9"
"4_89_10_0","7_86_9_3"
"4_89_10_1","7_86_9_0 + 7_86_9_3"
"4_89_10_2","7_86_9_1"
"4_89_10_3","7_86_9_2"
"5_89_10_0","0"
"5_89_10_1","9_85_9_0"
"5_89_10_2","9_85_9_1"
"6_89_10_0","0"
"6_89_10_1","0"
"6_89_10_2","11_84_9_1"
"6_89_10_3","11_84_9_2"
"6_89_10_4","11_84_9_1 + 11_84_9_4"
"6_89_10_5","11_84_9_0 + 11_84_9_2"
"7_89_10_0","0"
"7_89_10_1","0"
"7_89_10_2","0"
"7_89_10_3","13_83_9_2 + 13_83_9_3"
"8_89_10_0","0"
"8_89_10_1","0"
"8_89_10_2","0"
"8_89_10_3","0"
"8_89_10_4","15_82_9_2"
"8_89_10_5","15_82_9_1"
"8_89_10_6","15_82_9_1 + 15_82_9_3"
"8_89_10_7","15_82_9_1 + 15_82_9_4"
"8_89_10_8","15_82_9_0 + 15_82_9_1 + 15_82_9_2"
"10_89_10_0","0"
"10_89_10_1","0"
"10_89_10_2","19_80_9_1"
"10_89_10_3","19_80_9_3"
"10_89_10_4","19_80_9_2"
"11_89_10_0","0"
"11_89_10_1","0"
"11_89_10_2","0"
"11_89_10_3","21_79_9_0"
"12_89_10_0","0"
"12_89_10_1","0"
"12_89_10_2","0"
"12_89_10_3","0"
"12_89_10_4","23_78_9_2"
"12_89_10_5","23_78_9_1"
"12_89_10_6","23_78_9_0 + 23_78_9_1 + 23_78_9_2"
"13_89_10_0","0"
"13_89_10_1","0"
"13_89_10_2","0"
"13_89_10_3","25_77_9_0"
"14_89_10_0","0"
"14_89_10_1","0"
"14_89_10_2","27_76_9_0"
"15_89_10_0","0"
"15_89_10_1","0"
"15_89_10_2","29_75_9_0"
"16_89_10_0","0"
"16_89_10_1","0"
"16_89_10_2","0"
"16_89_10_3","31_74_9"
"18_89_10_0","0"
"18_89_10_1","0"
"18_89_10_2","0"
"18_89_10_3","35_72_9"
"19_89_10_0","0"
"19_89_10_1","0"
"19_89_10_2","0"
"19_89_10_3","37_71_9_1"
"20_89_10_0","0"
"20_89_10_1","0"
"20_89_10_2","0"
"20_89_10_3","0"
"20_89_10_4","39_70_9"
"21_89_10_0","0"
"21_89_10_1","0"
"21_89_10_2","0"
"21_89_10_3","41_69_9_0"
"22_89_10_0","0"
"22_89_10_1","0"
"22_89_10_2","0"
"22_89_10_3","43_68_9_0"
"22_89_10_4","43_68_9_1"
"23_89_10_0","0"
"23_89_10_1","0"
"23_89_10_2","45_67_9_0"
"25_89_10_0","0"
"25_89_10_1","0"
"25_89_10_2","49_65_9_0 + 49_65_9_1"
"26_89_10_0","0"
"26_89_10_1","0"
"26_89_10_2","0"
"26_89_10_3","51_64_9"
"27_89_10_0","0"
"27_89_10_1","0"
"27_89_10_2","53_63_9_1"
"27_89_10_3","53_63_9_0 + 53_63_9_1"
"28_89_10_0","0"
"28_89_10_1","0"
"28_89_10_2","0"
"28_89_10_3","0"
"28_89_10_4","55_62_9"
"30_89_10_0","0"
"30_89_10_1","0"
"30_89_10_2","59_60_9_0"
"36_89_10_0","0"
"36_89_10_1","71_54_9"
"39_89_10_0","0"
"39_89_10_1","77_51_9"
"42_89_10_0","0"
"42_89_10_1","0"
"42_89_10_2","83_48_9_0"
"42_89_10_3","83_48_9_1"
"48_89_10_0","0"
"48_89_10_1","0"
"48_89_10_2","95_42_9"
"52_89_10_0","0"
"52_89_10_1","103_38_9"
"55_89_10_0","0"
"55_89_10_1","109_35_9"
"56_89_10_0","0"
"56_89_10_1","0"
"56_89_10_2","111_34_9"
"58_89_10_0","0"
"58_89_10_1","0"
"58_89_10_2","115_32_9"
"60_89_10_0","0"
"60_89_10_1","119_30_9"
"61_89_10_0","0"
"61_89_10_1","121_29_9"
"62_89_10_0","0"
"62_89_10_1","0"
"62_89_10_2","123_28_9"
"64_89_10_0","0"
"64_89_10_1","0"
"64_89_10_2","127_26_9"
"68_89_10_0","0"
"68_89_10_1","135_22_9"
"90_89_10_0","0"
"90_89_10_1","179_0_9"
"3_89_11","5_87_10"
"4_89_11_0","0"
"4_89_11_1","7_86_10_4"
"4_89_11_2","7_86_10_0 + 7_86_10_4"
"4_89_11_3","7_86_10_0 + 7_86_10_3"
"4_89_11_4","7_86_10_0 + 7_86_10_1 + 7_86_10_4"
"4_89_11_5","7_86_10_0 + 7_86_10_1 + 7_86_10_2"
"4_89_11_6","7_86_10_0 + 7_86_10_1 + 7_86_10_2 + 7_86_10_5"
"5_89_11_0","0"
"5_89_11_1","9_85_10_0"
"6_89_11_0","0"
"6_89_11_1","0"
"6_89_11_2","11_84_10_1"
"7_89_11_0","0"
"7_89_11_1","13_83_10_0 + 13_83_10_1"
"7_89_11_2","13_83_10_0"
"7_89_11_3","13_83_10_0 + 13_83_10_2"
"8_89_11_0","0"
"8_89_11_1","0"
"8_89_11_2","0"
"8_89_11_3","0"
"8_89_11_4","15_82_10_0 + 15_82_10_1"
"8_89_11_5","15_82_10_0 + 15_82_10_1 + 15_82_10_2"
"8_89_11_6","15_82_10_1 + 15_82_10_2"
"9_89_11_0","0"
"9_89_11_1","0"
"9_89_11_2","17_81_10_0"
"10_89_11_0","0"
"10_89_11_1","0"
"10_89_11_2","0"
"10_89_11_3","19_80_10_0"
"11_89_11_0","0"
"11_89_11_1","0"
"11_89_11_2","21_79_10_0"
"12_89_11_0","0"
"12_89_11_1","0"
"12_89_11_2","23_78_10_1"
"12_89_11_3","23_78_10_0 + 23_78_10_2"
"14_89_11_0","0"
"14_89_11_1","0"
"14_89_11_2","27_76_10_0 + 27_76_10_1"
"14_89_11_3","27_76_10_1"
"16_89_11_0","0"
"16_89_11_1","0"
"16_89_11_2","31_74_10"
"18_89_11_0","0"
"18_89_11_1","0"
"18_89_11_2","35_72_10_1"
"18_89_11_3","35_72_10_0 + 35_72_10_1"
"20_89_11_0","0"
"20_89_11_1","0"
"20_89_11_2","0"
"20_89_11_3","39_70_10_1"
"20_89_11_4","39_70_10_0"
"22_89_11_0","0"
"22_89_11_1","0"
"22_89_11_2","43_68_10_1"
"22_89_11_3","43_68_10_0"
"24_89_11_0","0"
"24_89_11_1","0"
"24_89_11_2","47_66_10_1"
"24_89_11_3","47_66_10_0"
"26_89_11_0","0"
"26_89_11_1","0"
"26_89_11_2","0"
"26_89_11_3","51_64_10_0"
"28_89_11_0","0"
"28_89_11_1","0"
"28_89_11_2","0"
"28_89_11_3","55_62_10_0"
"28_89_11_4","55_62_10_2"
"30_89_11_0","0"
"30_89_11_1","0"
"30_89_11_2","0"
"30_89_11_3","59_60_10"
"36_89_11_0","0"
"36_89_11_1","0"
"36_89_11_2","71_54_10_0"
"40_89_11_0","0"
"40_89_11_1","79_50_10"
"46_89_11_0","0"
"46_89_11_1","91_44_10"
"53_89_11_0","0"
"53_89_11_1","105_37_10"
"56_89_11_0","0"
"56_89_11_1","0"
"56_89_11_2","111_34_10"
"59_89_11_0","0"
"59_89_11_1","117_31_10_0"
"60_89_11_0","0"
"60_89_11_1","0"
"60_89_11_2","119_30_10"
"62_89_11_0","0"
"62_89_11_1","0"
"62_89_11_2","123_28_10"
"68_89_11_0","0"
"68_89_11_1","135_22_10"
"72_89_11_0","0"
"72_89_11_1","143_18_10"
"90_89_11_0","0"
"90_89_11_1","179_0_10"
"88_90_2","175_3_1"
"60_90_3","119_31_2"
"76_90_3","151_15_2"
"84_90_3","167_7_2"
"85_90_3","169_6_2"
"88_90_3_0","0"
"88_90_3_1","175_3_2"
"28_90_4","55_63_3"
"52_90_4","103_39_3"
"54_90_4","107_37_3"
"60_90_4_0","119_31_3_1"
"60_90_4_1","119_31_3_0"
"70_90_4","139_21_3"
"72_90_4_0","0"
"72_90_4_1","143_19_3"
"76_90_4_0","0"
"76_90_4_1","151_15_3"
"83_90_4","165_8_3"
"84_90_4_0","0"
"84_90_4_1","167_7_3"
"88_90_4_0","0"
"88_90_4_1","175_3_3"
"20_90_5","39_71_4"
"26_90_5","51_65_4"
"27_90_5","53_64_4"
"28_90_5_0","0"
"28_90_5_1","55_63_4"
"30_90_5","59_61_4_1"
"46_90_5","91_45_4"
"50_90_5","99_41_4"
"51_90_5","101_40_4_1"
"52_90_5_0","0"
"52_90_5_1","103_39_4"
"58_90_5","115_33_4"
"60_90_5_0","0"
"60_90_5_1","119_31_4"
"68_90_5","135_23_4"
"69_90_5_0","0"
"69_90_5_1","137_22_4"
"76_90_5","151_15_4"
"82_90_5","163_9_4"
"84_90_5_0","0"
"84_90_5_1","167_7_4"
"16_90_6_0","31_75_5_1"
"16_90_6_1","31_75_5_0"
"18_90_6_0","0"
"18_90_6_1","0"
"18_90_6_2","35_73_5"
"20_90_6_0","0"
"20_90_6_1","39_71_5_0"
"22_90_6_0","0"
"22_90_6_1","43_69_5_0"
"24_90_6_0","47_67_5_2"
"24_90_6_1","47_67_5_0 + 47_67_5_1"
"26_90_6_0","0"
"26_90_6_1","51_65_5_0"
"28_90_6_0","0"
"28_90_6_1","55_63_5"
"38_90_6","75_53_5"
"40_90_6_0","0"
"40_90_6_1","79_51_5"
"44_90_6_0","0"
"44_90_6_1","87_47_5"
"50_90_6_0","0"
"50_90_6_1","99_41_5"
"51_90_6_0","0"
"51_90_6_1","101_40_5_1"
"52_90_6_0","0"
"52_90_6_1","103_39_5"
"56_90_6","111_35_5"
"58_90_6_0","0"
"58_90_6_1","115_33_5"
"60_90_6","119_31_5_1"
"67_90_6","133_24_5"
"70_90_6","139_21_5"
"74_90_6","147_17_5"
"76_90_6_0","151_15_5_0 + 151_15_5_1"
"76_90_6_1","151_15_5_0"
"80_90_6","159_11_5"
"8_90_7_0","15_83_6_0"
"8_90_7_1","15_83_6_0 + 15_83_6_1"
"10_90_7","19_81_6"
"12_90_7_0","23_79_6_2"
"12_90_7_1","23_79_6_1 + 23_79_6_2"
"12_90_7_2","23_79_6_0"
"16_90_7_0","0"
"16_90_7_1","0"
"16_90_7_2","31_75_6_0"
"16_90_7_3","31_75_6_0 + 31_75_6_1"
"18_90_7_0","0"
"18_90_7_1","35_73_6_0"
"18_90_7_2","35_73_6_0 + 35_73_6_1"
"20_90_7_0","0"
"20_90_7_1","0"
"20_90_7_2","39_71_6_2"
"20_90_7_3","39_71_6_0"
"20_90_7_4","39_71_6_1"
"22_90_7_0","0"
"22_90_7_1","0"
"22_90_7_2","43_69_6_1"
"22_90_7_3","43_69_6_1 + 43_69_6_2"
"23_90_7_0","0"
"23_90_7_1","0"
"23_90_7_2","45_68_6_0"
"24_90_7_0","0"
"24_90_7_1","0"
"24_90_7_2","0"
"24_90_7_3","47_67_6_0"
"24_90_7_4","47_67_6_2"
"24_90_7_5","47_67_6_0 + 47_67_6_1"
"28_90_7_0","0"
"28_90_7_1","55_63_6_1"
"28_90_7_2","55_63_6_0"
"39_90_7","77_52_6"
"40_90_7_0","0"
"40_90_7_1","79_51_6"
"42_90_7_0","0"
"42_90_7_1","83_49_6"
"44_90_7","87_47_6"
"46_90_7","91_45_6"
"51_90_7","101_40_6_0"
"53_90_7","105_38_6_0"
"54_90_7_0","0"
"54_90_7_1","107_37_6"
"55_90_7_0","0"
"55_90_7_1","109_36_6"
"60_90_7_0","0"
"60_90_7_1","119_31_6"
"68_90_7","135_23_6"
"74_90_7","147_17_6"
"75_90_7","149_16_6"
"76_90_7_0","0"
"76_90_7_1","151_15_6"
"77_90_7","153_14_6"
"80_90_7_0","0"
"80_90_7_1","159_11_6"
"6_90_8","11_85_7_0 + 11_85_7_1"
"8_90_8_0","0"
"8_90_8_1","15_83_7_1"
"8_90_8_2","15_83_7_0"
"8_90_8_3","15_83_7_2 + 15_83_7_3 + 15_83_7_4"
"8_90_8_4","15_83_7_2 + 15_83_7_4"
"8_90_8_5","15_83_7_0 + 15_83_7_4"
"8_90_8_6","15_83_7_2 + 15_83_7_4 + 15_83_7_5"
"9_90_8_0","0"
"9_90_8_1","0"
"9_90_8_2","0"
"9_90_8_3","0"
"9_90_8_4","0"
"9_90_8_5","0"
"9_90_8_6","17_82_7_0"
"10_90_8_0","0"
"10_90_8_1","0"
"10_90_8_2","0"
"10_90_8_3","19_81_7_4"
"10_90_8_4","19_81_7_2"
"10_90_8_5","19_81_7_0 + 19_81_7_2"
"12_90_8_0","0"
"12_90_8_1","0"
"12_90_8_2","0"
"12_90_8_3","0"
"12_90_8_4","23_79_7_2"
"12_90_8_5","23_79_7_1"
"14_90_8_0","0"
"14_90_8_1","0"
"14_90_8_2","0"
"14_90_8_3","0"
"14_90_8_4","27_77_7_0"
"15_90_8_0","0"
"15_90_8_1","0"
"15_90_8_2","0"
"15_90_8_3","0"
"15_90_8_4","29_76_7_0"
"16_90_8_0","0"
"16_90_8_1","0"
"16_90_8_2","0"
"16_90_8_3","0"
"16_90_8_4","0"
"16_90_8_5","31_75_7_1 + 31_75_7_2"
"16_90_8_6","31_75_7_2"
"16_90_8_7","31_75_7_0 + 31_75_7_2"
"18_90_8_0","0"
"18_90_8_1","0"
"18_90_8_2","0"
"18_90_8_3","0"
"18_90_8_4","35_73_7_2"
"18_90_8_5","35_73_7_0"
"18_90_8_6","35_73_7_0 + 35_73_7_1 + 35_73_7_2"
"20_90_8_0","0"
"20_90_8_1","0"
"20_90_8_2","0"
"20_90_8_3","0"
"20_90_8_4","0"
"20_90_8_5","39_71_7_0"
"20_90_8_6","39_71_7_1"
"21_90_8_0","0"
"21_90_8_1","0"
"21_90_8_2","0"
"21_90_8_3","0"
"21_90_8_4","0"
"21_90_8_5","41_70_7_1"
"22_90_8_0","0"
"22_90_8_1","0"
"22_90_8_2","0"
"22_90_8_3","0"
"22_90_8_4","0"
"22_90_8_5","43_69_7"
"23_90_8_0","0"
"23_90_8_1","0"
"23_90_8_2","0"
"23_90_8_3","0"
"23_90_8_4","45_68_7_0"
"24_90_8_0","0"
"24_90_8_1","0"
"24_90_8_2","0"
"24_90_8_3","0"
"24_90_8_4","0"
"24_90_8_5","47_67_7_1"
"24_90_8_6","47_67_7_0"
"26_90_8_0","0"
"26_90_8_1","0"
"26_90_8_2","0"
"26_90_8_3","51_65_7_0 + 51_65_7_1"
"28_90_8_0","0"
"28_90_8_1","0"
"28_90_8_2","55_63_7_1 + 55_63_7_2"
"30_90_8_0","59_61_7_0"
"30_90_8_1","59_61_7_0 + 59_61_7_1"
"36_90_8","71_55_7"
"38_90_8","75_53_7"
"40_90_8_0","0"
"40_90_8_1","79_51_7"
"44_90_8","87_47_7"
"46_90_8","91_45_7"
"52_90_8","103_39_7"
"54_90_8_0","107_37_7_1"
"54_90_8_1","107_37_7_0 + 107_37_7_1"
"56_90_8_0","0"
"56_90_8_1","111_35_7"
"60_90_8_0","0"
"60_90_8_1","119_31_7"
"74_90_8","147_17_7"
"75_90_8","149_16_7"
"76_90_8_0","0"
"76_90_8_1","151_15_7"
"80_90_8_0","0"
"80_90_8_1","159_11_7"
"4_90_9_0","7_87_8_0"
"4_90_9_1","7_87_8_1"
"4_90_9_2","7_87_8_0 + 7_87_8_2"
"5_90_9_0","0"
"5_90_9_1","9_86_8_0"
"6_90_9_0","0"
"6_90_9_1","0"
"6_90_9_2","11_85_8_0"
"6_90_9_3","11_85_8_0 + 11_85_8_1"
"6_90_9_4","11_85_8_1 + 11_85_8_2"
"7_90_9_0","0"
"7_90_9_1","0"
"7_90_9_2","13_84_8_0"
"7_90_9_3","13_84_8_0 + 13_84_8_4"
"7_90_9_4","13_84_8_2"
"8_90_9_0","0"
"8_90_9_1","0"
"8_90_9_2","0"
"8_90_9_3","0"
"8_90_9_4","0"
"8_90_9_5","15_83_8_1"
"8_90_9_6","15_83_8_0 + 15_83_8_1 + 15_83_8_2"
"8_90_9_7","15_83_8_1 + 15_83_8_2"
"10_90_9_0","0"
"10_90_9_1","19_81_8_1 + 19_81_8_2 + 19_81_8_3"
"10_90_9_2","19_81_8_1 + 19_81_8_2"
"10_90_9_3","19_81_8_1"
"10_90_9_4","19_81_8_0 + 19_81_8_2 + 19_81_8_3"
"12_90_9_0","0"
"12_90_9_1","0"
"12_90_9_2","0"
"12_90_9_3","23_79_8_0"
"12_90_9_4","23_79_8_0 + 23_79_8_1"
"13_90_9_0","0"
"13_90_9_1","0"
"13_90_9_2","25_78_8_0"
"14_90_9_0","0"
"14_90_9_1","0"
"14_90_9_2","27_77_8_0 + 27_77_8_1 + 27_77_8_2 + 27_77_8_3"
"14_90_9_3","27_77_8_0 + 27_77_8_1"
"15_90_9_0","0"
"15_90_9_1","0"
"15_90_9_2","29_76_8_2"
"15_90_9_3","29_76_8_0 + 29_76_8_2"
"16_90_9_0","0"
"16_90_9_1","0"
"16_90_9_2","0"
"16_90_9_3","0"
"16_90_9_4","31_75_8_3"
"16_90_9_5","31_75_8_2 + 31_75_8_3"
"16_90_9_6","31_75_8_1"
"16_90_9_7","31_75_8_0 + 31_75_8_2 + 31_75_8_3"
"18_90_9_0","0"
"18_90_9_1","0"
"18_90_9_2","0"
"18_90_9_3","0"
"18_90_9_4","0"
"18_90_9_5","35_73_8"
"19_90_9_0","0"
"19_90_9_1","0"
"19_90_9_2","0"
"19_90_9_3","37_72_8_2"
"19_90_9_4","37_72_8_1"
"20_90_9_0","0"
"20_90_9_1","0"
"20_90_9_2","0"
"20_90_9_3","0"
"20_90_9_4","0"
"20_90_9_5","39_71_8"
"22_90_9_0","0"
"22_90_9_1","0"
"22_90_9_2","0"
"22_90_9_3","43_69_8_0"
"24_90_9_0","0"
"24_90_9_1","0"
"24_90_9_2","0"
"24_90_9_3","47_67_8_1"
"24_90_9_4","47_67_8_0 + 47_67_8_1"
"26_90_9_0","0"
"26_90_9_1","0"
"26_90_9_2","51_65_8"
"27_90_9_0","0"
"27_90_9_1","53_64_8_0"
"28_90_9_0","0"
"28_90_9_1","55_63_8_0"
"28_90_9_2","55_63_8_0 + 55_63_8_1"
"30_90_9","59_61_8"
"34_90_9_0","67_57_8_0 + 67_57_8_1"
"34_90_9_1","67_57_8_0"
"39_90_9","77_52_8"
"40_90_9_0","0"
"40_90_9_1","79_51_8"
"44_90_9_0","0"
"44_90_9_1","87_47_8_0"
"44_90_9_2","87_47_8_1"
"54_90_9_0","107_37_8_0 + 107_37_8_1"
"54_90_9_1","107_37_8_1"
"56_90_9_0","0"
"56_90_9_1","111_35_8"
"60_90_9","119_31_8_0 + 119_31_8_1"
"62_90_9","123_29_8"
"68_90_9","135_23_8"
"74_90_9","147_17_8"
"76_90_9_0","0"
"76_90_9_1","151_15_8"
"2_90_10","3_89_9"
"4_90_10_0","7_87_9_0"
"4_90_10_1","7_87_9_1"
"4_90_10_2","7_87_9_1 + 7_87_9_3"
"4_90_10_3","7_87_9_0 + 7_87_9_1 + 7_87_9_2 + 7_87_9_3"
"6_90_10_0","0"
"6_90_10_1","0"
"6_90_10_2","11_85_9_2"
"6_90_10_3","11_85_9_1 + 11_85_9_2"
"6_90_10_4","11_85_9_0"
"7_90_10_0","0"
"7_90_10_1","13_84_9_0"
"7_90_10_2","13_84_9_0 + 13_84_9_1"
"8_90_10_0","0"
"8_90_10_1","0"
"8_90_10_2","0"
"8_90_10_3","15_83_9_1 + 15_83_9_3 + 15_83_9_4"
"8_90_10_4","15_83_9_0 + 15_83_9_1 + 15_83_9_2 + 15_83_9_3 + 15_83_9_4"
"8_90_10_5","15_83_9_2 + 15_83_9_3"
"8_90_10_6","15_83_9_1 + 15_83_9_3 + 15_83_9_4 + 15_83_9_5"
"8_90_10_7","15_83_9_3"
"8_90_10_8","15_83_9_0 + 15_83_9_2 + 15_83_9_4 + 15_83_9_5"
"10_90_10_0","0"
"10_90_10_1","0"
"10_90_10_2","0"
"10_90_10_3","0"
"10_90_10_4","19_81_9_1"
"10_90_10_5","19_81_9_0"
"12_90_10_0","0"
"12_90_10_1","0"
"12_90_10_2","23_79_9_0"
"13_90_10_0","0"
"13_90_10_1","0"
"13_90_10_2","25_78_9_1"
"14_90_10_0","0"
"14_90_10_1","0"
"14_90_10_2","0"
"14_90_10_3","27_77_9_2"
"14_90_10_4","27_77_9_0"
"15_90_10_0","0"
"15_90_10_1","0"
"15_90_10_2","0"
"15_90_10_3","29_76_9_0"
"16_90_10_0","0"
"16_90_10_1","0"
"16_90_10_2","0"
"16_90_10_3","0"
"16_90_10_4","31_75_9_0"
"16_90_10_5","31_75_9_1"
"18_90_10_0","0"
"18_90_10_1","0"
"18_90_10_2","35_73_9"
"19_90_10_0","0"
"19_90_10_1","0"
"19_90_10_2","37_72_9_0"
"20_90_10_0","0"
"20_90_10_1","0"
"20_90_10_2","0"
"20_90_10_3","39_71_9_1"
"20_90_10_4","39_71_9_0 + 39_71_9_1"
"22_90_10_0","0"
"22_90_10_1","0"
"22_90_10_2","0"
"22_90_10_3","43_69_9_0"
"24_90_10_0","0"
"24_90_10_1","0"
"24_90_10_2","47_67_9_0"
"26_90_10_0","0"
"26_90_10_1","0"
"26_90_10_2","51_65_9_0 + 51_65_9_1"
"28_90_10_0","0"
"28_90_10_1","0"
"28_90_10_2","55_63_9_0"
"28_90_10_3","55_63_9_2"
"28_90_10_4","55_63_9_1"
"34_90_10_0","0"
"34_90_10_1","67_57_9_0"
"34_90_10_2","67_57_9_1"
"35_90_10_0","0"
"35_90_10_1","69_56_9"
"40_90_10_0","0"
"40_90_10_1","0"
"40_90_10_2","79_51_9"
"43_90_10_0","0"
"43_90_10_1","0"
"43_90_10_2","85_48_9_0 + 85_48_9_1"
"43_90_10_3","85_48_9_0"
"52_90_10_0","0"
"52_90_10_1","103_39_9"
"53_90_10_0","0"
"53_90_10_1","0"
"53_90_10_2","105_38_9"
"54_90_10_0","0"
"54_90_10_1","0"
"54_90_10_2","0"
"54_90_10_3","107_37_9"
"56_90_10_0","0"
"56_90_10_1","0"
"56_90_10_2","111_35_9"
"60_90_10_0","0"
"60_90_10_1","119_31_9_0"
"60_90_10_2","119_31_9_1"
"62_90_10_0","0"
"62_90_10_1","123_29_9"
"66_90_10_0","0"
"66_90_10_1","131_25_9"
"68_90_10_0","0"
"68_90_10_1","135_23_9_1"
"68_90_10_2","135_23_9_0 + 135_23_9_1"
"72_90_10_0","0"
"72_90_10_1","143_19_9"
"92_91_2","183_0_1"
"60_91_3","119_32_2"
"76_91_3","151_16_2"
"84_91_3","167_8_2"
"86_91_3","171_6_2"
"92_91_3","183_0_2"
"30_91_4","59_62_3"
"54_91_4","107_38_3"
"58_91_4","115_34_3"
"59_91_4","117_33_3"
"62_91_4","123_30_3"
"74_91_4","147_18_3"
"75_91_4","149_17_3"
"78_91_4","155_14_3"
"83_91_4","165_9_3"
"84_91_4_0","0"
"84_91_4_1","167_8_3"
"92_91_4","183_0_3"
"28_91_5","55_64_4"
"30_91_5","59_62_4"
"44_91_5","87_48_4"
"48_91_5_0","0"
"48_91_5_1","95_44_4"
"52_91_5_0","0"
"52_91_5_1","103_40_4_1"
"54_91_5_0","0"
"54_91_5_1","107_38_4_0 + 107_38_4_1"
"58_91_5_0","0"
"58_91_5_1","115_34_4"
"62_91_5","123_30_4"
"70_91_5","139_22_4"
"72_91_5_0","0"
"72_91_5_1","143_20_4"
"74_91_5_0","0"
"74_91_5_1","147_18_4_1"
"83_91_5","165_9_4"
"92_91_5","183_0_4"
"10_91_6","19_82_5"
"12_91_6","23_80_5"
"15_91_6","29_77_5"
"16_91_6_0","0"
"16_91_6_1","31_76_5_1"
"16_91_6_2","31_76_5_0"
"18_91_6_0","0"
"18_91_6_1","0"
"18_91_6_2","35_74_5"
"20_91_6_0","0"
"20_91_6_1","0"
"20_91_6_2","39_72_5_0 + 39_72_5_1"
"20_91_6_3","39_72_5_1"
"24_91_6_0","0"
"24_91_6_1","47_68_5_0"
"24_91_6_2","47_68_5_0 + 47_68_5_1"
"24_91_6_3","47_68_5_0 + 47_68_5_1 + 47_68_5_2"
"27_91_6_0","0"
"27_91_6_1","53_65_5"
"28_91_6_0","0"
"28_91_6_1","0"
"28_91_6_2","55_64_5_1"
"30_91_6_0","0"
"30_91_6_1","59_62_5_2"
"39_91_6_0","0"
"39_91_6_1","77_53_5"
"40_91_6_0","0"
"40_91_6_1","0"
"40_91_6_2","79_52_5"
"47_91_6_0","0"
"47_91_6_1","93_45_5_0"
"48_91_6_0","0"
"48_91_6_1","0"
"48_91_6_2","95_44_5"
"51_91_6_0","0"
"51_91_6_1","0"
"51_91_6_2","101_41_5"
"52_91_6_0","0"
"52_91_6_1","0"
"52_91_6_2","0"
"52_91_6_3","103_40_5_0"
"52_91_6_4","103_40_5_0 + 103_40_5_1"
"54_91_6_0","0"
"54_91_6_1","0"
"54_91_6_2","0"
"54_91_6_3","107_38_5"
"59_91_6_0","0"
"59_91_6_1","0"
"59_91_6_2","117_33_5"
"62_91_6_0","0"
"62_91_6_1","123_30_5"
"68_91_6_0","0"
"68_91_6_1","135_24_5"
"71_91_6_0","0"
"71_91_6_1","141_21_5"
"72_91_6_0","0"
"72_91_6_1","0"
"72_91_6_2","143_20_5"
"74_91_6_0","0"
"74_91_6_1","0"
"74_91_6_2","147_18_5"
"78_91_6_0","0"
"78_91_6_1","155_14_5"
"92_91_6_0","0"
"92_91_6_1","183_0_5"
"8_91_7_0","15_84_6_0"
"8_91_7_1","15_84_6_0 + 15_84_6_1"
"10_91_7","19_82_6_0"
"12_91_7_0","0"
"12_91_7_1","23_80_6_1"
"12_91_7_2","23_80_6_0 + 23_80_6_1"
"14_91_7_0","0"
"14_91_7_1","0"
"14_91_7_2","27_78_6"
"15_91_7_0","0"
"15_91_7_1","0"
"15_91_7_2","0"
"15_91_7_3","29_77_6_0"
"16_91_7_0","0"
"16_91_7_1","0"
"16_91_7_2","0"
"16_91_7_3","0"
"16_91_7_4","31_76_6_0"
"16_91_7_5","31_76_6_2 + 31_76_6_3"
"16_91_7_6","31_76_6_2"
"16_91_7_7","31_76_6_1"
"18_91_7_0","0"
"18_91_7_1","0"
"18_91_7_2","0"
"18_91_7_3","35_74_6_1 + 35_74_6_2"
"22_91_7_0","0"
"22_91_7_1","0"
"22_91_7_2","43_70_6_0"
"23_91_7_0","0"
"23_91_7_1","0"
"23_91_7_2","0"
"23_91_7_3","45_69_6_2"
"24_91_7_0","0"
"24_91_7_1","0"
"24_91_7_2","0"
"24_91_7_3","0"
"24_91_7_4","47_68_6_0 + 47_68_6_1"
"24_91_7_5","47_68_6_0"
"28_91_7_0","0"
"28_91_7_1","55_64_6_1"
"30_91_7","59_62_6_1"
"34_91_7","67_58_6"
"40_91_7_0","0"
"40_91_7_1","79_52_6"
"43_91_7","85_49_6"
"44_91_7_0","0"
"44_91_7_1","87_48_6"
"45_91_7_0","0"
"45_91_7_1","89_47_6"
"48_91_7_0","0"
"48_91_7_1","0"
"48_91_7_2","95_44_6"
"50_91_7_0","0"
"50_91_7_1","0"
"50_91_7_2","99_42_6"
"52_91_7_0","0"
"52_91_7_1","0"
"52_91_7_2","0"
"52_91_7_3","103_40_6_0"
"52_91_7_4","103_40_6_1"
"54_91_7_0","0"
"54_91_7_1","0"
"54_91_7_2","107_38_6_0"
"56_91_7_0","0"
"56_91_7_1","111_36_6"
"60_91_7_0","0"
"60_91_7_1","119_32_6"
"66_91_7","131_26_6"
"69_91_7","137_23_6"
"72_91_7_0","0"
"72_91_7_1","143_20_6"
"76_91_7","151_16_6"
"78_91_7","155_14_6"
"92_91_7","183_0_6"
"4_91_8","7_88_7"
"6_91_8_0","11_86_7_0"
"6_91_8_1","11_86_7_1"
"7_91_8_0","0"
"7_91_8_1","13_85_7_3"
"8_91_8_0","0"
"8_91_8_1","0"
"8_91_8_2","15_84_7_0"
"8_91_8_3","15_84_7_0 + 15_84_7_1"
"10_91_8_0","0"
"10_91_8_1","19_82_7_0"
"10_91_8_2","19_82_7_0 + 19_82_7_2 + 19_82_7_3 + 19_82_7_4"
"10_91_8_3","19_82_7_0 + 19_82_7_3 + 19_82_7_4"
"10_91_8_4","19_82_7_0 + 19_82_7_1 + 19_82_7_2 + 19_82_7_3"
"10_91_8_5","19_82_7_1 + 19_82_7_2"
"11_91_8_0","0"
"11_91_8_1","21_81_7_0"
"12_91_8_0","0"
"12_91_8_1","0"
"12_91_8_2","23_80_7"
"14_91_8_0","0"
"14_91_8_1","27_78_7_1 + 27_78_7_2 + 27_78_7_3"
"14_91_8_2","27_78_7_0"
"14_91_8_3","27_78_7_0 + 27_78_7_2"
"15_91_8_0","0"
"15_91_8_1","0"
"15_91_8_2","29_77_7_2"
"15_91_8_3","29_77_7_1"
"16_91_8_0","0"
"16_91_8_1","0"
"16_91_8_2","0"
"16_91_8_3","0"
"16_91_8_4","31_76_7_1 + 31_76_7_3"
"16_91_8_5","31_76_7_1 + 31_76_7_4"
"16_91_8_6","31_76_7_3"
"16_91_8_7","31_76_7_1 + 31_76_7_2"
"16_91_8_8","31_76_7_0 + 31_76_7_2"
"18_91_8_0","0"
"18_91_8_1","0"
"18_91_8_2","0"
"18_91_8_3","35_74_7"
"20_91_8_0","0"
"20_91_8_1","0"
"20_91_8_2","39_72_7_0"
"20_91_8_3","39_72_7_0 + 39_72_7_1"
"22_91_8_0","0"
"22_91_8_1","0"
"22_91_8_2","43_70_7_1"
"22_91_8_3","43_70_7_0"
"23_91_8_0","0"
"23_91_8_1","0"
"23_91_8_2","45_69_7_0"
"23_91_8_3","45_69_7_1"
"24_91_8_0","0"
"24_91_8_1","0"
"24_91_8_2","0"
"24_91_8_3","47_68_7_2"
"24_91_8_4","47_68_7_0 + 47_68_7_2"
"26_91_8_0","0"
"26_91_8_1","0"
"26_91_8_2","51_66_7_2"
"26_91_8_3","51_66_7_0"
"28_91_8_0","0"
"28_91_8_1","55_64_7_1"
"28_91_8_2","55_64_7_1 + 55_64_7_2"
"30_91_8_0","0"
"30_91_8_1","59_62_7"
"31_91_8_0","0"
"31_91_8_1","61_61_7_0"
"32_91_8_0","0"
"32_91_8_1","0"
"32_91_8_2","63_60_7"
"34_91_8_0","0"
"34_91_8_1","0"
"34_91_8_2","0"
"34_91_8_3","67_58_7"
"39_91_8_0","0"
"39_91_8_1","0"
"39_91_8_2","77_53_7"
"41_91_8_0","0"
"41_91_8_1","0"
"41_91_8_2","0"
"41_91_8_3","81_51_7"
"44_91_8_0","0"
"44_91_8_1","0"
"44_91_8_2","0"
"44_91_8_3","87_48_7_1"
"50_91_8_0","0"
"50_91_8_1","0"
"50_91_8_2","99_42_7"
"51_91_8_0","0"
"51_91_8_1","0"
"51_91_8_2","101_41_7"
"53_91_8_0","0"
"53_91_8_1","105_39_7"
"54_91_8_0","0"
"54_91_8_1","0"
"54_91_8_2","107_38_7"
"55_91_8_0","0"
"55_91_8_1","0"
"55_91_8_2","109_37_7_0"
"59_91_8_0","0"
"59_91_8_1","117_33_7"
"62_91_8_0","0"
"62_91_8_1","123_30_7"
"66_91_8_0","0"
"66_91_8_1","131_26_7"
"75_91_8_0","0"
"75_91_8_1","149_17_7"
"76_91_8_0","0"
"76_91_8_1","0"
"76_91_8_2","151_16_7"
"92_91_8_0","0"
"92_91_8_1","183_0_7"
"4_91_9_0","7_88_8_1"
"4_91_9_1","7_88_8_0 + 7_88_8_1"
"5_91_9_0","0"
"5_91_9_1","0"
"5_91_9_2","9_87_8_0"
"6_91_9_0","0"
"6_91_9_1","11_86_8_2"
"6_91_9_2","11_86_8_3"
"6_91_9_3","11_86_8_0 + 11_86_8_3"
"8_91_9_0","0"
"8_91_9_1","15_84_8_0 + 15_84_8_3 + 15_84_8_4 + 15_84_8_5"
"8_91_9_2","15_84_8_0 + 15_84_8_3 + 15_84_8_4 + 15_84_8_6"
"8_91_9_3","15_84_8_5"
"8_91_9_4","15_84_8_0"
"8_91_9_5","15_84_8_0 + 15_84_8_3"
"8_91_9_6","15_84_8_0 + 15_84_8_2 + 15_84_8_4"
"8_91_9_7","15_84_8_1 + 15_84_8_3 + 15_84_8_4 + 15_84_8_5"
"10_91_9_0","0"
"10_91_9_1","0"
"10_91_9_2","19_82_8_0 + 19_82_8_3"
"10_91_9_3","19_82_8_4"
"10_91_9_4","19_82_8_3 + 19_82_8_4"
"10_91_9_5","19_82_8_2"
"10_91_9_6","19_82_8_1 + 19_82_8_2 + 19_82_8_4"
"13_91_9_0","0"
"13_91_9_1","0"
"13_91_9_2","25_79_8_1"
"14_91_9_0","0"
"14_91_9_1","0"
"14_91_9_2","0"
"14_91_9_3","27_78_8_0 + 27_78_8_3"
"14_91_9_4","27_78_8_0 + 27_78_8_2 + 27_78_8_3"
"14_91_9_5","27_78_8_2 + 27_78_8_3"
"14_91_9_6","27_78_8_0 + 27_78_8_1 + 27_78_8_2"
"15_91_9_0","0"
"15_91_9_1","0"
"15_91_9_2","0"
"15_91_9_3","0"
"15_91_9_4","29_77_8_0"
"16_91_9_0","0"
"16_91_9_1","0"
"16_91_9_2","0"
"16_91_9_3","0"
"16_91_9_4","0"
"16_91_9_5","31_76_8_0 + 31_76_8_1"
"16_91_9_6","31_76_8_2"
"16_91_9_7","31_76_8_0"
"19_91_9_0","0"
"19_91_9_1","0"
"19_91_9_2","0"
"19_91_9_3","37_73_8_1"
"20_91_9_0","0"
"20_91_9_1","0"
"20_91_9_2","0"
"20_91_9_3","39_72_8_1"
"20_91_9_4","39_72_8_0"
"22_91_9_0","0"
"22_91_9_1","0"
"22_91_9_2","0"
"22_91_9_3","0"
"22_91_9_4","43_70_8_1"
"24_91_9_0","0"
"24_91_9_1","0"
"24_91_9_2","0"
"24_91_9_3","47_68_8_0"
"24_91_9_4","47_68_8_0 + 47_68_8_1"
"26_91_9_0","0"
"26_91_9_1","0"
"26_91_9_2","0"
"26_91_9_3","51_66_8_1"
"26_91_9_4","51_66_8_0 + 51_66_8_1"
"28_91_9_0","0"
"28_91_9_1","0"
"28_91_9_2","55_64_8_0 + 55_64_8_1 + 55_64_8_2"
"28_91_9_3","55_64_8_0"
"28_91_9_4","55_64_8_2"
"30_91_9_0","0"
"30_91_9_1","0"
"30_91_9_2","0"
"30_91_9_3","59_62_8_1 + 59_62_8_2"
"31_91_9_0","0"
"31_91_9_1","0"
"31_91_9_2","0"
"31_91_9_3","61_61_8"
"32_91_9_0","0"
"32_91_9_1","0"
"32_91_9_2","0"
"32_91_9_3","0"
"32_91_9_4","63_60_8"
"34_91_9_0","0"
"34_91_9_1","0"
"34_91_9_2","0"
"34_91_9_3","0"
"34_91_9_4","67_58_8"
"38_91_9_0","0"
"38_91_9_1","0"
"38_91_9_2","75_54_8"
"40_91_9_0","0"
"40_91_9_1","0"
"40_91_9_2","0"
"40_91_9_3","79_52_8"
"44_91_9_0","0"
"44_91_9_1","0"
"44_91_9_2","0"
"44_91_9_3","0"
"44_91_9_4","87_48_8"
"50_91_9_0","0"
"50_91_9_1","0"
"50_91_9_2","99_42_8"
"52_91_9_0","0"
"52_91_9_1","0"
"52_91_9_2","103_40_8"
"54_91_9_0","0"
"54_91_9_1","0"
"54_91_9_2","0"
"54_91_9_3","107_38_8"
"60_91_9_0","0"
"60_91_9_1","0"
"60_91_9_2","119_32_8"
"62_91_9_0","0"
"62_91_9_1","0"
"62_91_9_2","123_30_8"
"64_91_9_0","0"
"64_91_9_1","0"
"64_91_9_2","127_28_8"
"66_91_9_0","0"
"66_91_9_1","0"
"66_91_9_2","0"
"66_91_9_3","131_26_8"
"75_91_9_0","0"
"75_91_9_1","0"
"75_91_9_2","149_17_8"
"92_91_9_0","0"
"92_91_9_1","0"
"92_91_9_2","183_0_8"
"92_92_2","183_1_1"
"62_92_3","123_31_2"
"78_92_3","155_15_2"
"86_92_3","171_7_2"
"90_92_3","179_3_2"
"91_92_3","181_2_2"
"28_92_4","55_65_3"
"48_92_4_0","0"
"48_92_4_1","95_45_3"
"56_92_4_0","0"
"56_92_4_1","111_37_3"
"60_92_4_0","0"
"60_92_4_1","119_33_3"
"62_92_4_0","0"
"62_92_4_1","123_31_3_1"
"72_92_4_0","0"
"72_92_4_1","143_21_3"
"76_92_4_0","0"
"76_92_4_1","151_17_3"
"78_92_4_0","0"
"78_92_4_1","155_15_3"
"84_92_4_0","0"
"84_92_4_1","167_9_3"
"86_92_4_0","0"
"86_92_4_1","171_7_3"
"90_92_4_0","0"
"90_92_4_1","179_3_3"
"20_92_5","39_73_4"
"24_92_5","47_69_4"
"26_92_5_0","0"
"26_92_5_1","51_67_4"
"28_92_5_0","0"
"28_92_5_1","55_65_4"
"32_92_5_0","0"
"32_92_5_1","63_61_4"
"48_92_5_0","0"
"48_92_5_1","0"
"48_92_5_2","95_45_4"
"52_92_5_0","0"
"52_92_5_1","0"
"52_92_5_2","103_41_4"
"53_92_5_0","0"
"53_92_5_1","0"
"53_92_5_2","105_40_4_1"
"59_92_5_0","0"
"59_92_5_1","117_34_4"
"62_92_5_0","0"
"62_92_5_1","123_31_4"
"71_92_5_0","0"
"71_92_5_1","141_22_4"
"75_92_5_0","0"
"75_92_5_1","149_18_4_1"
"78_92_5_0","0"
"78_92_5_1","155_15_4"
"84_92_5_0","0"
"84_92_5_1","167_9_4"
"86_92_5_0","0"
"86_92_5_1","171_7_4"
"12_92_6","23_81_5"
"16_92_6_0","31_77_5_0"
"16_92_6_1","31_77_5_0 + 31_77_5_1"
"20_92_6_0","0"
"20_92_6_1","39_73_5"
"22_92_6","43_71_5"
"23_92_6_0","0"
"23_92_6_1","45_70_5"
"24_92_6_0","0"
"24_92_6_1","0"
"24_92_6_2","47_69_5_0"
"24_92_6_3","47_69_5_1"
"28_92_6_0","0"
"28_92_6_1","55_65_5"
"30_92_6_0","0"
"30_92_6_1","59_63_5"
"31_92_6_0","0"
"31_92_6_1","61_62_5_0"
"31_92_6_2","61_62_5_0 + 61_62_5_1"
"40_92_6_0","0"
"40_92_6_1","0"
"40_92_6_2","79_53_5"
"44_92_6_0","0"
"44_92_6_1","0"
"44_92_6_2","87_49_5"
"46_92_6_0","0"
"46_92_6_1","0"
"46_92_6_2","0"
"46_92_6_3","91_47_5"
"48_92_6_0","0"
"48_92_6_1","0"
"48_92_6_2","0"
"48_92_6_3","0"
"48_92_6_4","95_45_5_0"
"48_92_6_5","95_45_5_1"
"52_92_6_0","0"
"52_92_6_1","0"
"52_92_6_2","0"
"52_92_6_3","0"
"52_92_6_4","0"
"52_92_6_5","103_41_5"
"60_92_6_0","0"
"60_92_6_1","0"
"60_92_6_2","119_33_5"
"62_92_6_0","0"
"62_92_6_1","123_31_5_1"
"70_92_6_0","0"
"70_92_6_1","139_23_5"
"72_92_6_0","0"
"72_92_6_1","0"
"72_92_6_2","143_21_5"
"76_92_6_0","0"
"76_92_6_1","151_17_5"
"78_92_6_0","0"
"78_92_6_1","155_15_5_0 + 155_15_5_1"
"82_92_6_0","0"
"82_92_6_1","163_11_5"
"84_92_6_0","0"
"84_92_6_1","0"
"84_92_6_2","167_9_5"
"8_92_7_0","15_85_6_0"
"8_92_7_1","15_85_6_1"
"9_92_7","17_84_6_0"
"10_92_7_0","0"
"10_92_7_1","19_83_6_1"
"10_92_7_2","19_83_6_0 + 19_83_6_1"
"11_92_7_0","0"
"11_92_7_1","21_82_6_2"
"14_92_7_0","0"
"14_92_7_1","27_79_6_0"
"14_92_7_2","27_79_6_0 + 27_79_6_1"
"16_92_7_0","0"
"16_92_7_1","0"
"16_92_7_2","0"
"16_92_7_3","31_77_6"
"18_92_7_0","0"
"18_92_7_1","35_75_6_1"
"18_92_7_2","35_75_6_0"
"20_92_7_0","0"
"20_92_7_1","39_73_6_0"
"20_92_7_2","39_73_6_1"
"22_92_7_0","0"
"22_92_7_1","0"
"22_92_7_2","43_71_6_0"
"24_92_7_0","0"
"24_92_7_1","0"
"24_92_7_2","0"
"24_92_7_3","47_69_6_1 + 47_69_6_2"
"24_92_7_4","47_69_6_1"
"26_92_7_0","0"
"26_92_7_1","0"
"26_92_7_2","51_67_6_0"
"26_92_7_3","51_67_6_1"
"26_92_7_4","51_67_6_1 + 51_67_6_2"
"30_92_7_0","0"
"30_92_7_1","0"
"30_92_7_2","59_63_6_1"
"30_92_7_3","59_63_6_0 + 59_63_6_1"
"31_92_7_0","0"
"31_92_7_1","0"
"31_92_7_2","0"
"31_92_7_3","61_62_6_0"
"32_92_7_0","0"
"32_92_7_1","0"
"32_92_7_2","0"
"32_92_7_3","0"
"32_92_7_4","63_61_6_0 + 63_61_6_1"
"32_92_7_5","63_61_6_0"
"41_92_7_0","0"
"41_92_7_1","0"
"41_92_7_2","0"
"41_92_7_3","0"
"41_92_7_4","0"
"41_92_7_5","81_52_6"
"42_92_7_0","0"
"42_92_7_1","0"
"42_92_7_2","0"
"42_92_7_3","0"
"42_92_7_4","0"
"42_92_7_5","83_51_6"
"44_92_7_0","0"
"44_92_7_1","0"
"44_92_7_2","0"
"44_92_7_3","0"
"44_92_7_4","0"
"44_92_7_5","87_49_6"
"46_92_7_0","0"
"46_92_7_1","0"
"46_92_7_2","0"
"46_92_7_3","0"
"46_92_7_4","0"
"46_92_7_5","91_47_6"
"47_92_7_0","0"
"47_92_7_1","0"
"47_92_7_2","0"
"47_92_7_3","0"
"47_92_7_4","0"
"47_92_7_5","93_46_6"
"48_92_7_0","0"
"48_92_7_1","0"
"48_92_7_2","0"
"48_92_7_3","0"
"48_92_7_4","0"
"48_92_7_5","0"
"48_92_7_6","95_45_6"
"55_92_7_0","0"
"55_92_7_1","0"
"55_92_7_2","0"
"55_92_7_3","109_38_6_0"
"56_92_7_0","0"
"56_92_7_1","0"
"56_92_7_2","0"
"56_92_7_3","0"
"56_92_7_4","111_37_6"
"62_92_7_0","0"
"62_92_7_1","0"
"62_92_7_2","123_31_6"
"67_92_7_0","0"
"67_92_7_1","0"
"67_92_7_2","133_26_6"
"70_92_7_0","0"
"70_92_7_1","0"
"70_92_7_2","0"
"70_92_7_3","139_23_6"
"76_92_7_0","0"
"76_92_7_1","0"
"76_92_7_2","151_17_6"
"78_92_7_0","0"
"78_92_7_1","0"
"78_92_7_2","155_15_6"
"82_92_7_0","0"
"82_92_7_1","0"
"82_92_7_2","163_11_6"
"83_92_7_0","0"
"83_92_7_1","0"
"83_92_7_2","165_10_6"
"6_92_8","11_87_7_2"
"8_92_8_0","15_85_7_4"
"8_92_8_1","15_85_7_3"
"8_92_8_2","15_85_7_1 + 15_85_7_4"
"8_92_8_3","15_85_7_0 + 15_85_7_4"
"8_92_8_4","15_85_7_0 + 15_85_7_2"
"10_92_8_0","0"
"10_92_8_1","0"
"10_92_8_2","0"
"10_92_8_3","19_83_7_3"
"11_92_8_0","0"
"11_92_8_1","0"
"11_92_8_2","21_82_7_0"
"12_92_8_0","0"
"12_92_8_1","23_81_7_0"
"14_92_8_0","0"
"14_92_8_1","0"
"14_92_8_2","27_79_7_2"
"14_92_8_3","27_79_7_0 + 27_79_7_2"
"14_92_8_4","27_79_7_1"
"16_92_8_0","0"
"16_92_8_1","0"
"16_92_8_2","0"
"16_92_8_3","0"
"16_92_8_4","31_77_7_1 + 31_77_7_2"
"16_92_8_5","31_77_7_2"
"16_92_8_6","31_77_7_0 + 31_77_7_2"
"16_92_8_7","31_77_7_0 + 31_77_7_3"
"18_92_8_0","0"
"18_92_8_1","0"
"18_92_8_2","0"
"18_92_8_3","0"
"18_92_8_4","35_75_7_1"
"18_92_8_5","35_75_7_1 + 35_75_7_3"
"18_92_8_6","35_75_7_1 + 35_75_7_2 + 35_75_7_3"
"19_92_8_0","0"
"19_92_8_1","0"
"19_92_8_2","0"
"19_92_8_3","37_74_7"
"20_92_8_0","0"
"20_92_8_1","0"
"20_92_8_2","0"
"20_92_8_3","39_73_7_0"
"22_92_8_0","0"
"22_92_8_1","0"
"22_92_8_2","0"
"22_92_8_3","43_71_7"
"23_92_8_0","0"
"23_92_8_1","0"
"23_92_8_2","0"
"23_92_8_3","45_70_7_0"
"24_92_8_0","0"
"24_92_8_1","0"
"24_92_8_2","0"
"24_92_8_3","0"
"24_92_8_4","47_69_7_0"
"24_92_8_5","47_69_7_0 + 47_69_7_1"
"26_92_8_0","0"
"26_92_8_1","0"
"26_92_8_2","51_67_7"
"28_92_8_0","0"
"28_92_8_1","55_65_7_0 + 55_65_7_1"
"28_92_8_2","55_65_7_0"
"30_92_8_0","0"
"30_92_8_1","0"
"30_92_8_2","0"
"30_92_8_3","59_63_7_1 + 59_63_7_2"
"30_92_8_4","59_63_7_1"
"30_92_8_5","59_63_7_0"
"32_92_8_0","0"
"32_92_8_1","0"
"32_92_8_2","0"
"32_92_8_3","0"
"32_92_8_4","0"
"32_92_8_5","63_61_7_1"
"32_92_8_6","63_61_7_0 + 63_61_7_1"
"40_92_8_0","0"
"40_92_8_1","0"
"40_92_8_2","0"
"40_92_8_3","0"
"40_92_8_4","79_53_7"
"42_92_8_0","0"
"42_92_8_1","0"
"42_92_8_2","0"
"42_92_8_3","0"
"42_92_8_4","0"
"42_92_8_5","83_51_7"
"46_92_8_0","0"
"46_92_8_1","0"
"46_92_8_2","0"
"46_92_8_3","0"
"46_92_8_4","91_47_7"
"48_92_8_0","0"
"48_92_8_1","0"
"48_92_8_2","0"
"48_92_8_3","0"
"48_92_8_4","95_45_7"
"52_92_8_0","0"
"52_92_8_1","0"
"52_92_8_2","0"
"52_92_8_3","103_41_7"
"54_92_8_0","0"
"54_92_8_1","0"
"54_92_8_2","0"
"54_92_8_3","107_39_7"
"56_92_8_0","0"
"56_92_8_1","0"
"56_92_8_2","0"
"56_92_8_3","111_37_7_1"
"56_92_8_4","111_37_7_0"
"60_92_8_0","0"
"60_92_8_1","0"
"60_92_8_2","119_33_7"
"62_92_8_0","0"
"62_92_8_1","0"
"62_92_8_2","123_31_7"
"64_92_8_0","0"
"64_92_8_1","0"
"64_92_8_2","127_29_7"
"76_92_8_0","0"
"76_92_8_1","0"
"76_92_8_2","151_17_7"
"78_92_8_0","0"
"78_92_8_1","0"
"78_92_8_2","155_15_7"
"82_92_8_0","0"
"82_92_8_1","0"
"82_92_8_2","163_11_7"
"94_93_2","187_0_1"
"32_93_3","63_62_2"
"64_93_3_0","0"
"64_93_3_1","127_30_2"
"80_93_3_0","0"
"80_93_3_1","159_14_2"
"88_93_3_0","0"
"88_93_3_1","175_6_2"
"92_93_3_0","0"
"92_93_3_1","183_2_2"
"94_93_3_0","0"
"94_93_3_1","187_0_2"
"31_93_4","61_63_3"
"32_93_4_0","0"
"32_93_4_1","63_62_3"
"56_93_4_0","0"
"56_93_4_1","111_38_3"
"60_93_4_0","0"
"60_93_4_1","119_34_3"
"63_93_4_0","0"
"63_93_4_1","125_31_3_0"
"64_93_4_0","0"
"64_93_4_1","0"
"64_93_4_2","127_30_3"
"73_93_4_0","0"
"73_93_4_1","0"
"73_93_4_2","145_21_3"
"76_93_4_0","0"
"76_93_4_1","0"
"76_93_4_2","0"
"76_93_4_3","151_18_3"
"80_93_4_0","0"
"80_93_4_1","0"
"80_93_4_2","159_14_3"
"85_93_4_0","0"
"85_93_4_1","0"
"85_93_4_2","169_9_3"
"91_93_4_0","0"
"91_93_4_1","181_3_3"
"94_93_4_0","0"
"94_93_4_1","187_0_3"
"20_93_5","39_74_4"
"24_93_5","47_70_4"
"30_93_5_0","0"
"30_93_5_1","59_64_4"
"32_93_5_0","0"
"32_93_5_1","0"
"32_93_5_2","63_62_4"
"46_93_5_0","0"
"46_93_5_1","0"
"46_93_5_2","91_48_4"
"49_93_5_0","0"
"49_93_5_1","0"
"49_93_5_2","0"
"49_93_5_3","97_45_4"
"54_93_5_0","0"
"54_93_5_1","0"
"54_93_5_2","0"
"54_93_5_3","107_40_4_1"
"56_93_5_0","0"
"56_93_5_1","0"
"56_93_5_2","0"
"56_93_5_3","0"
"56_93_5_4","111_38_4_0 + 111_38_4_1"
"60_93_5_0","0"
"60_93_5_1","0"
"60_93_5_2","0"
"60_93_5_3","119_34_4"
"64_93_5_0","0"
"64_93_5_1","0"
"64_93_5_2","0"
"64_93_5_3","127_30_4"
"71_93_5_0","0"
"71_93_5_1","0"
"71_93_5_2","0"
"71_93_5_3","141_23_4"
"72_93_5_0","0"
"72_93_5_1","0"
"72_93_5_2","0"
"72_93_5_3","0"
"72_93_5_4","143_22_4"
"76_93_5_0","0"
"76_93_5_1","0"
"76_93_5_2","0"
"76_93_5_3","0"
"76_93_5_4","151_18_4_1"
"80_93_5_0","0"
"80_93_5_1","0"
"80_93_5_2","0"
"80_93_5_3","159_14_4"
"94_93_5_0","0"
"94_93_5_1","0"
"94_93_5_2","187_0_4"
"18_93_6","35_76_5_1"
"19_93_6","37_75_5_2"
"23_93_6","45_71_5"
"24_93_6_0","0"
"24_93_6_1","47_70_5"
"26_93_6_0","51_68_5_0"
"26_93_6_1","51_68_5_0 + 51_68_5_1"
"29_93_6","57_65_5"
"30_93_6_0","0"
"30_93_6_1","59_64_5"
"32_93_6_0","0"
"32_93_6_1","0"
"32_93_6_2","63_62_5_2"
"32_93_6_3","63_62_5_0 + 63_62_5_2"
"32_93_6_4","63_62_5_0 + 63_62_5_1"
"46_93_6_0","0"
"46_93_6_1","0"
"46_93_6_2","91_48_5"
"50_93_6_0","0"
"50_93_6_1","0"
"50_93_6_2","99_44_5"
"54_93_6_0","0"
"54_93_6_1","0"
"54_93_6_2","107_40_5_0"
"55_93_6_0","0"
"55_93_6_1","0"
"55_93_6_2","109_39_5"
"56_93_6_0","0"
"56_93_6_1","0"
"56_93_6_2","0"
"56_93_6_3","111_38_5"
"63_93_6_0","0"
"63_93_6_1","0"
"63_93_6_2","125_31_5_0"
"64_93_6_0","0"
"64_93_6_1","0"
"64_93_6_2","0"
"64_93_6_3","127_30_5"
"70_93_6_0","0"
"70_93_6_1","0"
"70_93_6_2","0"
"70_93_6_3","139_24_5"
"74_93_6_0","0"
"74_93_6_1","0"
"74_93_6_2","0"
"74_93_6_3","147_20_5"
"76_93_6_0","0"
"76_93_6_1","0"
"76_93_6_2","0"
"76_93_6_3","151_18_5"
"79_93_6_0","0"
"79_93_6_1","157_15_5_0"
"80_93_6_0","0"
"80_93_6_1","0"
"80_93_6_2","159_14_5"
"94_93_6_0","0"
"94_93_6_1","187_0_5"
"8_93_7_0","15_86_6_0 + 15_86_6_1"
"8_93_7_1","15_86_6_0"
"12_93_7","23_82_6_0"
"14_93_7_0","0"
"14_93_7_1","27_80_6"
"15_93_7_0","0"
"15_93_7_1","0"
"15_93_7_2","29_79_6_0"
"16_93_7_0","0"
"16_93_7_1","0"
"16_93_7_2","0"
"16_93_7_3","31_78_6_2"
"16_93_7_4","31_78_6_1"
"16_93_7_5","31_78_6_0"
"18_93_7_0","0"
"18_93_7_1","0"
"18_93_7_2","0"
"18_93_7_3","0"
"18_93_7_4","0"
"18_93_7_5","35_76_6_2 + 35_76_6_3"
"23_93_7_0","0"
"23_93_7_1","45_71_6_0"
"24_93_7_0","0"
"24_93_7_1","0"
"24_93_7_2","47_70_6_2"
"24_93_7_3","47_70_6_1"
"24_93_7_4","47_70_6_0"
"28_93_7","55_66_6"
"29_93_7_0","0"
"29_93_7_1","57_65_6"
"30_93_7_0","0"
"30_93_7_1","0"
"30_93_7_2","59_64_6"
"31_93_7_0","0"
"31_93_7_1","0"
"31_93_7_2","0"
"31_93_7_3","61_63_6_0"
"32_93_7_0","0"
"32_93_7_1","0"
"32_93_7_2","0"
"32_93_7_3","0"
"32_93_7_4","63_62_6_1"
"32_93_7_5","63_62_6_0"
"40_93_7_0","0"
"40_93_7_1","0"
"40_93_7_2","0"
"40_93_7_3","79_54_6"
"42_93_7_0","0"
"42_93_7_1","0"
"42_93_7_2","0"
"42_93_7_3","83_52_6"
"45_93_7_0","0"
"45_93_7_1","0"
"45_93_7_2","0"
"45_93_7_3","89_49_6"
"46_93_7_0","0"
"46_93_7_1","0"
"46_93_7_2","0"
"46_93_7_3","0"
"46_93_7_4","91_48_6"
"48_93_7_0","0"
"48_93_7_1","0"
"48_93_7_2","0"
"48_93_7_3","0"
"48_93_7_4","95_46_6"
"50_93_7_0","0"
"50_93_7_1","0"
"50_93_7_2","0"
"50_93_7_3","99_44_6"
"54_93_7_0","0"
"54_93_7_1","0"
"54_93_7_2","0"
"54_93_7_3","107_40_6_0"
"56_93_7_0","0"
"56_93_7_1","0"
"56_93_7_2","0"
"56_93_7_3","111_38_6_0"
"64_93_7_0","0"
"64_93_7_1","0"
"64_93_7_2","127_30_6"
"68_93_7_0","0"
"68_93_7_1","0"
"68_93_7_2","135_26_6"
"74_93_7_0","0"
"74_93_7_1","0"
"74_93_7_2","147_20_6"
"78_93_7_0","0"
"78_93_7_1","155_16_6"
"80_93_7_0","0"
"80_93_7_1","0"
"80_93_7_2","159_14_6"
"84_93_7_0","0"
"84_93_7_1","167_10_6"
"94_93_7_0","0"
"94_93_7_1","187_0_6"
"64_94_2","127_31_1"
"32_94_3","63_63_2"
"63_94_3","125_32_2"
"64_94_3_0","0"
"64_94_3_1","127_31_2"
"80_94_3_0","0"
"80_94_3_1","159_15_2"
"88_94_3_0","0"
"88_94_3_1","175_7_2"
"92_94_3_0","0"
"92_94_3_1","183_3_2"
"30_94_4","59_65_3"
"32_94_4_0","0"
"32_94_4_1","63_63_3_1"
"32_94_4_2","63_63_3_0"
"50_94_4_0","0"
"50_94_4_1","99_45_3"
"56_94_4_0","0"
"56_94_4_1","0"
"56_94_4_2","111_39_3"
"62_94_4_0","0"
"62_94_4_1","0"
"62_94_4_2","123_33_3"
"64_94_4_0","0"
"64_94_4_1","0"
"64_94_4_2","0"
"64_94_4_3","127_31_3_1"
"64_94_4_4","127_31_3_0"
"74_94_4_0","0"
"74_94_4_1","0"
"74_94_4_2","0"
"74_94_4_3","147_21_3"
"80_94_4_0","0"
"80_94_4_1","0"
"80_94_4_2","0"
"80_94_4_3","159_15_3"
"86_94_4_0","0"
"86_94_4_1","0"
"86_94_4_2","171_9_3"
"88_94_4_0","0"
"88_94_4_1","0"
"88_94_4_2","0"
"88_94_4_3","175_7_3"
"92_94_4_0","0"
"92_94_4_1","0"
"92_94_4_2","183_3_3"
"30_94_5","59_65_4"
"31_94_5","61_64_4"
"32_94_5_0","0"
"32_94_5_1","63_63_4"
"50_94_5","99_45_4"
"54_94_5","107_41_4"
"55_94_5","109_40_4_1"
"56_94_5_0","0"
"56_94_5_1","111_39_4"
"61_94_5","121_34_4"
"62_94_5_0","0"
"62_94_5_1","123_33_4"
"63_94_5_0","0"
"63_94_5_1","0"
"63_94_5_2","125_32_4"
"64_94_5_0","0"
"64_94_5_1","0"
"64_94_5_2","0"
"64_94_5_3","127_31_4"
"72_94_5_0","0"
"72_94_5_1","0"
"72_94_5_2","143_23_4"
"80_94_5_0","0"
"80_94_5_1","159_15_4"
"88_94_5_0","0"
"88_94_5_1","175_7_4"
"16_94_6","31_79_5"
"24_94_6_0","0"
"24_94_6_1","47_71_5"
"26_94_6_0","0"
"26_94_6_1","51_69_5_0"
"28_94_6_0","0"
"28_94_6_1","55_67_5_0"
"30_94_6_0","0"
"30_94_6_1","0"
"30_94_6_2","59_65_5"
"31_94_6_0","0"
"31_94_6_1","0"
"31_94_6_2","61_64_5"
"32_94_6_0","0"
"32_94_6_1","0"
"32_94_6_2","0"
"32_94_6_3","63_63_5"
"44_94_6_0","0"
"44_94_6_1","0"
"44_94_6_2","87_51_5"
"46_94_6_0","0"
"46_94_6_1","0"
"46_94_6_2","0"
"46_94_6_3","91_49_5"
"48_94_6_0","0"
"48_94_6_1","0"
"48_94_6_2","0"
"48_94_6_3","0"
"48_94_6_4","95_47_5"
"54_94_6_0","0"
"54_94_6_1","0"
"54_94_6_2","0"
"54_94_6_3","107_41_5"
"55_94_6_0","0"
"55_94_6_1","0"
"55_94_6_2","0"
"55_94_6_3","109_40_5_1"
"56_94_6_0","0"
"56_94_6_1","0"
"56_94_6_2","0"
"56_94_6_3","111_39_5"
"57_94_6_0","0"
"57_94_6_1","0"
"57_94_6_2","0"
"57_94_6_3","113_38_5"
"62_94_6_0","0"
"62_94_6_1","0"
"62_94_6_2","0"
"62_94_6_3","123_33_5"
"64_94_6_0","0"
"64_94_6_1","0"
"64_94_6_2","0"
"64_94_6_3","127_31_5_1"
"64_94_6_4","127_31_5_0"
"71_94_6_0","0"
"71_94_6_1","0"
"71_94_6_2","0"
"71_94_6_3","0"
"71_94_6_4","141_24_5"
"72_94_6_0","0"
"72_94_6_1","0"
"72_94_6_2","0"
"72_94_6_3","0"
"72_94_6_4","0"
"72_94_6_5","143_23_5"
"78_94_6_0","0"
"78_94_6_1","0"
"78_94_6_2","0"
"78_94_6_3","155_17_5"
"80_94_6_0","0"
"80_94_6_1","0"
"80_94_6_2","0"
"80_94_6_3","159_15_5_0 + 159_15_5_1"
"80_94_6_4","159_15_5_0"
"96_95_2","191_0_1"
"32_95_3","63_64_2"
"62_95_3","123_34_2"
"64_95_3_0","0"
"64_95_3_1","127_32_2"
"80_95_3_0","0"
"80_95_3_1","159_16_2"
"88_95_3_0","0"
"88_95_3_1","175_8_2"
"96_95_3","191_0_2"
"30_95_4","59_66_3"
"31_95_4","61_65_3_1"
"32_95_4_0","0"
"32_95_4_1","63_64_3"
"34_95_4","67_62_3"
"58_95_4","115_38_3"
"62_95_4","123_34_3"
"63_95_4","125_33_3"
"66_95_4","131_30_3"
"78_95_4","155_18_3"
"79_95_4","157_17_3"
"82_95_4","163_14_3"
"87_95_4","173_9_3"
"88_95_4_0","0"
"88_95_4_1","175_8_3"
"96_95_4","191_0_3"
"20_95_5","39_76_4"
"28_95_5_0","0"
"28_95_5_1","55_68_4"
"30_95_5_0","0"
"30_95_5_1","0"
"30_95_5_2","59_66_4_0"
"30_95_5_3","59_66_4_0 + 59_66_4_1"
"32_95_5_0","0"
"32_95_5_1","0"
"32_95_5_2","63_64_4"
"34_95_5_0","0"
"34_95_5_1","0"
"34_95_5_2","67_62_4"
"46_95_5_0","0"
"46_95_5_1","0"
"46_95_5_2","91_50_4"
"48_95_5_0","0"
"48_95_5_1","0"
"48_95_5_2","0"
"48_95_5_3","95_48_4"
"56_95_5_0","0"
"56_95_5_1","0"
"56_95_5_2","0"
"56_95_5_3","111_40_4_1"
"58_95_5_0","0"
"58_95_5_1","0"
"58_95_5_2","0"
"58_95_5_3","115_38_4_0 + 115_38_4_1"
"62_95_5_0","0"
"62_95_5_1","0"
"62_95_5_2","0"
"62_95_5_3","123_34_4"
"64_95_5_0","0"
"64_95_5_1","0"
"64_95_5_2","0"
"64_95_5_3","127_32_4"
"66_95_5_0","0"
"66_95_5_1","0"
"66_95_5_2","0"
"66_95_5_3","131_30_4"
"78_95_5_0","0"
"78_95_5_1","0"
"78_95_5_2","155_18_4_1"
"78_95_5_3","155_18_4_0"
"87_95_5_0","0"
"87_95_5_1","0"
"87_95_5_2","173_9_4"
"96_95_5_0","0"
"96_95_5_1","0"
"96_95_5_2","191_0_4"
"96_96_2","191_1_1"
"34_96_3","67_63_2"
"66_96_3","131_31_2"
"82_96_3","163_15_2"
"90_96_3","179_7_2"
"94_96_3","187_3_2"
"95_96_3","189_2_2"
"32_96_4_0","63_65_3_1"
"32_96_4_1","63_65_3_0"
"34_96_4_0","0"
"34_96_4_1","67_63_3_1"
"52_96_4","103_45_3"
"60_96_4_0","0"
"60_96_4_1","119_37_3"
"64_96_4_0","0"
"64_96_4_1","0"
"64_96_4_2","127_33_3"
"66_96_4_0","0"
"66_96_4_1","0"
"66_96_4_2","131_31_3_1"
"76_96_4_0","0"
"76_96_4_1","151_21_3"
"80_96_4_0","0"
"80_96_4_1","0"
"80_96_4_2","159_17_3"
"82_96_4_0","0"
"82_96_4_1","0"
"82_96_4_2","163_15_3"
"88_96_4_0","0"
"88_96_4_1","175_9_3"
"90_96_4_0","0"
"90_96_4_1","179_7_3"
"94_96_4","187_3_3"
"98_97_2","195_0_1"
"32_97_3","63_66_2"
"60_97_3","119_38_2"
"64_97_3_0","0"
"64_97_3_1","127_34_2"
"80_97_3_0","0"
"80_97_3_1","159_18_2"
"96_97_3","191_2_2"
"98_97_3","195_0_2"
"96_98_2","191_3_1"
