"element","image"
"5_0_1","2_1_3"
"5_0_2","2_1_4"
"5_0_3","2_1_5"
"5_0_4","2_1_6"
"5_0_5","2_1_7"
"5_0_6","2_1_8"
"5_0_7","2_1_9"
"5_0_8","2_1_10"
"5_0_9","2_1_11"
"5_0_10","2_1_12"
"5_0_11","2_1_13"
"5_0_12","2_1_14"
"5_0_13","2_1_15"
"5_0_14","2_1_16"
"5_0_15","2_1_17"
"5_0_16","2_1_18"
"5_0_17","2_1_19"
"5_0_18","2_1_20"
"5_0_19","2_1_21"
"5_0_20","2_1_22"
"5_0_21","2_1_23"
"5_0_22","2_1_24"
"5_0_23","2_1_25"
"5_0_24","2_1_26"
"5_0_25","2_1_27"
"5_0_26","2_1_28"
"5_0_27","2_1_29"
"5_0_28","2_1_30"
"5_0_29","2_1_31"
"5_0_30","2_1_32"
"5_0_31","2_1_33"
"5_0_32","2_1_34"
"5_0_33","2_1_35"
"5_0_34","2_1_36"
"5_0_35","2_1_37"
"5_0_36","2_1_38"
"5_0_37","2_1_39"
"5_0_38","2_1_40"
"5_0_39","2_1_41"
"5_0_40","2_1_42"
"5_0_41","2_1_43"
"5_0_42","2_1_44"
"5_0_43","2_1_45"
"5_0_44","2_1_46"
"5_0_45","2_1_47"
"5_0_46","2_1_48"
"9_0_1","4_3_3_1"
"9_0_2","4_3_4"
"9_0_3","4_3_5"
"9_0_4","4_3_6"
"9_0_5","4_3_7"
"9_0_6","4_3_8"
"9_0_7","4_3_9"
"9_0_8","4_3_10"
"9_0_9","4_3_11"
"9_0_10","4_3_12"
"9_0_11","4_3_13"
"9_0_12","4_3_14"
"9_0_13","4_3_15"
"9_0_14","4_3_16"
"9_0_15","4_3_17"
"9_0_16","4_3_18"
"9_0_17","4_3_19"
"9_0_18","4_3_20"
"9_0_19","4_3_21"
"9_0_20","4_3_22"
"9_0_21","4_3_23"
"9_0_22","4_3_24"
"9_0_23","4_3_25"
"9_0_24","4_3_26"
"9_0_25","4_3_27"
"9_0_26","4_3_28"
"9_0_27","4_3_29"
"9_0_28","4_3_30"
"9_0_29","4_3_31"
"9_0_30","4_3_32"
"9_0_31","4_3_33"
"9_0_32","4_3_34"
"9_0_33","4_3_35"
"9_0_34","4_3_36"
"9_0_35","4_3_37"
"9_0_36","4_3_38"
"9_0_37","4_3_39"
"9_0_38","4_3_40"
"9_0_39","4_3_41"
"9_0_40","4_3_42"
"9_0_41","4_3_43"
"9_0_42","4_3_44"
"9_0_43","4_3_45"
"9_0_44","4_3_46"
"9_0_45","4_3_47"
"9_0_46","4_3_48"
"5_3_1","2_4_3"
"9_1_1","4_4_3"
"5_3_2","2_4_4"
"11_1_1","5_5_3"
"13_0_1","6_5_3"
"5_4_2","2_5_4"
"9_2_2","4_5_4"
"13_0_2","6_5_4"
"13_0_3","6_5_5"
"13_0_4","6_5_6"
"13_0_5","6_5_7"
"13_0_6","6_5_8"
"13_0_7","6_5_9"
"13_0_8","6_5_10"
"13_0_9","6_5_11"
"13_0_10","6_5_12"
"13_0_11","6_5_13"
"13_0_12","6_5_14"
"13_0_13","6_5_15"
"13_0_14","6_5_16"
"13_0_15","6_5_17"
"13_0_16","6_5_18"
"13_0_17","6_5_19"
"13_0_18","6_5_20"
"13_0_19","6_5_21"
"13_0_20","6_5_22"
"13_0_21","6_5_23"
"13_0_22","6_5_24"
"13_0_23","6_5_25"
"13_0_24","6_5_26"
"13_0_25","6_5_27"
"13_0_26","6_5_28"
"13_0_27","6_5_29"
"13_0_28","6_5_30"
"13_0_29","6_5_31"
"13_0_30","6_5_32"
"13_0_31","6_5_33"
"13_0_32","6_5_34"
"13_0_33","6_5_35"
"13_0_34","6_5_36"
"13_0_35","6_5_37"
"13_0_36","6_5_38"
"13_0_37","6_5_39"
"13_0_38","6_5_40"
"13_0_39","6_5_41"
"13_0_40","6_5_42"
"13_0_41","6_5_43"
"13_0_42","6_5_44"
"13_0_43","6_5_45"
"13_0_44","6_5_46"
"13_0_45","6_5_47"
"13_0_46","6_5_48"
"9_3_1","4_6_3"
"9_3_2","4_6_4"
"5_5_3","2_6_5"
"17_0_1","8_7_3_1"
"17_0_2","8_7_4_1"
"17_0_3","8_7_5"
"17_0_4","8_7_6"
"17_0_5","8_7_7"
"17_0_6","8_7_8"
"17_0_7","8_7_9"
"17_0_8","8_7_10"
"17_0_9","8_7_11"
"17_0_10","8_7_12"
"17_0_11","8_7_13"
"17_0_12","8_7_14"
"17_0_13","8_7_15"
"17_0_14","8_7_16"
"17_0_15","8_7_17"
"17_0_16","8_7_18"
"17_0_17","8_7_19"
"17_0_18","8_7_20"
"17_0_19","8_7_21"
"17_0_20","8_7_22"
"17_0_21","8_7_23"
"17_0_22","8_7_24"
"17_0_23","8_7_25"
"17_0_24","8_7_26"
"17_0_25","8_7_27"
"17_0_26","8_7_28"
"17_0_27","8_7_29"
"17_0_28","8_7_30"
"17_0_29","8_7_31"
"17_0_30","8_7_32"
"17_0_31","8_7_33"
"17_0_32","8_7_34"
"17_0_33","8_7_35"
"17_0_34","8_7_36"
"17_0_35","8_7_37"
"17_0_36","8_7_38"
"17_0_37","8_7_39"
"17_0_38","8_7_40"
"17_0_39","8_7_41"
"17_0_40","8_7_42"
"17_0_41","8_7_43"
"17_0_42","8_7_44"
"17_0_43","8_7_45"
"17_0_44","8_7_46"
"17_0_45","8_7_47"
"17_0_46","8_7_48"
"13_3_1","6_8_3_1"
"17_1_1","8_8_3_1"
"13_3_2","6_8_4"
"19_1_1","9_9_3_1"
"21_0_1","10_9_3_1"
"17_2_2","8_9_4_1"
"21_0_2","10_9_4_1"
"21_0_3","10_9_5_1"
"21_0_4","10_9_6"
"21_0_5","10_9_7"
"21_0_6","10_9_8"
"21_0_7","10_9_9"
"21_0_8","10_9_10"
"21_0_9","10_9_11"
"21_0_10","10_9_12"
"21_0_11","10_9_13"
"21_0_12","10_9_14"
"21_0_13","10_9_15"
"21_0_14","10_9_16"
"21_0_15","10_9_17"
"21_0_16","10_9_18"
"21_0_17","10_9_19"
"21_0_18","10_9_20"
"21_0_19","10_9_21"
"21_0_20","10_9_22"
"21_0_21","10_9_23"
"21_0_22","10_9_24"
"21_0_23","10_9_25"
"21_0_24","10_9_26"
"21_0_25","10_9_27"
"21_0_26","10_9_28"
"21_0_27","10_9_29"
"21_0_28","10_9_30"
"21_0_29","10_9_31"
"21_0_30","10_9_32"
"21_0_31","10_9_33"
"21_0_32","10_9_34"
"21_0_33","10_9_35"
"21_0_34","10_9_36"
"21_0_35","10_9_37"
"21_0_36","10_9_38"
"21_0_37","10_9_39"
"21_0_38","10_9_40"
"21_0_39","10_9_41"
"21_0_40","10_9_42"
"21_0_41","10_9_43"
"21_0_42","10_9_44"
"21_0_43","10_9_45"
"21_0_44","10_9_46"
"21_0_45","10_9_47"
"21_0_46","10_9_48"
"9_7_1","4_10_3"
"17_3_1","8_10_3_1"
"21_1_1","10_10_3"
"9_7_2","4_10_4_1"
"17_3_2","8_10_4_1"
"19_2_2","9_10_4"
"9_7_3","4_10_5_1"
"17_3_3","8_10_5"
"11_7_1","5_11_3"
"19_3_1","9_11_3"
"25_0_1","12_11_3"
"9_8_2_0","4_11_4_0"
"9_8_2_1","4_11_4_0 + 4_11_4_1"
"13_6_2","6_11_4"
"25_0_2","12_11_4"
"5_10_3","2_11_5"
"9_8_3","4_11_5"
"25_0_3","12_11_5_1"
"5_10_4","2_11_6"
"25_0_4","12_11_6_1"
"25_0_5","12_11_7_1"
"25_0_6","12_11_8"
"25_0_7","12_11_9"
"25_0_8","12_11_10"
"25_0_9","12_11_11"
"25_0_10","12_11_12"
"25_0_11","12_11_13"
"25_0_12","12_11_14"
"25_0_13","12_11_15"
"25_0_14","12_11_16"
"25_0_15","12_11_17"
"25_0_16","12_11_18"
"25_0_17","12_11_19"
"25_0_18","12_11_20"
"25_0_19","12_11_21"
"25_0_20","12_11_22"
"25_0_21","12_11_23"
"25_0_22","12_11_24"
"25_0_23","12_11_25"
"25_0_24","12_11_26"
"25_0_25","12_11_27"
"25_0_26","12_11_28"
"25_0_27","12_11_29"
"25_0_28","12_11_30"
"25_0_29","12_11_31"
"25_0_30","12_11_32"
"25_0_31","12_11_33"
"25_0_32","12_11_34"
"25_0_33","12_11_35"
"25_0_34","12_11_36"
"25_0_35","12_11_37"
"25_0_36","12_11_38"
"25_0_37","12_11_39"
"25_0_38","12_11_40"
"25_0_39","12_11_41"
"25_0_40","12_11_42"
"25_0_41","12_11_43"
"25_0_42","12_11_44"
"25_0_43","12_11_45"
"25_0_44","12_11_46"
"25_0_45","12_11_47"
"25_0_46","12_11_48"
"13_7_1","6_12_3"
"21_3_1","10_12_3"
"25_1_1","12_12_3"
"11_8_2","5_12_4"
"13_7_2","6_12_4"
"21_3_2","10_12_4"
"5_11_3","2_12_5"
"9_9_3_0","0"
"9_9_3_1","4_12_5_0"
"11_8_3","5_12_5"
"13_7_3","6_12_5"
"5_11_4","2_12_6"
"9_9_4","4_12_6_0"
"13_7_4","6_12_6"
"5_11_5","2_12_7"
"9_9_5","4_12_7"
"5_11_6","2_12_8"
"23_3_1","11_13_3"
"27_1_1","13_13_3"
"29_0_1","14_13_3"
"9_10_2","4_13_4"
"17_6_2","8_13_4"
"25_2_2","12_13_4"
"29_0_2","14_13_4"
"9_10_3","4_13_5"
"29_0_3","14_13_5"
"9_10_4","4_13_6"
"29_0_4","14_13_6"
"5_12_5","2_13_7"
"11_9_5","5_13_7"
"29_0_5","14_13_7"
"5_12_6","2_13_8"
"9_10_6","4_13_8"
"29_0_6","14_13_8"
"29_0_7","14_13_9"
"29_0_8","14_13_10"
"29_0_9","14_13_11"
"29_0_10","14_13_12"
"29_0_11","14_13_13"
"29_0_12","14_13_14"
"29_0_13","14_13_15"
"29_0_14","14_13_16"
"29_0_15","14_13_17"
"29_0_16","14_13_18"
"29_0_17","14_13_19"
"29_0_18","14_13_20"
"29_0_19","14_13_21"
"29_0_20","14_13_22"
"29_0_21","14_13_23"
"29_0_22","14_13_24"
"29_0_23","14_13_25"
"29_0_24","14_13_26"
"29_0_25","14_13_27"
"29_0_26","14_13_28"
"29_0_27","14_13_29"
"29_0_28","14_13_30"
"29_0_29","14_13_31"
"29_0_30","14_13_32"
"29_0_31","14_13_33"
"29_0_32","14_13_34"
"29_0_33","14_13_35"
"29_0_34","14_13_36"
"29_0_35","14_13_37"
"29_0_36","14_13_38"
"29_0_37","14_13_39"
"29_0_38","14_13_40"
"29_0_39","14_13_41"
"29_0_40","14_13_42"
"29_0_41","14_13_43"
"29_0_42","14_13_44"
"29_0_43","14_13_45"
"29_0_44","14_13_46"
"29_0_45","14_13_47"
"29_0_46","14_13_48"
"17_7_1","8_14_3_1"
"25_3_1","12_14_3_1"
"11_10_2","5_14_4"
"17_7_2","8_14_4_2"
"19_6_2","9_14_4_0"
"25_3_2","12_14_4_1"
"9_11_3","4_14_5"
"17_7_3","8_14_5_1"
"9_11_5","4_14_7"
"9_11_6","4_14_8"
"5_13_7","2_14_9"
"19_7_1","9_15_3"
"33_0_1","16_15_3_1"
"17_8_2","8_15_4_0"
"21_6_2","10_15_4"
"33_0_2","16_15_4_1"
"17_8_3","8_15_5_1"
"33_0_3","16_15_5_2"
"5_14_4","2_15_6"
"33_0_4","16_15_6_1"
"33_0_5","16_15_7_1"
"33_0_6","16_15_8_1"
"33_0_7","16_15_9"
"33_0_8","16_15_10"
"33_0_9","16_15_11"
"33_0_10","16_15_12"
"33_0_11","16_15_13"
"33_0_12","16_15_14"
"33_0_13","16_15_15"
"33_0_14","16_15_16"
"33_0_15","16_15_17"
"33_0_16","16_15_18"
"33_0_17","16_15_19"
"33_0_18","16_15_20"
"33_0_19","16_15_21"
"33_0_20","16_15_22"
"33_0_21","16_15_23"
"33_0_22","16_15_24"
"33_0_23","16_15_25"
"33_0_24","16_15_26"
"33_0_25","16_15_27"
"33_0_26","16_15_28"
"33_0_27","16_15_29"
"33_0_28","16_15_30"
"33_0_29","16_15_31"
"33_0_30","16_15_32"
"33_0_31","16_15_33"
"33_0_32","16_15_34"
"33_0_33","16_15_35"
"33_0_34","16_15_36"
"33_0_35","16_15_37"
"33_0_36","16_15_38"
"33_0_37","16_15_39"
"33_0_38","16_15_40"
"33_0_39","16_15_41"
"33_0_40","16_15_42"
"33_0_41","16_15_43"
"33_0_42","16_15_44"
"33_0_43","16_15_45"
"33_0_44","16_15_46"
"33_0_45","16_15_47"
"33_0_46","16_15_48"
"21_7_1","10_16_3"
"29_3_1","14_16_3"
"33_1_1","16_16_3"
"19_8_2","9_16_4"
"21_7_2","10_16_4"
"29_3_2","14_16_4"
"9_13_3","4_16_5"
"19_8_3","9_16_5"
"21_7_3","10_16_5"
"17_9_4","8_16_6_1"
"21_7_4","10_16_6_1"
"13_11_5","6_16_7_1"
"17_9_5","8_16_7_1"
"13_11_6","6_16_8"
"35_1_1","17_17_3_1"
"37_0_1","18_17_3_1"
"9_14_2","4_17_4"
"13_12_2","6_17_4"
"33_2_2","16_17_4_1"
"37_0_2","18_17_4_1"
"9_14_3","4_17_5_0"
"37_0_3","18_17_5_1"
"9_14_4_0","0"
"9_14_4_1","4_17_6_1"
"37_0_4","18_17_6_1"
"9_14_5","4_17_7_1"
"19_9_5","9_17_7_1"
"37_0_5","18_17_7_1"
"17_10_6","8_17_8_1"
"37_0_6","18_17_8_1"
"37_0_7","18_17_9_1"
"37_0_8","18_17_10"
"37_0_9","18_17_11"
"37_0_10","18_17_12"
"37_0_11","18_17_13"
"37_0_12","18_17_14"
"37_0_13","18_17_15"
"37_0_14","18_17_16"
"37_0_15","18_17_17"
"37_0_16","18_17_18"
"37_0_17","18_17_19"
"37_0_18","18_17_20"
"37_0_19","18_17_21"
"37_0_20","18_17_22"
"37_0_21","18_17_23"
"37_0_22","18_17_24"
"37_0_23","18_17_25"
"37_0_24","18_17_26"
"37_0_25","18_17_27"
"37_0_26","18_17_28"
"37_0_27","18_17_29"
"37_0_28","18_17_30"
"37_0_29","18_17_31"
"37_0_30","18_17_32"
"37_0_31","18_17_33"
"37_0_32","18_17_34"
"37_0_33","18_17_35"
"37_0_34","18_17_36"
"37_0_35","18_17_37"
"37_0_36","18_17_38"
"37_0_37","18_17_39"
"37_0_38","18_17_40"
"37_0_39","18_17_41"
"37_0_40","18_17_42"
"37_0_41","18_17_43"
"37_0_42","18_17_44"
"37_0_43","18_17_45"
"37_0_44","18_17_46"
"37_0_45","18_17_47"
"37_0_46","18_17_48"
"25_7_1","12_18_3_1"
"33_3_1","16_18_3_2"
"37_1_1","18_18_3_1"
"25_7_2","12_18_4_3"
"33_3_2","16_18_4_3"
"35_2_2","17_18_4_2"
"9_15_3","4_18_5"
"13_13_3","6_18_5_1"
"25_7_3","12_18_5_2"
"33_3_3","16_18_5_1"
"9_15_4","4_18_6_0"
"11_14_4","5_18_6"
"25_7_4","12_18_6"
"5_17_5","2_18_7"
"9_15_5_0","4_18_7_0"
"9_15_5_1","4_18_7_1"
"17_11_5","8_18_7_1"
"21_9_5","10_18_7"
"5_17_6","2_18_8"
"9_15_6","4_18_8_1"
"17_11_6","8_18_8_1"
"19_10_6","9_18_8"
"9_15_7","4_18_9_1"
"17_11_7","8_18_9"
"27_7_1","13_19_3_1"
"35_3_1","17_19_3_1"
"41_0_1","20_19_3_1"
"13_14_2","6_19_4"
"25_8_2","12_19_4_0"
"29_6_2","14_19_4"
"41_0_2","20_19_4"
"25_8_3","12_19_5"
"41_0_3","20_19_5"
"13_14_4","6_19_6"
"41_0_4","20_19_6"
"9_16_5","4_19_7_0"
"11_15_5_0","5_19_7"
"11_15_5_1","5_19_7"
"13_14_5","6_19_7"
"41_0_5","20_19_7"
"5_18_6","2_19_8"
"9_16_6_0","4_19_8_0"
"9_16_6_1","4_19_8_0 + 4_19_8_1"
"13_14_6","6_19_8"
"41_0_6","20_19_8"
"5_18_7","2_19_9"
"9_16_7","4_19_9"
"41_0_7","20_19_9_1"
"5_18_8","2_19_10"
"41_0_8","20_19_10_1"
"41_0_9","20_19_11_1"
"41_0_10","20_19_12"
"41_0_11","20_19_13"
"41_0_12","20_19_14"
"41_0_13","20_19_15"
"41_0_14","20_19_16"
"41_0_15","20_19_17"
"41_0_16","20_19_18"
"41_0_17","20_19_19"
"41_0_18","20_19_20"
"41_0_19","20_19_21"
"41_0_20","20_19_22"
"41_0_21","20_19_23"
"41_0_22","20_19_24"
"41_0_23","20_19_25"
"41_0_24","20_19_26"
"41_0_25","20_19_27"
"41_0_26","20_19_28"
"41_0_27","20_19_29"
"41_0_28","20_19_30"
"41_0_29","20_19_31"
"41_0_30","20_19_32"
"41_0_31","20_19_33"
"41_0_32","20_19_34"
"41_0_33","20_19_35"
"41_0_34","20_19_36"
"41_0_35","20_19_37"
"41_0_36","20_19_38"
"41_0_37","20_19_39"
"41_0_38","20_19_40"
"41_0_39","20_19_41"
"41_0_40","20_19_42"
"41_0_41","20_19_43"
"41_0_42","20_19_44"
"41_0_43","20_19_45"
"41_0_44","20_19_46"
"41_0_45","20_19_47"
"41_0_46","20_19_48"
"29_7_1","14_20_3"
"37_3_1","18_20_3"
"41_1_1","20_20_3"
"27_8_2","13_20_4_1"
"29_7_2","14_20_4_1"
"37_3_2","18_20_4_1"
"27_8_3","13_20_5_1"
"29_7_3","14_20_5_1"
"9_17_4","4_20_6_1"
"13_15_4","6_20_6_1"
"25_9_4","12_20_6_1"
"29_7_4","14_20_6_1"
"9_17_5","4_20_7"
"13_15_5_0","0"
"13_15_5_1","6_20_7"
"21_11_5","10_20_7"
"25_9_5","12_20_7"
"9_17_6","4_20_8"
"13_15_6","6_20_8"
"21_11_6","10_20_8"
"5_19_7","2_20_9"
"9_17_7_0","0"
"9_17_7_1","4_20_9_0"
"11_16_7","5_20_9"
"13_15_7","6_20_9"
"5_19_8","2_20_10"
"9_17_8","4_20_10_0"
"13_15_8","6_20_10"
"5_19_9","2_20_11"
"9_17_9","4_20_11"
"5_19_10","2_20_12"
"39_3_1","19_21_3_1"
"43_1_1","21_21_3_1"
"45_0_1","22_21_3_1"
"17_14_2","8_21_4"
"33_6_2","16_21_4"
"41_2_2","20_21_4"
"45_0_2","22_21_4"
"29_8_3","14_21_5_1"
"45_0_3","22_21_5_1"
"9_18_4","4_21_6"
"17_14_4","8_21_6_1"
"27_9_4","13_21_6"
"45_0_4","22_21_6"
"5_20_5","2_21_7"
"17_14_5","8_21_7_1"
"23_11_5","11_21_7"
"27_9_5","13_21_7"
"45_0_5","22_21_7"
"9_18_6","4_21_8"
"17_14_6","8_21_8"
"25_10_6","12_21_8"
"45_0_6","22_21_8"
"9_18_7","4_21_9"
"45_0_7","22_21_9"
"9_18_8","4_21_10"
"45_0_8","22_21_10"
"5_20_9","2_21_11"
"11_17_9","5_21_11"
"45_0_9","22_21_11"
"5_20_10","2_21_12"
"9_18_10","4_21_12"
"45_0_10","22_21_12"
"45_0_11","22_21_13"
"45_0_12","22_21_14"
"45_0_13","22_21_15"
"45_0_14","22_21_16"
"45_0_15","22_21_17"
"45_0_16","22_21_18"
"45_0_17","22_21_19"
"45_0_18","22_21_20"
"45_0_19","22_21_21"
"45_0_20","22_21_22"
"45_0_21","22_21_23"
"45_0_22","22_21_24"
"45_0_23","22_21_25"
"45_0_24","22_21_26"
"45_0_25","22_21_27"
"45_0_26","22_21_28"
"45_0_27","22_21_29"
"45_0_28","22_21_30"
"45_0_29","22_21_31"
"45_0_30","22_21_32"
"45_0_31","22_21_33"
"45_0_32","22_21_34"
"45_0_33","22_21_35"
"45_0_34","22_21_36"
"45_0_35","22_21_37"
"45_0_36","22_21_38"
"45_0_37","22_21_39"
"45_0_38","22_21_40"
"45_0_39","22_21_41"
"45_0_40","22_21_42"
"45_0_41","22_21_43"
"45_0_42","22_21_44"
"45_0_43","22_21_45"
"45_0_44","22_21_46"
"45_0_45","22_21_47"
"45_0_46","22_21_48"
"17_15_1","8_22_3"
"33_7_1","16_22_3_1"
"41_3_1","20_22_3_1"
"45_1_1","22_22_3"
"17_15_2","8_22_4_1"
"33_7_2","16_22_4_3"
"35_6_2","17_22_4_2"
"41_3_2","20_22_4_2"
"43_2_2","21_22_4_1"
"17_15_3","8_22_5_1"
"33_7_3","16_22_5_1"
"41_3_3","20_22_5"
"13_17_4","6_22_6_1"
"17_15_4","8_22_6_1"
"19_14_4","9_22_6_1"
"33_7_4","16_22_6"
"13_17_5","6_22_7_1"
"17_15_5_0","8_22_7_1"
"17_15_5_1","8_22_7_1 + 8_22_7_2"
"25_11_5","12_22_7_1"
"29_9_5","14_22_7"
"13_17_6","6_22_8"
"17_15_6","8_22_8_1"
"25_11_6","12_22_8_1"
"17_15_7","8_22_9_1"
"9_19_9","4_22_11"
"9_19_10","4_22_12"
"5_21_11","2_22_13"
"19_15_1","9_23_3"
"35_7_1","17_23_3_1"
"43_3_1","21_23_3"
"49_0_1","24_23_3"
"13_18_2","6_23_4_1"
"17_16_2_0","8_23_4_1"
"17_16_2_1","8_23_4_1 + 8_23_4_2"
"21_14_2","10_23_4_1"
"33_8_2","16_23_4_1"
"37_6_2","18_23_4_1"
"49_0_2","24_23_4_1"
"13_18_3_0","6_23_5_1"
"13_18_3_1","6_23_5_2"
"21_14_3","10_23_5_1"
"33_8_3","16_23_5_1"
"49_0_3","24_23_5_1"
"9_20_4","4_23_6_1"
"13_18_4_0","6_23_6_1"
"13_18_4_1","0"
"13_18_4_2","6_23_6_1 + 6_23_6_2"
"21_14_4","10_23_6_1"
"49_0_4","24_23_6_1"
"9_20_5","4_23_7"
"13_18_5_0","0"
"13_18_5_1","6_23_7"
"19_15_5_0","9_23_7"
"19_15_5_1","9_23_7"
"21_14_5","10_23_7"
"49_0_5","24_23_7_1"
"5_22_6","2_23_8"
"17_16_6","8_23_8_0"
"21_14_6","10_23_8"
"49_0_6","24_23_8_1"
"17_16_7","8_23_9_1"
"49_0_7","24_23_9_2"
"49_0_8","24_23_10_1"
"49_0_9","24_23_11_1"
"49_0_10","24_23_12_1"
"49_0_11","24_23_13"
"49_0_12","24_23_14"
"49_0_13","24_23_15"
"49_0_14","24_23_16"
"49_0_15","24_23_17"
"49_0_16","24_23_18"
"49_0_17","24_23_19"
"49_0_18","24_23_20"
"49_0_19","24_23_21"
"49_0_20","24_23_22"
"49_0_21","24_23_23"
"49_0_22","24_23_24"
"49_0_23","24_23_25"
"49_0_24","24_23_26"
"49_0_25","24_23_27"
"49_0_26","24_23_28"
"49_0_27","24_23_29"
"49_0_28","24_23_30"
"49_0_29","24_23_31"
"49_0_30","24_23_32"
"49_0_31","24_23_33"
"49_0_32","24_23_34"
"49_0_33","24_23_35"
"49_0_34","24_23_36"
"49_0_35","24_23_37"
"49_0_36","24_23_38"
"49_0_37","24_23_39"
"49_0_38","24_23_40"
"49_0_39","24_23_41"
"49_0_40","24_23_42"
"49_0_41","24_23_43"
"49_0_42","24_23_44"
"49_0_43","24_23_45"
"49_0_44","24_23_46"
"49_0_45","24_23_47"
"49_0_46","24_23_48"
"21_15_1","10_24_3"
"37_7_1","18_24_3"
"45_3_1","22_24_3"
"49_1_1","24_24_3"
"19_16_2","9_24_4_1"
"21_15_2","10_24_4_1"
"35_8_2","17_24_4_1"
"37_7_2","18_24_4_1"
"39_6_2","19_24_4"
"45_3_2","22_24_4"
"13_19_3_0","0"
"13_19_3_1","6_24_5_1"
"17_17_3_0","8_24_5_1"
"17_17_3_1","8_24_5_1 + 8_24_5_2"
"21_15_3","10_24_5_2"
"33_9_3","16_24_5_1"
"35_8_3","17_24_5_1"
"37_7_3","18_24_5_1"
"11_20_4","5_24_6"
"13_19_4","6_24_6"
"17_17_4","8_24_6_1"
"21_15_4","10_24_6_1"
"23_14_4","11_24_6"
"33_9_4","16_24_6_0"
"37_7_4","18_24_6"
"5_23_5","2_24_7"
"9_21_5_0","0"
"9_21_5_1","4_24_7"
"17_17_5","8_24_7_1"
"21_15_5_0","10_24_7_0"
"21_15_5_1","10_24_7_0 + 10_24_7_1"
"29_11_5","14_24_7"
"33_9_5","16_24_7"
"9_21_6","4_24_8_1"
"17_17_6","8_24_8_1"
"19_16_6","9_24_8"
"21_15_6","10_24_8"
"29_11_6","14_24_8"
"9_21_7","4_24_9"
"19_16_7","9_24_9"
"21_15_7","10_24_9"
"17_17_8","8_24_10_1"
"21_15_8","10_24_10_1"
"13_19_9","6_24_11_1"
"17_17_9","8_24_11_1"
"13_19_10","6_24_12"
"23_15_1","11_25_3"
"39_7_1","19_25_3"
"51_1_1","25_25_3"
"53_0_1","26_25_3"
"17_18_2_0","8_25_4_2"
"17_18_2_1","8_25_4_3"
"21_16_2","10_25_4_0"
"25_14_2","12_25_4_1"
"37_8_2","18_25_4"
"49_2_2","24_25_4"
"53_0_2","26_25_4"
"17_18_3_0","8_25_5_2 + 8_25_5_3"
"17_18_3_1","8_25_5_2"
"19_17_3","9_25_5_0"
"25_14_3","12_25_5_1"
"35_9_3","17_25_5"
"53_0_3","26_25_5"
"9_22_4_0","0"
"9_22_4_1","4_25_6_1"
"13_20_4_0","6_25_6_2"
"13_20_4_1","0"
"17_18_4_0","8_25_6_0 + 8_25_6_2"
"17_18_4_1","8_25_6_0"
"17_18_4_2","8_25_6_0 + 8_25_6_3"
"19_17_4","9_25_6"
"25_14_4","12_25_6"
"53_0_4","26_25_6"
"9_22_5","4_25_7_1"
"13_20_5_0","6_25_7_2"
"13_20_5_1","6_25_7_1"
"17_18_5","8_25_7"
"25_14_5","12_25_7"
"35_9_5","17_25_7"
"53_0_5","26_25_7"
"9_22_6_0","4_25_8_0"
"9_22_6_1","4_25_8_0 + 4_25_8_1"
"13_20_6_0","0"
"13_20_6_1","6_25_8"
"33_10_6","16_25_8_1"
"53_0_6","26_25_8_1"
"5_24_7","2_25_9"
"53_0_7","26_25_9_1"
"9_22_8","4_25_10_1"
"53_0_8","26_25_10_1"
"9_22_9","4_25_11_1"
"19_17_9","9_25_11_1"
"53_0_9","26_25_11_1"
"17_18_10","8_25_12_1"
"53_0_10","26_25_12_1"
"53_0_11","26_25_13_1"
"53_0_12","26_25_14"
"53_0_13","26_25_15"
"53_0_14","26_25_16"
"53_0_15","26_25_17"
"53_0_16","26_25_18"
"53_0_17","26_25_19"
"53_0_18","26_25_20"
"53_0_19","26_25_21"
"53_0_20","26_25_22"
"53_0_21","26_25_23"
"53_0_22","26_25_24"
"53_0_23","26_25_25"
"53_0_24","26_25_26"
"53_0_25","26_25_27"
"53_0_26","26_25_28"
"53_0_27","26_25_29"
"53_0_28","26_25_30"
"53_0_29","26_25_31"
"53_0_30","26_25_32"
"53_0_31","26_25_33"
"53_0_32","26_25_34"
"53_0_33","26_25_35"
"53_0_34","26_25_36"
"53_0_35","26_25_37"
"53_0_36","26_25_38"
"53_0_37","26_25_39"
"53_0_38","26_25_40"
"53_0_39","26_25_41"
"53_0_40","26_25_42"
"53_0_41","26_25_43"
"53_0_42","26_25_44"
"53_0_43","26_25_45"
"53_0_44","26_25_46"
"53_0_45","26_25_47"
"53_0_46","26_25_48"
"25_15_1","12_26_3"
"41_7_1","20_26_3"
"49_3_1","24_26_3_1"
"53_1_1","26_26_3"
"19_18_2_0","9_26_4_0"
"19_18_2_1","9_26_4_1"
"25_15_2","12_26_4_1"
"27_14_2","13_26_4"
"41_7_2","20_26_4_1"
"49_3_2","24_26_4_1"
"51_2_2","25_26_4"
"9_23_3","4_26_5_0"
"13_21_3","6_26_5_0"
"17_19_3_0","8_26_5_0"
"17_19_3_1","8_26_5_1"
"25_15_3","12_26_5"
"41_7_3","20_26_5_1"
"49_3_3","24_26_5"
"5_25_4","2_26_6"
"9_23_4","4_26_6_0"
"11_22_4_0","0"
"11_22_4_1","5_26_6_0"
"13_21_4","6_26_6_1"
"19_18_4_0","9_26_6_1"
"19_18_4_1","0"
"21_17_4","10_26_6_1"
"25_15_4","12_26_6_1"
"27_14_4","13_26_6_1"
"41_7_4","20_26_6_1"
"5_25_5_0","2_26_7"
"5_25_5_1","2_26_7"
"9_23_5_0","4_26_7_1"
"9_23_5_1","4_26_7_0"
"13_21_5_0","0"
"13_21_5_1","6_26_7"
"21_17_5","10_26_7_1"
"25_15_5_0","12_26_7_1"
"25_15_5_1","12_26_7_1 + 12_26_7_2"
"33_11_5","16_26_7_2"
"37_9_5","18_26_7_1"
"5_25_6_0","0"
"5_25_6_1","2_26_8"
"13_21_6","6_26_8_1"
"21_17_6","10_26_8_1"
"25_15_6","12_26_8_2"
"33_11_6","16_26_8_2"
"35_10_6","17_26_8_1"
"9_23_7","4_26_9_1"
"13_21_7","6_26_9_1"
"25_15_7","12_26_9_2"
"33_11_7","16_26_9_1"
"9_23_8","4_26_10_0"
"11_22_8","5_26_10"
"25_15_8","12_26_10"
"5_25_9","2_26_11"
"9_23_9_0","4_26_11_0"
"9_23_9_1","4_26_11_0 + 4_26_11_1"
"17_19_9","8_26_11_1"
"21_17_9","10_26_11"
"5_25_10","2_26_12"
"9_23_10","4_26_12_1"
"17_19_10","8_26_12_1"
"19_18_10","9_26_12"
"9_23_11","4_26_13_1"
"17_19_11","8_26_13"
"27_15_1","13_27_3"
"43_7_1","21_27_3"
"51_3_1","25_27_3"
"57_0_1","28_27_3"
"21_18_2","10_27_4"
"25_16_2","12_27_4"
"29_14_2","14_27_4"
"41_8_2","20_27_4_0"
"45_6_2","22_27_4"
"57_0_2","28_27_4"
"11_23_3","5_27_5"
"19_19_3","9_27_5_0"
"21_18_3","10_27_5_1"
"29_14_3","14_27_5"
"41_8_3","20_27_5"
"57_0_3","28_27_5"
"9_24_4_0","4_27_6_0"
"9_24_4_1","4_27_6_0 + 4_27_6_1"
"11_23_4","5_27_6"
"13_22_4_0","0"
"13_22_4_1","6_27_6"
"17_20_4","8_27_6_1"
"21_18_4_0","10_27_6_1"
"21_18_4_1","0"
"23_17_4","11_27_6"
"29_14_4","14_27_6"
"57_0_4","28_27_6"
"5_26_5_0","2_27_7"
"5_26_5_1","2_27_7"
"9_24_5_0","4_27_7_0"
"9_24_5_1","4_27_7_0 + 4_27_7_1"
"13_22_5","6_27_7_1"
"17_20_5","8_27_7_1"
"21_18_5","10_27_7"
"27_15_5_0","13_27_7"
"27_15_5_1","13_27_7"
"29_14_5","14_27_7"
"57_0_5","28_27_7"
"5_26_6_0","2_27_8"
"5_26_6_1","0"
"9_24_6","4_27_8_1"
"13_22_6","6_27_8_1"
"17_20_6","8_27_8"
"25_16_6","12_27_8_0"
"29_14_6","14_27_8"
"57_0_6","28_27_8"
"9_24_7","4_27_9"
"25_16_7","12_27_9"
"57_0_7","28_27_9"
"5_26_8","2_27_10"
"13_22_8","6_27_10"
"57_0_8","28_27_10"
"9_24_9","4_27_11_0"
"11_23_9_0","5_27_11"
"11_23_9_1","0"
"13_22_9","6_27_11"
"57_0_9","28_27_11"
"5_26_10","2_27_12"
"9_24_10_0","4_27_12_0"
"9_24_10_1","4_27_12_0 + 4_27_12_1"
"13_22_10","6_27_12"
"57_0_10","28_27_12"
"5_26_11","2_27_13"
"9_24_11","4_27_13"
"57_0_11","28_27_13_1"
"5_26_12","2_27_14"
"57_0_12","28_27_14_1"
"57_0_13","28_27_15_1"
"57_0_14","28_27_16"
"57_0_15","28_27_17"
"57_0_16","28_27_18"
"57_0_17","28_27_19"
"57_0_18","28_27_20"
"57_0_19","28_27_21"
"57_0_20","28_27_22"
"57_0_21","28_27_23"
"57_0_22","28_27_24"
"57_0_23","28_27_25"
"57_0_24","28_27_26"
"57_0_25","28_27_27"
"57_0_26","28_27_28"
"57_0_27","28_27_29"
"57_0_28","28_27_30"
"57_0_29","28_27_31"
"57_0_30","28_27_32"
"57_0_31","28_27_33"
"57_0_32","28_27_34"
"57_0_33","28_27_35"
"57_0_34","28_27_36"
"57_0_35","28_27_37"
"57_0_36","28_27_38"
"57_0_37","28_27_39"
"57_0_38","28_27_40"
"57_0_39","28_27_41"
"57_0_40","28_27_42"
"57_0_41","28_27_43"
"57_0_42","28_27_44"
"57_0_43","28_27_45"
"57_0_44","28_27_46"
"57_0_45","28_27_47"
"57_0_46","28_27_48"
"29_15_1","14_28_3"
"45_7_1","22_28_3"
"53_3_1","26_28_3"
"57_1_1","28_28_3"
"23_18_2","11_28_4"
"27_16_2","13_28_4"
"29_15_2","14_28_4"
"43_8_2","21_28_4"
"45_7_2","22_28_4"
"53_3_2","26_28_4"
"9_25_3","4_28_5_0"
"13_23_3","6_28_5"
"17_21_3_0","0"
"17_21_3_1","8_28_5_1"
"21_19_3","10_28_5"
"25_17_3","12_28_5"
"29_15_3","14_28_5"
"43_8_3","21_28_5"
"45_7_3","22_28_5"
"9_25_4_0","4_28_6_1"
"9_25_4_1","4_28_6_1 + 4_28_6_2"
"11_24_4","5_28_6"
"19_20_4","9_28_6_1"
"23_18_4_0","11_28_6"
"23_18_4_1","0"
"25_17_4","12_28_6"
"29_15_4","14_28_6"
"41_9_4","20_28_6_0"
"45_7_4","22_28_6"
"5_27_5","2_28_7"
"9_25_5_0","4_28_7_2"
"9_25_5_1","4_28_7_2"
"9_25_5_2","4_28_7_1"
"13_23_5","6_28_7_1"
"17_21_5","8_28_7"
"25_17_5","12_28_7"
"29_15_5_0","0"
"29_15_5_1","14_28_7"
"37_11_5","18_28_7"
"41_9_5","20_28_7"
"5_27_6","2_28_8"
"9_25_6","4_28_8"
"25_17_6","12_28_8_1"
"29_15_6","14_28_8_1"
"37_11_6","18_28_8_1"
"5_27_7","2_28_9"
"27_16_7","13_28_9_1"
"29_15_7","14_28_9_1"
"9_25_8","4_28_10_1"
"13_23_8","6_28_10_1"
"25_17_8","12_28_10_1"
"29_15_8","14_28_10_1"
"9_25_9","4_28_11"
"13_23_9_0","0"
"13_23_9_1","6_28_11"
"21_19_9","10_28_11"
"25_17_9","12_28_11"
"9_25_10","4_28_12"
"13_23_10","6_28_12"
"21_19_10","10_28_12"
"5_27_11","2_28_13"
"9_25_11_0","0"
"9_25_11_1","4_28_13_0"
"11_24_11","5_28_13"
"13_23_11","6_28_13"
"5_27_12","2_28_14"
"9_25_12","4_28_14_0"
"13_23_12","6_28_14"
"5_27_13","2_28_15"
"9_25_13","4_28_15"
"5_27_14","2_28_16"
"47_7_1","23_29_3"
"55_3_1","27_29_3"
"59_1_1","29_29_3"
"61_0_1","30_29_3"
"17_22_2","8_29_4"
"21_20_2","10_29_4_1"
"25_18_2","12_29_4_1"
"33_14_2","16_29_4_1"
"45_8_2","22_29_4_0"
"49_6_2","24_29_4"
"57_2_2","28_29_4"
"61_0_2","30_29_4"
"11_25_3","5_29_5"
"17_22_3","8_29_5_1"
"19_21_3_0","0"
"19_21_3_1","9_29_5_1"
"23_19_3","11_29_5_1"
"25_18_3","12_29_5_1"
"33_14_3","16_29_5_0"
"45_8_3","22_29_5"
"61_0_3","30_29_5"
"9_26_4_0","0"
"9_26_4_1","4_29_6_1"
"9_26_4_2","4_29_6_0"
"17_22_4_0","8_29_6_0"
"17_22_4_1","8_29_6_0 + 8_29_6_3"
"17_22_4_2","8_29_6_0 + 8_29_6_1"
"21_20_4","10_29_6_1"
"25_18_4_0","12_29_6_1"
"25_18_4_1","0"
"27_17_4","13_29_6"
"33_14_4","16_29_6_1"
"43_9_4","21_29_6"
"61_0_4","30_29_6"
"5_28_5","2_29_7"
"11_25_5_0","0"
"11_25_5_1","5_29_7_0"
"13_24_5_0","0"
"13_24_5_1","6_29_7_1"
"17_22_5","8_29_7_2"
"19_21_5","9_29_7_0"
"21_20_5","10_29_7_1"
"33_14_5","16_29_7_2"
"39_11_5","19_29_7_1"
"43_9_5","21_29_7_1"
"61_0_5","30_29_7_1"
"9_26_6_0","0"
"9_26_6_1","4_29_8_0"
"33_14_6","16_29_8_1"
"41_10_6","20_29_8_1"
"61_0_6","30_29_8_1"
"9_26_7","4_29_9_1"
"29_16_7","14_29_9_1"
"61_0_7","30_29_9_1"
"9_26_8","4_29_10"
"17_22_8","8_29_10_1"
"27_17_8","13_29_10"
"61_0_8","30_29_10"
"5_28_9","2_29_11"
"17_22_9","8_29_11_1"
"23_19_9","11_29_11"
"27_17_9","13_29_11"
"61_0_9","30_29_11"
"9_26_10","4_29_12"
"17_22_10","8_29_12"
"25_18_10","12_29_12"
"61_0_10","30_29_12"
"9_26_11","4_29_13"
"61_0_11","30_29_13"
"9_26_12","4_29_14"
"61_0_12","30_29_14"
"5_28_13","2_29_15"
"11_25_13","5_29_15"
"61_0_13","30_29_15"
"5_28_14","2_29_16"
"9_26_14","4_29_16"
"61_0_14","30_29_16"
"61_0_15","30_29_17"
"61_0_16","30_29_18"
"61_0_17","30_29_19"
"61_0_18","30_29_20"
"61_0_19","30_29_21"
"61_0_20","30_29_22"
"61_0_21","30_29_23"
"61_0_22","30_29_24"
"61_0_23","30_29_25"
"61_0_24","30_29_26"
"61_0_25","30_29_27"
"61_0_26","30_29_28"
"61_0_27","30_29_29"
"61_0_28","30_29_30"
"61_0_29","30_29_31"
"61_0_30","30_29_32"
"61_0_31","30_29_33"
"61_0_32","30_29_34"
"61_0_33","30_29_35"
"61_0_34","30_29_36"
"61_0_35","30_29_37"
"61_0_36","30_29_38"
"61_0_37","30_29_39"
"61_0_38","30_29_40"
"61_0_39","30_29_41"
"61_0_40","30_29_42"
"61_0_41","30_29_43"
"61_0_42","30_29_44"
"61_0_43","30_29_45"
"61_0_44","30_29_46"
"61_0_45","30_29_47"
"61_0_46","30_29_48"
"33_15_1","16_30_3_1"
"49_7_1","24_30_3_1"
"57_3_1","28_30_3_1"
"19_22_2","9_30_4"
"33_15_2","16_30_4_2"
"35_14_2","17_30_4_0"
"49_7_2","24_30_4_2"
"51_6_2","25_30_4_1"
"57_3_2","28_30_4_1"
"13_25_3","6_30_5_1"
"17_23_3_0","8_30_5_1"
"17_23_3_1","8_30_5_1 + 8_30_5_2"
"21_21_3_0","10_30_5_1"
"21_21_3_1","10_30_5_2"
"25_19_3","12_30_5"
"33_15_3","16_30_5_1"
"49_7_3","24_30_5_1"
"11_26_4","5_30_6"
"13_25_4","6_30_6"
"17_23_4_0","8_30_6_0"
"17_23_4_1","8_30_6_1"
"23_20_4","11_30_6"
"29_17_4","14_30_6_1"
"33_15_4","16_30_6_1"
"35_14_4","17_30_6_1"
"9_27_5_0","4_30_7_0"
"9_27_5_1","4_30_7_1"
"17_23_5","8_30_7_1"
"21_21_5","10_30_7"
"29_17_5","14_30_7_1"
"33_15_5_0","16_30_7_1"
"33_15_5_1","16_30_7_1 + 16_30_7_2"
"41_11_5","20_30_7_1"
"9_27_6","4_30_8_1"
"17_23_6","8_30_8_0"
"29_17_6","14_30_8_1"
"33_15_6","16_30_8_1"
"41_11_6","20_30_8_1"
"5_29_7_0","2_30_9"
"5_29_7_1","0"
"9_27_7","4_30_9"
"17_23_7","8_30_9_1"
"33_15_7","16_30_9_1"
"5_29_8","2_30_10"
"13_25_8","6_30_10_1"
"17_23_8","8_30_10_1"
"19_22_8","9_30_10_1"
"13_25_9","6_30_11_1"
"17_23_9_0","8_30_11_1"
"17_23_9_1","8_30_11_2"
"25_19_9","12_30_11_1"
"13_25_10","6_30_12"
"17_23_10","8_30_12_1"
"25_19_10","12_30_12_1"
"17_23_11","8_30_13_1"
"9_27_13","4_30_15"
"9_27_14","4_30_16"
"5_29_15","2_30_17"
"35_15_1","17_31_3_1"
"51_7_1","25_31_3_1"
"65_0_1","32_31_3_2"
"21_22_2","10_31_4"
"29_18_2","14_31_4"
"33_16_2","16_31_4"
"37_14_2","18_31_4"
"49_8_2","24_31_4_0"
"53_6_2","26_31_4"
"65_0_2","32_31_4_1"
"19_23_3","9_31_5"
"21_22_3","10_31_5_0"
"29_18_3","14_31_5_1"
"37_14_3","18_31_5_1"
"49_8_3","24_31_5_1"
"65_0_3","32_31_5_2"
"13_26_4","6_31_6_1"
"17_24_4_0","8_31_6_1"
"17_24_4_1","8_31_6_1 + 8_31_6_2"
"19_23_4","9_31_6_1"
"21_22_4_0","10_31_6_0"
"21_22_4_1","10_31_6_1"
"25_20_4","12_31_6"
"29_18_4_0","14_31_6"
"29_18_4_1","0"
"37_14_4","18_31_6"
"65_0_4","32_31_6_1"
"9_28_5","4_31_7_0"
"11_27_5","5_31_7"
"17_24_5_0","8_31_7_0"
"17_24_5_1","8_31_7_1"
"25_20_5","12_31_7"
"35_15_5_0","17_31_7"
"35_15_5_1","17_31_7"
"37_14_5","18_31_7"
"65_0_5","32_31_7_1"
"5_30_6","2_31_8"
"9_28_6_0","4_31_8_0"
"9_28_6_1","4_31_8_0 + 4_31_8_1"
"13_26_6_0","0"
"13_26_6_1","6_31_8_0"
"17_24_6","8_31_8_1"
"33_16_6","16_31_8_1"
"37_14_6","18_31_8_1"
"65_0_6","32_31_8_2"
"5_30_7","2_31_9"
"13_26_7_0","6_31_9_1"
"13_26_7_1","6_31_9_2"
"33_16_7","16_31_9_1"
"65_0_7","32_31_9_2"
"9_28_8","4_31_10_1"
"13_26_8_0","6_31_10_1"
"13_26_8_1","6_31_10_2"
"21_22_8","10_31_10_1"
"65_0_8","32_31_10_2"
"9_28_9","4_31_11"
"13_26_9_0","0"
"13_26_9_1","6_31_11"
"19_23_9_0","9_31_11"
"19_23_9_1","0"
"21_22_9","10_31_11"
"65_0_9","32_31_11_1"
"5_30_10","2_31_12"
"17_24_10","8_31_12_0"
"21_22_10","10_31_12"
"65_0_10","32_31_12_1"
"17_24_11","8_31_13_1"
"65_0_11","32_31_13_2"
"65_0_12","32_31_14_1"
"65_0_13","32_31_15_1"
"65_0_14","32_31_16_1"
"65_0_15","32_31_17"
"65_0_16","32_31_18"
"65_0_17","32_31_19"
"65_0_18","32_31_20"
"65_0_19","32_31_21"
"65_0_20","32_31_22"
"65_0_21","32_31_23"
"65_0_22","32_31_24"
"65_0_23","32_31_25"
"65_0_24","32_31_26"
"65_0_25","32_31_27"
"65_0_26","32_31_28"
"65_0_27","32_31_29"
"65_0_28","32_31_30"
"65_0_29","32_31_31"
"65_0_30","32_31_32"
"65_0_31","32_31_33"
"65_0_32","32_31_34"
"65_0_33","32_31_35"
"65_0_34","32_31_36"
"65_0_35","32_31_37"
"65_0_36","32_31_38"
"65_0_37","32_31_39"
"65_0_38","32_31_40"
"65_0_39","32_31_41"
"65_0_40","32_31_42"
"65_0_41","32_31_43"
"65_0_42","32_31_44"
"65_0_43","32_31_45"
"65_0_44","32_31_46"
"65_0_45","32_31_47"
"65_0_46","32_31_48"
"37_15_1","18_32_3"
"53_7_1","26_32_3"
"61_3_1","30_32_3"
"65_1_1","32_32_3"
"23_22_2","11_32_4"
"35_16_2","17_32_4_2"
"37_15_2","18_32_4_2"
"39_14_2","19_32_4_0"
"51_8_2","25_32_4_1"
"53_7_2","26_32_4_1"
"61_3_2","30_32_4_1"
"13_27_3","6_32_5_1"
"17_25_3","8_32_5_1"
"21_23_3","10_32_5"
"33_17_3","16_32_5_0"
"37_15_3","18_32_5_1"
"49_9_3","24_32_5_0"
"51_8_3","25_32_5"
"53_7_3","26_32_5"
"9_29_4","4_32_6_1"
"17_25_4","8_32_6_1"
"19_24_4","9_32_6"
"27_20_4","13_32_6_1"
"33_17_4","16_32_6_2"
"37_15_4","18_32_6_2"
"39_14_4","19_32_6_1"
"49_9_4","24_32_6_1"
"53_7_4","26_32_6_1"
"9_29_5_0","4_32_7_1"
"9_29_5_1","4_32_7_3"
"9_29_5_2","4_32_7_1 + 4_32_7_2"
"13_27_5","6_32_7_1"
"17_25_5","8_32_7_0"
"21_23_5","10_32_7_1"
"33_17_5","16_32_7_2"
"37_15_5_0","18_32_7_1"
"37_15_5_1","18_32_7_1 + 18_32_7_2"
"45_11_5","22_32_7_1"
"49_9_5","24_32_7_1"
"5_31_6_0","0"
"5_31_6_1","2_32_8"
"9_29_6","4_32_8_0"
"33_17_6","16_32_8_2"
"35_16_6","17_32_8_1"
"37_15_6","18_32_8_1"
"45_11_6","22_32_8_1"
"5_31_7","2_32_9"
"9_29_7_0","0"
"9_29_7_1","4_32_9_1"
"13_27_7","6_32_9_1"
"17_25_7","8_32_9_1"
"21_23_7","10_32_9_2"
"33_17_7","16_32_9_1"
"35_16_7","17_32_9_1"
"37_15_7","18_32_9_1"
"9_29_8","4_32_10"
"13_27_8","6_32_10"
"17_25_8","8_32_10_1"
"21_23_8","10_32_10_1"
"23_22_8","11_32_10"
"33_17_8","16_32_10_0"
"37_15_8","18_32_10"
"5_31_9","2_32_11"
"9_29_9_0","0"
"9_29_9_1","4_32_11"
"17_25_9","8_32_11_1"
"21_23_9_0","10_32_11_0"
"21_23_9_1","10_32_11_0 + 10_32_11_1"
"29_19_9","14_32_11"
"33_17_9","16_32_11"
"9_29_10","4_32_12_1"
"17_25_10","8_32_12_1"
"19_24_10","9_32_12"
"21_23_10","10_32_12"
"29_19_10","14_32_12"
"9_29_11","4_32_13"
"19_24_11","9_32_13"
"21_23_11","10_32_13"
"17_25_12","8_32_14_1"
"21_23_12","10_32_14_1"
"13_27_13","6_32_15_1"
"17_25_13","8_32_15_1"
"13_27_14","6_32_16"
"39_15_1","19_33_3"
"67_1_1","33_33_3_1"
"69_0_1","34_33_3_1"
"33_18_2","16_33_4_2"
"37_16_2","18_33_4_0"
"41_14_2","20_33_4_1"
"65_2_2","32_33_4_1"
"69_0_2","34_33_4_1"
"19_25_3","9_33_5"
"33_18_3","16_33_5_2"
"35_17_3","17_33_5_0"
"41_14_3","20_33_5_1"
"69_0_3","34_33_5_1"
"9_30_4","4_33_6_0"
"11_29_4","5_33_6"
"13_28_4","6_33_6"
"29_20_4","14_33_6_2"
"33_18_4_0","16_33_6_2"
"33_18_4_1","16_33_6_0"
"35_17_4","17_33_6"
"41_14_4","20_33_6"
"69_0_4","34_33_6"
"5_32_5","2_33_7"
"9_30_5_0","4_33_7_0"
"9_30_5_1","4_33_7_1"
"23_23_5","11_33_7_1"
"29_20_5","14_33_7_2"
"33_18_5","16_33_7_1"
"41_14_5","20_33_7_1"
"51_9_5","25_33_7_1"
"69_0_5","34_33_7_1"
"5_32_6","2_33_8"
"9_30_6","4_33_8"
"17_26_6_0","8_33_8_0"
"17_26_6_1","8_33_8_0 + 8_33_8_1"
"29_20_6","14_33_8"
"49_10_6","24_33_8"
"69_0_6","34_33_8"
"9_30_7","4_33_9"
"17_26_7_0","8_33_9_1 + 8_33_9_2"
"17_26_7_1","8_33_9_1"
"23_23_7","11_33_9"
"69_0_7","34_33_9"
"5_32_8","2_33_10"
"9_30_8","4_33_10"
"13_28_8","6_33_10_1"
"17_26_8_0","8_33_10_1 + 8_33_10_2"
"17_26_8_1","8_33_10_1"
"19_25_8","9_33_10"
"25_22_8","12_33_10"
"69_0_8","34_33_10"
"9_30_9","4_33_11_1"
"13_28_9_0","6_33_11_1 + 6_33_11_2"
"13_28_9_1","6_33_11_2"
"17_26_9","8_33_11"
"25_22_9","12_33_11"
"35_17_9","17_33_11"
"69_0_9","34_33_11"
"9_30_10_0","4_33_12_0"
"9_30_10_1","4_33_12_1"
"13_28_10_0","0"
"13_28_10_1","6_33_12"
"33_18_10","16_33_12_1"
"69_0_10","34_33_12_1"
"5_32_11","2_33_13"
"69_0_11","34_33_13_1"
"9_30_12","4_33_14_1"
"69_0_12","34_33_14_1"
"9_30_13","4_33_15_1"
"19_25_13","9_33_15_1"
"69_0_13","34_33_15_1"
"17_26_14","8_33_16_1"
"69_0_14","34_33_16_1"
"69_0_15","34_33_17_1"
"69_0_16","34_33_18"
"69_0_17","34_33_19"
"69_0_18","34_33_20"
"69_0_19","34_33_21"
"69_0_20","34_33_22"
"69_0_21","34_33_23"
"69_0_22","34_33_24"
"69_0_23","34_33_25"
"69_0_24","34_33_26"
"69_0_25","34_33_27"
"69_0_26","34_33_28"
"69_0_27","34_33_29"
"69_0_28","34_33_30"
"69_0_29","34_33_31"
"69_0_30","34_33_32"
"69_0_31","34_33_33"
"69_0_32","34_33_34"
"69_0_33","34_33_35"
"69_0_34","34_33_36"
"69_0_35","34_33_37"
"69_0_36","34_33_38"
"69_0_37","34_33_39"
"69_0_38","34_33_40"
"69_0_39","34_33_41"
"69_0_40","34_33_42"
"69_0_41","34_33_43"
"69_0_42","34_33_44"
"69_0_43","34_33_45"
"69_0_44","34_33_46"
"69_0_45","34_33_47"
"69_0_46","34_33_48"
"41_15_1","20_34_3"
"57_7_1","28_34_3_1"
"65_3_1","32_34_3_2"
"69_1_1","34_34_3_1"
"35_18_2","17_34_4_0"
"41_15_2","20_34_4_1"
"43_14_2","21_34_4"
"57_7_2","28_34_4_2"
"65_3_2","32_34_4_2"
"67_2_2","33_34_4_1"
"29_21_3","14_34_5_0"
"33_19_3","16_34_5"
"41_15_3","20_34_5"
"57_7_3","28_34_5_1"
"65_3_3","32_34_5"
"13_29_4","6_34_6_0"
"25_23_4","12_34_6_1"
"35_18_4_0","17_34_6_1"
"35_18_4_1","0"
"37_17_4","18_34_6_1"
"41_15_4","20_34_6_1"
"43_14_4","21_34_6_1"
"57_7_4","28_34_6_1"
"9_31_5","4_34_7_0"
"11_30_5","5_34_7"
"13_29_5","6_34_7"
"25_23_5","12_34_7"
"37_17_5","18_34_7"
"41_15_5_0","20_34_7_0"
"41_15_5_1","20_34_7_0 + 20_34_7_1"
"49_11_5","24_34_7_1"
"53_9_5","26_34_7"
"5_33_6","2_34_8"
"9_31_6_0","4_34_8_0"
"9_31_6_1","4_34_8_0 + 4_34_8_1"
"37_17_6","18_34_8_1"
"41_15_6","20_34_8_2"
"49_11_6","24_34_8_2"
"51_10_6","25_34_8_1"
"13_29_7","6_34_9_1"
"25_23_7","12_34_9_1"
"41_15_7","20_34_9_2"
"49_11_7","24_34_9_1"
"9_31_8","4_34_10_1"
"13_29_8_0","6_34_10_2"
"13_29_8_1","6_34_10_1 + 6_34_10_2"
"21_25_8","10_34_10_1"
"25_23_8","12_34_10_1"
"27_22_8","13_34_10_1"
"41_15_8","20_34_10_1"
"9_31_9","4_34_11"
"13_29_9_0","0"
"13_29_9_1","6_34_11"
"21_25_9","10_34_11_1"
"25_23_9_0","12_34_11_1"
"25_23_9_1","12_34_11_1 + 12_34_11_2"
"33_19_9","16_34_11_2"
"37_17_9","18_34_11_1"
"5_33_10","2_34_12"
"13_29_10","6_34_12_1"
"21_25_10","10_34_12_1"
"25_23_10","12_34_12_2"
"33_19_10","16_34_12_2"
"35_18_10","17_34_12_1"
"9_31_11","4_34_13_1"
"13_29_11","6_34_13_1"
"25_23_11","12_34_13_2"
"33_19_11","16_34_13_1"
"9_31_12","4_34_14_0"
"11_30_12","5_34_14"
"25_23_12","12_34_14"
"5_33_13","2_34_15"
"9_31_13_0","4_34_15_0"
"9_31_13_1","4_34_15_0 + 4_34_15_1"
"17_27_13","8_34_15_1"
"21_25_13","10_34_15"
"5_33_14","2_34_16"
"9_31_14","4_34_16_1"
"17_27_14","8_34_16_1"
"19_26_14","9_34_16"
"9_31_15","4_34_17_1"
"17_27_15","8_34_17"
"43_15_1","21_35_3"
"59_7_1","29_35_3"
"67_3_1","33_35_3"
"73_0_1","36_35_3"
"25_24_2","12_35_4"
"37_18_2","18_35_4"
"41_16_2","20_35_4"
"45_14_2","22_35_4"
"57_8_2","28_35_4_0"
"61_6_2","30_35_4"
"73_0_2","36_35_4"
"21_26_3","10_35_5_1"
"35_19_3","17_35_5_1"
"37_18_3","18_35_5_2"
"45_14_3","22_35_5_1"
"57_8_3","28_35_5_1"
"73_0_3","36_35_5_1"
"9_32_4","4_35_6"
"21_26_4","10_35_6"
"27_23_4","13_35_6"
"33_20_4","16_35_6_1"
"37_18_4_0","18_35_6_1"
"37_18_4_1","0"
"39_17_4","19_35_6"
"45_14_4","22_35_6"
"73_0_4","36_35_6"
"9_32_5","4_35_7"
"13_30_5","6_35_7"
"21_26_5","10_35_7_1"
"25_24_5","12_35_7_1"
"33_20_5","16_35_7_2"
"37_18_5","18_35_7_1"
"43_15_5_0","21_35_7_1"
"43_15_5_1","21_35_7_1"
"45_14_5","22_35_7_1"
"73_0_5","36_35_7_1"
"9_32_6","4_35_8_0"
"13_30_6","6_35_8_1"
"33_20_6","16_35_8_1"
"41_16_6","20_35_8_1"
"45_14_6","22_35_8_1"
"73_0_6","36_35_8_1"
"5_34_7","2_35_9"
"9_32_7","4_35_9_1"
"13_30_7","6_35_9_1"
"21_26_7","10_35_9_2"
"27_23_7","13_35_9_1"
"41_16_7","20_35_9_1"
"73_0_7","36_35_9_1"
"9_32_8","4_35_10"
"13_30_8","6_35_10"
"17_28_8","8_35_10_1"
"21_26_8","10_35_10_1"
"23_25_8","11_35_10"
"29_22_8","14_35_10"
"73_0_8","36_35_10"
"5_34_9","2_35_11"
"9_32_9_0","0"
"9_32_9_1","4_35_11"
"13_30_9","6_35_11_1"
"17_28_9","8_35_11_1"
"21_26_9","10_35_11"
"27_23_9_0","13_35_11"
"27_23_9_1","0"
"29_22_9","14_35_11"
"73_0_9","36_35_11"
"9_32_10","4_35_12_1"
"13_30_10","6_35_12_1"
"17_28_10","8_35_12"
"25_24_10","12_35_12_0"
"29_22_10","14_35_12"
"73_0_10","36_35_12"
"9_32_11","4_35_13"
"25_24_11","12_35_13"
"73_0_11","36_35_13"
"5_34_12","2_35_14"
"13_30_12","6_35_14"
"73_0_12","36_35_14"
"9_32_13","4_35_15_0"
"11_31_13_0","5_35_15"
"11_31_13_1","0"
"13_30_13","6_35_15"
"73_0_13","36_35_15"
"5_34_14","2_35_16"
"9_32_14_0","4_35_16_0"
"9_32_14_1","4_35_16_0 + 4_35_16_1"
"13_30_14","6_35_16"
"73_0_14","36_35_16"
"5_34_15","2_35_17"
"9_32_15","4_35_17"
"73_0_15","36_35_17_1"
"5_34_16","2_35_18"
"73_0_16","36_35_18_1"
"73_0_17","36_35_19_1"
"73_0_18","36_35_20"
"73_0_19","36_35_21"
"73_0_20","36_35_22"
"73_0_21","36_35_23"
"73_0_22","36_35_24"
"73_0_23","36_35_25"
"73_0_24","36_35_26"
"73_0_25","36_35_27"
"73_0_26","36_35_28"
"73_0_27","36_35_29"
"73_0_28","36_35_30"
"73_0_29","36_35_31"
"73_0_30","36_35_32"
"73_0_31","36_35_33"
"73_0_32","36_35_34"
"73_0_33","36_35_35"
"73_0_34","36_35_36"
"73_0_35","36_35_37"
"73_0_36","36_35_38"
"73_0_37","36_35_39"
"73_0_38","36_35_40"
"73_0_39","36_35_41"
"73_0_40","36_35_42"
"73_0_41","36_35_43"
"73_0_42","36_35_44"
"73_0_43","36_35_45"
"73_0_44","36_35_46"
"73_0_45","36_35_47"
"73_0_46","36_35_48"
"45_15_1","22_36_3"
"61_7_1","30_36_3"
"69_3_1","34_36_3"
"73_1_1","36_36_3"
"39_18_2","19_36_4"
"43_16_2","21_36_4"
"45_15_2","22_36_4"
"59_8_2","29_36_4"
"61_7_2","30_36_4"
"69_3_2","34_36_4"
"17_29_3","8_36_5_1"
"21_27_3","10_36_5_1"
"25_25_3","12_36_5_1"
"33_21_3","16_36_5_0"
"37_19_3","18_36_5"
"41_17_3","20_36_5"
"45_15_3","22_36_5"
"59_8_3","29_36_5"
"61_7_3","30_36_5"
"11_32_4","5_36_6"
"17_29_4","8_36_6_1"
"21_27_4","10_36_6_1"
"35_20_4","17_36_6_2"
"39_18_4_0","19_36_6_1"
"39_18_4_1","0"
"41_17_4","20_36_6_1"
"45_15_4","22_36_6_1"
"57_9_4","28_36_6_1"
"61_7_4","30_36_6_1"
"17_29_5","8_36_7"
"29_23_5","14_36_7_1"
"33_21_5","16_36_7"
"41_17_5","20_36_7"
"45_15_5_0","0"
"45_15_5_1","22_36_7"
"53_11_5","26_36_7"
"57_9_5","28_36_7"
"11_32_6","5_36_8"
"17_29_6","8_36_8_0"
"29_23_6","14_36_8"
"41_17_6","20_36_8"
"45_15_6","22_36_8"
"53_11_6","26_36_8"
"9_33_7_0","4_36_9"
"9_33_7_1","4_36_9"
"17_29_7_0","8_36_9_1 + 8_36_9_2"
"17_29_7_1","8_36_9_2"
"23_26_7","11_36_9"
"29_23_7","14_36_9"
"43_16_7","21_36_9"
"45_15_7","22_36_9"
"5_35_8","2_36_10"
"9_33_8","4_36_10"
"13_31_8","6_36_10_1"
"17_29_8","8_36_10_1"
"19_28_8","9_36_10"
"25_25_8","12_36_10"
"29_23_8","14_36_10"
"41_17_8","20_36_10_0"
"45_15_8","22_36_10"
"9_33_9","4_36_11_1"
"13_31_9","6_36_11_1"
"17_29_9","8_36_11"
"25_25_9","12_36_11"
"29_23_9_0","0"
"29_23_9_1","14_36_11"
"37_19_9","18_36_11"
"41_17_9","20_36_11"
"9_33_10","4_36_12"
"25_25_10","12_36_12_1"
"29_23_10","14_36_12_1"
"37_19_10","18_36_12_1"
"5_35_11","2_36_13"
"27_24_11","13_36_13_1"
"29_23_11","14_36_13_1"
"9_33_12","4_36_14_1"
"13_31_12","6_36_14_1"
"25_25_12","12_36_14_1"
"29_23_12","14_36_14_1"
"9_33_13","4_36_15"
"13_31_13_0","0"
"13_31_13_1","6_36_15"
"21_27_13","10_36_15"
"25_25_13","12_36_15"
"9_33_14","4_36_16"
"13_31_14","6_36_16"
"21_27_14","10_36_16"
"5_35_15","2_36_17"
"9_33_15_0","0"
"9_33_15_1","4_36_17_0"
"11_32_15","5_36_17"
"13_31_15","6_36_17"
"5_35_16","2_36_18"
"9_33_16","4_36_18_0"
"13_31_16","6_36_18"
"5_35_17","2_36_19"
"9_33_17","4_36_19"
"5_35_18","2_36_20"
"71_3_1","35_37_3_1"
"75_1_1","37_37_3_1"
"77_0_1","38_37_3_1"
"17_30_2","8_37_4"
"25_26_2","12_37_4"
"41_18_2","20_37_4"
"49_14_2","24_37_4"
"65_6_2","32_37_4"
"73_2_2","36_37_4"
"77_0_2","38_37_4"
"17_30_3","8_37_5_0"
"19_29_3","9_37_5"
"25_26_3","12_37_5"
"39_19_3","19_37_5_1"
"41_18_3","20_37_5_1"
"61_8_3","30_37_5_1"
"77_0_3","38_37_5_1"
"17_30_4_0","8_37_6_0"
"17_30_4_1","8_37_6_0 + 8_37_6_2"
"25_26_4","12_37_6_1"
"33_22_4","16_37_6_0"
"37_20_4","18_37_6_1"
"41_18_4_0","20_37_6_1"
"41_18_4_1","0"
"49_14_4","24_37_6_2"
"59_9_4","29_37_6_1"
"77_0_4","38_37_6_1"
"21_28_5","10_37_7_2"
"35_21_5","17_37_7_2"
"37_20_5","18_37_7_2"
"49_14_5","24_37_7_3"
"55_11_5","27_37_7_2"
"59_9_5","29_37_7_2"
"77_0_5","38_37_7_2"
"17_30_6_0","8_37_8_2"
"17_30_6_1","8_37_8_3"
"21_28_6","10_37_8_2"
"49_14_6","24_37_8_2"
"57_10_6","28_37_8_2"
"77_0_6","38_37_8_2"
"13_32_7_0","6_37_9_1"
"13_32_7_1","6_37_9_2"
"17_30_7","8_37_9_1"
"25_26_7","12_37_9_1"
"45_16_7","22_37_9_1"
"77_0_7","38_37_9_1"
"9_34_8","4_37_10_1"
"13_32_8_0","6_37_10_2"
"13_32_8_1","6_37_10_1"
"17_30_8","8_37_10_1"
"21_28_8","10_37_10_1"
"25_26_8","12_37_10_1"
"33_22_8","16_37_10_2"
"43_17_8","21_37_10_1"
"77_0_8","38_37_10_1"
"9_34_9","4_37_11"
"13_32_9_0","0"
"13_32_9_1","6_37_11"
"17_30_9","8_37_11_1"
"21_28_9","10_37_11_1"
"33_22_9","16_37_11_2"
"39_19_9","19_37_11_1"
"43_17_9","21_37_11_1"
"77_0_9","38_37_11_1"
"5_36_10","2_37_12"
"17_30_10","8_37_12_1"
"33_22_10","16_37_12_1"
"41_18_10","20_37_12_1"
"77_0_10","38_37_12_1"
"9_34_11","4_37_13_1"
"29_24_11","14_37_13_1"
"77_0_11","38_37_13_1"
"9_34_12","4_37_14"
"17_30_12","8_37_14_1"
"27_25_12","13_37_14"
"77_0_12","38_37_14"
"5_36_13","2_37_15"
"17_30_13","8_37_15_1"
"23_27_13","11_37_15"
"27_25_13","13_37_15"
"77_0_13","38_37_15"
"9_34_14","4_37_16"
"17_30_14","8_37_16"
"25_26_14","12_37_16"
"77_0_14","38_37_16"
"9_34_15","4_37_17"
"77_0_15","38_37_17"
"9_34_16","4_37_18"
"77_0_16","38_37_18"
"5_36_17","2_37_19"
"11_33_17","5_37_19"
"77_0_17","38_37_19"
"5_36_18","2_37_20"
"9_34_18","4_37_20"
"77_0_18","38_37_20"
"77_0_19","38_37_21"
"77_0_20","38_37_22"
"77_0_21","38_37_23"
"77_0_22","38_37_24"
"77_0_23","38_37_25"
"77_0_24","38_37_26"
"77_0_25","38_37_27"
"77_0_26","38_37_28"
"77_0_27","38_37_29"
"77_0_28","38_37_30"
"77_0_29","38_37_31"
"77_0_30","38_37_32"
"77_0_31","38_37_33"
"77_0_32","38_37_34"
"77_0_33","38_37_35"
"77_0_34","38_37_36"
"77_0_35","38_37_37"
"77_0_36","38_37_38"
"77_0_37","38_37_39"
"77_0_38","38_37_40"
"77_0_39","38_37_41"
"77_0_40","38_37_42"
"77_0_41","38_37_43"
"77_0_42","38_37_44"
"77_0_43","38_37_45"
"77_0_44","38_37_46"
"77_0_45","38_37_47"
"77_0_46","38_37_48"
"49_15_1","24_38_3_1"
"65_7_1","32_38_3_2"
"73_3_1","36_38_3_2"
"77_1_1","38_38_3_1"
"19_30_2","9_38_4"
"27_26_2","13_38_4"
"49_15_2","24_38_4_2"
"65_7_2","32_38_4_4"
"67_6_2","33_38_4_3"
"73_3_2","36_38_4_3"
"75_2_2","37_38_4_2"
"17_31_3_0","8_38_5_0"
"17_31_3_1","8_38_5_1"
"21_29_3","10_38_5"
"25_27_3","12_38_5"
"37_21_3","18_38_5"
"49_15_3","24_38_5_2"
"65_7_3","32_38_5_2"
"73_3_3","36_38_5_1"
"13_33_4","6_38_6_1"
"21_29_4_0","10_38_6_1"
"21_29_4_1","10_38_6_4"
"33_23_4","16_38_6_3"
"35_22_4","17_38_6_1"
"39_20_4","19_38_6_2"
"45_17_4","22_38_6_3"
"49_15_4","24_38_6_3"
"51_14_4","25_38_6_3"
"65_7_4","32_38_6_2"
"9_35_5","4_38_7"
"13_33_5_0","6_38_7_1"
"13_33_5_1","6_38_7_1"
"17_31_5_0","8_38_7_0"
"17_31_5_1","8_38_7_0 + 8_38_7_1"
"21_29_5","10_38_7_1"
"33_23_5","16_38_7_2"
"37_21_5","18_38_7_1"
"45_17_5","22_38_7_2"
"49_15_5_0","24_38_7_2"
"49_15_5_1","24_38_7_3"
"57_11_5","28_38_7_2"
"61_9_5","30_38_7_1"
"13_33_6_0","6_38_8_1"
"13_33_6_1","6_38_8_2"
"19_30_6","9_38_8_1"
"21_29_6","10_38_8_1"
"33_23_6","16_38_8_1"
"45_17_6","22_38_8_2"
"49_15_6","24_38_8_2"
"57_11_6","28_38_8_2"
"59_10_6","29_38_8_1"
"9_35_7","4_38_9_1"
"13_33_7_0","0"
"13_33_7_1","6_38_9_1"
"17_31_7","8_38_9_1"
"21_29_7_0","10_38_9_2"
"21_29_7_1","10_38_9_2 + 10_38_9_3"
"27_26_7","13_38_9_1"
"33_23_7","16_38_9_2"
"49_15_7","24_38_9_2"
"57_11_7","28_38_9_1"
"9_35_8","4_38_10"
"13_33_8","6_38_10"
"17_31_8_0","8_38_10_1 + 8_38_10_2"
"17_31_8_1","8_38_10_1"
"21_29_8","10_38_10_1"
"23_28_8","11_38_10"
"29_25_8","14_38_10_1"
"33_23_8","16_38_10_1"
"35_22_8","17_38_10_1"
"49_15_8","24_38_10"
"5_37_9","2_38_11"
"9_35_9_0","0"
"9_35_9_1","4_38_11"
"17_31_9_0","8_38_11_2"
"17_31_9_1","8_38_11_1"
"21_29_9","10_38_11"
"29_25_9","14_38_11_1"
"33_23_9_0","16_38_11_1"
"33_23_9_1","16_38_11_2"
"41_19_9","20_38_11_1"
"45_17_9","22_38_11"
"9_35_10","4_38_12_1"
"17_31_10_0","8_38_12_0"
"17_31_10_1","8_38_12_0 + 8_38_12_1"
"29_25_10","14_38_12_1"
"33_23_10","16_38_12_1"
"41_19_10","20_38_12_1"
"43_18_10","21_38_12"
"9_35_11","4_38_13"
"17_31_11","8_38_13_1"
"33_23_11","16_38_13_1"
"41_19_11","20_38_13"
"5_37_12","2_38_14"
"13_33_12","6_38_14_1"
"17_31_12","8_38_14_1"
"19_30_12","9_38_14_1"
"33_23_12","16_38_14"
"13_33_13","6_38_15_1"
"17_31_13_0","8_38_15_1"
"17_31_13_1","8_38_15_2"
"25_27_13","12_38_15_1"
"29_25_13","14_38_15"
"13_33_14","6_38_16"
"17_31_14","8_38_16_1"
"25_27_14","12_38_16_1"
"17_31_15","8_38_17_1"
"9_35_17","4_38_19"
"9_35_18","4_38_20"
"5_37_19","2_38_21"
"51_15_1","25_39_3_1"
"67_7_1","33_39_3_2"
"75_3_1","37_39_3_1"
"81_0_1","40_39_3_1"
"21_30_2","10_39_4"
"45_18_2","22_39_4_1"
"49_16_2","24_39_4_1"
"53_14_2","26_39_4_1"
"65_8_2","32_39_4_1"
"69_6_2","34_39_4_1"
"81_0_2","40_39_4_1"
"19_31_3","9_39_5_0"
"21_30_3","10_39_5_1"
"45_18_3","22_39_5_1"
"53_14_3","26_39_5_1"
"65_8_3","32_39_5_1"
"81_0_3","40_39_5_1"
"17_32_4_0","8_39_6_0"
"17_32_4_1","8_39_6_1"
"17_32_4_2","8_39_6_2"
"21_30_4","10_39_6"
"35_23_4","17_39_6"
"41_20_4","20_39_6"
"45_18_4_0","22_39_6"
"45_18_4_1","0"
"53_14_4","26_39_6"
"81_0_4","40_39_6"
"9_36_5","4_39_7_0"
"13_34_5_0","6_39_7_1"
"13_34_5_1","0"
"17_32_5","8_39_7_2"
"19_31_5","9_39_7_1"
"21_30_5","10_39_7_1"
"33_24_5","16_39_7_1"
"41_20_5","20_39_7_1"
"51_15_5_0","25_39_7_1"
"51_15_5_1","25_39_7_1"
"53_14_5","26_39_7_1"
"81_0_5","40_39_7_1"
"5_38_6","2_39_8"
"9_36_6","4_39_8"
"17_32_6_0","8_39_8_0"
"17_32_6_1","8_39_8_0 + 8_39_8_1"
"21_30_6","10_39_8_1"
"29_26_6","14_39_8"
"49_16_6","24_39_8_0"
"53_14_6","26_39_8"
"81_0_6","40_39_8"
"17_32_7_0","8_39_9_3"
"17_32_7_1","8_39_9_2"
"21_30_7","10_39_9_2"
"23_29_7","11_39_9_1"
"29_26_7","14_39_9_1"
"49_16_7","24_39_9_1"
"81_0_7","40_39_9_1"
"5_38_8","2_39_10"
"9_36_8","4_39_10"
"13_34_8","6_39_10_1"
"17_32_8_0","8_39_10_1 + 8_39_10_2"
"17_32_8_1","8_39_10_1"
"19_31_8","9_39_10"
"21_30_8","10_39_10"
"25_28_8","12_39_10"
"29_26_8","14_39_10"
"37_22_8","18_39_10"
"81_0_8","40_39_10"
"9_36_9","4_39_11_1"
"13_34_9","6_39_11_1"
"17_32_9_0","8_39_11_0"
"17_32_9_1","8_39_11_1"
"21_30_9","10_39_11"
"25_28_9","12_39_11"
"35_23_9_0","17_39_11"
"35_23_9_1","0"
"37_22_9","18_39_11"
"81_0_9","40_39_11"
"9_36_10","4_39_12"
"13_34_10_0","0"
"13_34_10_1","6_39_12_0"
"17_32_10","8_39_12_1"
"21_30_10","10_39_12_1"
"33_24_10","16_39_12_1"
"37_22_10","18_39_12_1"
"81_0_10","40_39_12_1"
"5_38_11","2_39_13"
"13_34_11_0","6_39_13_1"
"13_34_11_1","6_39_13_1 + 6_39_13_2"
"33_24_11","16_39_13_1"
"81_0_11","40_39_13_1"
"9_36_12","4_39_14_1"
"13_34_12_0","6_39_14_2"
"13_34_12_1","6_39_14_1"
"21_30_12","10_39_14_1"
"81_0_12","40_39_14_1"
"9_36_13","4_39_15"
"13_34_13_0","0"
"13_34_13_1","6_39_15"
"19_31_13_0","9_39_15"
"19_31_13_1","0"
"21_30_13","10_39_15"
"81_0_13","40_39_15_1"
"5_38_14","2_39_16"
"17_32_14","8_39_16_0"
"21_30_14","10_39_16"
"81_0_14","40_39_16_1"
"17_32_15","8_39_17_1"
"81_0_15","40_39_17_2"
"81_0_16","40_39_18_1"
"81_0_17","40_39_19_1"
"81_0_18","40_39_20_1"
"81_0_19","40_39_21"
"81_0_20","40_39_22"
"81_0_21","40_39_23"
"81_0_22","40_39_24"
"81_0_23","40_39_25"
"81_0_24","40_39_26"
"81_0_25","40_39_27"
"81_0_26","40_39_28"
"81_0_27","40_39_29"
"81_0_28","40_39_30"
"81_0_29","40_39_31"
"81_0_30","40_39_32"
"81_0_31","40_39_33"
"81_0_32","40_39_34"
"81_0_33","40_39_35"
"81_0_34","40_39_36"
"81_0_35","40_39_37"
"81_0_36","40_39_38"
"81_0_37","40_39_39"
"81_0_38","40_39_40"
"81_0_39","40_39_41"
"81_0_40","40_39_42"
"81_0_41","40_39_43"
"81_0_42","40_39_44"
"81_0_43","40_39_45"
"81_0_44","40_39_46"
"81_0_45","40_39_47"
"81_0_46","40_39_48"
"53_15_1","26_40_3"
"69_7_1","34_40_3"
"77_3_1","38_40_3"
"81_1_1","40_40_3"
"51_16_2","25_40_4_3"
"53_15_2","26_40_4_3"
"67_8_2","33_40_4_3"
"69_7_2","34_40_4_3"
"71_6_2","35_40_4_2"
"77_3_2","38_40_4_2"
"17_33_3","8_40_5_0"
"25_29_3","12_40_5_1"
"49_17_3","24_40_5_2"
"53_15_3","26_40_5_3"
"65_9_3","32_40_5_2"
"67_8_3","33_40_5_2"
"69_7_3","34_40_5_2"
"17_33_4_0","8_40_6_3"
"17_33_4_1","8_40_6_2"
"19_32_4_0","0"
"19_32_4_1","9_40_6_1"
"43_20_4","21_40_6_2"
"49_17_4","24_40_6_3"
"53_15_4","26_40_6_3"
"55_14_4","27_40_6_2"
"65_9_4","32_40_6_2"
"69_7_4","34_40_6_2"
"9_37_5","4_40_7_0"
"17_33_5_0","8_40_7_2"
"17_33_5_1","8_40_7_0 + 8_40_7_2"
"17_33_5_2","8_40_7_0 + 8_40_7_2 + 8_40_7_3"
"21_31_5","10_40_7"
"37_23_5","18_40_7"
"49_17_5","24_40_7_1"
"53_15_5_0","26_40_7_0"
"53_15_5_1","26_40_7_0 + 26_40_7_1"
"61_11_5","30_40_7"
"65_9_5","32_40_7"
"5_39_6","2_40_8"
"9_37_6","4_40_8_0"
"11_36_6","5_40_8"
"13_35_6","6_40_8_0"
"17_33_6","8_40_8_1"
"19_32_6_0","9_40_8_1"
"19_32_6_1","0"
"49_17_6","24_40_8_2"
"51_16_6","25_40_8_1"
"53_15_6","26_40_8_1"
"61_11_6","30_40_8_1"
"5_39_7","2_40_9"
"9_37_7_0","0"
"9_37_7_1","4_40_9_0"
"13_35_7_0","6_40_9_1"
"13_35_7_1","6_40_9_1 + 6_40_9_2"
"17_33_7","8_40_9"
"25_29_7","12_40_9"
"37_23_7","18_40_9_1"
"49_17_7","24_40_9_0"
"51_16_7","25_40_9"
"53_15_7","26_40_9"
"9_37_8_0","4_40_10_1"
"9_37_8_1","4_40_10_1 + 4_40_10_2"
"13_35_8_0","6_40_10_1"
"13_35_8_1","6_40_10_1 + 6_40_10_2"
"21_31_8_0","10_40_10_1"
"21_31_8_1","10_40_10_1 + 10_40_10_2"
"25_29_8","12_40_10_1"
"33_25_8","16_40_10_2"
"37_23_8","18_40_10_2"
"39_22_8","19_40_10_1"
"49_17_8","24_40_10_1"
"53_15_8","26_40_10_1"
"9_37_9","4_40_11"
"13_35_9_0","0"
"13_35_9_1","6_40_11"
"21_31_9_0","10_40_11_1"
"21_31_9_1","10_40_11_2"
"33_25_9","16_40_11_2"
"37_23_9_0","18_40_11_1"
"37_23_9_1","18_40_11_1 + 18_40_11_2"
"45_19_9","22_40_11_1"
"49_17_9","24_40_11_1"
"5_39_10","2_40_12"
"21_31_10_0","0"
"21_31_10_1","10_40_12_1"
"33_25_10","16_40_12_2"
"35_24_10","17_40_12_1"
"37_23_10","18_40_12_1"
"45_19_10","22_40_12_1"
"9_37_11","4_40_13_1"
"13_35_11","6_40_13_1"
"17_33_11","8_40_13_1"
"21_31_11","10_40_13_2"
"33_25_11","16_40_13_1"
"35_24_11","17_40_13_1"
"37_23_11","18_40_13_1"
"9_37_12","4_40_14"
"13_35_12","6_40_14"
"17_33_12","8_40_14_1"
"21_31_12","10_40_14_1"
"23_30_12","11_40_14"
"33_25_12","16_40_14_0"
"37_23_12","18_40_14"
"5_39_13","2_40_15"
"9_37_13_0","0"
"9_37_13_1","4_40_15"
"17_33_13","8_40_15_1"
"21_31_13_0","10_40_15_0"
"21_31_13_1","10_40_15_1"
"29_27_13","14_40_15"
"33_25_13","16_40_15"
"9_37_14","4_40_16_1"
"17_33_14","8_40_16_1"
"19_32_14","9_40_16"
"21_31_14","10_40_16"
"29_27_14","14_40_16"
"9_37_15","4_40_17"
"19_32_15","9_40_17"
"21_31_15","10_40_17"
"17_33_16","8_40_18_1"
"21_31_16","10_40_18_1"
"13_35_17","6_40_19_1"
"17_33_17","8_40_19_1"
"13_35_18","6_40_20"
"55_15_1","27_41_3_1"
"71_7_1","35_41_3_1"
"83_1_1","41_41_3_1"
"85_0_1","42_41_3_1"
"25_30_2","12_41_4_1"
"29_28_2","14_41_4_1"
"49_18_2","24_41_4_3"
"53_16_2","26_41_4_1"
"57_14_2","28_41_4_2"
"69_8_2","34_41_4_1"
"81_2_2","40_41_4_1"
"85_0_2","42_41_4_1"
"19_33_3","9_41_5"
"25_30_3","12_41_5_1"
"27_29_3","13_41_5_1"
"49_18_3","24_41_5_3"
"51_17_3","25_41_5_1"
"57_14_3","28_41_5_2"
"67_9_3","33_41_5_1"
"85_0_3","42_41_5_1"
"9_38_4","4_41_6"
"17_34_4_0","8_41_6_0"
"17_34_4_1","8_41_6_2"
"21_32_4","10_41_6_0"
"25_30_4_0","12_41_6_1"
"25_30_4_1","12_41_6_0"
"45_20_4","22_41_6_2"
"49_18_4_0","24_41_6_0 + 24_41_6_2"
"49_18_4_1","24_41_6_0"
"51_17_4","25_41_6"
"57_14_4","28_41_6"
"85_0_4","42_41_6"
"13_36_5","6_41_7"
"19_33_5_0","0"
"19_33_5_1","9_41_7_0"
"21_32_5","10_41_7_1"
"23_31_5_0","11_41_7"
"23_31_5_1","0"
"39_23_5","19_41_7_1"
"45_20_5","22_41_7_2"
"49_18_5","24_41_7_1"
"57_14_5","28_41_7_1"
"67_9_5","33_41_7_1"
"85_0_5","42_41_7_1"
"9_38_6_0","0"
"9_38_6_1","4_41_8_1"
"9_38_6_2","4_41_8_0 + 4_41_8_1"
"9_38_6_3","4_41_8_0 + 4_41_8_1 + 4_41_8_2"
"17_34_6_0","8_41_8_0"
"17_34_6_1","8_41_8_0 + 8_41_8_1"
"25_30_6","12_41_8_1"
"33_26_6","16_41_8_0"
"45_20_6","22_41_8"
"65_10_6","32_41_8"
"85_0_6","42_41_8"
"5_40_7","2_41_9"
"9_38_7","4_41_9_0"
"11_37_7_0","0"
"11_37_7_1","5_41_9"
"13_36_7","6_41_9"
"21_32_7","10_41_9_1"
"25_30_7","12_41_9_1"
"27_29_7","13_41_9"
"33_26_7","16_41_9_1"
"39_23_7","19_41_9"
"85_0_7","42_41_9"
"9_38_8_0","4_41_10_1"
"9_38_8_1","0"
"13_36_8","6_41_10_1"
"17_34_8","8_41_10_2"
"21_32_8","10_41_10_2"
"23_31_8_0","11_41_10_1"
"23_31_8_1","11_41_10_1"
"25_30_8","12_41_10_1"
"29_28_8","14_41_10_2"
"33_26_8","16_41_10_2"
"35_25_8","17_41_10_1"
"41_22_8","20_41_10_1"
"85_0_8","42_41_10_1"
"5_40_9","2_41_11_0"
"9_38_9_0","0"
"9_38_9_1","4_41_11_1"
"17_34_9","8_41_11_2"
"21_32_9","10_41_11_1"
"25_30_9","12_41_11_2"
"29_28_9","14_41_11_2"
"33_26_9","16_41_11_1"
"41_22_9","20_41_11_1"
"51_17_9","25_41_11_1"
"85_0_9","42_41_11_1"
"9_38_10","4_41_12_1"
"17_34_10_0","8_41_12_0"
"17_34_10_1","8_41_12_1"
"25_30_10","12_41_12_1"
"29_28_10","14_41_12"
"49_18_10","24_41_12"
"85_0_10","42_41_12"
"9_38_11","4_41_13"
"17_34_11_0","8_41_13_1 + 8_41_13_2"
"17_34_11_1","8_41_13_1"
"25_30_11","12_41_13"
"85_0_11","42_41_13"
"5_40_12","2_41_14"
"9_38_12","4_41_14"
"13_36_12","6_41_14_1"
"17_34_12_0","8_41_14_1"
"17_34_12_1","8_41_14_2"
"19_33_12","9_41_14"
"25_30_12","12_41_14"
"85_0_12","42_41_14"
"9_38_13","4_41_15_1"
"13_36_13_0","6_41_15_1"
"13_36_13_1","6_41_15_2"
"17_34_13","8_41_15"
"25_30_13","12_41_15"
"35_25_13","17_41_15"
"85_0_13","42_41_15"
"9_38_14_0","4_41_16_0"
"9_38_14_1","4_41_16_0 + 4_41_16_1"
"13_36_14_0","0"
"13_36_14_1","6_41_16"
"33_26_14","16_41_16_1"
"85_0_14","42_41_16_1"
"5_40_15","2_41_17"
"85_0_15","42_41_17_1"
"9_38_16","4_41_18_1"
"85_0_16","42_41_18_1"
"9_38_17","4_41_19_1"
"19_33_17","9_41_19_1"
"85_0_17","42_41_19_1"
"17_34_18","8_41_20_1"
"85_0_18","42_41_20_1"
"85_0_19","42_41_21_1"
"85_0_20","42_41_22"
"85_0_21","42_41_23"
"85_0_22","42_41_24"
"85_0_23","42_41_25"
"85_0_24","42_41_26"
"85_0_25","42_41_27"
"85_0_26","42_41_28"
"85_0_27","42_41_29"
"85_0_28","42_41_30"
"85_0_29","42_41_31"
"85_0_30","42_41_32"
"85_0_31","42_41_33"
"85_0_32","42_41_34"
"85_0_33","42_41_35"
"85_0_34","42_41_36"
"85_0_35","42_41_37"
"85_0_36","42_41_38"
"85_0_37","42_41_39"
"85_0_38","42_41_40"
"85_0_39","42_41_41"
"85_0_40","42_41_42"
"85_0_41","42_41_43"
"85_0_42","42_41_44"
"85_0_43","42_41_45"
"85_0_44","42_41_46"
"85_0_45","42_41_47"
"85_0_46","42_41_48"
"57_15_1","28_42_3"
"73_7_1","36_42_3"
"81_3_1","40_42_3_1"
"85_1_1","42_42_3"
"27_30_2","13_42_4"
"51_18_2","25_42_4_0"
"57_15_2","28_42_4_1"
"59_14_2","29_42_4"
"73_7_2","36_42_4_1"
"81_3_2","40_42_4_1"
"83_2_2","41_42_4"
"25_31_3_0","12_42_5_0"
"25_31_3_1","12_42_5_0 + 12_42_5_1"
"29_29_3","14_42_5"
"45_21_3","22_42_5_0"
"49_19_3","24_42_5"
"57_15_3","28_42_5"
"73_7_3","36_42_5_1"
"81_3_3","40_42_5"
"19_34_4","9_42_6_0"
"21_33_4","10_42_6_1"
"23_32_4","11_42_6"
"25_31_4","12_42_6"
"41_23_4","20_42_6_1"
"51_18_4_0","25_42_6_1"
"51_18_4_1","0"
"53_17_4","26_42_6_1"
"57_15_4","28_42_6_1"
"59_14_4","29_42_6_1"
"73_7_4","36_42_6_1"
"9_39_5_0","4_42_7_1"
"9_39_5_1","4_42_7_0"
"17_35_5_0","8_42_7_0"
"17_35_5_1","8_42_7_1"
"17_35_5_2","8_42_7_0 + 8_42_7_1 + 8_42_7_3"
"25_31_5_0","12_42_7_0"
"25_31_5_1","12_42_7_2"
"41_23_5","20_42_7_1"
"53_17_5","26_42_7_1"
"57_15_5_0","28_42_7_1"
"57_15_5_1","28_42_7_2"
"65_11_5","32_42_7_2"
"69_9_5","34_42_7_1"
"11_38_6_0","0"
"11_38_6_1","5_42_8_0"
"11_38_6_2","5_42_8_1"
"17_35_6","8_42_8_1"
"19_34_6","9_42_8_0"
"25_31_6","12_42_8_2"
"27_30_6","13_42_8_0"
"53_17_6","26_42_8_1"
"57_15_6","28_42_8_2"
"65_11_6","32_42_8_2"
"67_10_6","33_42_8_1"
"9_39_7_0","0"
"9_39_7_1","4_42_9_0"
"9_39_7_2","4_42_9_0 + 4_42_9_1"
"13_37_7_0","0"
"13_37_7_1","6_42_9_1"
"13_37_7_2","0"
"17_35_7_0","8_42_9_2"
"17_35_7_1","8_42_9_3"
"23_32_7_0","11_42_9_1"
"23_32_7_1","0"
"25_31_7","12_42_9_1"
"29_29_7","14_42_9_1"
"41_23_7","20_42_9_1"
"57_15_7","28_42_9_2"
"65_11_7","32_42_9_1"
"9_39_8","4_42_10_0"
"13_37_8_0","6_42_10_0"
"13_37_8_1","6_42_10_0 + 6_42_10_2"
"17_35_8","8_42_10_1"
"19_34_8_0","9_42_10"
"19_34_8_1","0"
"25_31_8_0","12_42_10_0"
"25_31_8_1","12_42_10_0 + 12_42_10_1"
"29_29_8","14_42_10"
"37_25_8","18_42_10"
"41_23_8","20_42_10_0"
"43_22_8","21_42_10"
"57_15_8","28_42_10"
"9_39_9_0","4_42_11_1"
"9_39_9_1","4_42_11_2"
"13_37_9","6_42_11_1"
"17_35_9","8_42_11"
"25_31_9_0","12_42_11_0"
"25_31_9_1","12_42_11_1"
"37_25_9","18_42_11"
"41_23_9_0","20_42_11_0"
"41_23_9_1","20_42_11_1"
"49_19_9","24_42_11_1"
"53_17_9","26_42_11"
"5_41_10","2_42_12"
"9_39_10","4_42_12"
"25_31_10_0","0"
"25_31_10_1","12_42_12_1"
"37_25_10","18_42_12_1"
"41_23_10","20_42_12_2"
"49_19_10","24_42_12_2"
"51_18_10","25_42_12_1"
"5_41_11_0","0"
"5_41_11_1","2_42_13"
"13_37_11","6_42_13_1"
"25_31_11","12_42_13_1"
"41_23_11","20_42_13_2"
"49_19_11","24_42_13_1"
"9_39_12","4_42_14_1"
"13_37_12_0","6_42_14_2"
"13_37_12_1","6_42_14_1 + 6_42_14_2"
"21_33_12","10_42_14_1"
"25_31_12","12_42_14_1"
"27_30_12","13_42_14_1"
"41_23_12","20_42_14_1"
"9_39_13","4_42_15"
"13_37_13_0","0"
"13_37_13_1","6_42_15"
"21_33_13","10_42_15_1"
"25_31_13_0","12_42_15_1"
"25_31_13_1","12_42_15_2"
"33_27_13","16_42_15_2"
"37_25_13","18_42_15_1"
"5_41_14","2_42_16"
"13_37_14","6_42_16_1"
"21_33_14","10_42_16_1"
"25_31_14","12_42_16_2"
"33_27_14","16_42_16_2"
"35_26_14","17_42_16_1"
"9_39_15","4_42_17_1"
"13_37_15","6_42_17_1"
"25_31_15","12_42_17_2"
"33_27_15","16_42_17_1"
"9_39_16","4_42_18_0"
"11_38_16","5_42_18"
"25_31_16","12_42_18"
"5_41_17","2_42_19"
"9_39_17_0","4_42_19_0"
"9_39_17_1","4_42_19_0 + 4_42_19_1"
"17_35_17","8_42_19_1"
"21_33_17","10_42_19"
"5_41_18","2_42_20"
"9_39_18","4_42_20_1"
"17_35_18","8_42_20_1"
"19_34_18","9_42_20"
"9_39_19","4_42_21_1"
"17_35_19","8_42_21"
"59_15_1","29_43_3"
"75_7_1","37_43_3"
"83_3_1","41_43_3"
"89_0_1","44_43_3"
"29_30_2","14_43_4"
"53_18_2","26_43_4"
"57_16_2","28_43_4"
"61_14_2","30_43_4"
"73_8_2","36_43_4_0"
"77_6_2","38_43_4"
"89_0_2","44_43_4"
"29_30_3","14_43_5"
"51_19_3","25_43_5_0"
"53_18_3","26_43_5_1"
"61_14_3","30_43_5"
"73_8_3","36_43_5"
"89_0_3","44_43_5"
"13_38_4","6_43_6"
"17_36_4","8_43_6_0"
"21_34_4","10_43_6"
"25_32_4_0","12_43_6_0"
"25_32_4_1","12_43_6_0 + 12_43_6_1"
"29_30_4","14_43_6"
"43_23_4","21_43_6"
"49_20_4","24_43_6_1"
"53_18_4_0","26_43_6_1"
"53_18_4_1","0"
"55_17_4","27_43_6"
"61_14_4","30_43_6"
"89_0_4","44_43_6"
"9_40_5","4_43_7_0"
"11_39_5","5_43_7"
"17_36_5","8_43_7_1"
"19_35_5_0","9_43_7_0"
"19_35_5_1","9_43_7_1"
"25_32_5","12_43_7_1"
"27_31_5_0","13_43_7_0"
"27_31_5_1","0"
"29_30_5","14_43_7"
"41_24_5","20_43_7"
"49_20_5","24_43_7_1"
"53_18_5","26_43_7"
"59_15_5_0","29_43_7"
"59_15_5_1","29_43_7"
"61_14_5","30_43_7"
"89_0_5","44_43_7"
"9_40_6_0","4_43_8_0"
"9_40_6_1","4_43_8_1"
"13_38_6_0","0"
"13_38_6_1","6_43_8_0"
"13_38_6_2","6_43_8_2"
"17_36_6_0","8_43_8_2"
"17_36_6_1","8_43_8_1"
"17_36_6_2","8_43_8_1 + 8_43_8_2 + 8_43_8_3"
"21_34_6_0","10_43_8_0"
"21_34_6_1","10_43_8_0 + 10_43_8_1"
"25_32_6_0","12_43_8_0"
"25_32_6_1","12_43_8_0 + 12_43_8_1"
"29_30_6","14_43_8"
"49_20_6","24_43_8"
"57_16_6","28_43_8_0"
"61_14_6","30_43_8"
"89_0_6","44_43_8"
"9_40_7","4_43_9_0"
"13_38_7_0","6_43_9_1"
"13_38_7_1","6_43_9_1 + 6_43_9_2"
"19_35_7","9_43_9"
"21_34_7","10_43_9"
"25_32_7","12_43_9"
"29_30_7","14_43_9"
"37_26_7","18_43_9_1"
"43_23_7","21_43_9"
"57_16_7","28_43_9"
"89_0_7","44_43_9"
"5_42_8_0","2_43_10"
"5_42_8_1","0"
"9_40_8_0","4_43_10_1"
"9_40_8_1","4_43_10_0 + 4_43_10_1"
"13_38_8_0","6_43_10_0"
"13_38_8_1","6_43_10_0 + 6_43_10_1"
"21_34_8_0","10_43_10_0"
"21_34_8_1","10_43_10_1"
"25_32_8","12_43_10"
"29_30_8","14_43_10"
"33_28_8","16_43_10_1"
"37_26_8","18_43_10_1"
"39_25_8","19_43_10"
"45_22_8","22_43_10"
"89_0_8","44_43_10"
"11_39_9_0","5_43_11"
"11_39_9_1","0"
"13_38_9_0","0"
"13_38_9_1","6_43_11"
"21_34_9_0","10_43_11_2"
"21_34_9_1","10_43_11_1"
"29_30_9","14_43_11_2"
"33_28_9","16_43_11_2"
"37_26_9","18_43_11_1"
"43_23_9_0","21_43_11_1"
"43_23_9_1","0"
"45_22_9","22_43_11_1"
"89_0_9","44_43_11_1"
"5_42_10_0","2_43_12_0 + 2_43_12_1"
"5_42_10_1","2_43_12_0"
"9_40_10","4_43_12_0"
"13_38_10","6_43_12_1"
"29_30_10","14_43_12_2"
"33_28_10","16_43_12_1"
"41_24_10","20_43_12_1"
"45_22_10","22_43_12_1"
"89_0_10","44_43_12_1"
"9_40_11","4_43_13_1"
"13_38_11","6_43_13_1"
"21_34_11","10_43_13_2"
"29_30_11","14_43_13_1"
"41_24_11","20_43_13_1"
"89_0_11","44_43_13_1"
"9_40_12","4_43_14"
"13_38_12","6_43_14"
"17_36_12","8_43_14_1"
"21_34_12","10_43_14_1"
"23_33_12","11_43_14"
"29_30_12","14_43_14"
"89_0_12","44_43_14"
"5_42_13","2_43_15"
"9_40_13_0","0"
"9_40_13_1","4_43_15"
"13_38_13","6_43_15_1"
"17_36_13","8_43_15_1"
"21_34_13","10_43_15"
"27_31_13_0","13_43_15"
"27_31_13_1","0"
"29_30_13","14_43_15"
"89_0_13","44_43_15"
"9_40_14","4_43_16_1"
"13_38_14","6_43_16_1"
"17_36_14","8_43_16"
"25_32_14","12_43_16_0"
"29_30_14","14_43_16"
"89_0_14","44_43_16"
"9_40_15","4_43_17"
"25_32_15","12_43_17"
"89_0_15","44_43_17"
"5_42_16","2_43_18"
"13_38_16","6_43_18"
"89_0_16","44_43_18"
"9_40_17","4_43_19_0"
"11_39_17_0","5_43_19"
"11_39_17_1","0"
"13_38_17","6_43_19"
"89_0_17","44_43_19"
"5_42_18","2_43_20"
"9_40_18_0","4_43_20_0"
"9_40_18_1","4_43_20_0 + 4_43_20_1"
"13_38_18","6_43_20"
"89_0_18","44_43_20"
"5_42_19","2_43_21"
"9_40_19","4_43_21"
"89_0_19","44_43_21_1"
"5_42_20","2_43_22"
"89_0_20","44_43_22_1"
"89_0_21","44_43_23_1"
"89_0_22","44_43_24"
"89_0_23","44_43_25"
"89_0_24","44_43_26"
"89_0_25","44_43_27"
"89_0_26","44_43_28"
"89_0_27","44_43_29"
"89_0_28","44_43_30"
"89_0_29","44_43_31"
"89_0_30","44_43_32"
"89_0_31","44_43_33"
"89_0_32","44_43_34"
"89_0_33","44_43_35"
"89_0_34","44_43_36"
"89_0_35","44_43_37"
"89_0_36","44_43_38"
"89_0_37","44_43_39"
"89_0_38","44_43_40"
"89_0_39","44_43_41"
"89_0_40","44_43_42"
"89_0_41","44_43_43"
"89_0_42","44_43_44"
"89_0_43","44_43_45"
"89_0_44","44_43_46"
"89_0_45","44_43_47"
"89_0_46","44_43_48"
"61_15_1","30_44_3"
"77_7_1","38_44_3"
"85_3_1","42_44_3"
"89_1_1","44_44_3"
"55_18_2","27_44_4_1"
"59_16_2","29_44_4_1"
"61_15_2","30_44_4_1"
"75_8_2","37_44_4_1"
"77_7_2","38_44_4_1"
"85_3_2","42_44_4_1"
"21_35_3","10_44_5"
"53_19_3","26_44_5_1"
"57_17_3","28_44_5_1"
"61_15_3","30_44_5_1"
"75_8_3","37_44_5_1"
"77_7_3","38_44_5_1"
"25_33_4","12_44_6_1"
"29_31_4","14_44_6_1"
"51_20_4","25_44_6_2"
"55_18_4_0","27_44_6_1"
"55_18_4_1","0"
"57_17_4","28_44_6_1"
"61_15_4","30_44_6_1"
"73_9_4","36_44_6_1"
"77_7_4","38_44_6_1"
"9_41_5","4_44_7_0"
"13_39_5","6_44_7"
"17_37_5_0","8_44_7_2"
"17_37_5_1","8_44_7_1"
"21_35_5_0","10_44_7_0"
"21_35_5_1","10_44_7_0 + 10_44_7_1"
"29_31_5_0","0"
"29_31_5_1","14_44_7"
"45_23_5","22_44_7_1"
"49_21_5","24_44_7"
"57_17_5","28_44_7"
"61_15_5_0","0"
"61_15_5_1","30_44_7"
"69_11_5","34_44_7"
"73_9_5","36_44_7"
"9_41_6","4_44_8"
"17_37_6","8_44_8_1"
"19_36_6_0","9_44_8_1"
"19_36_6_1","9_44_8_1 + 9_44_8_2"
"23_34_6","11_44_8"
"27_32_6","13_44_8"
"29_31_6","14_44_8"
"45_23_6","22_44_8"
"57_17_6","28_44_8"
"61_15_6","30_44_8"
"69_11_6","34_44_8"
"5_43_7","2_44_9"
"9_41_7_0","4_44_9_1 + 4_44_9_2"
"9_41_7_1","4_44_9_1"
"17_37_7_0","8_44_9_0"
"17_37_7_1","8_44_9_1 + 8_44_9_2"
"17_37_7_2","8_44_9_1"
"21_35_7_0","10_44_9_2"
"21_35_7_1","10_44_9_1 + 10_44_9_2"
"25_33_7_0","12_44_9_0"
"25_33_7_1","12_44_9_1"
"29_31_7","14_44_9_0"
"33_29_7","16_44_9_1"
"39_26_7","19_44_9"
"45_23_7","22_44_9"
"59_16_7","29_44_9"
"61_15_7","30_44_9"
"5_43_8_0","2_44_10"
"5_43_8_1","0"
"13_39_8","6_44_10_1"
"17_37_8_0","8_44_10_1"
"17_37_8_1","8_44_10_1 + 8_44_10_2"
"21_35_8_0","10_44_10_1"
"21_35_8_1","10_44_10_2"
"29_31_8_0","14_44_10_2"
"29_31_8_1","14_44_10_2 + 14_44_10_3"
"33_29_8","16_44_10_2"
"35_28_8","17_44_10_1"
"41_25_8","20_44_10_1"
"45_23_8","22_44_10_1"
"57_17_8","28_44_10_1"
"61_15_8","30_44_10_1"
"5_43_9","2_44_11"
"9_41_9","4_44_11_0"
"13_39_9","6_44_11"
"17_37_9_0","8_44_11_0"
"17_37_9_1","8_44_11_0 + 8_44_11_1"
"29_31_9_0","14_44_11_1"
"29_31_9_1","14_44_11_2"
"33_29_9","16_44_11"
"41_25_9","20_44_11"
"45_23_9_0","0"
"45_23_9_1","22_44_11"
"53_19_9","26_44_11"
"57_17_9","28_44_11"
"9_41_10_0","4_44_12_1"
"9_41_10_1","4_44_12_1 + 4_44_12_2"
"11_40_10","5_44_12"
"17_37_10_0","0"
"17_37_10_1","8_44_12_0"
"29_31_10_0","14_44_12_0"
"29_31_10_1","14_44_12_0 + 14_44_12_1"
"41_25_10","20_44_12"
"45_23_10","22_44_12"
"53_19_10","26_44_12"
"5_43_11","2_44_13"
"9_41_11_0","0"
"9_41_11_1","4_44_13"
"17_37_11_0","8_44_13_1 + 8_44_13_2"
"17_37_11_1","8_44_13_1"
"23_34_11","11_44_13"
"29_31_11","14_44_13"
"43_24_11","21_44_13"
"45_23_11","22_44_13"
"5_43_12","2_44_14"
"9_41_12","4_44_14"
"13_39_12","6_44_14_1"
"17_37_12","8_44_14_1"
"19_36_12","9_44_14"
"25_33_12","12_44_14"
"29_31_12","14_44_14"
"41_25_12","20_44_14_0"
"45_23_12","22_44_14"
"9_41_13","4_44_15_1"
"13_39_13","6_44_15_1"
"17_37_13","8_44_15"
"25_33_13","12_44_15"
"29_31_13_0","0"
"29_31_13_1","14_44_15"
"37_27_13","18_44_15"
"41_25_13","20_44_15"
"9_41_14","4_44_16"
"25_33_14","12_44_16_1"
"29_31_14","14_44_16_1"
"37_27_14","18_44_16_1"
"5_43_15","2_44_17"
"27_32_15","13_44_17_1"
"29_31_15","14_44_17_1"
"9_41_16","4_44_18_1"
"13_39_16","6_44_18_1"
"25_33_16","12_44_18_1"
"29_31_16","14_44_18_1"
"9_41_17","4_44_19"
"13_39_17_0","0"
"13_39_17_1","6_44_19"
"21_35_17","10_44_19"
"25_33_17","12_44_19"
"9_41_18","4_44_20"
"13_39_18","6_44_20"
"21_35_18","10_44_20"
"5_43_19","2_44_21"
"9_41_19_0","0"
"9_41_19_1","4_44_21_0"
"11_40_19","5_44_21"
"13_39_19","6_44_21"
"5_43_20","2_44_22"
"9_41_20","4_44_22_0"
"13_39_20","6_44_22"
"5_43_21","2_44_23"
"9_41_21","4_44_23"
"5_43_22","2_44_24"
"79_7_1","39_45_3_1"
"87_3_1","43_45_3_1"
"91_1_1","45_45_3_1"
"93_0_1","46_45_3_1"
"33_30_2","16_45_4_1"
"57_18_2","28_45_4_2"
"65_14_2","32_45_4_2"
"77_8_2","38_45_4_1"
"81_6_2","40_45_4_1"
"89_2_2","44_45_4_1"
"93_0_2","46_45_4_1"
"33_30_3","16_45_5_2"
"55_19_3","27_45_5_3"
"57_18_3","28_45_5_3"
"65_14_3","32_45_5_2"
"77_8_3","38_45_5_2"
"93_0_3","46_45_5_2"
"13_40_4","6_45_6"
"21_36_4","10_45_6"
"33_30_4","16_45_6_2"
"49_22_4","24_45_6_1"
"53_20_4","26_45_6_2"
"57_18_4_0","28_45_6_2"
"57_18_4_1","0"
"59_17_4","29_45_6_1"
"65_14_4","32_45_6_2"
"75_9_4","37_45_6_1"
"93_0_4","46_45_6_1"
"13_40_5","6_45_7"
"17_38_5","8_45_7_0"
"19_37_5_0","9_45_7_0"
"19_37_5_1","9_45_7_1"
"51_21_5","25_45_7_2"
"53_20_5","26_45_7_2"
"57_18_5","28_45_7_1"
"65_14_5","32_45_7_2"
"71_11_5","35_45_7_1"
"75_9_5","37_45_7_1"
"93_0_5","46_45_7_1"
"9_42_6_0","4_45_8_0 + 4_45_8_1"
"9_42_6_1","4_45_8_0"
"17_38_6_0","0"
"17_38_6_1","8_45_8_0"
"17_38_6_2","8_45_8_3"
"17_38_6_3","8_45_8_0 + 8_45_8_2"
"21_36_6","10_45_8"
"25_34_6_0","0"
"25_34_6_1","12_45_8"
"33_30_6","16_45_8_1"
"53_20_6","26_45_8"
"65_14_6","32_45_8"
"73_10_6","36_45_8"
"93_0_6","46_45_8"
"5_44_7","2_45_9"
"9_42_7","4_45_9_1"
"11_41_7","5_45_9"
"17_38_7_0","8_45_9_2"
"17_38_7_1","8_45_9_1"
"25_34_7","12_45_9_1"
"29_32_7","14_45_9_2"
"33_30_7","16_45_9_2"
"41_26_7","20_45_9_2"
"47_23_7","23_45_9_1"
"61_16_7","30_45_9_1"
"93_0_7","46_45_9_1"
"9_42_8_0","4_45_10_0"
"9_42_8_1","4_45_10_1"
"13_40_8","6_45_10"
"17_38_8_0","8_45_10_0"
"17_38_8_1","8_45_10_0 + 8_45_10_1"
"25_34_8_0","12_45_10_1"
"25_34_8_1","12_45_10_2"
"29_32_8","14_45_10_1"
"33_30_8","16_45_10_1"
"37_28_8","18_45_10_1"
"41_26_8","20_45_10_1"
"43_25_8","21_45_10"
"49_22_8","24_45_10_1"
"59_17_8","29_45_10"
"93_0_8","46_45_10"
"9_42_9_0","4_45_11_0"
"9_42_9_1","4_45_11_1"
"17_38_9_0","0"
"17_38_9_1","8_45_11"
"21_36_9","10_45_11_1"
"25_34_9","12_45_11_1"
"33_30_9","16_45_11_1"
"37_28_9","18_45_11_1"
"41_26_9","20_45_11"
"49_22_9","24_45_11_1"
"55_19_9","27_45_11"
"59_17_9","29_45_11"
"93_0_9","46_45_11"
"9_42_10","4_45_12"
"17_38_10_0","8_45_12_2"
"17_38_10_1","8_45_12_2 + 8_45_12_3"
"21_36_10","10_45_12_2"
"33_30_10","16_45_12_2"
"37_28_10","18_45_12_1"
"49_22_10","24_45_12_1"
"57_18_10","28_45_12_1"
"93_0_10","46_45_12_1"
"5_44_11","2_45_13"
"13_40_11_0","6_45_13_1"
"13_40_11_1","6_45_13_2"
"17_38_11","8_45_13_1"
"25_34_11","12_45_13_1"
"33_30_11","16_45_13_0"
"45_24_11","22_45_13"
"93_0_11","46_45_13"
"9_42_12","4_45_14_1"
"13_40_12_0","6_45_14_1"
"13_40_12_1","6_45_14_1 + 6_45_14_2"
"17_38_12","8_45_14_1"
"21_36_12","10_45_14_1"
"25_34_12","12_45_14_1"
"27_33_12","13_45_14"
"33_30_12","16_45_14_1"
"43_25_12","21_45_14"
"93_0_12","46_45_14"
"9_42_13","4_45_15"
"13_40_13_0","0"
"13_40_13_1","6_45_15"
"17_38_13","8_45_15_1"
"21_36_13","10_45_15_1"
"33_30_13","16_45_15_2"
"39_27_13","19_45_15_1"
"43_25_13","21_45_15_1"
"93_0_13","46_45_15_1"
"5_44_14","2_45_16"
"33_30_14","16_45_16_1"
"41_26_14","20_45_16_1"
"93_0_14","46_45_16_1"
"9_42_15","4_45_17_1"
"29_32_15","14_45_17_1"
"93_0_15","46_45_17_1"
"9_42_16","4_45_18"
"17_38_16","8_45_18_1"
"27_33_16","13_45_18"
"93_0_16","46_45_18"
"5_44_17","2_45_19"
"17_38_17","8_45_19_1"
"23_35_17","11_45_19"
"27_33_17","13_45_19"
"93_0_17","46_45_19"
"9_42_18","4_45_20"
"17_38_18","8_45_20"
"25_34_18","12_45_20"
"93_0_18","46_45_20"
"9_42_19","4_45_21"
"93_0_19","46_45_21"
"9_42_20","4_45_22"
"93_0_20","46_45_22"
"5_44_21","2_45_23"
"11_41_21","5_45_23"
"93_0_21","46_45_23"
"5_44_22","2_45_24"
"9_42_22","4_45_24"
"93_0_22","46_45_24"
"93_0_23","46_45_25"
"93_0_24","46_45_26"
"93_0_25","46_45_27"
"93_0_26","46_45_28"
"93_0_27","46_45_29"
"93_0_28","46_45_30"
"93_0_29","46_45_31"
"93_0_30","46_45_32"
"93_0_31","46_45_33"
"93_0_32","46_45_34"
"93_0_33","46_45_35"
"93_0_34","46_45_36"
"93_0_35","46_45_37"
"93_0_36","46_45_38"
"93_0_37","46_45_39"
"93_0_38","46_45_40"
"93_0_39","46_45_41"
"93_0_40","46_45_42"
"93_0_41","46_45_43"
"93_0_42","46_45_44"
"93_0_43","46_45_45"
"93_0_44","46_45_46"
"93_0_45","46_45_47"
"93_0_46","46_45_48"
"33_31_1","16_46_3"
"65_15_1","32_46_3_1"
"81_7_1","40_46_3_1"
"89_3_1","44_46_3_1"
"93_1_1","46_46_3"
"33_31_2","16_46_4_0"
"35_30_2","17_46_4"
"65_15_2","32_46_4_2"
"67_14_2","33_46_4_0"
"81_7_2","40_46_4_2"
"83_6_2","41_46_4_1"
"89_3_2","44_46_4_1"
"91_2_2","45_46_4"
"13_41_3","6_46_5"
"33_31_3_0","16_46_5_0"
"33_31_3_1","16_46_5_2"
"53_21_3","26_46_5_1"
"57_19_3","28_46_5"
"65_15_3","32_46_5_1"
"81_7_3","40_46_5_1"
"89_3_3","44_46_5"
"13_41_4","6_46_6"
"19_38_4","9_46_6"
"29_33_4","14_46_6_1"
"33_31_4","16_46_6_1"
"49_23_4","24_46_6_3"
"51_22_4","25_46_6_1"
"55_20_4","27_46_6_2"
"61_17_4","30_46_6_2"
"65_15_4","32_46_6_2"
"67_14_4","33_46_6_2"
"81_7_4","40_46_6_1"
"13_41_5_0","0"
"13_41_5_1","6_46_7"
"17_39_5","8_46_7"
"21_37_5","10_46_7_1"
"33_31_5_0","16_46_7_1"
"33_31_5_1","16_46_7_3"
"49_23_5","24_46_7_3"
"53_21_5","26_46_7_2"
"61_17_5","30_46_7_2"
"65_15_5_0","32_46_7_2"
"65_15_5_1","32_46_7_2 + 32_46_7_3"
"73_11_5","36_46_7_2"
"77_9_5","38_46_7_1"
"9_43_6","4_46_8_0"
"11_42_6","5_46_8"
"17_39_6","8_46_8_0"
"19_38_6_0","0"
"19_38_6_1","9_46_8"
"19_38_6_2","0"
"21_37_6","10_46_8_0"
"33_31_6","16_46_8_3"
"35_30_6","17_46_8_2"
"49_23_6","24_46_8_2"
"61_17_6","30_46_8_2"
"65_15_6","32_46_8_2"
"73_11_6","36_46_8_2"
"75_10_6","37_46_8_1"
"9_43_7_0","0"
"9_43_7_1","4_46_9_1"
"9_43_7_2","4_46_9_0"
"11_42_7_0","5_46_9"
"11_42_7_1","5_46_9"
"13_41_7","6_46_9"
"21_37_7_0","0"
"21_37_7_1","10_46_9_0"
"25_35_7","12_46_9_1"
"33_31_7","16_46_9_1"
"37_29_7","18_46_9_2"
"43_26_7","21_46_9_1"
"49_23_7","24_46_9_1"
"65_15_7","32_46_9_1"
"73_11_7","36_46_9"
"5_45_8","2_46_10"
"9_43_8","4_46_10_0"
"11_42_8_0","5_46_10"
"11_42_8_1","0"
"13_41_8","6_46_10"
"21_37_8_0","10_46_10_0"
"21_37_8_1","10_46_10_0 + 10_46_10_2"
"21_37_8_2","10_46_10_2 + 10_46_10_3"
"25_35_8","12_46_10_1"
"33_31_8_0","16_46_10_2"
"33_31_8_1","16_46_10_2 + 16_46_10_3"
"37_29_8","18_46_10_2"
"39_28_8","19_46_10_1"
"45_25_8","22_46_10_1"
"49_23_8","24_46_10_1"
"51_22_8","25_46_10_1"
"65_15_8","32_46_10"
"5_45_9","2_46_11"
"13_41_9","6_46_11_1"
"17_39_9","8_46_11_2"
"21_37_9_0","10_46_11_2"
"21_37_9_1","10_46_11_2 + 10_46_11_3"
"33_31_9_0","16_46_11_3"
"33_31_9_1","16_46_11_4"
"37_29_9","18_46_11_2"
"45_25_9","22_46_11_2"
"49_23_9_0","24_46_11_2"
"49_23_9_1","24_46_11_2 + 24_46_11_3"
"57_19_9","28_46_11_2"
"61_17_9","30_46_11_1"
"5_45_10","2_46_12"
"13_41_10_0","6_46_12_1"
"13_41_10_1","6_46_12_2"
"21_37_10_0","0"
"21_37_10_1","10_46_12_1"
"33_31_10_0","16_46_12_1"
"33_31_10_1","16_46_12_1 + 16_46_12_2"
"45_25_10","22_46_12_1"
"49_23_10","24_46_12_1"
"57_19_10","28_46_12_1"
"59_18_10","29_46_12"
"9_43_11","4_46_13_1"
"13_41_11_0","0"
"13_41_11_1","6_46_13_1"
"17_39_11","8_46_13_1"
"21_37_11_0","10_46_13_3"
"21_37_11_1","10_46_13_2"
"27_34_11","13_46_13_1"
"33_31_11","16_46_13_1"
"49_23_11","24_46_13_1"
"57_19_11","28_46_13"
"9_43_12","4_46_14"
"13_41_12","6_46_14"
"17_39_12_0","8_46_14_1"
"17_39_12_1","8_46_14_2"
"21_37_12","10_46_14_1"
"23_36_12","11_46_14"
"29_33_12","14_46_14_1"
"33_31_12","16_46_14_1"
"35_30_12","17_46_14_1"
"5_45_13","2_46_15"
"9_43_13_0","0"
"9_43_13_1","4_46_15"
"17_39_13","8_46_15_1"
"21_37_13","10_46_15"
"29_33_13","14_46_15_1"
"33_31_13_0","16_46_15_1"
"33_31_13_1","16_46_15_2"
"41_27_13","20_46_15_1"
"9_43_14","4_46_16_1"
"17_39_14","8_46_16_0"
"29_33_14","14_46_16_1"
"33_31_14","16_46_16_1"
"41_27_14","20_46_16_1"
"9_43_15","4_46_17"
"17_39_15","8_46_17_1"
"33_31_15","16_46_17_1"
"5_45_16","2_46_18"
"13_41_16","6_46_18_1"
"17_39_16","8_46_18_1"
"19_38_16","9_46_18_1"
"13_41_17","6_46_19_1"
"17_39_17_0","8_46_19_1"
"17_39_17_1","8_46_19_2"
"25_35_17","12_46_19_1"
"13_41_18","6_46_20"
"17_39_18","8_46_20_1"
"25_35_18","12_46_20_1"
"17_39_19","8_46_21_1"
"9_43_21","4_46_23"
"9_43_22","4_46_24"
"5_45_23","2_46_25"
"35_31_1","17_47_3"
"67_15_1","33_47_3_1"
"83_7_1","41_47_3_1"
"91_3_1","45_47_3"
"97_0_1","48_47_3"
"29_34_2","14_47_4"
"33_32_2_0","16_47_4_0"
"33_32_2_1","16_47_4_0 + 16_47_4_1"
"37_30_2","18_47_4"
"61_18_2","30_47_4"
"65_16_2","32_47_4"
"69_14_2","34_47_4"
"81_8_2","40_47_4_0"
"85_6_2","42_47_4"
"97_0_2","48_47_4"
"29_34_3_0","14_47_5_2"
"29_34_3_1","14_47_5_1 + 14_47_5_2"
"37_30_3","18_47_5_2"
"59_19_3","29_47_5_1"
"61_18_3","30_47_5_1"
"69_14_3","34_47_5_1"
"81_8_3","40_47_5_1"
"97_0_3","48_47_5_1"
"13_42_4","6_47_6"
"17_40_4","8_47_6_1"
"29_34_4_0","0"
"29_34_4_1","14_47_6_2"
"33_32_4","16_47_6_2"
"37_30_4","18_47_6_2"
"51_23_4","25_47_6_2"
"53_22_4","26_47_6_1"
"57_20_4","28_47_6_1"
"61_18_4_0","30_47_6_1"
"61_18_4_1","0"
"69_14_4","34_47_6_1"
"97_0_4","48_47_6_1"
"17_40_5","8_47_7"
"21_38_5","10_47_7_0"
"29_34_5","14_47_7_2"
"35_31_5_0","17_47_7_2"
"35_31_5_1","0"
"37_30_5","18_47_7_2"
"49_24_5","24_47_7_2"
"51_23_5","25_47_7_1"
"57_20_5","28_47_7_1"
"67_15_5_0","33_47_7_1"
"67_15_5_1","33_47_7_1"
"69_14_5","34_47_7_1"
"97_0_5","48_47_7_1"
"9_44_6","4_47_8"
"13_42_6","6_47_8_1"
"21_38_6_0","0"
"21_38_6_1","10_47_8_2"
"21_38_6_2","10_47_8_2 + 10_47_8_3"
"25_36_6","12_47_8_2"
"33_32_6","16_47_8_2"
"37_30_6","18_47_8_3"
"45_26_6","22_47_8_2"
"65_16_6","32_47_8_2"
"69_14_6","34_47_8_2"
"97_0_6","48_47_8_2"
"11_43_7","5_47_9"
"13_42_7","6_47_9"
"21_38_7_0","10_47_9_1 + 10_47_9_2"
"21_38_7_1","10_47_9_1"
"27_35_7","13_47_9"
"33_32_7","16_47_9_1"
"37_30_7","18_47_9_1"
"39_29_7","19_47_9"
"45_26_7","22_47_9"
"65_16_7","32_47_9"
"97_0_7","48_47_9"
"9_44_8_0","0"
"9_44_8_1","4_47_10_0"
"9_44_8_2","4_47_10_0 + 4_47_10_1"
"13_42_8_0","6_47_10_1"
"13_42_8_1","6_47_10_1"
"17_40_8","8_47_10_1"
"21_38_8_0","10_47_10_1"
"21_38_8_1","10_47_10_2"
"29_34_8","14_47_10_2"
"33_32_8","16_47_10_2"
"35_31_8_0","17_47_10_1"
"35_31_8_1","17_47_10_1"
"37_30_8","18_47_10_1"
"41_28_8","20_47_10_1"
"45_26_8","22_47_10_1"
"53_22_8","26_47_10_1"
"97_0_8","48_47_10_1"
"5_46_9","2_47_11"
"9_44_9","4_47_11_0"
"13_42_9","6_47_11"
"17_40_9","8_47_11_0"
"19_39_9","9_47_11"
"21_38_9_0","0"
"21_38_9_1","10_47_11"
"29_34_9","14_47_11_1"
"33_32_9","16_47_11"
"37_30_9","18_47_11"
"41_28_9","20_47_11"
"51_23_9_0","25_47_11"
"51_23_9_1","0"
"53_22_9","26_47_11"
"97_0_9","48_47_11"
"9_44_10","4_47_12"
"17_40_10_0","8_47_12_0"
"17_40_10_1","8_47_12_1"
"21_38_10","10_47_12_1"
"29_34_10","14_47_12"
"37_30_10","18_47_12"
"49_24_10","24_47_12_0"
"53_22_10","26_47_12"
"97_0_10","48_47_12"
"17_40_11_0","8_47_13_3"
"17_40_11_1","8_47_13_2"
"21_38_11","10_47_13_2"
"23_37_11","11_47_13_1"
"29_34_11","14_47_13_1"
"49_24_11","24_47_13_1"
"97_0_11","48_47_13_2"
"5_46_12","2_47_14"
"9_44_12","4_47_14"
"13_42_12","6_47_14_1"
"17_40_12_0","8_47_14_1"
"17_40_12_1","8_47_14_2"
"19_39_12","9_47_14"
"21_38_12","10_47_14"
"25_36_12","12_47_14"
"29_34_12","14_47_14"
"37_30_12","18_47_14"
"97_0_12","48_47_14_1"
"9_44_13","4_47_15_1"
"13_42_13","6_47_15_1"
"17_40_13_0","8_47_15_0"
"17_40_13_1","8_47_15_1"
"25_36_13","12_47_15"
"35_31_13_0","17_47_15"
"35_31_13_1","0"
"37_30_13","18_47_15"
"97_0_13","48_47_15_1"
"9_44_14","4_47_16"
"13_42_14_0","0"
"13_42_14_1","6_47_16_0"
"17_40_14","8_47_16_1"
"33_32_14","16_47_16_1"
"37_30_14","18_47_16_1"
"97_0_14","48_47_16_2"
"5_46_15","2_47_17"
"13_42_15_0","6_47_17_1"
"13_42_15_1","6_47_17_1 + 6_47_17_2"
"33_32_15","16_47_17_1"
"97_0_15","48_47_17_2"
"9_44_16","4_47_18_1"
"13_42_16_0","6_47_18_2"
"13_42_16_1","6_47_18_1 + 6_47_18_2"
"21_38_16","10_47_18_1"
"97_0_16","48_47_18_2"
"9_44_17","4_47_19"
"13_42_17_0","0"
"13_42_17_1","6_47_19"
"19_39_17_0","9_47_19"
"19_39_17_1","0"
"21_38_17","10_47_19"
"97_0_17","48_47_19_1"
"5_46_18","2_47_20"
"17_40_18","8_47_20_0"
"21_38_18","10_47_20"
"97_0_18","48_47_20_1"
"17_40_19","8_47_21_1"
"97_0_19","48_47_21_2"
"97_0_20","48_47_22_1"
"97_0_21","48_47_23_1"
"97_0_22","48_47_24_1"
"97_0_23","48_47_25"
"97_0_24","48_47_26"
"97_0_25","48_47_27"
"97_0_26","48_47_28"
"97_0_27","48_47_29"
"97_0_28","48_47_30"
"97_0_29","48_47_31"
"97_0_30","48_47_32"
"97_0_31","48_47_33"
"97_0_32","48_47_34"
"97_0_33","48_47_35"
"97_0_34","48_47_36"
"97_0_35","48_47_37"
"97_0_36","48_47_38"
"97_0_37","48_47_39"
"97_0_38","48_47_40"
"97_0_39","48_47_41"
"97_0_40","48_47_42"
"97_0_41","48_47_43"
"97_0_42","48_47_44"
"97_0_43","48_47_45"
"97_0_44","48_47_46"
"97_0_45","48_47_47"
"97_0_46","48_47_48"
"37_31_1","18_48_3"
"69_15_1","34_48_3"
"85_7_1","42_48_3"
"93_3_1","46_48_3"
"97_1_1","48_48_3"
"35_32_2","17_48_4_1"
"37_31_2","18_48_4_1"
"67_16_2","33_48_4_3"
"69_15_2","34_48_4_3"
"71_14_2","35_48_4_2"
"83_8_2","41_48_4_2"
"85_7_2","42_48_4_2"
"87_6_2","43_48_4_1"
"93_3_2","46_48_4_1"
"17_41_3","8_48_5"
"29_35_3","14_48_5_1"
"33_33_3_0","16_48_5_1"
"33_33_3_1","16_48_5_1 + 16_48_5_2"
"37_31_3_0","0"
"37_31_3_1","18_48_5_2"
"61_19_3","30_48_5_1"
"65_17_3","32_48_5_1"
"69_15_3","34_48_5_2"
"81_9_3","40_48_5_1"
"83_8_3","41_48_5_1"
"85_7_3","42_48_5_1"
"17_41_4","8_48_6"
"29_35_4","14_48_6_2"
"33_33_4","16_48_6_3"
"35_32_4","17_48_6_2"
"37_31_4","18_48_6_2"
"55_22_4","27_48_6_1"
"59_20_4","29_48_6_1"
"65_17_4","32_48_6_2"
"69_15_4","34_48_6_2"
"71_14_4","35_48_6_1"
"81_9_4","40_48_6_1"
"85_7_4","42_48_6_1"
"25_37_5_0","12_48_7_3"
"25_37_5_1","12_48_7_4"
"33_33_5","16_48_7_2"
"37_31_5_0","18_48_7_2"
"37_31_5_1","18_48_7_3"
"53_23_5","26_48_7_2"
"65_17_5","32_48_7_3"
"69_15_5_0","34_48_7_2"
"69_15_5_1","34_48_7_2 + 34_48_7_3"
"77_11_5","38_48_7_2"
"81_9_5","40_48_7_2"
"19_40_6_0","0"
"19_40_6_1","9_48_8_1"
"25_37_6_0","12_48_8_3"
"25_37_6_1","12_48_8_2 + 12_48_8_3"
"27_36_6_0","13_48_8_2"
"27_36_6_1","0"
"35_32_6","17_48_8_2"
"37_31_6","18_48_8_2"
"39_30_6","19_48_8_1"
"65_17_6","32_48_8_2"
"67_16_6","33_48_8_1"
"69_15_6","34_48_8_1"
"77_11_6","38_48_8_1"
"9_45_7_0","0"
"9_45_7_1","4_48_9_1"
"9_45_7_2","4_48_9_1 + 4_48_9_2"
"13_43_7_0","0"
"13_43_7_1","6_48_9_2"
"17_41_7_0","8_48_9_2 + 8_48_9_3"
"17_41_7_1","8_48_9_3"
"25_37_7_0","0"
"25_37_7_1","12_48_9_2"
"25_37_7_2","12_48_9_2 + 12_48_9_3"
"29_35_7","14_48_9_3"
"33_33_7","16_48_9_2"
"37_31_7","18_48_9_2"
"41_29_7","20_48_9_2"
"53_23_7","26_48_9_3"
"65_17_7","32_48_9_2"
"67_16_7","33_48_9_2"
"69_15_7","34_48_9_2"
"17_41_8","8_48_10_1"
"19_40_8_0","9_48_10"
"19_40_8_1","0"
"25_37_8_0","12_48_10_0"
"25_37_8_1","12_48_10_1"
"29_35_8","14_48_10"
"37_31_8_0","18_48_10_0"
"37_31_8_1","18_48_10_0 + 18_48_10_1"
"41_29_8","20_48_10"
"49_25_8","24_48_10_1"
"53_23_8","26_48_10_1"
"55_22_8","27_48_10"
"65_17_8","32_48_10_0"
"69_15_8","34_48_10"
"9_45_9","4_48_11"
"17_41_9","8_48_11_0"
"21_39_9","10_48_11"
"25_37_9","12_48_11"
"37_31_9_0","18_48_11_0"
"37_31_9_1","18_48_11_1"
"49_25_9","24_48_11_1"
"53_23_9_0","26_48_11_0"
"53_23_9_1","26_48_11_1"
"61_19_9","30_48_11"
"65_17_9","32_48_11"
"17_41_10_0","8_48_12_2 + 8_48_12_3"
"17_41_10_1","8_48_12_3"
"19_40_10_0","9_48_12_1"
"19_40_10_1","0"
"37_31_10_0","0"
"37_31_10_1","18_48_12_1"
"49_25_10","24_48_12_2"
"51_24_10","25_48_12_1"
"53_23_10","26_48_12_1"
"61_19_10","30_48_12_1"
"5_47_11","2_48_13"
"9_45_11","4_48_13_0"
"13_43_11_0","6_48_13_1"
"13_43_11_1","6_48_13_1 + 6_48_13_2"
"17_41_11","8_48_13"
"25_37_11","12_48_13"
"37_31_11","18_48_13_1"
"49_25_11","24_48_13_0"
"51_24_11","25_48_13"
"53_23_11","26_48_13"
"9_45_12_0","4_48_14_1"
"9_45_12_1","4_48_14_1 + 4_48_14_2"
"13_43_12_0","6_48_14_1"
"13_43_12_1","6_48_14_1 + 6_48_14_2"
"21_39_12","10_48_14_1"
"25_37_12","12_48_14_1"
"33_33_12","16_48_14_2"
"37_31_12","18_48_14_2"
"39_30_12","19_48_14_1"
"49_25_12","24_48_14_1"
"53_23_12","26_48_14_1"
"9_45_13","4_48_15"
"13_43_13_0","0"
"13_43_13_1","6_48_15"
"21_39_13","10_48_15_1"
"33_33_13","16_48_15_2"
"37_31_13_0","18_48_15_1"
"37_31_13_1","18_48_15_2"
"45_27_13","22_48_15_1"
"49_25_13","24_48_15_1"
"5_47_14","2_48_16"
"33_33_14","16_48_16_2"
"35_32_14","17_48_16_1"
"37_31_14","18_48_16_1"
"45_27_14","22_48_16_1"
"9_45_15","4_48_17_1"
"13_43_15","6_48_17_1"
"17_41_15","8_48_17_1"
"21_39_15","10_48_17_2"
"33_33_15","16_48_17_1"
"35_32_15","17_48_17_1"
"37_31_15","18_48_17_1"
"9_45_16","4_48_18"
"13_43_16","6_48_18"
"17_41_16","8_48_18_1"
"21_39_16","10_48_18_1"
"23_38_16","11_48_18"
"33_33_16","16_48_18_0"
"37_31_16","18_48_18"
"5_47_17","2_48_19"
"9_45_17_0","0"
"9_45_17_1","4_48_19"
"17_41_17","8_48_19_1"
"21_39_17_0","10_48_19_0"
"21_39_17_1","10_48_19_0 + 10_48_19_1"
"29_35_17","14_48_19"
"33_33_17","16_48_19"
"9_45_18","4_48_20_1"
"17_41_18","8_48_20_1"
"19_40_18","9_48_20"
"21_39_18","10_48_20"
"29_35_18","14_48_20"
"9_45_19","4_48_21"
"19_40_19","9_48_21"
"21_39_19","10_48_21"
"17_41_20","8_48_22_1"
"21_39_20","10_48_22_1"
"13_43_21","6_48_23_1"
"17_41_21","8_48_23_1"
"13_43_22","6_48_24"
"39_31_1","19_49_3"
"71_15_1","35_49_3_1"
"87_7_1","43_49_3"
"99_1_1","49_49_3"
"101_0_1","50_49_3"
"25_38_2","12_49_4"
"33_34_2_0","16_49_4_2"
"33_34_2_1","16_49_4_1"
"37_32_2","18_49_4"
"41_30_2","20_49_4_1"
"65_18_2","32_49_4_2"
"69_16_2","34_49_4_1"
"73_14_2","36_49_4_1"
"85_8_2","42_49_4"
"97_2_2","48_49_4"
"101_0_2","50_49_4"
"25_38_3","12_49_5_2"
"33_34_3_0","16_49_5_4"
"33_34_3_1","16_49_5_3 + 16_49_5_4"
"35_33_3","17_49_5_1"
"41_30_3","20_49_5_2"
"65_18_3","32_49_5_3"
"67_17_3","33_49_5_2"
"73_14_3","36_49_5_2"
"83_9_3","41_49_5_1"
"101_0_3","50_49_5_1"
"21_40_4_0","10_49_6_1"
"21_40_4_1","0"
"25_38_4_0","12_49_6_2"
"25_38_4_1","12_49_6_2 + 12_49_6_3"
"25_38_4_2","12_49_6_2 + 12_49_6_3 + 12_49_6_4"
"33_34_4_0","16_49_6_1"
"33_34_4_1","16_49_6_3"
"37_32_4","18_49_6_1"
"41_30_4","20_49_6_1"
"61_20_4","30_49_6_3"
"65_18_4_0","32_49_6_3"
"65_18_4_1","32_49_6_1"
"67_17_4","33_49_6_1"
"73_14_4","36_49_6_1"
"101_0_4","50_49_6_1"
"13_44_5","6_49_7"
"21_40_5_0","10_49_7_1"
"21_40_5_1","0"
"25_38_5_0","12_49_7_0"
"25_38_5_1","12_49_7_0 + 12_49_7_1"
"27_37_5_0","13_49_7_0"
"27_37_5_1","0"
"29_36_5","14_49_7_1"
"39_31_5_0","19_49_7_1"
"39_31_5_1","0"
"41_30_5","20_49_7"
"55_23_5","27_49_7_0"
"61_20_5","30_49_7_1"
"65_18_5","32_49_7"
"73_14_5","36_49_7"
"83_9_5","41_49_7"
"101_0_5","50_49_7"
"9_46_6","4_49_8"
"13_44_6","6_49_8"
"17_42_6","8_49_8_1"
"21_40_6_0","0"
"21_40_6_1","10_49_8"
"21_40_6_2","0"
"25_38_6_0","0"
"25_38_6_1","12_49_8_1 + 12_49_8_2"
"25_38_6_2","12_49_8_1 + 12_49_8_2 + 12_49_8_3"
"25_38_6_3","12_49_8_1 + 12_49_8_3"
"29_36_6_0","0"
"29_36_6_1","14_49_8_2"
"33_34_6","16_49_8_1"
"37_32_6","18_49_8_0"
"41_30_6","20_49_8_1"
"49_26_6","24_49_8_0"
"61_20_6","30_49_8"
"81_10_6","40_49_8"
"101_0_6","50_49_8"
"9_46_7","4_49_9"
"17_42_7","8_49_9_2"
"19_41_7_0","9_49_9_1"
"19_41_7_1","0"
"19_41_7_2","0"
"21_40_7","10_49_9_1"
"25_38_7_0","12_49_9_2"
"25_38_7_1","12_49_9_1"
"35_33_7","17_49_9_0"
"37_32_7","18_49_9_1"
"41_30_7","20_49_9_1"
"43_29_7","21_49_9"
"49_26_7","24_49_9_1"
"55_23_7","27_49_9"
"101_0_7","50_49_9"
"5_48_8","2_49_10"
"13_44_8","6_49_10_1"
"17_42_8","8_49_10_0"
"21_40_8_0","10_49_10_0"
"21_40_8_1","10_49_10_0 + 10_49_10_1"
"25_38_8_0","12_49_10_0 + 12_49_10_1"
"25_38_8_1","12_49_10_0"
"33_34_8","16_49_10_1"
"37_32_8","18_49_10_1"
"39_31_8_0","19_49_10"
"39_31_8_1","19_49_10"
"41_30_8","20_49_10"
"45_28_8","22_49_10_1"
"49_26_8","24_49_10_1"
"51_25_8","25_49_10"
"57_22_8","28_49_10"
"101_0_8","50_49_10"
"17_42_9","8_49_11_1"
"21_40_9","10_49_11_1"
"25_38_9_0","0"
"25_38_9_1","12_49_11_1"
"33_34_9","16_49_11_2"
"37_32_9","18_49_11_1"
"41_30_9","20_49_11_2"
"45_28_9","22_49_11_2"
"49_26_9","24_49_11_1"
"57_22_9","28_49_11_1"
"67_17_9","33_49_11_1"
"101_0_9","50_49_11_1"
"5_48_10","2_49_12"
"9_46_10_0","4_49_12_0 + 4_49_12_1"
"9_46_10_1","4_49_12_1"
"13_44_10_0","6_49_12_0"
"13_44_10_1","6_49_12_1"
"33_34_10","16_49_12_0"
"41_30_10","20_49_12_1"
"45_28_10","22_49_12"
"65_18_10","32_49_12"
"101_0_10","50_49_12"
"9_46_11_0","4_49_13_0"
"9_46_11_1","4_49_13_0 + 4_49_13_1"
"13_44_11","6_49_13"
"21_40_11","10_49_13_1"
"27_37_11","13_49_13"
"33_34_11","16_49_13_1"
"41_30_11","20_49_13"
"101_0_11","50_49_13"
"9_46_12","4_49_14_1"
"13_44_12","6_49_14_1"
"17_42_12","8_49_14_2"
"21_40_12","10_49_14_2"
"23_39_12","11_49_14_1"
"29_36_12","14_49_14_2"
"33_34_12","16_49_14_2"
"35_33_12","17_49_14_1"
"41_30_12","20_49_14_1"
"101_0_12","50_49_14_1"
"5_48_13","2_49_15_0"
"9_46_13_0","0"
"9_46_13_1","4_49_15_1"
"17_42_13","8_49_15_2"
"21_40_13","10_49_15_1"
"29_36_13","14_49_15_2"
"33_34_13","16_49_15_1"
"41_30_13","20_49_15_1"
"51_25_13","25_49_15_1"
"101_0_13","50_49_15_1"
"9_46_14","4_49_16_1"
"17_42_14_0","8_49_16_0"
"17_42_14_1","8_49_16_1"
"29_36_14","14_49_16"
"49_26_14","24_49_16"
"101_0_14","50_49_16"
"9_46_15","4_49_17"
"17_42_15_0","8_49_17_1"
"17_42_15_1","8_49_17_2"
"23_39_15","11_49_17"
"101_0_15","50_49_17"
"5_48_16","2_49_18"
"9_46_16","4_49_18"
"13_44_16","6_49_18_1"
"17_42_16_0","8_49_18_1"
"17_42_16_1","8_49_18_2"
"19_41_16","9_49_18"
"25_38_16","12_49_18"
"101_0_16","50_49_18"
"9_46_17","4_49_19_1"
"13_44_17_0","6_49_19_1"
"13_44_17_1","6_49_19_2"
"17_42_17","8_49_19"
"25_38_17","12_49_19"
"35_33_17","17_49_19"
"101_0_17","50_49_19"
"9_46_18_0","4_49_20_0"
"9_46_18_1","4_49_20_0 + 4_49_20_1"
"13_44_18_0","0"
"13_44_18_1","6_49_20"
"33_34_18","16_49_20_1"
"101_0_18","50_49_20_1"
"5_48_19","2_49_21"
"101_0_19","50_49_21_1"
"9_46_20","4_49_22_1"
"101_0_20","50_49_22_1"
"9_46_21","4_49_23_1"
"19_41_21","9_49_23_1"
"101_0_21","50_49_23_1"
"17_42_22","8_49_24_1"
"101_0_22","50_49_24_1"
"101_0_23","50_49_25_1"
"101_0_24","50_49_26"
"101_0_25","50_49_27"
"101_0_26","50_49_28"
"101_0_27","50_49_29"
"101_0_28","50_49_30"
"101_0_29","50_49_31"
"101_0_30","50_49_32"
"101_0_31","50_49_33"
"101_0_32","50_49_34"
"101_0_33","50_49_35"
"101_0_34","50_49_36"
"101_0_35","50_49_37"
"101_0_36","50_49_38"
"101_0_37","50_49_39"
"101_0_38","50_49_40"
"101_0_39","50_49_41"
"101_0_40","50_49_42"
"101_0_41","50_49_43"
"101_0_42","50_49_44"
"101_0_43","50_49_45"
"101_0_44","50_49_46"
"101_0_45","50_49_47"
"101_0_46","50_49_48"
"41_31_1","20_50_3"
"73_15_1","36_50_3"
"89_7_1","44_50_3"
"97_3_1","48_50_3_1"
"101_1_1","50_50_3"
"27_38_2","13_50_4_1"
"35_34_2_0","17_50_4_1"
"35_34_2_1","17_50_4_2"
"41_31_2","20_50_4_1"
"43_30_2","21_50_4_1"
"67_18_2","33_50_4_1"
"73_15_2","36_50_4_2"
"75_14_2","37_50_4_1"
"89_7_2","44_50_4_2"
"97_3_2","48_50_4_2"
"99_2_2","49_50_4_1"
"21_41_3","10_50_5"
"25_39_3_0","12_50_5_0"
"25_39_3_1","12_50_5_1"
"29_37_3","14_50_5"
"33_35_3","16_50_5"
"41_31_3_0","20_50_5_0"
"41_31_3_1","20_50_5_1"
"61_21_3","30_50_5_0"
"65_19_3","32_50_5"
"73_15_3","36_50_5"
"89_7_3","44_50_5_1"
"97_3_3","48_50_5"
"21_41_4_0","10_50_6_1"
"21_41_4_1","10_50_6_1 + 10_50_6_2"
"25_39_4","12_50_6_1"
"27_38_4_0","13_50_6_1"
"27_38_4_1","13_50_6_1"
"27_38_4_2","13_50_6_1 + 13_50_6_2"
"29_37_4","14_50_6_1"
"37_33_4","18_50_6_2"
"39_32_4","19_50_6_1"
"41_31_4","20_50_6_1"
"57_23_4","28_50_6_1"
"67_18_4_0","33_50_6_1"
"67_18_4_1","0"
"69_17_4","34_50_6_1"
"73_15_4","36_50_6_1"
"75_14_4","37_50_6_1"
"89_7_4","44_50_6_1"
"9_47_5","4_50_7"
"21_41_5_0","0"
"21_41_5_1","10_50_7"
"21_41_5_2","0"
"25_39_5_0","12_50_7_0"
"25_39_5_1","12_50_7_1"
"29_37_5_0","14_50_7_2"
"29_37_5_1","14_50_7_1"
"33_35_5","16_50_7_0"
"41_31_5_0","20_50_7_0"
"41_31_5_1","20_50_7_1"
"57_23_5","28_50_7"
"69_17_5","34_50_7"
"73_15_5_0","36_50_7_0"
"73_15_5_1","36_50_7_1"
"81_11_5","40_50_7_1"
"85_9_5","42_50_7"
"13_45_6","6_50_8"
"21_41_6_0","10_50_8_0"
"21_41_6_1","10_50_8_1"
"27_38_6_0","0"
"27_38_6_1","13_50_8"
"27_38_6_2","0"
"29_37_6_0","14_50_8_0"
"29_37_6_1","14_50_8_1"
"35_34_6","17_50_8_0"
"41_31_6","20_50_8_1"
"43_30_6","21_50_8"
"69_17_6","34_50_8"
"73_15_6","36_50_8_1"
"81_11_6","40_50_8_1"
"83_10_6","41_50_8"
"11_46_7","5_50_9_0"
"13_45_7","6_50_9"
"21_41_7_0","0"
"21_41_7_1","10_50_9"
"25_39_7_0","0"
"25_39_7_1","12_50_9"
"29_37_7_0","0"
"29_37_7_1","14_50_9_0"
"29_37_7_2","14_50_9_0 + 14_50_9_1"
"33_35_7","16_50_9_1"
"39_32_7","19_50_9"
"41_31_7","20_50_9"
"45_29_7","22_50_9"
"57_23_7","28_50_9"
"73_15_7","36_50_9_1"
"81_11_7","40_50_9"
"5_49_8","2_50_10"
"9_47_8_0","4_50_10_0"
"9_47_8_1","4_50_10_1"
"21_41_8","10_50_10_1"
"25_39_8","12_50_10_1"
"29_37_8_0","14_50_10_1"
"29_37_8_1","14_50_10_3"
"33_35_8","16_50_10_2"
"35_34_8","17_50_10_1"
"41_31_8_0","20_50_10_1"
"41_31_8_1","20_50_10_1 + 20_50_10_2"
"45_29_8","22_50_10_1"
"53_25_8","26_50_10_1"
"57_23_8","28_50_10_1"
"59_22_8","29_50_10_1"
"73_15_8","36_50_10_1"
"5_49_9","2_50_11"
"9_47_9","4_50_11_0"
"13_45_9_0","6_50_11_0"
"13_45_9_1","6_50_11_0 + 6_50_11_1"
"17_43_9","8_50_11"
"25_39_9","12_50_11_1"
"29_37_9","14_50_11_1"
"33_35_9","16_50_11"
"41_31_9_0","20_50_11_1"
"41_31_9_1","20_50_11_0 + 20_50_11_1"
"53_25_9","26_50_11"
"57_23_9_0","28_50_11_0"
"57_23_9_1","28_50_11_1"
"65_19_9","32_50_11_1"
"69_17_9","34_50_11"
"9_47_10","4_50_12"
"13_45_10","6_50_12"
"17_43_10","8_50_12_0"
"21_41_10","10_50_12_1"
"29_37_10","14_50_12"
"41_31_10_0","0"
"41_31_10_1","20_50_12"
"53_25_10","26_50_12"
"57_23_10","28_50_12_1"
"65_19_10","32_50_12_1"
"67_18_10","33_50_12"
"9_47_11","4_50_13_1"
"13_45_11","6_50_13_1"
"17_43_11_0","8_50_13_2 + 8_50_13_3"
"17_43_11_1","8_50_13_3"
"23_40_11_0","11_50_13_1"
"23_40_11_1","0"
"29_37_11","14_50_13_1"
"41_31_11","20_50_13_1"
"57_23_11","28_50_13_2"
"65_19_11","32_50_13_1"
"5_49_12","2_50_14"
"9_47_12","4_50_14_0"
"13_45_12_0","6_50_14_0"
"13_45_12_1","6_50_14_2"
"17_43_12","8_50_14_1"
"19_42_12_0","9_50_14"
"19_42_12_1","0"
"25_39_12","12_50_14"
"29_37_12","14_50_14"
"37_33_12","18_50_14"
"41_31_12","20_50_14_0"
"43_30_12","21_50_14"
"57_23_12","28_50_14"
"9_47_13_0","4_50_15_1"
"9_47_13_1","4_50_15_1 + 4_50_15_2"
"13_45_13","6_50_15_1"
"17_43_13","8_50_15"
"25_39_13","12_50_15"
"37_33_13","18_50_15"
"41_31_13_0","20_50_15_0"
"41_31_13_1","20_50_15_1"
"49_27_13","24_50_15_1"
"53_25_13","26_50_15"
"5_49_14","2_50_16"
"9_47_14","4_50_16"
"37_33_14","18_50_16_1"
"41_31_14","20_50_16_2"
"49_27_14","24_50_16_2"
"51_26_14","25_50_16_1"
"5_49_15_0","0"
"5_49_15_1","2_50_17"
"13_45_15","6_50_17_1"
"25_39_15","12_50_17_1"
"41_31_15","20_50_17_2"
"49_27_15","24_50_17_1"
"9_47_16","4_50_18_1"
"13_45_16_0","6_50_18_2"
"13_45_16_1","6_50_18_1"
"21_41_16","10_50_18_1"
"25_39_16","12_50_18_1"
"27_38_16","13_50_18_1"
"41_31_16","20_50_18_1"
"9_47_17","4_50_19"
"13_45_17_0","0"
"13_45_17_1","6_50_19"
"21_41_17","10_50_19_1"
"25_39_17_0","12_50_19_1"
"25_39_17_1","12_50_19_1 + 12_50_19_2"
"33_35_17","16_50_19_2"
"37_33_17","18_50_19_1"
"5_49_18","2_50_20"
"13_45_18","6_50_20_1"
"21_41_18","10_50_20_1"
"25_39_18","12_50_20_2"
"33_35_18","16_50_20_2"
"35_34_18","17_50_20_1"
"9_47_19","4_50_21_1"
"13_45_19","6_50_21_1"
"25_39_19","12_50_21_2"
"33_35_19","16_50_21_1"
"9_47_20","4_50_22_0"
"11_46_20","5_50_22"
"25_39_20","12_50_22"
"5_49_21","2_50_23"
"9_47_21_0","4_50_23_0"
"9_47_21_1","4_50_23_0 + 4_50_23_1"
"17_43_21","8_50_23_1"
"21_41_21","10_50_23"
"5_49_22","2_50_24"
"9_47_22","4_50_24_1"
"17_43_22","8_50_24_1"
"19_42_22","9_50_24"
"9_47_23","4_50_25_1"
"17_43_23","8_50_25"
"43_31_1","21_51_3"
"75_15_1","37_51_3"
"91_7_1","45_51_3"
"99_3_1","49_51_3"
"105_0_1","52_51_3"
"29_38_2","14_51_4"
"37_34_2","18_51_4"
"41_32_2","20_51_4"
"45_30_2","22_51_4"
"69_18_2","34_51_4"
"73_16_2","36_51_4"
"77_14_2","38_51_4"
"89_8_2","44_51_4_0"
"93_6_2","46_51_4"
"105_0_2","52_51_4"
"27_39_3_0","13_51_5_1"
"27_39_3_1","13_51_5_2"
"29_38_3","14_51_5_2"
"37_34_3","18_51_5_2"
"43_31_3_0","21_51_5_1"
"43_31_3_1","0"
"45_30_3","22_51_5_1"
"67_19_3","33_51_5_1"
"69_18_3","34_51_5_2"
"77_14_3","38_51_5_1"
"89_8_3","44_51_5_1"
"105_0_3","52_51_5_1"
"17_44_4","8_51_6_1"
"25_40_4_0","12_51_6_4"
"25_40_4_1","0"
"25_40_4_2","12_51_6_1"
"25_40_4_3","12_51_6_3 + 12_51_6_4"
"27_39_4","13_51_6_2"
"29_38_4_0","14_51_6_1"
"29_38_4_1","14_51_6_1 + 14_51_6_2 + 14_51_6_3"
"29_38_4_2","14_51_6_2"
"41_32_4","20_51_6_1"
"45_30_4","22_51_6_1"
"59_23_4","29_51_6_1"
"65_20_4","32_51_6_2"
"69_18_4_0","34_51_6_2"
"69_18_4_1","0"
"71_17_4","35_51_6_1"
"77_14_4","38_51_6_1"
"105_0_4","52_51_6_1"
"17_44_5","8_51_7_1"
"21_42_5_0","10_51_7_1"
"21_42_5_1","10_51_7_1"
"25_40_5_0","12_51_7_2 + 12_51_7_3"
"25_40_5_1","12_51_7_1"
"25_40_5_2","12_51_7_1 + 12_51_7_3"
"29_38_5_0","14_51_7_1"
"29_38_5_1","14_51_7_2"
"35_35_5","17_51_7_1"
"43_31_5_0","21_51_7_1"
"43_31_5_1","0"
"45_30_5","22_51_7_1"
"57_24_5","28_51_7_1"
"65_20_5","32_51_7_2"
"69_18_5","34_51_7_1"
"75_15_5_0","37_51_7_1"
"75_15_5_1","37_51_7_1"
"77_14_5","38_51_7_1"
"105_0_5","52_51_7_1"
"21_42_6","10_51_8_1"
"25_40_6_0","0"
"25_40_6_1","12_51_8_1"
"25_40_6_2","12_51_8_1 + 12_51_8_2"
"29_38_6_0","0"
"29_38_6_1","14_51_8_2 + 14_51_8_3"
"29_38_6_2","14_51_8_2"
"33_36_6","16_51_8_2"
"37_34_6","18_51_8_1"
"41_32_6","20_51_8_1"
"45_30_6","22_51_8_1"
"65_20_6","32_51_8_1"
"73_16_6","36_51_8_1"
"77_14_6","38_51_8_1"
"105_0_6","52_51_8_1"
"9_48_7_0","4_51_9"
"9_48_7_1","0"
"21_42_7","10_51_9_1"
"25_40_7","12_51_9_1"
"29_38_7_0","14_51_9_2 + 14_51_9_3"
"29_38_7_1","14_51_9_3"
"35_35_7","17_51_9_1"
"41_32_7","20_51_9_1"
"45_30_7","22_51_9_1"
"53_26_7","26_51_9_2"
"59_23_7","29_51_9_1"
"73_16_7","36_51_9_1"
"105_0_7","52_51_9_1"
"9_48_8_0","4_51_10_0"
"9_48_8_1","4_51_10_1"
"11_47_8_0","0"
"11_47_8_1","5_51_10"
"11_47_8_2","0"
"13_46_8_0","0"
"13_46_8_1","6_51_10"
"17_44_8","8_51_10"
"25_40_8_0","12_51_10_0"
"25_40_8_1","12_51_10_1"
"29_38_8_0","14_51_10_0 + 14_51_10_1"
"29_38_8_1","14_51_10_1"
"37_34_8","18_51_10"
"41_32_8","20_51_10"
"45_30_8","22_51_10"
"49_28_8","24_51_10_1"
"53_26_8","26_51_10_1"
"55_25_8","27_51_10"
"61_22_8","30_51_10"
"105_0_8","52_51_10"
"5_50_9_0","2_51_11_0"
"5_50_9_1","2_51_11_1"
"9_48_9_0","0"
"9_48_9_1","4_51_11_0"
"11_47_9","5_51_11"
"13_46_9","6_51_11"
"17_44_9","8_51_11_0"
"21_42_9","10_51_11"
"25_40_9","12_51_11_0"
"27_39_9","13_51_11"
"37_34_9","18_51_11"
"45_30_9","22_51_11_1"
"49_28_9","24_51_11_1"
"53_26_9","26_51_11"
"59_23_9_0","29_51_11"
"59_23_9_1","0"
"61_22_9","30_51_11"
"105_0_9","52_51_11"
"13_46_10","6_51_12_1"
"17_44_10_0","8_51_12_1"
"17_44_10_1","8_51_12_2"
"21_42_10","10_51_12_1"
"25_40_10_0","12_51_12_1"
"25_40_10_1","12_51_12_2"
"45_30_10","22_51_12_2"
"49_28_10","24_51_12_1"
"57_24_10","28_51_12_1"
"61_22_10","30_51_12_1"
"105_0_10","52_51_12_1"
"5_50_11","2_51_13"
"9_48_11","4_51_13_0"
"13_46_11_0","6_51_13_0"
"13_46_11_1","6_51_13_1"
"13_46_11_2","6_51_13_0 + 6_51_13_2"
"21_42_11","10_51_13"
"25_40_11","12_51_13"
"37_34_11","18_51_13_1"
"45_30_11","22_51_13"
"57_24_11","28_51_13"
"105_0_11","52_51_13"
"9_48_12_0","4_51_14_0"
"9_48_12_1","4_51_14_0 + 4_51_14_1"
"13_46_12_0","6_51_14_0"
"13_46_12_1","6_51_14_1"
"21_42_12_0","10_51_14_0 + 10_51_14_1"
"21_42_12_1","10_51_14_1"
"25_40_12","12_51_14"
"33_36_12","16_51_14_1"
"37_34_12","18_51_14_1"
"39_33_12","19_51_14"
"45_30_12","22_51_14"
"105_0_12","52_51_14"
"11_47_13_0","5_51_15"
"11_47_13_1","0"
"13_46_13_0","0"
"13_46_13_1","6_51_15"
"21_42_13_0","10_51_15_1"
"21_42_13_1","10_51_15_1 + 10_51_15_2"
"33_36_13","16_51_15_2"
"37_34_13","18_51_15_1"
"43_31_13_0","21_51_15_1"
"43_31_13_1","0"
"45_30_13","22_51_15_1"
"105_0_13","52_51_15_1"
"5_50_14_0","2_51_16_0 + 2_51_16_1"
"5_50_14_1","2_51_16_0"
"9_48_14","4_51_16_0"
"13_46_14","6_51_16_1"
"33_36_14","16_51_16_1"
"41_32_14","20_51_16_1"
"45_30_14","22_51_16_1"
"105_0_14","52_51_16_1"
"9_48_15","4_51_17_1"
"13_46_15","6_51_17_1"
"21_42_15","10_51_17_2"
"27_39_15","13_51_17_1"
"41_32_15","20_51_17_1"
"105_0_15","52_51_17_1"
"9_48_16","4_51_18"
"13_46_16","6_51_18"
"17_44_16","8_51_18_1"
"21_42_16","10_51_18_1"
"23_41_16","11_51_18"
"29_38_16","14_51_18"
"105_0_16","52_51_18"
"5_50_17","2_51_19"
"9_48_17_0","0"
"9_48_17_1","4_51_19"
"13_46_17","6_51_19_1"
"17_44_17","8_51_19_1"
"21_42_17","10_51_19"
"27_39_17_0","13_51_19"
"27_39_17_1","0"
"29_38_17","14_51_19"
"105_0_17","52_51_19"
"9_48_18","4_51_20_1"
"13_46_18","6_51_20_1"
"17_44_18","8_51_20"
"25_40_18","12_51_20_0"
"29_38_18","14_51_20"
"105_0_18","52_51_20"
"9_48_19","4_51_21"
"25_40_19","12_51_21"
"105_0_19","52_51_21"
"5_50_20","2_51_22"
"13_46_20","6_51_22"
"105_0_20","52_51_22"
"9_48_21","4_51_23_0"
"11_47_21_0","5_51_23"
"11_47_21_1","0"
"13_46_21","6_51_23"
"105_0_21","52_51_23"
"5_50_22","2_51_24"
"9_48_22_0","4_51_24_0"
"9_48_22_1","4_51_24_0 + 4_51_24_1"
"13_46_22","6_51_24"
"105_0_22","52_51_24"
"5_50_23","2_51_25"
"9_48_23","4_51_25"
"105_0_23","52_51_25_1"
"5_50_24","2_51_26"
"105_0_24","52_51_26_1"
"105_0_25","52_51_27_1"
"105_0_26","52_51_28"
"105_0_27","52_51_29"
"105_0_28","52_51_30"
"105_0_29","52_51_31"
"105_0_30","52_51_32"
"105_0_31","52_51_33"
"105_0_32","52_51_34"
"105_0_33","52_51_35"
"105_0_34","52_51_36"
"105_0_35","52_51_37"
"105_0_36","52_51_38"
"105_0_37","52_51_39"
"105_0_38","52_51_40"
"105_0_39","52_51_41"
"105_0_40","52_51_42"
"105_0_41","52_51_43"
"105_0_42","52_51_44"
"105_0_43","52_51_45"
"105_0_44","52_51_46"
"105_0_45","52_51_47"
"105_0_46","52_51_48"
"45_31_1","22_52_3"
"77_15_1","38_52_3"
"93_7_1","46_52_3"
"101_3_1","50_52_3"
"105_1_1","52_52_3"
"39_34_2","19_52_4_1"
"43_32_2","21_52_4_1"
"45_31_2","22_52_4_1"
"71_18_2","35_52_4_1"
"75_16_2","37_52_4_1"
"77_15_2","38_52_4_1"
"79_14_2","39_52_4"
"91_8_2","45_52_4"
"93_7_2","46_52_4"
"101_3_2","50_52_4"
"17_45_3","8_52_5_1"
"25_41_3_0","12_52_5_1"
"25_41_3_1","12_52_5_2"
"29_39_3_0","0"
"29_39_3_1","14_52_5_1"
"33_37_3_0","16_52_5_1"
"33_37_3_1","16_52_5_1 + 16_52_5_2"
"41_33_3","20_52_5_1"
"45_31_3_0","0"
"45_31_3_1","22_52_5_2"
"65_21_3","32_52_5_1"
"69_19_3","34_52_5_1"
"73_17_3","36_52_5_1"
"77_15_3","38_52_5_1"
"91_8_3","45_52_5_1"
"93_7_3","46_52_5_1"
"19_44_4","9_52_6_1"
"25_41_4_0","12_52_6_3 + 12_52_6_4 + 12_52_6_5"
"25_41_4_1","12_52_6_3"
"25_41_4_2","12_52_6_5"
"27_40_4_0","0"
"27_40_4_1","0"
"27_40_4_2","13_52_6_2"
"29_39_4","14_52_6_1"
"41_33_4","20_52_6_3"
"43_32_4","21_52_6_1"
"45_31_4","22_52_6_2"
"61_23_4","30_52_6_1"
"67_20_4","33_52_6_2"
"71_18_4_0","35_52_6_1"
"71_18_4_1","0"
"73_17_4","36_52_6_1"
"77_15_4","38_52_6_1"
"89_9_4","44_52_6_1"
"93_7_4","46_52_6_1"
"13_47_5","6_52_7"
"17_45_5_0","0"
"17_45_5_1","8_52_7_1"
"25_41_5_0","0"
"25_41_5_1","12_52_7_3"
"25_41_5_2","12_52_7_1"
"25_41_5_3","12_52_7_3 + 12_52_7_4"
"27_40_5_0","0"
"27_40_5_1","13_52_7_0"
"27_40_5_2","0"
"33_37_5","16_52_7_3"
"37_35_5","18_52_7_2"
"41_33_5","20_52_7_1"
"45_31_5_0","0"
"45_31_5_1","22_52_7_1"
"59_24_5","29_52_7_0"
"61_23_5","30_52_7_1"
"65_21_5","32_52_7"
"73_17_5","36_52_7"
"77_15_5_0","0"
"77_15_5_1","38_52_7"
"85_11_5","42_52_7"
"89_9_5","44_52_7"
"17_45_6_0","8_52_8_4"
"17_45_6_1","8_52_8_2"
"21_43_6","10_52_8_3"
"23_42_6_0","11_52_8_1"
"23_42_6_1","0"
"25_41_6","12_52_8_2"
"27_40_6_0","0"
"27_40_6_1","13_52_8_2"
"27_40_6_2","0"
"33_37_6","16_52_8_3"
"35_36_6","17_52_8_3"
"39_34_6","19_52_8_2"
"43_32_6","21_52_8_2"
"45_31_6","22_52_8_2"
"47_30_6","23_52_8_1"
"61_23_6","30_52_8_1"
"73_17_6","36_52_8_1"
"77_15_6","38_52_8_1"
"85_11_6","42_52_8_1"
"9_49_7","4_52_9"
"13_47_7_0","0"
"13_47_7_1","6_52_9_0"
"17_45_7_0","0"
"17_45_7_1","8_52_9_2"
"21_43_7","10_52_9_2"
"25_41_7","12_52_9_2"
"33_37_7_0","16_52_9_1"
"33_37_7_1","16_52_9_2"
"37_35_7","18_52_9_2"
"41_33_7","20_52_9_1"
"43_32_7","21_52_9"
"45_31_7","22_52_9_0"
"49_29_7","24_52_9_1"
"55_26_7","27_52_9"
"61_23_7","30_52_9"
"75_16_7","37_52_9"
"77_15_7","38_52_9"
"9_49_8","4_52_10_0"
"11_48_8_0","0"
"11_48_8_1","5_52_10_0"
"17_45_8","8_52_10_1"
"21_43_8","10_52_10_2"
"27_40_8","13_52_10_1"
"33_37_8_0","16_52_10_1"
"33_37_8_1","16_52_10_1 + 16_52_10_2"
"37_35_8","18_52_10_1"
"39_34_8","19_52_10"
"45_31_8_0","22_52_10_1"
"45_31_8_1","22_52_10_1 + 22_52_10_2"
"49_29_8","24_52_10_1"
"51_28_8","25_52_10"
"57_25_8","28_52_10"
"61_23_8","30_52_10"
"73_17_8","36_52_10_0"
"77_15_8","38_52_10"
"9_49_9_0","4_52_11"
"9_49_9_1","4_52_11"
"17_45_9_0","8_52_11_1"
"17_45_9_1","8_52_11_2"
"21_43_9","10_52_11_1"
"29_39_9","14_52_11_1"
"33_37_9","16_52_11_1"
"45_31_9_0","22_52_11_2 + 22_52_11_3"
"45_31_9_1","22_52_11_3"
"49_29_9","24_52_11_1"
"57_25_9","28_52_11_1"
"61_23_9_0","0"
"61_23_9_1","30_52_11_1"
"69_19_9","34_52_11_1"
"73_17_9","36_52_11_1"
"5_51_10","2_52_12"
"9_49_10","4_52_12_0"
"13_47_10_0","6_52_12_0"
"13_47_10_1","6_52_12_1"
"17_45_10","8_52_12"
"25_41_10","12_52_12_1"
"27_40_10","13_52_12"
"45_31_10_0","22_52_12_0"
"45_31_10_1","22_52_12_0 + 22_52_12_1"
"57_25_10","28_52_12"
"61_23_10","30_52_12"
"69_19_10","34_52_12"
"9_49_11","4_52_13"
"13_47_11","6_52_13"
"17_45_11","8_52_13_0"
"21_43_11_0","10_52_13_1"
"21_43_11_1","10_52_13_2"
"25_41_11_0","12_52_13_0"
"25_41_11_1","12_52_13_1"
"33_37_11","16_52_13_1"
"39_34_11","19_52_13"
"45_31_11","22_52_13"
"59_24_11","29_52_13"
"61_23_11","30_52_13"
"13_47_12","6_52_14_1"
"17_45_12_0","8_52_14_1"
"17_45_12_1","8_52_14_2"
"21_43_12_0","10_52_14_1"
"21_43_12_1","10_52_14_2"
"29_39_12","14_52_14_2"
"33_37_12","16_52_14_2"
"35_36_12","17_52_14_1"
"41_33_12","20_52_14_1"
"45_31_12","22_52_14_1"
"57_25_12","28_52_14_1"
"61_23_12","30_52_14_1"
"5_51_13","2_52_15"
"9_49_13","4_52_15_0"
"13_47_13","6_52_15"
"17_45_13","8_52_15"
"29_39_13","14_52_15_1"
"33_37_13","16_52_15"
"41_33_13","20_52_15"
"45_31_13_0","0"
"45_31_13_1","22_52_15"
"53_27_13","26_52_15"
"57_25_13","28_52_15"
"9_49_14_0","4_52_16_1"
"9_49_14_1","4_52_16_2"
"11_48_14","5_52_16"
"17_45_14","8_52_16_0"
"29_39_14","14_52_16"
"41_33_14","20_52_16"
"45_31_14","22_52_16"
"53_27_14","26_52_16"
"5_51_15","2_52_17"
"9_49_15_0","0"
"9_49_15_1","4_52_17"
"17_45_15_0","8_52_17_2"
"17_45_15_1","8_52_17_1"
"23_42_15","11_52_17"
"29_39_15","14_52_17"
"43_32_15","21_52_17"
"45_31_15","22_52_17"
"5_51_16","2_52_18"
"9_49_16","4_52_18"
"13_47_16","6_52_18_1"
"17_45_16","8_52_18_1"
"19_44_16","9_52_18"
"25_41_16","12_52_18"
"29_39_16","14_52_18"
"41_33_16","20_52_18_0"
"45_31_16","22_52_18"
"9_49_17","4_52_19_1"
"13_47_17","6_52_19_1"
"17_45_17","8_52_19"
"25_41_17","12_52_19"
"29_39_17_0","0"
"29_39_17_1","14_52_19"
"37_35_17","18_52_19"
"41_33_17","20_52_19"
"9_49_18","4_52_20"
"25_41_18","12_52_20_1"
"29_39_18","14_52_20_1"
"37_35_18","18_52_20_1"
"5_51_19","2_52_21"
"27_40_19","13_52_21_1"
"29_39_19","14_52_21_1"
"9_49_20","4_52_22_1"
"13_47_20","6_52_22_1"
"25_41_20","12_52_22_1"
"29_39_20","14_52_22_1"
"9_49_21","4_52_23"
"13_47_21_0","0"
"13_47_21_1","6_52_23"
"21_43_21","10_52_23"
"25_41_21","12_52_23"
"9_49_22","4_52_24"
"13_47_22","6_52_24"
"21_43_22","10_52_24"
"5_51_23","2_52_25"
"9_49_23_0","0"
"9_49_23_1","4_52_25_0"
"11_48_23","5_52_25"
"13_47_23","6_52_25"
"5_51_24","2_52_26"
"9_49_24","4_52_26_0"
"13_47_24","6_52_26"
"5_51_25","2_52_27"
"9_49_25","4_52_27"
"5_51_26","2_52_28"
"47_31_1","23_53_3"
"79_15_1","39_53_3"
"103_3_1","51_53_3"
"107_1_1","53_53_3"
"109_0_1","54_53_3"
"33_38_2_0","16_53_4_1"
"33_38_2_1","16_53_4_2"
"37_36_2","18_53_4_1"
"41_34_2","20_53_4_1"
"45_32_2","22_53_4"
"49_30_2","24_53_4_1"
"73_18_2","36_53_4_1"
"77_16_2","38_53_4"
"81_14_2","40_53_4"
"97_6_2","48_53_4"
"105_2_2","52_53_4"
"109_0_2","54_53_4"
"27_41_3_0","0"
"27_41_3_1","13_53_5_2"
"33_38_3_0","16_53_5_4"
"33_38_3_1","16_53_5_4 + 16_53_5_5"
"35_37_3_0","17_53_5_2"
"35_37_3_1","17_53_5_4"
"41_34_3","20_53_5_4"
"43_33_3","21_53_5_1"
"49_30_3","24_53_5_3"
"67_21_3","33_53_5_2"
"71_19_3","35_53_5_2"
"73_18_3","36_53_5_2"
"75_17_3","37_53_5_1"
"93_8_3","46_53_5_1"
"109_0_3","54_53_5_1"
"17_46_4","8_53_6_1"
"21_44_4","10_53_6_3"
"25_42_4_0","12_53_6_1"
"25_42_4_1","12_53_6_3"
"29_40_4_0","14_53_6_3"
"29_40_4_1","0"
"29_40_4_2","0"
"33_38_4_0","16_53_6_4"
"33_38_4_1","16_53_6_4 + 16_53_6_5"
"33_38_4_2","16_53_6_3 + 16_53_6_4 + 16_53_6_6"
"33_38_4_3","16_53_6_3"
"41_34_4","20_53_6_0"
"45_32_4","22_53_6_1"
"49_30_4","24_53_6_2"
"65_22_4","32_53_6_1"
"69_20_4","34_53_6_1"
"73_18_4_0","36_53_6_1"
"73_18_4_1","36_53_6_0"
"81_14_4","40_53_6_1"
"91_9_4","45_53_6"
"109_0_4","54_53_6"
"13_48_5","6_53_7_2"
"17_46_5","8_53_7_2"
"19_45_5_0","0"
"19_45_5_1","9_53_7_3"
"21_44_5","10_53_7_3"
"27_41_5_0","0"
"27_41_5_1","0"
"27_41_5_2","13_53_7_3"
"29_40_5_0","14_53_7_3"
"29_40_5_1","0"
"29_40_5_2","14_53_7_4"
"33_38_5_0","16_53_7_1"
"33_38_5_1","16_53_7_3"
"35_37_5","17_53_7_2"
"39_35_5","19_53_7_1"
"49_30_5","24_53_7_1"
"67_21_5","33_53_7_1"
"69_20_5","34_53_7_1"
"81_14_5","40_53_7_2"
"87_11_5","43_53_7_1"
"91_9_5","45_53_7_1"
"109_0_5","54_53_7_1"
"13_48_6_0","6_53_8_1 + 6_53_8_2"
"13_48_6_1","6_53_8_2"
"17_46_6_0","8_53_8_2"
"17_46_6_1","8_53_8_3 + 8_53_8_4"
"17_46_6_2","8_53_8_4"
"21_44_6","10_53_8_2"
"25_42_6_0","12_53_8_3 + 12_53_8_4"
"25_42_6_1","12_53_8_3"
"29_40_6_0","0"
"29_40_6_1","14_53_8_0"
"33_38_6_0","16_53_8_0"
"33_38_6_1","16_53_8_0 + 16_53_8_3"
"37_36_6","18_53_8_1"
"45_32_6","22_53_8"
"49_30_6","24_53_8"
"81_14_6","40_53_8"
"89_10_6","44_53_8"
"109_0_6","54_53_8"
"13_48_7_0","6_53_9_1"
"13_48_7_1","0"
"13_48_7_2","0"
"17_46_7_0","8_53_9_1"
"17_46_7_1","8_53_9_3"
"19_45_7_0","0"
"19_45_7_1","9_53_9_2"
"21_44_7","10_53_9_3"
"25_42_7","12_53_9_3"
"33_38_7","16_53_9_3"
"35_37_7_0","17_53_9_2"
"35_37_7_1","0"
"39_35_7","19_53_9_1"
"45_32_7","22_53_9_1"
"49_30_7","24_53_9_1"
"57_26_7","28_53_9_1"
"77_16_7","38_53_9_1"
"109_0_7","54_53_9_1"
"13_48_8_0","6_53_10_1"
"13_48_8_1","0"
"13_48_8_2","0"
"17_46_8_0","8_53_10_0"
"17_46_8_1","8_53_10_2 + 8_53_10_3"
"17_46_8_2","8_53_10_2"
"21_44_8","10_53_10_1"
"29_40_8","14_53_10_1"
"33_38_8","16_53_10_1"
"35_37_8_0","17_53_10"
"35_37_8_1","17_53_10"
"41_34_8","20_53_10_1"
"45_32_8","22_53_10_1"
"49_30_8","24_53_10_1"
"53_28_8","26_53_10_1"
"57_26_8","28_53_10_1"
"65_22_8","32_53_10_2"
"75_17_8","37_53_10_1"
"109_0_8","54_53_10_1"
"13_48_9_0","0"
"13_48_9_1","0"
"13_48_9_2","6_53_11_1"
"17_46_9_0","8_53_11_2"
"17_46_9_1","8_53_11_1 + 8_53_11_2"
"19_45_9_0","9_53_11"
"19_45_9_1","0"
"25_42_9","12_53_11"
"41_34_9","20_53_11_1"
"49_30_9","24_53_11_1"
"53_28_9","26_53_11_1"
"65_22_9","32_53_11_2"
"71_19_9","35_53_11_1"
"75_17_9","37_53_11_1"
"109_0_9","54_53_11_1"
"9_50_10","4_53_12"
"17_46_10_0","8_53_12_1"
"17_46_10_1","8_53_12_0 + 8_53_12_1"
"21_44_10","10_53_12"
"25_42_10","12_53_12"
"49_30_10","24_53_12_1"
"65_22_10","32_53_12_1"
"73_18_10","36_53_12_1"
"109_0_10","54_53_12_1"
"17_46_11_0","8_53_13_1"
"17_46_11_1","8_53_13_2"
"17_46_11_2","8_53_13_2 + 8_53_13_3"
"25_42_11","12_53_13_1"
"29_40_11","14_53_13_2"
"41_34_11","20_53_13_2"
"61_24_11","30_53_13_2"
"109_0_11","54_53_13_2"
"5_52_12","2_53_14"
"9_50_12","4_53_14_0"
"13_48_12","6_53_14"
"17_46_12","8_53_14"
"25_42_12_0","12_53_14_1"
"25_42_12_1","12_53_14_1 + 12_53_14_2"
"29_40_12","14_53_14_1"
"37_36_12","18_53_14_1"
"41_34_12","20_53_14_1"
"49_30_12","24_53_14_2"
"59_25_12","29_53_14_1"
"109_0_12","54_53_14_1"
"9_50_13_0","4_53_15_0"
"9_50_13_1","4_53_15_0 + 4_53_15_1"
"21_44_13","10_53_15_1"
"25_42_13","12_53_15_1"
"37_36_13","18_53_15_1"
"49_30_13","24_53_15_2"
"55_27_13","27_53_15_1"
"59_25_13","29_53_15_1"
"109_0_13","54_53_15_1"
"9_50_14","4_53_16"
"17_46_14_0","8_53_16_2"
"17_46_14_1","8_53_16_2 + 8_53_16_3"
"21_44_14","10_53_16_2"
"49_30_14","24_53_16_2"
"57_26_14","28_53_16_2"
"109_0_14","54_53_16_2"
"5_52_15","2_53_17"
"13_48_15_0","6_53_17_1 + 6_53_17_2"
"13_48_15_1","6_53_17_1"
"17_46_15","8_53_17_1"
"25_42_15","12_53_17_1"
"45_32_15","22_53_17_1"
"109_0_15","54_53_17_1"
"9_50_16","4_53_18_1"
"13_48_16_0","6_53_18_1"
"13_48_16_1","6_53_18_1 + 6_53_18_2"
"17_46_16","8_53_18_1"
"21_44_16","10_53_18_1"
"25_42_16","12_53_18_1"
"33_38_16","16_53_18_2"
"43_33_16","21_53_18_1"
"109_0_16","54_53_18_1"
"9_50_17","4_53_19"
"13_48_17_0","0"
"13_48_17_1","6_53_19"
"17_46_17","8_53_19_1"
"21_44_17","10_53_19_1"
"33_38_17","16_53_19_2"
"39_35_17","19_53_19_1"
"43_33_17","21_53_19_1"
"109_0_17","54_53_19_1"
"5_52_18","2_53_20"
"17_46_18","8_53_20_1"
"33_38_18","16_53_20_1"
"41_34_18","20_53_20_1"
"109_0_18","54_53_20_1"
"9_50_19","4_53_21_1"
"29_40_19","14_53_21_1"
"109_0_19","54_53_21_1"
"9_50_20","4_53_22"
"17_46_20","8_53_22_1"
"27_41_20","13_53_22"
"109_0_20","54_53_22"
"5_52_21","2_53_23"
"17_46_21","8_53_23_1"
"23_43_21","11_53_23"
"27_41_21","13_53_23"
"109_0_21","54_53_23"
"9_50_22","4_53_24"
"17_46_22","8_53_24"
"25_42_22","12_53_24"
"109_0_22","54_53_24"
"9_50_23","4_53_25"
"109_0_23","54_53_25"
"9_50_24","4_53_26"
"109_0_24","54_53_26"
"5_52_25","2_53_27"
"11_49_25","5_53_27"
"109_0_25","54_53_27"
"5_52_26","2_53_28"
"9_50_26","4_53_28"
"109_0_26","54_53_28"
"109_0_27","54_53_29"
"109_0_28","54_53_30"
"109_0_29","54_53_31"
"109_0_30","54_53_32"
"109_0_31","54_53_33"
"109_0_32","54_53_34"
"109_0_33","54_53_35"
"109_0_34","54_53_36"
"109_0_35","54_53_37"
"109_0_36","54_53_38"
"109_0_37","54_53_39"
"109_0_38","54_53_40"
"109_0_39","54_53_41"
"109_0_40","54_53_42"
"109_0_41","54_53_43"
"109_0_42","54_53_44"
"109_0_43","54_53_45"
"109_0_44","54_53_46"
"109_0_45","54_53_47"
"49_31_1","24_54_3"
"81_15_1","40_54_3"
"97_7_1","48_54_3_1"
"105_3_1","52_54_3_1"
"109_1_1","54_54_3"
"35_38_2_0","17_54_4_2"
"35_38_2_1","17_54_4_3"
"43_34_2","21_54_4_0"
"49_31_2","24_54_4_1"
"51_30_2","25_54_4_1"
"75_18_2","37_54_4"
"81_15_2","40_54_4"
"97_7_2","48_54_4_2"
"99_6_2","49_54_4_1"
"105_3_2","52_54_4_1"
"107_2_2","53_54_4"
"17_47_3","8_54_5_1"
"21_45_3","10_54_5_1"
"29_41_3_0","14_54_5_1 + 14_54_5_2"
"29_41_3_1","14_54_5_1"
"33_39_3_0","16_54_5_1"
"33_39_3_1","16_54_5_2"
"33_39_3_2","16_54_5_1 + 16_54_5_3"
"37_37_3_0","18_54_5_1"
"37_37_3_1","18_54_5_2"
"49_31_3_0","24_54_5_1"
"49_31_3_1","24_54_5_2"
"69_21_3","34_54_5_1"
"73_19_3","36_54_5"
"81_15_3","40_54_5_1"
"97_7_3","48_54_5_1"
"105_3_3","52_54_5"
"13_49_4","6_54_6_1"
"21_45_4","10_54_6_1"
"23_44_4","11_54_6_1"
"27_42_4","13_54_6_2"
"29_41_4_0","14_54_6_2"
"29_41_4_1","14_54_6_3"
"33_39_4_0","16_54_6_2"
"33_39_4_1","16_54_6_3"
"35_38_4_0","17_54_6_2"
"35_38_4_1","17_54_6_2"
"35_38_4_2","0"
"45_33_4","22_54_6_2"
"47_32_4","23_54_6_1"
"49_31_4","24_54_6_1"
"65_23_4","32_54_6_2"
"67_22_4","33_54_6_1"
"71_20_4","35_54_6_1"
"77_17_4","38_54_6_2"
"81_15_4","40_54_6_2"
"83_14_4","41_54_6_2"
"97_7_4","48_54_6_1"
"9_51_5","4_54_7"
"13_49_5_0","6_54_7_1 + 6_54_7_2"
"13_49_5_1","6_54_7_1 + 6_54_7_3"
"13_49_5_2","6_54_7_1 + 6_54_7_2 + 6_54_7_3"
"17_47_5_0","8_54_7_1"
"17_47_5_1","8_54_7_2"
"19_46_5","9_54_7_1"
"21_45_5_0","0"
"21_45_5_1","10_54_7_1"
"25_43_5_0","12_54_7_1"
"25_43_5_1","12_54_7_1 + 12_54_7_2"
"33_39_5","16_54_7_1"
"37_37_5","18_54_7_1"
"41_35_5","20_54_7"
"49_31_5_0","24_54_7_0"
"49_31_5_1","24_54_7_0 + 24_54_7_1"
"65_23_5","32_54_7_1"
"69_21_5","34_54_7"
"77_17_5","38_54_7_1"
"81_15_5_0","40_54_7_1"
"81_15_5_1","40_54_7_2"
"89_11_5","44_54_7_1"
"93_9_5","46_54_7"
"9_51_6","4_54_8"
"13_49_6_0","0"
"13_49_6_1","6_54_8"
"17_47_6_0","0"
"17_47_6_1","8_54_8_0"
"19_46_6_0","9_54_8_2"
"19_46_6_1","9_54_8_2 + 9_54_8_3"
"19_46_6_2","9_54_8_1 + 9_54_8_2"
"21_45_6_0","10_54_8_1"
"21_45_6_1","0"
"25_43_6","12_54_8_1"
"35_38_6_0","0"
"35_38_6_1","17_54_8_2"
"37_37_6","18_54_8_2"
"39_36_6","19_54_8_0"
"49_31_6","24_54_8_2"
"51_30_6","25_54_8_1"
"65_23_6","32_54_8_1"
"77_17_6","38_54_8_2"
"81_15_6","40_54_8_2"
"89_11_6","44_54_8_2"
"91_10_6","45_54_8_1"
"5_53_7_0","0"
"5_53_7_1","2_54_9"
"13_49_7_0","0"
"13_49_7_1","6_54_9_2"
"17_47_7_0","8_54_9_1"
"17_47_7_1","8_54_9_3"
"17_47_7_2","8_54_9_2"
"17_47_7_3","8_54_9_1 + 8_54_9_3 + 8_54_9_4"
"19_46_7_0","9_54_9_1"
"19_46_7_1","0"
"21_45_7_0","10_54_9_1"
"21_45_7_1","10_54_9_1 + 10_54_9_2"
"21_45_7_2","0"
"25_43_7","12_54_9_1"
"33_39_7","16_54_9_0"
"37_37_7_0","0"
"37_37_7_1","18_54_9_1"
"41_35_7","20_54_9_1"
"49_31_7","24_54_9_1"
"53_29_7","26_54_9_2"
"59_26_7","29_54_9_1"
"65_23_7","32_54_9_2"
"81_15_7","40_54_9_2"
"89_11_7","44_54_9_1"
"13_49_8_0","6_54_10_2"
"13_49_8_1","0"
"17_47_8_0","8_54_10_2"
"17_47_8_1","8_54_10_3"
"17_47_8_2","8_54_10_4"
"19_46_8_0","9_54_10_1"
"19_46_8_1","0"
"19_46_8_2","0"
"21_45_8","10_54_10_1"
"37_37_8_0","18_54_10_1"
"37_37_8_1","18_54_10_1 + 18_54_10_3"
"41_35_8","20_54_10_2"
"49_31_8_0","24_54_10_4"
"49_31_8_1","24_54_10_3 + 24_54_10_4"
"53_29_8","26_54_10_3"
"55_28_8","27_54_10_2"
"61_25_8","30_54_10_3"
"65_23_8","32_54_10_3"
"67_22_8","33_54_10_3"
"81_15_8","40_54_10_2"
"9_51_9","4_54_11_0"
"17_47_9","8_54_11_1"
"21_45_9_0","10_54_11_1"
"21_45_9_1","10_54_11_2"
"33_39_9","16_54_11_2"
"37_37_9","18_54_11_2"
"49_31_9_0","24_54_11_4"
"49_31_9_1","24_54_11_3"
"53_29_9","26_54_11_2"
"61_25_9","30_54_11_3"
"65_23_9_0","32_54_11_3"
"65_23_9_1","32_54_11_4"
"73_19_9","36_54_11_3"
"77_17_9","38_54_11_2"
"17_47_10_0","8_54_12_1"
"17_47_10_1","8_54_12_2"
"21_45_10","10_54_12_1"
"29_41_10","14_54_12_2"
"49_31_10_0","24_54_12_2"
"49_31_10_1","24_54_12_2 + 24_54_12_3"
"61_25_10","30_54_12_3"
"65_23_10","32_54_12_3"
"73_19_10","36_54_12_3"
"75_18_10","37_54_12_2"
"5_53_11","2_54_13"
"9_51_11","4_54_13_0"
"13_49_11_0","6_54_13_0"
"13_49_11_1","6_54_13_1"
"25_43_11","12_54_13_1"
"37_37_11","18_54_13_2"
"43_34_11","21_54_13_1"
"49_31_11","24_54_13_2"
"65_23_11","32_54_13_2"
"73_19_11","36_54_13_1"
"9_51_12","4_54_14"
"13_49_12","6_54_14"
"21_45_12_0","10_54_14_0"
"21_45_12_1","10_54_14_0 + 10_54_14_2"
"25_43_12","12_54_14_1"
"33_39_12","16_54_14_2"
"37_37_12","18_54_14_2"
"39_36_12","19_54_14_1"
"45_33_12","22_54_14_2"
"49_31_12","24_54_14_2"
"51_30_12","25_54_14_2"
"65_23_12","32_54_14_1"
"13_49_13","6_54_15_1"
"17_47_13","8_54_15_2"
"21_45_13","10_54_15_2"
"33_39_13","16_54_15_3"
"37_37_13","18_54_15_2"
"45_33_13","22_54_15_3"
"49_31_13_0","24_54_15_3"
"49_31_13_1","24_54_15_4"
"57_27_13","28_54_15_3"
"61_25_13","30_54_15_2"
"5_53_14","2_54_16"
"13_49_14_0","6_54_16_1 + 6_54_16_2"
"13_49_14_1","6_54_16_2"
"21_45_14","10_54_16_1"
"33_39_14","16_54_16_1"
"45_33_14","22_54_16_2"
"49_31_14","24_54_16_2"
"57_27_14","28_54_16_2"
"59_26_14","29_54_16_1"
"9_51_15","4_54_17_1"
"13_49_15_0","0"
"13_49_15_1","6_54_17_1"
"17_47_15","8_54_17_1"
"21_45_15_0","10_54_17_2 + 10_54_17_3"
"21_45_15_1","10_54_17_3"
"27_42_15","13_54_17_1"
"33_39_15","16_54_17_2"
"49_31_15","24_54_17_2"
"57_27_15","28_54_17_1"
"9_51_16","4_54_18"
"13_49_16","6_54_18"
"17_47_16_0","8_54_18_1"
"17_47_16_1","8_54_18_1 + 8_54_18_2"
"21_45_16","10_54_18_1"
"23_44_16","11_54_18"
"29_41_16","14_54_18_1"
"33_39_16","16_54_18_1"
"35_38_16","17_54_18_1"
"49_31_16","24_54_18"
"5_53_17","2_54_19"
"9_51_17_0","0"
"9_51_17_1","4_54_19"
"17_47_17_0","8_54_19_1 + 8_54_19_2"
"17_47_17_1","8_54_19_2"
"21_45_17","10_54_19"
"29_41_17","14_54_19_1"
"33_39_17_0","16_54_19_1"
"33_39_17_1","16_54_19_2"
"41_35_17","20_54_19_1"
"45_33_17","22_54_19"
"9_51_18","4_54_20_1"
"17_47_18_0","8_54_20_0"
"17_47_18_1","8_54_20_1"
"29_41_18","14_54_20_1"
"33_39_18","16_54_20_1"
"41_35_18","20_54_20_1"
"43_34_18","21_54_20"
"9_51_19","4_54_21"
"17_47_19","8_54_21_1"
"33_39_19","16_54_21_1"
"41_35_19","20_54_21"
"5_53_20","2_54_22"
"13_49_20","6_54_22_1"
"17_47_20","8_54_22_1"
"19_46_20","9_54_22_1"
"33_39_20","16_54_22"
"13_49_21","6_54_23_1"
"17_47_21_0","8_54_23_1"
"17_47_21_1","8_54_23_2"
"25_43_21","12_54_23_1"
"29_41_21","14_54_23"
"13_49_22","6_54_24"
"17_47_22","8_54_24_1"
"25_43_22","12_54_24_1"
"17_47_23","8_54_25_1"
"9_51_25","4_54_27"
"9_51_26","4_54_28"
"5_53_27","2_54_29"
"51_31_1","25_55_3"
"83_15_1","41_55_3"
"99_7_1","49_55_3_1"
"107_3_1","53_55_3"
"113_0_1","56_55_3"
"37_38_2_0","18_55_4_0"
"37_38_2_1","18_55_4_1"
"45_34_2","22_55_4"
"49_32_2","24_55_4"
"53_30_2","26_55_4"
"77_18_2","38_55_4"
"81_16_2","40_55_4"
"85_14_2","42_55_4"
"97_8_2","48_55_4_0"
"101_6_2","50_55_4"
"113_0_2","56_55_4"
"35_39_3_0","17_55_5_3"
"35_39_3_1","17_55_5_2 + 17_55_5_3"
"37_38_3_0","18_55_5_3"
"37_38_3_1","18_55_5_4"
"39_37_3","19_55_5_0"
"45_34_3","22_55_5_2"
"51_31_3_0","25_55_5_1"
"51_31_3_1","0"
"53_30_3","26_55_5_1"
"71_21_3","35_55_5"
"77_18_3","38_55_5_0"
"85_14_3","42_55_5"
"97_8_3","48_55_5"
"113_0_3","56_55_5"
"13_50_4_0","0"
"13_50_4_1","6_55_6_1"
"17_48_4_0","0"
"17_48_4_1","8_55_6_1"
"25_44_4_0","12_55_6_3"
"25_44_4_1","0"
"29_42_4","14_55_6_3"
"33_40_4_0","16_55_6_1 + 16_55_6_3 + 16_55_6_6"
"33_40_4_1","16_55_6_1"
"33_40_4_2","16_55_6_1 + 16_55_6_3"
"33_40_4_3","16_55_6_3 + 16_55_6_5 + 16_55_6_6"
"35_39_4","17_55_6_3"
"37_38_4_0","18_55_6_1"
"37_38_4_1","18_55_6_1 + 18_55_6_3"
"37_38_4_2","18_55_6_1 + 18_55_6_4"
"47_33_4","23_55_6_1"
"49_32_4","24_55_6_1"
"53_30_4","26_55_6_1"
"67_23_4","33_55_6_1"
"69_22_4","34_55_6"
"73_20_4","36_55_6"
"77_18_4_0","38_55_6"
"77_18_4_1","0"
"85_14_4","42_55_6"
"113_0_4","56_55_6"
"11_51_5","5_55_7_1"
"13_50_5","6_55_7_1"
"17_48_5_0","8_55_7_3 + 8_55_7_4"
"17_48_5_1","8_55_7_4"
"19_47_5_0","0"
"19_47_5_1","9_55_7_3"
"23_45_5_0","0"
"23_45_5_1","11_55_7_2"
"23_45_5_2","0"
"25_44_5_0","12_55_7_3 + 12_55_7_4"
"25_44_5_1","12_55_7_3"
"27_43_5","13_55_7_3"
"33_40_5_0","16_55_7_4 + 16_55_7_5"
"33_40_5_1","16_55_7_3"
"33_40_5_2","16_55_7_4"
"35_39_5","17_55_7_2"
"37_38_5","18_55_7_2"
"39_37_5","19_55_7_1"
"51_31_5_0","25_55_7_2"
"51_31_5_1","0"
"53_30_5","26_55_7_2"
"65_24_5","32_55_7_2"
"67_23_5","33_55_7_1"
"73_20_5","36_55_7_1"
"83_15_5_0","41_55_7_1"
"83_15_5_1","41_55_7_1"
"85_14_5","42_55_7_1"
"113_0_5","56_55_7_1"
"9_52_6_0","0"
"9_52_6_1","0"
"9_52_6_2","4_55_8_1"
"13_50_6_0","0"
"13_50_6_1","6_55_8_2"
"13_50_6_2","6_55_8_2 + 6_55_8_3"
"17_48_6_0","8_55_8_3 + 8_55_8_4"
"17_48_6_1","8_55_8_4"
"17_48_6_2","8_55_8_2 + 8_55_8_4"
"21_46_6_0","10_55_8_1"
"21_46_6_1","10_55_8_1 + 10_55_8_2"
"21_46_6_2","10_55_8_2 + 10_55_8_4"
"25_44_6_0","12_55_8_1"
"25_44_6_1","12_55_8_2"
"25_44_6_2","12_55_8_1 + 12_55_8_3"
"29_42_6_0","14_55_8_1"
"29_42_6_1","14_55_8_2"
"33_40_6_0","16_55_8_0"
"33_40_6_1","16_55_8_0 + 16_55_8_1"
"33_40_6_2","16_55_8_0 + 16_55_8_2"
"37_38_6_0","0"
"37_38_6_1","18_55_8"
"41_36_6","20_55_8"
"49_32_6","24_55_8_0"
"53_30_6","26_55_8_1"
"61_26_6","30_55_8"
"81_16_6","40_55_8_0"
"85_14_6","42_55_8"
"113_0_6","56_55_8"
"9_52_7_0","4_55_9_1 + 4_55_9_2"
"9_52_7_1","4_55_9_3"
"9_52_7_2","4_55_9_1 + 4_55_9_3"
"17_48_7_0","8_55_9_0 + 8_55_9_4"
"17_48_7_1","8_55_9_0"
"17_48_7_2","8_55_9_0 + 8_55_9_3"
"19_47_7_0","0"
"19_47_7_1","9_55_9_2"
"21_46_7_0","10_55_9_1"
"21_46_7_1","10_55_9_1 + 10_55_9_3"
"21_46_7_2","10_55_9_1 + 10_55_9_2 + 10_55_9_3"
"29_42_7_0","14_55_9_1 + 14_55_9_2"
"29_42_7_1","14_55_9_2"
"35_39_7","17_55_9_0"
"37_38_7","18_55_9_1"
"43_35_7","21_55_9"
"49_32_7","24_55_9_1"
"53_30_7","26_55_9_1"
"55_29_7","27_55_9"
"61_26_7","30_55_9"
"81_16_7","40_55_9"
"113_0_7","56_55_9"
"9_52_8_0","0"
"9_52_8_1","0"
"9_52_8_2","4_55_10_2"
"13_50_8","6_55_10_2"
"17_48_8_0","8_55_10_2 + 8_55_10_3"
"17_48_8_1","8_55_10_2"
"17_48_8_2","8_55_10_2 + 8_55_10_4"
"19_47_8_0","9_55_10_1"
"19_47_8_1","9_55_10_2"
"19_47_8_2","0"
"21_46_8_0","10_55_10_0"
"21_46_8_1","10_55_10_1 + 10_55_10_2"
"21_46_8_2","10_55_10_0 + 10_55_10_2"
"29_42_8_0","0"
"29_42_8_1","14_55_10_0"
"33_40_8","16_55_10"
"37_38_8","18_55_10"
"45_34_8","22_55_10_1"
"49_32_8","24_55_10_1"
"51_31_8_0","25_55_10"
"51_31_8_1","25_55_10"
"53_30_8","26_55_10"
"57_28_8","28_55_10"
"61_26_8","30_55_10"
"69_22_8","34_55_10"
"113_0_8","56_55_10"
"9_52_9_0","4_55_11_2"
"9_52_9_1","4_55_11_1"
"17_48_9_0","8_55_11_0"
"17_48_9_1","0"
"21_46_9_0","10_55_11_1 + 10_55_11_2"
"21_46_9_1","10_55_11_2"
"29_42_9_0","14_55_11_1"
"29_42_9_1","14_55_11_2"
"35_39_9","17_55_11_1"
"45_34_9","22_55_11_2"
"49_32_9","24_55_11_1"
"53_30_9","26_55_11_1"
"57_28_9","28_55_11_1"
"67_23_9_0","33_55_11_1"
"67_23_9_1","0"
"69_22_9","34_55_11_1"
"113_0_9","56_55_11_1"
"5_54_10_0","0"
"5_54_10_1","2_55_12_0"
"9_52_10_0","0"
"9_52_10_1","4_55_12_1"
"13_50_10_0","6_55_12_1"
"13_50_10_1","6_55_12_3"
"13_50_10_2","6_55_12_1 + 6_55_12_2 + 6_55_12_3"
"21_46_10","10_55_12_1"
"25_44_10","12_55_12_1"
"33_40_10","16_55_12_1"
"45_34_10","22_55_12_1"
"53_30_10","26_55_12_1"
"65_24_10","32_55_12_1"
"69_22_10","34_55_12_1"
"113_0_10","56_55_12_1"
"9_52_11","4_55_13"
"13_50_11","6_55_13"
"21_46_11_0","10_55_13_0"
"21_46_11_1","10_55_13_1"
"33_40_11","16_55_13_1"
"39_37_11","19_55_13"
"45_34_11","22_55_13"
"65_24_11","32_55_13"
"113_0_11","56_55_13"
"13_50_12","6_55_14_1"
"17_48_12","8_55_14_1"
"21_46_12","10_55_14_1"
"29_42_12","14_55_14_2"
"33_40_12","16_55_14_2"
"35_39_12","17_55_14_1"
"41_36_12","20_55_14_1"
"45_34_12","22_55_14_1"
"53_30_12","26_55_14_1"
"113_0_12","56_55_14_1"
"5_54_13","2_55_15"
"9_52_13","4_55_15_0"
"13_50_13","6_55_15"
"17_48_13","8_55_15_0"
"19_47_13","9_55_15"
"29_42_13","14_55_15_1"
"33_40_13","16_55_15"
"41_36_13","20_55_15"
"51_31_13_0","25_55_15"
"51_31_13_1","0"
"53_30_13","26_55_15"
"113_0_13","56_55_15"
"9_52_14","4_55_16"
"17_48_14_0","8_55_16_0"
"17_48_14_1","8_55_16_1"
"21_46_14","10_55_16_1"
"29_42_14","14_55_16"
"49_32_14","24_55_16_0"
"53_30_14","26_55_16"
"113_0_14","56_55_16"
"17_48_15_0","8_55_17_2 + 8_55_17_3"
"17_48_15_1","8_55_17_3"
"21_46_15","10_55_17_2"
"23_45_15","11_55_17_1"
"29_42_15","14_55_17_1"
"49_32_15","24_55_17_1"
"113_0_15","56_55_17_1"
"5_54_16","2_55_18"
"9_52_16","4_55_18"
"13_50_16","6_55_18_1"
"17_48_16_0","8_55_18_1"
"17_48_16_1","8_55_18_2"
"19_47_16","9_55_18"
"21_46_16","10_55_18"
"25_44_16","12_55_18"
"29_42_16","14_55_18"
"37_38_16","18_55_18"
"113_0_16","56_55_18"
"9_52_17","4_55_19_1"
"13_50_17","6_55_19_1"
"17_48_17_0","8_55_19_0"
"17_48_17_1","8_55_19_1"
"21_46_17","10_55_19"
"25_44_17","12_55_19"
"35_39_17_0","17_55_19"
"35_39_17_1","0"
"37_38_17","18_55_19"
"113_0_17","56_55_19"
"9_52_18","4_55_20"
"13_50_18_0","0"
"13_50_18_1","6_55_20_0"
"17_48_18","8_55_20_1"
"21_46_18","10_55_20_1"
"33_40_18","16_55_20_1"
"37_38_18","18_55_20_1"
"113_0_18","56_55_20_1"
"5_54_19","2_55_21"
"13_50_19_0","6_55_21_2"
"13_50_19_1","6_55_21_1 + 6_55_21_2"
"33_40_19","16_55_21_1"
"113_0_19","56_55_21_1"
"9_52_20","4_55_22_1"
"13_50_20_0","6_55_22_1"
"13_50_20_1","6_55_22_2"
"21_46_20","10_55_22_1"
"113_0_20","56_55_22_1"
"9_52_21","4_55_23"
"13_50_21_0","0"
"13_50_21_1","6_55_23"
"19_47_21_0","9_55_23"
"19_47_21_1","0"
"21_46_21","10_55_23"
"113_0_21","56_55_23_1"
"5_54_22","2_55_24"
"17_48_22","8_55_24_0"
"21_46_22","10_55_24"
"113_0_22","56_55_24_1"
"17_48_23","8_55_25_1"
"113_0_23","56_55_25_2"
"113_0_24","56_55_26_1"
"113_0_25","56_55_27_1"
"113_0_26","56_55_28_1"
"113_0_27","56_55_29"
"113_0_28","56_55_30"
"113_0_29","56_55_31"
"113_0_30","56_55_32"
"113_0_31","56_55_33"
"113_0_32","56_55_34"
"113_0_33","56_55_35"
"113_0_34","56_55_36"
"113_0_35","56_55_37"
"113_0_36","56_55_38"
"113_0_37","56_55_39"
"113_0_38","56_55_40"
"113_0_39","56_55_41"
"113_0_40","56_55_42"
"113_0_41","56_55_43"
"113_0_42","56_55_44"
"113_0_43","56_55_45"
"53_31_1","26_56_3"
"85_15_1","42_56_3"
"101_7_1","50_56_3"
"109_3_1","54_56_3"
"113_1_1","56_56_3"
"39_38_2_0","19_56_4_0"
"39_38_2_1","19_56_4_0 + 19_56_4_1"
"51_32_2","25_56_4_1"
"53_31_2","26_56_4_1"
"55_30_2","27_56_4"
"83_16_2","41_56_4_1"
"85_15_2","42_56_4_1"
"99_8_2","49_56_4_1"
"101_7_2","50_56_4_1"
"103_6_2","51_56_4"
"109_3_2","54_56_4"
"17_49_3","8_56_5_1"
"25_45_3","12_56_5_2"
"29_43_3","14_56_5_3"
"33_41_3_0","16_56_5_3"
"33_41_3_1","16_56_5_4"
"37_39_3_0","18_56_5_0"
"37_39_3_1","18_56_5_2"
"49_33_3","24_56_5_1"
"53_31_3_0","26_56_5_0"
"53_31_3_1","26_56_5_1"
"81_17_3","40_56_5_0"
"85_15_3","42_56_5_1"
"97_9_3","48_56_5_0"
"99_8_3","49_56_5"
"101_7_3","50_56_5"
"17_49_4","8_56_6_2"
"19_48_4_0","0"
"19_48_4_1","9_56_6_2"
"25_45_4_0","12_56_6_2"
"25_45_4_1","12_56_6_2 + 12_56_6_5"
"27_44_4_0","13_56_6_4"
"27_44_4_1","0"
"33_41_4_0","16_56_6_5"
"33_41_4_1","16_56_6_4 + 16_56_6_5"
"35_40_4_0","17_56_6_0 + 17_56_6_2"
"35_40_4_1","17_56_6_0"
"35_40_4_2","17_56_6_0 + 17_56_6_2 + 17_56_6_3"
"39_38_4_0","19_56_6"
"39_38_4_1","19_56_6"
"49_33_4","24_56_6_1"
"51_32_4","25_56_6"
"53_31_4","26_56_6"
"75_20_4","37_56_6"
"81_17_4","40_56_6_1"
"85_15_4","42_56_6_1"
"87_14_4","43_56_6"
"97_9_4","48_56_6_0"
"101_7_4","50_56_6"
"9_53_5_0","0"
"9_53_5_1","4_56_7_1"
"13_51_5_0","6_56_7_4"
"13_51_5_1","0"
"13_51_5_2","6_56_7_4 + 6_56_7_5"
"13_51_5_3","6_56_7_3 + 6_56_7_4"
"17_49_5_0","8_56_7_5"
"17_49_5_1","8_56_7_1 + 8_56_7_4"
"17_49_5_2","8_56_7_4"
"19_48_5_0","9_56_7_1"
"19_48_5_1","0"
"21_47_5_0","10_56_7_3"
"21_47_5_1","10_56_7_2"
"25_45_5_0","12_56_7_1"
"25_45_5_1","12_56_7_3"
"25_45_5_2","12_56_7_3 + 12_56_7_5"
"25_45_5_3","12_56_7_4 + 12_56_7_5"
"29_43_5","14_56_7_2"
"33_41_5_0","16_56_7_0"
"33_41_5_1","16_56_7_1"
"41_37_5","20_56_7_1"
"49_33_5","24_56_7_0"
"53_31_5_0","26_56_7_0"
"53_31_5_1","26_56_7_0 + 26_56_7_1"
"69_23_5","34_56_7"
"81_17_5","40_56_7_1"
"85_15_5_0","42_56_7_0"
"85_15_5_1","42_56_7_0 + 42_56_7_1"
"93_11_5","46_56_7"
"97_9_5","48_56_7"
"9_53_6_0","4_56_8_4"
"9_53_6_1","4_56_8_2"
"9_53_6_2","4_56_8_2 + 4_56_8_3"
"13_51_6_0","6_56_8_1 + 6_56_8_3 + 6_56_8_4"
"13_51_6_1","6_56_8_1"
"13_51_6_2","6_56_8_1 + 6_56_8_4"
"17_49_6_0","8_56_8_0"
"17_49_6_1","8_56_8_0 + 8_56_8_2"
"21_47_6_0","10_56_8_0"
"21_47_6_1","0"
"23_46_6_0","0"
"23_46_6_1","0"
"23_46_6_2","11_56_8_0"
"23_46_6_3","0"
"25_45_6_0","12_56_8_1"
"25_45_6_1","12_56_8_2"
"27_44_6_0","0"
"27_44_6_1","13_56_8_1"
"35_40_6_0","0"
"35_40_6_1","17_56_8_1"
"39_38_6_0","0"
"39_38_6_1","19_56_8"
"41_37_6","20_56_8_0"
"43_36_6","21_56_8"
"51_32_6","25_56_8"
"53_31_6","26_56_8"
"81_17_6","40_56_8_1"
"83_16_6","41_56_8"
"85_15_6","42_56_8"
"93_11_6","46_56_8"
"9_53_7_0","0"
"9_53_7_1","4_56_9_0 + 4_56_9_1"
"9_53_7_2","4_56_9_0"
"9_53_7_3","4_56_9_2"
"11_52_7_0","0"
"11_52_7_1","0"
"11_52_7_2","5_56_9_0"
"13_51_7_0","0"
"13_51_7_1","6_56_9_2"
"17_49_7_0","8_56_9_4"
"17_49_7_1","8_56_9_3"
"19_48_7_0","9_56_9_2"
"19_48_7_1","0"
"21_47_7_0","0"
"21_47_7_1","10_56_9_0"
"25_45_7_0","0"
"25_45_7_1","12_56_9_2"
"25_45_7_2","12_56_9_1"
"29_43_7","14_56_9_1"
"33_41_7_0","16_56_9_1"
"33_41_7_1","16_56_9_1 + 16_56_9_2"
"41_37_7_0","0"
"41_37_7_1","20_56_9_1"
"45_35_7","22_56_9_2"
"49_33_7","24_56_9_1"
"53_31_7","26_56_9_1"
"57_29_7","28_56_9_1"
"69_23_7","34_56_9_2"
"81_17_7","40_56_9_1"
"83_16_7","41_56_9_1"
"85_15_7","42_56_9_1"
"5_55_8_0","0"
"5_55_8_1","2_56_10"
"9_53_8_0","0"
"9_53_8_1","4_56_10_0"
"9_53_8_2","4_56_10_2"
"9_53_8_3","4_56_10_0 + 4_56_10_2 + 4_56_10_3"
"13_51_8_0","6_56_10_1"
"13_51_8_1","0"
"17_49_8","8_56_10_2"
"19_48_8_0","0"
"19_48_8_1","9_56_10_0"
"21_47_8_0","0"
"21_47_8_1","0"
"21_47_8_2","10_56_10_2"
"25_45_8","12_56_10_2"
"29_43_8","14_56_10_3"
"35_40_8","17_56_10_2"
"41_37_8_0","20_56_10_2"
"41_37_8_1","20_56_10_3"
"45_35_8","22_56_10_2"
"53_31_8_0","26_56_10_2"
"53_31_8_1","26_56_10_2 + 26_56_10_3"
"57_29_8","28_56_10_2"
"65_25_8","32_56_10_3"
"69_23_8","34_56_10_3"
"71_22_8","35_56_10_2"
"81_17_8","40_56_10_2"
"85_15_8","42_56_10_2"
"5_55_9_0","0"
"5_55_9_1","0"
"5_55_9_2","2_56_11_0"
"9_53_9_0","4_56_11_1"
"9_53_9_1","4_56_11_2 + 4_56_11_4"
"9_53_9_2","4_56_11_2"
"9_53_9_3","4_56_11_3 + 4_56_11_4"
"13_51_9_0","0"
"13_51_9_1","6_56_11_2"
"17_49_9_0","8_56_11_0"
"17_49_9_1","8_56_11_0 + 8_56_11_2"
"25_45_9_0","12_56_11_1"
"25_45_9_1","12_56_11_1 + 12_56_11_2"
"37_39_9","18_56_11_1"
"41_37_9","20_56_11_1"
"53_31_9_0","26_56_11_1"
"53_31_9_1","26_56_11_2"
"65_25_9","32_56_11_2"
"69_23_9_0","34_56_11_1"
"69_23_9_1","34_56_11_2"
"77_19_9","38_56_11_1"
"81_17_9","40_56_11_1"
"5_55_10_0","0"
"5_55_10_1","2_56_12_0"
"5_55_10_2","2_56_12_1"
"11_52_10_0","0"
"11_52_10_1","5_56_12_1"
"17_49_10","8_56_12_1"
"21_47_10","10_56_12_1"
"25_45_10","12_56_12_1"
"33_41_10","16_56_12_2"
"35_40_10","17_56_12_1"
"53_31_10_0","0"
"53_31_10_1","26_56_12_1"
"65_25_10","32_56_12_2"
"67_24_10","33_56_12_1"
"69_23_10","34_56_12_1"
"77_19_10","38_56_12_1"
"13_51_11","6_56_13_2"
"17_49_11_0","8_56_13_2"
"17_49_11_1","8_56_13_3"
"25_45_11","12_56_13_2"
"29_43_11","14_56_13_3"
"33_41_11","16_56_13_2"
"41_37_11","20_56_13_2"
"53_31_11","26_56_13_3"
"65_25_11","32_56_13_2"
"67_24_11","33_56_13_2"
"69_23_11","34_56_13_2"
"5_55_12_0","0"
"5_55_12_1","2_56_14"
"9_53_12","4_56_14_0"
"13_51_12","6_56_14"
"17_49_12","8_56_14"
"25_45_12","12_56_14"
"29_43_12","14_56_14"
"37_39_12","18_56_14"
"41_37_12","20_56_14"
"49_33_12","24_56_14_1"
"53_31_12","26_56_14_1"
"55_30_12","27_56_14"
"65_25_12","32_56_14_0"
"69_23_12","34_56_14"
"9_53_13","4_56_15"
"17_49_13","8_56_15_0"
"21_47_13","10_56_15"
"37_39_13","18_56_15"
"49_33_13","24_56_15_1"
"53_31_13_0","26_56_15_0"
"53_31_13_1","26_56_15_1"
"61_27_13","30_56_15"
"65_25_13","32_56_15"
"17_49_14_0","8_56_16_2"
"17_49_14_1","8_56_16_2 + 8_56_16_3"
"19_48_14_0","9_56_16_1"
"19_48_14_1","0"
"49_33_14","24_56_16_2"
"51_32_14","25_56_16_1"
"53_31_14","26_56_16_1"
"61_27_14","30_56_16_1"
"5_55_15","2_56_17"
"9_53_15","4_56_17_0"
"13_51_15_0","6_56_17_1"
"13_51_15_1","6_56_17_2"
"17_49_15","8_56_17"
"25_45_15","12_56_17"
"37_39_15","18_56_17_1"
"49_33_15","24_56_17_0"
"51_32_15","25_56_17"
"53_31_15","26_56_17"
"9_53_16_0","4_56_18_1"
"9_53_16_1","4_56_18_1 + 4_56_18_2"
"13_51_16_0","6_56_18_2"
"13_51_16_1","6_56_18_1 + 6_56_18_2"
"21_47_16_0","10_56_18_1"
"21_47_16_1","10_56_18_1 + 10_56_18_2"
"25_45_16","12_56_18_1"
"33_41_16","16_56_18_2"
"37_39_16","18_56_18_2"
"39_38_16","19_56_18_1"
"49_33_16","24_56_18_1"
"53_31_16","26_56_18_1"
"9_53_17","4_56_19"
"13_51_17_0","0"
"13_51_17_1","6_56_19"
"21_47_17_0","10_56_19_1"
"21_47_17_1","10_56_19_1 + 10_56_19_2"
"33_41_17","16_56_19_2"
"37_39_17_0","18_56_19_1"
"37_39_17_1","18_56_19_1 + 18_56_19_2"
"45_35_17","22_56_19_1"
"49_33_17","24_56_19_1"
"5_55_18","2_56_20"
"21_47_18_0","0"
"21_47_18_1","10_56_20_1"
"33_41_18","16_56_20_2"
"35_40_18","17_56_20_1"
"37_39_18","18_56_20_1"
"45_35_18","22_56_20_1"
"9_53_19","4_56_21_1"
"13_51_19","6_56_21_1"
"17_49_19","8_56_21_1"
"21_47_19","10_56_21_2"
"33_41_19","16_56_21_1"
"35_40_19","17_56_21_1"
"37_39_19","18_56_21_1"
"9_53_20","4_56_22"
"13_51_20","6_56_22"
"17_49_20","8_56_22_1"
"21_47_20","10_56_22_1"
"23_46_20","11_56_22"
"33_41_20","16_56_22_0"
"37_39_20","18_56_22"
"5_55_21","2_56_23"
"9_53_21_0","0"
"9_53_21_1","4_56_23"
"17_49_21","8_56_23_1"
"21_47_21_0","10_56_23_0"
"21_47_21_1","10_56_23_1"
"29_43_21","14_56_23"
"33_41_21","16_56_23"
"9_53_22","4_56_24_1"
"17_49_22","8_56_24_1"
"19_48_22","9_56_24"
"21_47_22","10_56_24"
"29_43_22","14_56_24"
"9_53_23","4_56_25"
"19_48_23","9_56_25"
"21_47_23","10_56_25"
"17_49_24","8_56_26_1"
"21_47_24","10_56_26_1"
"13_51_25","6_56_27_1"
"17_49_25","8_56_27_1"
"13_51_26","6_56_28"
"55_31_1","27_57_3"
"87_15_1","43_57_3"
"103_7_1","51_57_3"
"115_1_1","57_57_3"
"117_0_1","58_57_3"
"41_38_2","20_57_4"
"49_34_2","24_57_4_1"
"53_32_2","26_57_4"
"57_30_2","28_57_4"
"81_18_2","40_57_4_2"
"85_16_2","42_57_4_0"
"89_14_2","44_57_4_1"
"101_8_2","50_57_4"
"113_2_2","56_57_4"
"117_0_2","58_57_4"
"19_49_3","9_57_5_0"
"27_45_3","13_57_5_0"
"35_41_3_0","17_57_5_0"
"35_41_3_1","17_57_5_1"
"41_38_3","20_57_5_1"
"49_34_3","24_57_5_1"
"51_33_3","25_57_5"
"57_30_3","28_57_5"
"81_18_3","40_57_5_2"
"83_17_3","41_57_5_0"
"89_14_3","44_57_5_1"
"99_9_3","49_57_5"
"117_0_3","58_57_5"
"13_52_4","6_57_6_0"
"17_50_4_0","8_57_6_0"
"17_50_4_1","8_57_6_2"
"17_50_4_2","8_57_6_2 + 8_57_6_3"
"21_48_4_0","10_57_6_0"
"21_48_4_1","10_57_6_1"
"27_45_4_0","0"
"27_45_4_1","13_57_6"
"29_44_4_0","14_57_6_1"
"29_44_4_1","14_57_6_0"
"37_40_4_0","18_57_6_0"
"37_40_4_1","0"
"41_38_4_0","20_57_6_1"
"41_38_4_1","20_57_6_1 + 20_57_6_2"
"49_34_4","24_57_6_0"
"53_32_4","26_57_6"
"57_30_4","28_57_6"
"77_20_4","38_57_6_2"
"81_18_4_0","40_57_6_2"
"81_18_4_1","40_57_6_0"
"83_17_4","41_57_6"
"89_14_4","44_57_6"
"117_0_4","58_57_6"
"9_54_5","4_57_7_0"
"11_53_5_0","0"
"11_53_5_1","5_57_7_0"
"13_52_5_0","6_57_7_0"
"13_52_5_1","6_57_7_1 + 6_57_7_2"
"13_52_5_2","6_57_7_2"
"19_49_5_0","9_57_7_0"
"19_49_5_1","0"
"21_48_5_0","10_57_7_1 + 10_57_7_2"
"21_48_5_1","10_57_7_1"
"25_46_5_0","12_57_7_1"
"25_46_5_1","12_57_7_2"
"27_45_5_0","13_57_7_0"
"27_45_5_1","13_57_7_0 + 13_57_7_1 + 13_57_7_2"
"27_45_5_2","0"
"27_45_5_3","13_57_7_1"
"29_44_5","14_57_7"
"37_40_5_0","18_57_7_1"
"37_40_5_1","0"
"41_38_5","20_57_7_0"
"43_37_5","21_57_7"
"55_31_5_0","27_57_7"
"55_31_5_1","0"
"71_23_5","35_57_7_1"
"77_20_5","38_57_7_2"
"81_18_5","40_57_7_1"
"89_14_5","44_57_7_1"
"99_9_5","49_57_7_1"
"117_0_5","58_57_7_1"
"5_56_6_0","0"
"5_56_6_1","2_57_8"
"9_54_6_0","4_57_8_0"
"9_54_6_1","4_57_8_0 + 4_57_8_1"
"9_54_6_2","0"
"11_53_6_0","0"
"11_53_6_1","0"
"11_53_6_2","5_57_8_0"
"13_52_6_0","0"
"13_52_6_1","6_57_8_1 + 6_57_8_2"
"13_52_6_2","6_57_8_1"
"17_50_6_0","8_57_8_0"
"17_50_6_1","8_57_8_0 + 8_57_8_2"
"21_48_6_0","10_57_8_2"
"21_48_6_1","0"
"25_46_6_0","12_57_8_1 + 12_57_8_2"
"25_46_6_1","12_57_8_1"
"25_46_6_2","12_57_8_1 + 12_57_8_2 + 12_57_8_3"
"25_46_6_3","12_57_8_1 + 12_57_8_2 + 12_57_8_3 + 12_57_8_4"
"29_44_6","14_57_8_1"
"33_42_6_0","16_57_8_3"
"33_42_6_1","16_57_8_2"
"37_40_6_0","0"
"37_40_6_1","18_57_8_1"
"41_38_6_0","0"
"41_38_6_1","20_57_8_2"
"49_34_6","24_57_8_2"
"57_30_6","28_57_8_3"
"65_26_6","32_57_8_2"
"77_20_6","38_57_8_2"
"97_10_6","48_57_8_2"
"117_0_6","58_57_8_2"
"5_56_7_0","2_57_9_0"
"5_56_7_1","2_57_9_1"
"5_56_7_2","2_57_9_0 + 2_57_9_1"
"9_54_7_0","4_57_9_0"
"9_54_7_1","4_57_9_0 + 4_57_9_1"
"13_52_7_0","6_57_9_0 + 6_57_9_3"
"13_52_7_1","6_57_9_2 + 6_57_9_3"
"13_52_7_2","6_57_9_3"
"17_50_7","8_57_9_3"
"19_49_7_0","0"
"19_49_7_1","9_57_9_2"
"21_48_7_0","10_57_9_2"
"21_48_7_1","10_57_9_1"
"25_46_7_0","12_57_9_1"
"25_46_7_1","12_57_9_3"
"25_46_7_2","12_57_9_4"
"33_42_7_0","16_57_9_4"
"33_42_7_1","16_57_9_3 + 16_57_9_4"
"35_41_7","17_57_9_1"
"41_38_7","20_57_9_2"
"53_32_7","26_57_9_3"
"57_30_7","28_57_9_3"
"59_29_7","29_57_9_2"
"65_26_7","32_57_9_3"
"71_23_7","35_57_9_2"
"117_0_7","58_57_9_2"
"5_56_8_0","0"
"5_56_8_1","2_57_10"
"5_56_8_2","0"
"9_54_8_0","4_57_10_0"
"9_54_8_1","4_57_10_2 + 4_57_10_3 + 4_57_10_4"
"9_54_8_2","4_57_10_2 + 4_57_10_3"
"9_54_8_3","4_57_10_2 + 4_57_10_4"
"11_53_8_0","0"
"11_53_8_1","0"
"11_53_8_2","5_57_10_1"
"11_53_8_3","0"
"13_52_8_0","0"
"13_52_8_1","6_57_10_2"
"13_52_8_2","6_57_10_1 + 6_57_10_2"
"17_50_8_0","8_57_10_1"
"17_50_8_1","8_57_10_3"
"21_48_8","10_57_10_2"
"25_46_8_0","12_57_10_1"
"25_46_8_1","12_57_10_3"
"33_42_8_0","16_57_10_1"
"33_42_8_1","16_57_10_1 + 16_57_10_2"
"37_40_8","18_57_10_1"
"41_38_8","20_57_10_1"
"49_34_8","24_57_10_2"
"53_32_8","26_57_10_2"
"55_31_8_0","27_57_10_1"
"55_31_8_1","27_57_10_1"
"57_30_8","28_57_10_1"
"61_28_8","30_57_10_2"
"65_26_8","32_57_10_2"
"67_25_8","33_57_10_1"
"73_22_8","36_57_10_1"
"117_0_8","58_57_10_1"
"5_56_9_0","2_57_11_1"
"5_56_9_1","2_57_11_0"
"5_56_9_2","2_57_11_1"
"9_54_9_0","4_57_11_0"
"9_54_9_1","4_57_11_0 + 4_57_11_1"
"9_54_9_2","4_57_11_1 + 4_57_11_2"
"11_53_9_0","5_57_11_0"
"11_53_9_1","0"
"11_53_9_2","5_57_11_0 + 5_57_11_1"
"13_52_9_0","6_57_11_1"
"13_52_9_1","0"
"17_50_9","8_57_11_1"
"25_46_9","12_57_11_2"
"27_45_9_0","13_57_11_1"
"27_45_9_1","0"
"29_44_9","14_57_11_1"
"33_42_9","16_57_11_1"
"49_34_9","24_57_11_2"
"53_32_9","26_57_11_1"
"57_30_9","28_57_11_2"
"61_28_9","30_57_11_2"
"65_26_9","32_57_11_1"
"73_22_9","36_57_11_1"
"83_17_9","41_57_11_1"
"117_0_9","58_57_11_1"
"5_56_10_0","2_57_12_0 + 2_57_12_1"
"5_56_10_1","2_57_12_1"
"9_54_10_0","4_57_12_0"
"9_54_10_1","0"
"13_52_10_0","6_57_12_0"
"13_52_10_1","0"
"17_50_10_0","8_57_12_1"
"17_50_10_1","8_57_12_2"
"25_46_10_0","12_57_12_1"
"25_46_10_1","12_57_12_2"
"29_44_10_0","14_57_12_1"
"29_44_10_1","14_57_12_2"
"49_34_10","24_57_12_1"
"57_30_10","28_57_12_2"
"61_28_10","30_57_12_1"
"81_18_10","40_57_12_1"
"117_0_10","58_57_12_1"
"5_56_11_0","0"
"5_56_11_1","2_57_13"
"9_54_11_0","4_57_13_0"
"9_54_11_1","4_57_13_1"
"13_52_11_0","6_57_13_0"
"13_52_11_1","6_57_13_1"
"21_48_11","10_57_13_0"
"25_46_11_0","12_57_13_0"
"25_46_11_1","12_57_13_1"
"37_40_11","18_57_13_1"
"43_37_11","21_57_13"
"49_34_11","24_57_13_1"
"57_30_11","28_57_13"
"117_0_11","58_57_13"
"5_56_12_0","2_57_14_0"
"5_56_12_1","0"
"9_54_12","4_57_14"
"13_52_12","6_57_14"
"21_48_12_0","10_57_14_0"
"21_48_12_1","10_57_14_1"
"25_46_12","12_57_14"
"33_42_12","16_57_14_1"
"37_40_12","18_57_14_1"
"39_39_12","19_57_14"
"45_36_12","22_57_14_1"
"49_34_12","24_57_14_1"
"51_33_12","25_57_14"
"57_30_12","28_57_14"
"117_0_12","58_57_14"
"17_50_13","8_57_15_1"
"21_48_13","10_57_15_1"
"33_42_13","16_57_15_2"
"37_40_13","18_57_15_1"
"45_36_13","22_57_15_2"
"49_34_13","24_57_15_1"
"57_30_13","28_57_15_1"
"67_25_13","33_57_15_1"
"117_0_13","58_57_15_1"
"5_56_14","2_57_16"
"9_54_14_0","4_57_16_0 + 4_57_16_1"
"9_54_14_1","4_57_16_1"
"13_52_14_0","6_57_16_0"
"13_52_14_1","6_57_16_1"
"25_46_14","12_57_16_1"
"33_42_14","16_57_16_0"
"45_36_14","22_57_16"
"65_26_14","32_57_16"
"117_0_14","58_57_16"
"9_54_15_0","4_57_17_0"
"9_54_15_1","4_57_17_1"
"13_52_15","6_57_17"
"21_48_15","10_57_17_1"
"25_46_15","12_57_17_1"
"27_45_15","13_57_17"
"33_42_15","16_57_17_1"
"39_39_15","19_57_17"
"117_0_15","58_57_17"
"9_54_16","4_57_18_1"
"13_52_16","6_57_18_1"
"17_50_16","8_57_18_2"
"21_48_16","10_57_18_2"
"23_47_16_0","11_57_18_1"
"23_47_16_1","0"
"25_46_16","12_57_18_1"
"29_44_16","14_57_18_2"
"33_42_16","16_57_18_2"
"35_41_16","17_57_18_1"
"41_38_16","20_57_18_1"
"117_0_16","58_57_18_1"
"5_56_17","2_57_19_0"
"9_54_17_0","0"
"9_54_17_1","4_57_19_1"
"17_50_17","8_57_19_2"
"21_48_17","10_57_19_1"
"25_46_17","12_57_19_2"
"29_44_17","14_57_19_2"
"33_42_17","16_57_19_1"
"41_38_17","20_57_19_1"
"51_33_17","25_57_19_1"
"117_0_17","58_57_19_1"
"9_54_18","4_57_20_1"
"17_50_18_0","8_57_20_0"
"17_50_18_1","8_57_20_0 + 8_57_20_1"
"25_46_18","12_57_20_1"
"29_44_18","14_57_20"
"49_34_18","24_57_20"
"117_0_18","58_57_20"
"9_54_19","4_57_21"
"17_50_19_0","8_57_21_1"
"17_50_19_1","8_57_21_2"
"25_46_19","12_57_21"
"117_0_19","58_57_21"
"5_56_20","2_57_22"
"9_54_20","4_57_22"
"13_52_20","6_57_22_1"
"17_50_20_0","8_57_22_1"
"17_50_20_1","8_57_22_2"
"19_49_20","9_57_22"
"25_46_20","12_57_22"
"117_0_20","58_57_22"
"9_54_21","4_57_23_1"
"13_52_21_0","6_57_23_2"
"13_52_21_1","6_57_23_1 + 6_57_23_2"
"17_50_21","8_57_23"
"25_46_21","12_57_23"
"35_41_21","17_57_23"
"117_0_21","58_57_23"
"9_54_22_0","4_57_24_0"
"9_54_22_1","4_57_24_0 + 4_57_24_1"
"13_52_22_0","0"
"13_52_22_1","6_57_24"
"33_42_22","16_57_24_1"
"117_0_22","58_57_24_1"
"5_56_23","2_57_25"
"117_0_23","58_57_25_1"
"9_54_24","4_57_26_1"
"117_0_24","58_57_26_1"
"9_54_25","4_57_27_1"
"19_49_25","9_57_27_1"
"117_0_25","58_57_27_1"
"17_50_26","8_57_28_1"
"117_0_26","58_57_28_1"
"117_0_27","58_57_29_1"
"117_0_28","58_57_30"
"117_0_29","58_57_31"
"117_0_30","58_57_32"
"117_0_31","58_57_33"
"117_0_32","58_57_34"
"117_0_33","58_57_35"
"117_0_34","58_57_36"
"117_0_35","58_57_37"
"117_0_36","58_57_38"
"117_0_37","58_57_39"
"117_0_38","58_57_40"
"117_0_39","58_57_41"
"117_0_40","58_57_42"
"117_0_41","58_57_43"
"57_31_1","28_58_3"
"89_15_1","44_58_3"
"105_7_1","52_58_3"
"113_3_1","56_58_3_1"
"117_1_1","58_58_3"
"43_38_2","21_58_4"
"51_34_2","25_58_4"
"57_31_2","28_58_4_0"
"59_30_2","29_58_4"
"83_18_2","41_58_4_0"
"89_15_2","44_58_4_1"
"91_14_2","45_58_4"
"105_7_2","52_58_4_1"
"113_3_2","56_58_4_1"
"115_2_2","57_58_4"
"21_49_3","10_58_5"
"29_45_3","14_58_5"
"37_41_3","18_58_5"
"41_39_3","20_58_5_0"
"45_37_3","22_58_5"
"57_31_3_0","28_58_5_0"
"57_31_3_1","28_58_5_1"
"77_21_3","38_58_5_0"
"81_19_3","40_58_5"
"89_15_3","44_58_5"
"105_7_3","52_58_5_1"
"113_3_3","56_58_5"
"11_54_4","5_58_6"
"19_50_4","9_58_6_0"
"21_49_4","10_58_6_2"
"23_48_4_0","0"
"23_48_4_1","11_58_6_0"
"27_46_4","13_58_6_1"
"29_45_4_0","14_58_6_0"
"29_45_4_1","14_58_6_2"
"37_41_4","18_58_6_1"
"39_40_4_0","19_58_6_0"
"39_40_4_1","0"
"41_39_4","20_58_6_0"
"43_38_4_0","21_58_6"
"43_38_4_1","21_58_6"
"53_33_4","26_58_6_1"
"55_32_4","27_58_6"
"57_31_4","28_58_6"
"73_23_4","36_58_6_1"
"83_18_4_0","41_58_6_1"
"83_18_4_1","0"
"85_17_4","42_58_6_1"
"89_15_4","44_58_6_1"
"91_14_4","45_58_6_1"
"105_7_4","52_58_6_1"
"9_55_5_0","4_58_7_0"
"9_55_5_1","4_58_7_0"
"11_54_5","5_58_7_0"
"13_53_5_0","0"
"13_53_5_1","6_58_7_1 + 6_58_7_2"
"13_53_5_2","6_58_7_2"
"17_51_5_0","8_58_7_0 + 8_58_7_2"
"17_51_5_1","8_58_7_0"
"21_49_5_0","10_58_7_1"
"21_49_5_1","0"
"23_48_5_0","11_58_7_0"
"23_48_5_1","0"
"25_47_5_0","12_58_7_0 + 12_58_7_1"
"25_47_5_1","12_58_7_0"
"27_46_5","13_58_7"
"29_45_5_0","0"
"29_45_5_1","14_58_7_0"
"29_45_5_2","14_58_7_0 + 14_58_7_1"
"41_39_5","20_58_7"
"45_37_5","22_58_7_1"
"49_35_5","24_58_7_0"
"57_31_5_0","28_58_7_0"
"57_31_5_1","28_58_7_0 + 28_58_7_2"
"73_23_5","36_58_7_1"
"85_17_5","42_58_7_1"
"89_15_5_0","44_58_7_1"
"89_15_5_1","44_58_7_1 + 44_58_7_2"
"97_11_5","48_58_7_2"
"101_9_5","50_58_7_1"
"5_57_6_0","2_58_8"
"5_57_6_1","2_58_8"
"9_55_6_0","0"
"9_55_6_1","4_58_8_1"
"11_54_6_0","5_58_8_1"
"11_54_6_1","0"
"11_54_6_2","5_58_8_1 + 5_58_8_2"
"13_53_6_0","6_58_8_1 + 6_58_8_2"
"13_53_6_1","6_58_8_0 + 6_58_8_1"
"13_53_6_2","6_58_8_0 + 6_58_8_1 + 6_58_8_2"
"17_51_6","8_58_8_1"
"19_50_6_0","9_58_8_0"
"19_50_6_1","9_58_8_1"
"25_47_6_0","0"
"25_47_6_1","12_58_8_0"
"25_47_6_2","12_58_8_1"
"27_46_6_0","13_58_8_0 + 13_58_8_1"
"27_46_6_1","13_58_8_0"
"27_46_6_2","13_58_8_0"
"29_45_6_0","14_58_8_1"
"29_45_6_1","14_58_8_0 + 14_58_8_1"
"43_38_6_0","0"
"43_38_6_1","21_58_8"
"45_37_6","22_58_8_0"
"51_34_6","25_58_8_0"
"57_31_6","28_58_8_2"
"59_30_6","29_58_8_0"
"85_17_6","42_58_8_1"
"89_15_6","44_58_8_2"
"97_11_6","48_58_8_2"
"99_10_6","49_58_8_1"
"5_57_7_0","2_58_9_0 + 2_58_9_1"
"5_57_7_1","2_58_9_0"
"9_55_7_0","4_58_9_0"
"9_55_7_1","4_58_9_1"
"9_55_7_2","4_58_9_0 + 4_58_9_2"
"9_55_7_3","4_58_9_0 + 4_58_9_1 + 4_58_9_3 + 4_58_9_4"
"9_55_7_4","4_58_9_0 + 4_58_9_3"
"13_53_7_0","0"
"13_53_7_1","6_58_9_0"
"13_53_7_2","0"
"13_53_7_3","6_58_9_1"
"17_51_7_0","0"
"17_51_7_1","8_58_9_0"
"17_51_7_2","8_58_9_0 + 8_58_9_2"
"19_50_7","9_58_9_1"
"23_48_7_0","11_58_9_1"
"23_48_7_1","0"
"25_47_7_0","12_58_9_0"
"25_47_7_1","12_58_9_1"
"27_46_7_0","13_58_9_0"
"27_46_7_1","0"
"29_45_7","14_58_9"
"45_37_7_0","0"
"45_37_7_1","22_58_9_0"
"49_35_7","24_58_9_1"
"55_32_7","27_58_9"
"57_31_7","28_58_9"
"61_29_7","30_58_9"
"73_23_7","36_58_9"
"89_15_7","44_58_9_1"
"97_11_7","48_58_9"
"5_57_8_0","2_58_10"
"5_57_8_1","0"
"9_55_8_0","0"
"9_55_8_1","4_58_10_1"
"9_55_8_2","4_58_10_2"
"9_55_8_3","4_58_10_2 + 4_58_10_3"
"11_54_8","5_58_10_1"
"13_53_8_0","0"
"13_53_8_1","0"
"13_53_8_2","6_58_10_1"
"17_51_8_0","8_58_10_0"
"17_51_8_1","8_58_10_1"
"19_50_8","9_58_10_0"
"21_49_8","10_58_10_1"
"25_47_8_0","12_58_10_1"
"25_47_8_1","12_58_10_1 + 12_58_10_2"
"27_46_8_0","13_58_10"
"27_46_8_1","0"
"29_45_8","14_58_10"
"45_37_8_0","22_58_10_0"
"45_37_8_1","22_58_10_0 + 22_58_10_2"
"49_35_8","24_58_10_1"
"51_34_8","25_58_10"
"57_31_8_0","28_58_10_0 + 28_58_10_1"
"57_31_8_1","28_58_10_1"
"61_29_8","30_58_10"
"69_25_8","34_58_10"
"73_23_8","36_58_10_0"
"75_22_8","37_58_10"
"89_15_8","44_58_10"
"5_57_9_0","2_58_11_0 + 2_58_11_1"
"5_57_9_1","2_58_11_0"
"9_55_9_0","0"
"9_55_9_1","4_58_11_0"
"9_55_9_2","4_58_11_0 + 4_58_11_1"
"11_54_9","5_58_11_0"
"13_53_9_0","0"
"13_53_9_1","6_58_11_1"
"13_53_9_2","0"
"17_51_9_0","8_58_11_0"
"17_51_9_1","8_58_11_1"
"21_49_9","10_58_11"
"29_45_9_0","14_58_11_0"
"29_45_9_1","14_58_11_1"
"41_39_9","20_58_11_1"
"45_37_9","22_58_11_1"
"49_35_9","24_58_11"
"57_31_9_0","28_58_11_0"
"57_31_9_1","28_58_11_1"
"69_25_9","34_58_11"
"73_23_9_0","36_58_11_0"
"73_23_9_1","36_58_11_1"
"81_19_9","40_58_11_1"
"85_17_9","42_58_11"
"5_57_10_0","0"
"5_57_10_1","2_58_12"
"9_55_10_0","4_58_12_0"
"9_55_10_1","4_58_12_1"
"9_55_10_2","4_58_12_1"
"13_53_10_0","0"
"13_53_10_1","6_58_12_1"
"19_50_10","9_58_12"
"21_49_10","10_58_12_0"
"25_47_10","12_58_12"
"29_45_10","14_58_12"
"37_41_10","18_58_12_1"
"45_37_10","22_58_12"
"57_31_10_0","0"
"57_31_10_1","28_58_12"
"69_25_10","34_58_12"
"73_23_10","36_58_12_1"
"81_19_10","40_58_12_1"
"83_18_10","41_58_12"
"5_57_11_0","2_58_13"
"5_57_11_1","2_58_13"
"5_57_11_2","2_58_13"
"9_55_11","4_58_13_0"
"11_54_11","5_58_13"
"21_49_11_0","10_58_13_0"
"21_49_11_1","10_58_13_0 + 10_58_13_1"
"25_47_11","12_58_13"
"29_45_11","14_58_13_0"
"33_43_11","16_58_13_1"
"39_40_11","19_58_13"
"45_37_11","22_58_13"
"57_31_11","28_58_13"
"73_23_11","36_58_13_1"
"81_19_11","40_58_13"
"5_57_12_0","2_58_14"
"5_57_12_1","2_58_14"
"9_55_12","4_58_14_0"
"17_51_12","8_58_14_1"
"21_49_12","10_58_14_1"
"25_47_12","12_58_14_1"
"29_45_12","14_58_14_1"
"33_43_12","16_58_14_2"
"35_42_12","17_58_14_1"
"41_39_12","20_58_14_1"
"45_37_12","22_58_14_1"
"53_33_12","26_58_14_1"
"57_31_12","28_58_14_1"
"59_30_12","29_58_14_1"
"73_23_12","36_58_14_1"
"5_57_13","2_58_15"
"9_55_13","4_58_15_0"
"13_53_13_0","6_58_15_0"
"13_53_13_1","6_58_15_1"
"17_51_13","8_58_15"
"25_47_13_0","12_58_15_1"
"25_47_13_1","12_58_15_1 + 12_58_15_2"
"33_43_13","16_58_15"
"41_39_13","20_58_15"
"53_33_13","26_58_15"
"57_31_13_0","28_58_15_0"
"57_31_13_1","28_58_15_1"
"65_27_13","32_58_15_1"
"69_25_13","34_58_15"
"9_55_14","4_58_16"
"13_53_14","6_58_16"
"17_51_14","8_58_16_0"
"21_49_14","10_58_16_1"
"25_47_14","12_58_16_1"
"27_46_14","13_58_16"
"53_33_14","26_58_16"
"57_31_14","28_58_16_1"
"65_27_14","32_58_16_1"
"67_26_14","33_58_16"
"9_55_15","4_58_17_1"
"13_53_15","6_58_17_1"
"17_51_15_0","8_58_17_3"
"17_51_15_1","8_58_17_2 + 8_58_17_3"
"23_48_15_0","11_58_17_1"
"23_48_15_1","0"
"25_47_15","12_58_17_1"
"29_45_15","14_58_17_1"
"41_39_15","20_58_17_1"
"57_31_15","28_58_17_2"
"65_27_15","32_58_17_1"
"5_57_16","2_58_18"
"9_55_16","4_58_18_0"
"13_53_16_0","6_58_18_0"
"13_53_16_1","6_58_18_2"
"17_51_16","8_58_18_1"
"19_50_16_0","9_58_18"
"19_50_16_1","0"
"25_47_16_0","12_58_18_0"
"25_47_16_1","12_58_18_1"
"29_45_16","14_58_18"
"37_41_16","18_58_18"
"41_39_16","20_58_18_0"
"43_38_16","21_58_18"
"57_31_16","28_58_18"
"9_55_17_0","4_58_19_1"
"9_55_17_1","4_58_19_2"
"13_53_17","6_58_19_1"
"17_51_17","8_58_19"
"25_47_17_0","12_58_19_0"
"25_47_17_1","12_58_19_0 + 12_58_19_1"
"37_41_17","18_58_19"
"41_39_17_0","20_58_19_0"
"41_39_17_1","20_58_19_0 + 20_58_19_1"
"49_35_17","24_58_19_1"
"53_33_17","26_58_19"
"5_57_18","2_58_20"
"9_55_18","4_58_20"
"25_47_18_0","0"
"25_47_18_1","12_58_20_1"
"37_41_18","18_58_20_1"
"41_39_18","20_58_20_2"
"49_35_18","24_58_20_2"
"51_34_18","25_58_20_1"
"5_57_19_0","0"
"5_57_19_1","2_58_21"
"13_53_19","6_58_21_1"
"25_47_19","12_58_21_1"
"41_39_19","20_58_21_2"
"49_35_19","24_58_21_1"
"9_55_20","4_58_22_1"
"13_53_20_0","6_58_22_2"
"13_53_20_1","6_58_22_1 + 6_58_22_2"
"21_49_20","10_58_22_1"
"25_47_20","12_58_22_1"
"27_46_20","13_58_22_1"
"41_39_20","20_58_22_1"
"9_55_21","4_58_23"
"13_53_21_0","0"
"13_53_21_1","6_58_23"
"21_49_21","10_58_23_1"
"25_47_21_0","12_58_23_1"
"25_47_21_1","12_58_23_2"
"33_43_21","16_58_23_2"
"37_41_21","18_58_23_1"
"5_57_22","2_58_24"
"13_53_22","6_58_24_1"
"21_49_22","10_58_24_1"
"25_47_22","12_58_24_2"
"33_43_22","16_58_24_2"
"35_42_22","17_58_24_1"
"9_55_23","4_58_25_1"
"13_53_23","6_58_25_1"
"25_47_23","12_58_25_2"
"33_43_23","16_58_25_1"
"9_55_24","4_58_26_0"
"11_54_24","5_58_26"
"25_47_24","12_58_26"
"5_57_25","2_58_27"
"9_55_25_0","4_58_27_0"
"9_55_25_1","4_58_27_0 + 4_58_27_1"
"17_51_25","8_58_27_1"
"21_49_25","10_58_27"
"5_57_26","2_58_28"
"9_55_26","4_58_28_1"
"17_51_26","8_58_28_1"
"19_50_26","9_58_28"
"9_55_27","4_58_29_1"
"17_51_27","8_58_29"
"59_31_1","29_59_3"
"91_15_1","45_59_3"
"107_7_1","53_59_3"
"115_3_1","57_59_3"
"121_0_1","60_59_3"
"41_40_2","20_59_4"
"45_38_2","22_59_4"
"53_34_2","26_59_4"
"57_32_2","28_59_4"
"61_30_2","30_59_4"
"85_18_2","42_59_4"
"89_16_2","44_59_4"
"93_14_2","46_59_4"
"105_8_2","52_59_4_0"
"109_6_2","54_59_4"
"121_0_2","60_59_4"
"23_49_3","11_59_5"
"37_42_3","18_59_5_2"
"39_41_3","19_59_5_0"
"43_39_3","21_59_5_1"
"45_38_3","22_59_5_1"
"53_34_3","26_59_5_1"
"59_31_3_0","29_59_5"
"59_31_3_1","0"
"61_30_3","30_59_5"
"83_19_3","41_59_5_0"
"85_18_3","42_59_5_1"
"93_14_3","46_59_5"
"105_8_3","52_59_5"
"121_0_3","60_59_5"
"13_54_4","6_59_6_0"
"17_52_4_0","8_59_6_0"
"17_52_4_1","8_59_6_2"
"21_50_4_0","10_59_6_0"
"21_50_4_1","10_59_6_2"
"25_48_4_0","12_59_6_0"
"25_48_4_1","12_59_6_2"
"29_46_4","14_59_6"
"33_44_4","16_59_6_1"
"37_42_4","18_59_6_1"
"41_40_4_0","20_59_6_2"
"41_40_4_1","0"
"43_39_4","21_59_6_2"
"45_38_4_0","22_59_6_1"
"45_38_4_1","22_59_6_2"
"55_33_4","27_59_6_0"
"57_32_4","28_59_6"
"61_30_4","30_59_6"
"75_23_4","37_59_6"
"81_20_4","40_59_6_1"
"85_18_4_0","42_59_6_1"
"85_18_4_1","0"
"87_17_4","43_59_6"
"93_14_4","46_59_6"
"121_0_4","60_59_6"
"9_56_5_0","4_59_7_1"
"9_56_5_1","4_59_7_1 + 4_59_7_2"
"11_55_5_0","5_59_7_0"
"11_55_5_1","5_59_7_0"
"17_52_5","8_59_7_0"
"19_51_5_0","9_59_7_1"
"19_51_5_1","9_59_7_0"
"25_48_5_0","12_59_7_3"
"25_48_5_1","12_59_7_2 + 12_59_7_3"
"27_47_5_0","0"
"27_47_5_1","13_59_7_0"
"29_46_5","14_59_7_2"
"33_44_5","16_59_7_2"
"37_42_5","18_59_7_2"
"41_40_5_0","20_59_7_2 + 20_59_7_3"
"41_40_5_1","20_59_7_2"
"43_39_5","21_59_7_1"
"45_38_5","22_59_7_1"
"47_37_5","23_59_7_0"
"51_35_5","25_59_7_0"
"59_31_5_0","29_59_7_0"
"59_31_5_1","0"
"61_30_5","30_59_7"
"73_24_5","36_59_7"
"81_20_5","40_59_7_1"
"85_18_5","42_59_7"
"91_15_5_0","45_59_7"
"91_15_5_1","45_59_7"
"93_14_5","46_59_7"
"121_0_5","60_59_7"
"5_58_6","2_59_8"
"9_56_6_0","0"
"9_56_6_1","4_59_8_0"
"9_56_6_2","4_59_8_1 + 4_59_8_2"
"9_56_6_3","4_59_8_2"
"13_54_6_0","0"
"13_54_6_1","6_59_8_0"
"13_54_6_2","6_59_8_1"
"17_52_6_0","0"
"17_52_6_1","8_59_8_3"
"17_52_6_2","8_59_8_3 + 8_59_8_4"
"19_51_6_0","0"
"19_51_6_1","9_59_8_3"
"21_50_6","10_59_8_1"
"25_48_6_0","12_59_8_3"
"25_48_6_1","12_59_8_1"
"29_46_6_0","0"
"29_46_6_1","14_59_8_2"
"33_44_6","16_59_8_1"
"37_42_6","18_59_8_1"
"41_40_6_0","20_59_8_0"
"41_40_6_1","20_59_8_1"
"45_38_6_0","0"
"45_38_6_1","22_59_8_1"
"49_36_6","24_59_8_1"
"53_34_6","26_59_8"
"57_32_6","28_59_8"
"61_30_6","30_59_8"
"81_20_6","40_59_8"
"89_16_6","44_59_8_0"
"93_14_6","46_59_8"
"121_0_6","60_59_8"
"5_58_7_0","0"
"5_58_7_1","2_59_9"
"9_56_7_0","4_59_9_1"
"9_56_7_1","4_59_9_1"
"9_56_7_2","4_59_9_1 + 4_59_9_3"
"9_56_7_3","4_59_9_2"
"11_55_7_0","0"
"11_55_7_1","5_59_9_0"
"11_55_7_2","0"
"11_55_7_3","0"
"11_55_7_4","0"
"17_52_7_0","8_59_9_0 + 8_59_9_3"
"17_52_7_1","8_59_9_0"
"17_52_7_2","8_59_9_0 + 8_59_9_1"
"19_51_7_0","0"
"19_51_7_1","9_59_9_1"
"25_48_7_0","12_59_9_1 + 12_59_9_2"
"25_48_7_1","12_59_9_1"
"29_46_7_0","14_59_9_0"
"29_46_7_1","14_59_9_0 + 14_59_9_1"
"37_42_7","18_59_9"
"45_38_7","22_59_9_1"
"51_35_7","25_59_9"
"57_32_7","28_59_9"
"61_30_7","30_59_9"
"69_26_7","34_59_9_1"
"75_23_7","37_59_9"
"89_16_7","44_59_9"
"121_0_7","60_59_9"
"5_58_8_0","0"
"5_58_8_1","2_59_10_0"
"5_58_8_2","2_59_10_0 + 2_59_10_1"
"9_56_8_0","0"
"9_56_8_1","4_59_10_0"
"11_55_8_0","0"
"11_55_8_1","5_59_10_0"
"11_55_8_2","0"
"17_52_8_0","8_59_10_1"
"17_52_8_1","8_59_10_1 + 8_59_10_4"
"17_52_8_2","8_59_10_2"
"17_52_8_3","8_59_10_1 + 8_59_10_2 + 8_59_10_4 + 8_59_10_5"
"19_51_8_0","9_59_10_0"
"19_51_8_1","0"
"21_50_8","10_59_10_1"
"25_48_8","12_59_10_1"
"27_47_8_0","0"
"27_47_8_1","13_59_10_1"
"29_46_8_0","0"
"29_46_8_1","14_59_10_1"
"41_40_8","20_59_10_1"
"45_38_8","22_59_10_1"
"53_34_8","26_59_10_1"
"57_32_8","28_59_10_1"
"61_30_8","30_59_10_1"
"65_28_8","32_59_10_2"
"69_26_8","34_59_10_2"
"71_25_8","35_59_10_1"
"77_22_8","38_59_10_1"
"121_0_8","60_59_10_1"
"9_56_9_0","4_59_11_2"
"9_56_9_1","4_59_11_1"
"9_56_9_2","4_59_11_0"
"13_54_9_0","0"
"13_54_9_1","6_59_11_2"
"17_52_9_0","8_59_11_3"
"17_52_9_1","8_59_11_3 + 8_59_11_4"
"19_51_9","9_59_11_0"
"25_48_9_0","0"
"25_48_9_1","12_59_11_1"
"25_48_9_2","12_59_11_2"
"29_46_9","14_59_11_1"
"37_42_9","18_59_11_1"
"43_39_9","21_59_11_1"
"53_34_9","26_59_11_1"
"61_30_9","30_59_11_2"
"65_28_9","32_59_11_2"
"69_26_9","34_59_11_1"
"75_23_9_0","37_59_11_1"
"75_23_9_1","0"
"77_22_9","38_59_11_1"
"121_0_9","60_59_11_1"
"9_56_10_0","4_59_12_2"
"9_56_10_1","4_59_12_0 + 4_59_12_2"
"9_56_10_2","4_59_12_0 + 4_59_12_2 + 4_59_12_3"
"21_50_10","10_59_12_1"
"25_48_10","12_59_12_1"
"29_46_10","14_59_12_1"
"33_44_10","16_59_12_1"
"41_40_10","20_59_12_1"
"61_30_10","30_59_12_2"
"65_28_10","32_59_12_1"
"73_24_10","36_59_12_1"
"77_22_10","38_59_12_1"
"121_0_10","60_59_12_1"
"5_58_11_0","2_59_13"
"5_58_11_1","0"
"9_56_11","4_59_13_1"
"17_52_11","8_59_13_1"
"25_48_11","12_59_13_1"
"29_46_11_0","14_59_13_1"
"29_46_11_1","14_59_13_2"
"41_40_11","20_59_13_1"
"53_34_11","26_59_13_2"
"61_30_11","30_59_13_1"
"73_24_11","36_59_13_1"
"121_0_11","60_59_13_1"
"5_58_12","2_59_14"
"9_56_12_0","4_59_14_1"
"9_56_12_1","4_59_14_0 + 4_59_14_1"
"13_54_12_0","6_59_14_0"
"13_54_12_1","6_59_14_1"
"17_52_12","8_59_14"
"25_48_12_0","12_59_14_0"
"25_48_12_1","12_59_14_1"
"29_46_12","14_59_14"
"37_42_12","18_59_14"
"41_40_12","20_59_14"
"49_36_12","24_59_14_1"
"53_34_12","26_59_14_1"
"55_33_12","27_59_14"
"61_30_12","30_59_14"
"121_0_12","60_59_14"
"5_58_13","2_59_15_0"
"9_56_13_0","0"
"9_56_13_1","4_59_15"
"13_54_13","6_59_15"
"17_52_13","8_59_15_0"
"21_50_13","10_59_15"
"25_48_13","12_59_15_0"
"27_47_13_0","13_59_15"
"27_47_13_1","0"
"37_42_13","18_59_15"
"49_36_13","24_59_15_1"
"53_34_13","26_59_15"
"59_31_13_0","29_59_15"
"59_31_13_1","0"
"61_30_13","30_59_15"
"121_0_13","60_59_15"
"13_54_14","6_59_16_1"
"17_52_14_0","8_59_16_1"
"17_52_14_1","8_59_16_1 + 8_59_16_2"
"21_50_14","10_59_16_1"
"25_48_14_0","12_59_16_1"
"25_48_14_1","12_59_16_2"
"29_46_14","14_59_16_1"
"49_36_14","24_59_16_1"
"57_32_14","28_59_16_1"
"61_30_14","30_59_16_1"
"121_0_14","60_59_16_1"
"5_58_15","2_59_17"
"9_56_15","4_59_17_0"
"13_54_15_0","6_59_17_0"
"13_54_15_1","6_59_17_2"
"13_54_15_2","6_59_17_1"
"21_50_15","10_59_17"
"25_48_15","12_59_17"
"29_46_15","14_59_17"
"37_42_15","18_59_17_1"
"43_39_15","21_59_17"
"57_32_15","28_59_17"
"121_0_15","60_59_17"
"9_56_16_0","4_59_18_0"
"9_56_16_1","4_59_18_1"
"13_54_16_0","6_59_18_1"
"13_54_16_1","6_59_18_0 + 6_59_18_1"
"21_50_16_0","10_59_18_0 + 10_59_18_1"
"21_50_16_1","10_59_18_1"
"25_48_16","12_59_18"
"29_46_16","14_59_18"
"33_44_16","16_59_18_1"
"37_42_16","18_59_18_1"
"39_41_16","19_59_18"
"45_38_16","22_59_18"
"121_0_16","60_59_18"
"11_55_17_0","5_59_19"
"11_55_17_1","0"
"13_54_17_0","0"
"13_54_17_1","6_59_19"
"21_50_17_0","10_59_19_1 + 10_59_19_2"
"21_50_17_1","10_59_19_1"
"29_46_17","14_59_19_2"
"33_44_17","16_59_19_2"
"37_42_17","18_59_19_1"
"43_39_17_0","21_59_19_1"
"43_39_17_1","0"
"45_38_17","22_59_19_1"
"121_0_17","60_59_19_1"
"5_58_18_0","2_59_20_0 + 2_59_20_1"
"5_58_18_1","2_59_20_0"
"9_56_18","4_59_20_0"
"13_54_18","6_59_20_1"
"29_46_18","14_59_20_2"
"33_44_18","16_59_20_1"
"41_40_18","20_59_20_1"
"45_38_18","22_59_20_1"
"121_0_18","60_59_20_1"
"9_56_19","4_59_21_1"
"13_54_19","6_59_21_1"
"21_50_19","10_59_21_2"
"29_46_19","14_59_21_1"
"41_40_19","20_59_21_1"
"121_0_19","60_59_21_1"
"9_56_20","4_59_22"
"13_54_20","6_59_22"
"17_52_20","8_59_22_1"
"21_50_20","10_59_22_1"
"23_49_20","11_59_22"
"29_46_20","14_59_22"
"121_0_20","60_59_22"
"5_58_21","2_59_23"
"9_56_21_0","0"
"9_56_21_1","4_59_23"
"13_54_21","6_59_23_1"
"17_52_21","8_59_23_1"
"21_50_21","10_59_23"
"27_47_21_0","13_59_23"
"27_47_21_1","0"
"29_46_21","14_59_23"
"121_0_21","60_59_23"
"9_56_22","4_59_24_1"
"13_54_22","6_59_24_1"
"17_52_22","8_59_24"
"25_48_22","12_59_24_0"
"29_46_22","14_59_24"
"121_0_22","60_59_24"
"9_56_23","4_59_25"
"25_48_23","12_59_25"
"121_0_23","60_59_25"
"5_58_24","2_59_26"
"13_54_24","6_59_26"
"121_0_24","60_59_26"
"9_56_25","4_59_27_0"
"11_55_25_0","5_59_27"
"11_55_25_1","0"
"13_54_25","6_59_27"
"121_0_25","60_59_27"
"5_58_26","2_59_28"
"9_56_26_0","4_59_28_0"
"9_56_26_1","4_59_28_0 + 4_59_28_1"
"13_54_26","6_59_28"
"121_0_26","60_59_28"
"5_58_27","2_59_29"
"9_56_27","4_59_29"
"121_0_27","60_59_29_1"
"5_58_28","2_59_30"
"121_0_28","60_59_30_1"
"121_0_29","60_59_31_1"
"121_0_30","60_59_32"
"121_0_31","60_59_33"
"121_0_32","60_59_34"
"121_0_33","60_59_35"
"121_0_34","60_59_36"
"121_0_35","60_59_37"
"121_0_36","60_59_38"
"121_0_37","60_59_39"
"121_0_38","60_59_40"
"121_0_39","60_59_41"
"61_31_1","30_60_3"
"93_15_1","46_60_3"
"109_7_1","54_60_3"
"117_3_1","58_60_3"
"121_1_1","60_60_3"
"47_38_2","23_60_4"
"55_34_2","27_60_4"
"59_32_2","29_60_4"
"61_31_2","30_60_4"
"87_18_2","43_60_4"
"91_16_2","45_60_4"
"93_15_2","46_60_4"
"107_8_2","53_60_4"
"109_7_2","54_60_4"
"117_3_2","58_60_4"
"17_53_3","8_60_5"
"21_51_3","10_60_5"
"25_49_3","12_60_5"
"33_45_3_0","16_60_5_0"
"33_45_3_1","16_60_5_1"
"37_43_3","18_60_5"
"41_41_3_0","20_60_5_0"
"41_41_3_1","20_60_5_1"
"49_37_3","24_60_5"
"57_33_3","28_60_5"
"61_31_3_0","0"
"61_31_3_1","30_60_5"
"85_19_3","42_60_5"
"89_17_3","44_60_5"
"93_15_3","46_60_5"
"107_8_3","53_60_5"
"109_7_3","54_60_5"
"17_53_4","8_60_6_2"
"19_52_4_0","9_60_6_0"
"19_52_4_1","9_60_6_0 + 9_60_6_2"
"23_50_4","11_60_6_1"
"25_49_4","12_60_6_2"
"27_48_4_0","0"
"27_48_4_1","13_60_6_1"
"33_45_4_0","0"
"33_45_4_1","16_60_6_3"
"35_44_4","17_60_6_3"
"37_43_4","18_60_6_4"
"41_41_4","20_60_6_4"
"43_40_4_0","21_60_6_2"
"43_40_4_1","0"
"45_39_4","22_60_6_2"
"47_38_4_0","23_60_6_1"
"47_38_4_1","23_60_6_1"
"57_33_4","28_60_6_1"
"59_32_4","29_60_6"
"61_31_4","30_60_6"
"83_20_4","41_60_6_1"
"87_18_4_0","43_60_6"
"87_18_4_1","0"
"89_17_4","44_60_6"
"93_15_4","46_60_6"
"105_9_4","52_60_6_0"
"109_7_4","54_60_6"
"9_57_5_0","4_60_7_1"
"9_57_5_1","4_60_7_0"
"11_56_5_0","0"
"11_56_5_1","5_60_7_0"
"17_53_5_0","8_60_7_0"
"17_53_5_1","8_60_7_0 + 8_60_7_5 + 8_60_7_6"
"17_53_5_2","8_60_7_0 + 8_60_7_1"
"17_53_5_3","8_60_7_5 + 8_60_7_6 + 8_60_7_8"
"17_53_5_4","8_60_7_6 + 8_60_7_8"
"17_53_5_5","8_60_7_1 + 8_60_7_7 + 8_60_7_8"
"19_52_5_0","9_60_7_0"
"19_52_5_1","0"
"21_51_5_0","10_60_7_4"
"21_51_5_1","10_60_7_2"
"25_49_5_0","12_60_7_3"
"25_49_5_1","12_60_7_0"
"29_47_5_0","14_60_7_2"
"29_47_5_1","0"
"33_45_5_0","16_60_7_1"
"33_45_5_1","16_60_7_4"
"33_45_5_2","16_60_7_3 + 16_60_7_4"
"43_40_5_0","0"
"43_40_5_1","21_60_7_1"
"49_37_5","24_60_7_2"
"53_35_5","26_60_7_1"
"61_31_5_0","0"
"61_31_5_1","30_60_7_1"
"77_23_5","38_60_7_2"
"81_21_5","40_60_7_1"
"89_17_5","44_60_7_1"
"93_15_5_0","0"
"93_15_5_1","46_60_7_1"
"101_11_5","50_60_7_1"
"105_9_5","52_60_7_1"
"5_59_6_0","2_60_8"
"5_59_6_1","0"
"9_57_6","4_60_8_0"
"11_56_6_0","0"
"11_56_6_1","0"
"11_56_6_2","5_60_8_0"
"11_56_6_3","0"
"11_56_6_4","0"
"13_55_6_0","0"
"13_55_6_1","6_60_8_1 + 6_60_8_3"
"13_55_6_2","6_60_8_3"
"13_55_6_3","6_60_8_1 + 6_60_8_2 + 6_60_8_3"
"17_53_6_0","8_60_8_2 + 8_60_8_4"
"17_53_6_1","8_60_8_2 + 8_60_8_3 + 8_60_8_4"
"17_53_6_2","8_60_8_4"
"19_52_6_0","0"
"19_52_6_1","9_60_8_0"
"19_52_6_2","0"
"21_51_6","10_60_8_2"
"23_50_6","11_60_8_1"
"33_45_6_0","16_60_8_2"
"33_45_6_1","16_60_8_3"
"39_42_6","19_60_8_1"
"43_40_6_0","0"
"43_40_6_1","21_60_8_1"
"49_37_6","24_60_8_2"
"51_36_6","25_60_8_2"
"55_34_6","27_60_8_1"
"59_32_6","29_60_8_1"
"61_31_6","30_60_8_1"
"77_23_6","38_60_8_1"
"89_17_6","44_60_8_1"
"93_15_6","46_60_8_1"
"101_11_6","50_60_8_1"
"9_57_7_0","0"
"9_57_7_1","4_60_9_1"
"13_55_7_0","0"
"13_55_7_1","0"
"13_55_7_2","6_60_9_3 + 6_60_9_4"
"13_55_7_3","6_60_9_3"
"17_53_7_0","8_60_9_2"
"17_53_7_1","8_60_9_0"
"17_53_7_2","8_60_9_2 + 8_60_9_4"
"17_53_7_3","8_60_9_0 + 8_60_9_4 + 8_60_9_5"
"21_51_7_0","0"
"21_51_7_1","10_60_9_2"
"21_51_7_2","10_60_9_3"
"25_49_7","12_60_9_2"
"33_45_7_0","16_60_9_1"
"33_45_7_1","16_60_9_4"
"41_41_7","20_60_9_3"
"49_37_7_0","24_60_9_2"
"49_37_7_1","24_60_9_3"
"53_35_7","26_60_9_3"
"57_33_7","28_60_9_2"
"61_31_7","30_60_9_2"
"65_29_7","32_60_9_3"
"71_26_7","35_60_9_2"
"77_23_7","38_60_9_2"
"91_16_7","45_60_9_2"
"93_15_7","46_60_9_2"
"5_59_8","2_60_10"
"9_57_8_0","4_60_10_0"
"9_57_8_1","4_60_10_0 + 4_60_10_1"
"11_56_8_0","0"
"11_56_8_1","5_60_10"
"17_53_8_0","8_60_10_2 + 8_60_10_3"
"17_53_8_1","8_60_10_3"
"19_52_8_0","9_60_10_0"
"19_52_8_1","0"
"19_52_8_2","9_60_10_1"
"21_51_8","10_60_10"
"25_49_8","12_60_10"
"43_40_8","21_60_10_1"
"49_37_8_0","24_60_10_1"
"49_37_8_1","24_60_10_1 + 24_60_10_2"
"53_35_8","26_60_10_1"
"61_31_8_0","30_60_10_2"
"61_31_8_1","30_60_10_2 + 30_60_10_3"
"65_29_8","32_60_10_2"
"67_28_8","33_60_10_1"
"73_25_8","36_60_10_1"
"77_23_8","38_60_10_1"
"89_17_8","44_60_10_1"
"93_15_8","46_60_10_1"
"9_57_9_0","4_60_11_2"
"9_57_9_1","4_60_11_0"
"9_57_9_2","4_60_11_3"
"17_53_9_0","8_60_11_2"
"17_53_9_1","8_60_11_1 + 8_60_11_3"
"17_53_9_2","8_60_11_1"
"25_49_9","12_60_11_2"
"33_45_9","16_60_11_2"
"45_39_9","22_60_11_2"
"49_37_9","24_60_11_2"
"61_31_9_0","30_60_11_4"
"61_31_9_1","30_60_11_3"
"65_29_9","32_60_11_2"
"73_25_9","36_60_11_2"
"77_23_9_0","0"
"77_23_9_1","38_60_11_2"
"85_19_9","42_60_11_2"
"89_17_9","44_60_11_2"
"5_59_10_0","2_60_12_1"
"5_59_10_1","2_60_12_0 + 2_60_12_1"
"5_59_10_2","2_60_12_0"
"9_57_10_0","0"
"9_57_10_1","4_60_12_0"
"11_56_10_0","0"
"11_56_10_1","5_60_12"
"25_49_10","12_60_12_2"
"29_47_10","14_60_12_2"
"41_41_10","20_60_12_3"
"43_40_10","21_60_12_2"
"61_31_10_0","30_60_12_2"
"61_31_10_1","30_60_12_3"
"73_25_10","36_60_12_2"
"77_23_10","38_60_12_2"
"85_19_10","42_60_12_2"
"5_59_11_0","2_60_13_0"
"5_59_11_1","2_60_13_0 + 2_60_13_1"
"9_57_11_0","0"
"9_57_11_1","4_60_13_0"
"13_55_11_0","6_60_13_0"
"13_55_11_1","6_60_13_0 + 6_60_13_1"
"17_53_11","8_60_13_1"
"21_51_11","10_60_13_1"
"25_49_11","12_60_13_1"
"37_43_11","18_60_13_2"
"41_41_11","20_60_13_1"
"49_37_11","24_60_13_2"
"55_34_11","27_60_13_1"
"61_31_11","30_60_13_1"
"75_24_11","37_60_13_1"
"77_23_11","38_60_13_1"
"9_57_12","4_60_14"
"17_53_12","8_60_14_1"
"21_51_12_0","10_60_14_1"
"21_51_12_1","10_60_14_2"
"33_45_12","16_60_14_1"
"37_43_12","18_60_14_1"
"45_39_12","22_60_14_2"
"49_37_12","24_60_14_2"
"51_36_12","25_60_14_1"
"57_33_12","28_60_14_1"
"61_31_12","30_60_14_1"
"73_25_12","36_60_14_1"
"77_23_12","38_60_14_1"
"17_53_13_0","8_60_15_1"
"17_53_13_1","8_60_15_2"
"21_51_13","10_60_15_1"
"29_47_13_0","14_60_15_1"
"29_47_13_1","14_60_15_1 + 14_60_15_2"
"45_39_13","22_60_15_2"
"49_37_13","24_60_15_1"
"57_33_13","28_60_15_1"
"61_31_13_0","0"
"61_31_13_1","30_60_15_1"
"69_27_13","34_60_15_1"
"73_25_13","36_60_15_1"
"5_59_14","2_60_16"
"9_57_14","4_60_16_0"
"13_55_14_0","6_60_16_0"
"13_55_14_1","6_60_16_1"
"17_53_14","8_60_16"
"25_49_14","12_60_16_1"
"27_48_14","13_60_16"
"29_47_14","14_60_16"
"45_39_14","22_60_16"
"57_33_14","28_60_16"
"61_31_14","30_60_16"
"69_27_14","34_60_16"
"9_57_15","4_60_17"
"13_55_15","6_60_17"
"17_53_15","8_60_17_0"
"21_51_15_0","10_60_17_2"
"21_51_15_1","10_60_17_1"
"25_49_15_0","12_60_17_0"
"25_49_15_1","12_60_17_0 + 12_60_17_1"
"29_47_15","14_60_17_0"
"33_45_15","16_60_17_1"
"39_42_15","19_60_17"
"45_39_15","22_60_17"
"59_32_15","29_60_17"
"61_31_15","30_60_17"
"13_55_16","6_60_18_1"
"17_53_16_0","8_60_18_1"
"17_53_16_1","8_60_18_1 + 8_60_18_2"
"21_51_16_0","10_60_18_2"
"21_51_16_1","10_60_18_1 + 10_60_18_2"
"29_47_16_0","14_60_18_3"
"29_47_16_1","14_60_18_2"
"33_45_16","16_60_18_2"
"35_44_16","17_60_18_1"
"41_41_16","20_60_18_1"
"45_39_16","22_60_18_1"
"57_33_16","28_60_18_1"
"61_31_16","30_60_18_1"
"5_59_17","2_60_19"
"9_57_17","4_60_19_0"
"13_55_17","6_60_19"
"17_53_17_0","8_60_19_0"
"17_53_17_1","8_60_19_0 + 8_60_19_1"
"29_47_17_0","14_60_19_2"
"29_47_17_1","14_60_19_1 + 14_60_19_2"
"33_45_17","16_60_19"
"41_41_17","20_60_19"
"45_39_17_0","0"
"45_39_17_1","22_60_19"
"53_35_17","26_60_19"
"57_33_17","28_60_19"
"9_57_18_0","4_60_20_1"
"9_57_18_1","4_60_20_1 + 4_60_20_2"
"11_56_18","5_60_20"
"17_53_18_0","0"
"17_53_18_1","8_60_20_0"
"29_47_18_0","14_60_20_0"
"29_47_18_1","14_60_20_1"
"41_41_18","20_60_20"
"45_39_18","22_60_20"
"53_35_18","26_60_20"
"5_59_19","2_60_21"
"9_57_19_0","0"
"9_57_19_1","4_60_21"
"17_53_19_0","8_60_21_1"
"17_53_19_1","8_60_21_1 + 8_60_21_2"
"23_50_19","11_60_21"
"29_47_19","14_60_21"
"43_40_19","21_60_21"
"45_39_19","22_60_21"
"5_59_20","2_60_22"
"9_57_20","4_60_22"
"13_55_20","6_60_22_1"
"17_53_20","8_60_22_1"
"19_52_20","9_60_22"
"25_49_20","12_60_22"
"29_47_20","14_60_22"
"41_41_20","20_60_22_0"
"45_39_20","22_60_22"
"9_57_21","4_60_23_1"
"13_55_21","6_60_23_1"
"17_53_21","8_60_23"
"25_49_21","12_60_23"
"29_47_21_0","0"
"29_47_21_1","14_60_23"
"37_43_21","18_60_23"
"41_41_21","20_60_23"
"9_57_22","4_60_24"
"25_49_22","12_60_24_1"
"29_47_22","14_60_24_1"
"37_43_22","18_60_24_1"
"5_59_23","2_60_25"
"27_48_23","13_60_25_1"
"29_47_23","14_60_25_1"
"9_57_24","4_60_26_1"
"13_55_24","6_60_26_1"
"25_49_24","12_60_26_1"
"29_47_24","14_60_26_1"
"9_57_25","4_60_27"
"13_55_25_0","0"
"13_55_25_1","6_60_27"
"21_51_25","10_60_27"
"25_49_25","12_60_27"
"9_57_26","4_60_28"
"13_55_26","6_60_28"
"21_51_26","10_60_28"
"5_59_27","2_60_29"
"9_57_27_0","0"
"9_57_27_1","4_60_29_0"
"11_56_27","5_60_29"
"13_55_27","6_60_29"
"5_59_28","2_60_30"
"9_57_28","4_60_30_0"
"13_55_28","6_60_30"
"5_59_29","2_60_31"
"9_57_29","4_60_31"
"5_59_30","2_60_32"
"95_15_1","47_61_3"
"111_7_1","55_61_3"
"119_3_1","59_61_3"
"123_1_1","61_61_3"
"125_0_1","62_61_3"
"33_46_2","16_61_4"
"41_42_2","20_61_4"
"49_38_2","24_61_4_1"
"57_34_2","28_61_4_1"
"65_30_2","32_61_4_2"
"89_18_2","44_61_4_3"
"93_16_2","46_61_4_1"
"97_14_2","48_61_4_2"
"109_8_2","54_61_4_1"
"113_6_2","56_61_4_1"
"121_2_2","60_61_4_1"
"125_0_2","62_61_4_1"
"19_53_3","9_61_5_0"
"27_49_3","13_61_5"
"33_46_3","16_61_5_1"
"35_45_3_0","0"
"35_45_3_1","17_61_5_1"
"41_42_3","20_61_5_2"
"43_41_3","21_61_5_0"
"49_38_3","24_61_5_2"
"51_37_3","25_61_5_1"
"57_34_3","28_61_5_1"
"65_30_3","32_61_5_1"
"87_19_3","43_61_5_2"
"89_18_3","44_61_5_2"
"91_17_3","45_61_5_0"
"97_14_3","48_61_5_0"
"109_8_3","54_61_5"
"125_0_3","62_61_5"
"13_56_4","6_61_6"
"17_54_4_0","8_61_6_1"
"17_54_4_1","8_61_6_0 + 8_61_6_1"
"17_54_4_2","8_61_6_0 + 8_61_6_2"
"17_54_4_3","8_61_6_2 + 8_61_6_3"
"21_52_4_0","10_61_6_0"
"21_52_4_1","10_61_6_0 + 10_61_6_1"
"29_48_4_0","0"
"29_48_4_1","14_61_6_0"
"29_48_4_2","14_61_6_0"
"33_46_4_0","16_61_6_1"
"33_46_4_1","16_61_6_2"
"37_44_4_0","18_61_6_1"
"37_44_4_1","0"
"41_42_4","20_61_6_1"
"45_40_4_0","22_61_6_2"
"45_40_4_1","0"
"49_38_4_0","24_61_6_2"
"49_38_4_1","24_61_6_2 + 24_61_6_3"
"65_30_4","32_61_6_4"
"81_22_4","40_61_6_3"
"85_20_4","42_61_6_4"
"89_18_4_0","44_61_6_0 + 44_61_6_4"
"89_18_4_1","44_61_6_0"
"91_17_4","45_61_6_2"
"97_14_4","48_61_6_3"
"107_9_4","53_61_6_2"
"125_0_4","62_61_6_2"
"11_57_5_0","5_61_7_1"
"11_57_5_1","0"
"13_56_5_0","6_61_7_1"
"13_56_5_1","6_61_7_2"
"13_56_5_2","6_61_7_3"
"17_54_5_0","8_61_7_2"
"17_54_5_1","8_61_7_2 + 8_61_7_3"
"19_53_5_0","0"
"19_53_5_1","0"
"19_53_5_2","9_61_7_1"
"19_53_5_3","9_61_7_1 + 9_61_7_2"
"21_52_5_0","10_61_7_1"
"21_52_5_1","10_61_7_2"
"29_48_5_0","14_61_7_4"
"29_48_5_1","14_61_7_3 + 14_61_7_4"
"33_46_5","16_61_7_4"
"35_45_5_0","17_61_7_1"
"35_45_5_1","17_61_7_4"
"35_45_5_2","0"
"37_44_5_0","18_61_7_3 + 18_61_7_4"
"37_44_5_1","18_61_7_3"
"45_40_5_0","22_61_7_3"
"45_40_5_1","0"
"51_37_5","25_61_7_3"
"55_35_5","27_61_7_0"
"65_30_5","32_61_7_0"
"83_21_5","41_61_7_3"
"85_20_5","42_61_7_3"
"89_18_5","44_61_7_2"
"97_14_5","48_61_7_3"
"103_11_5","51_61_7_2"
"107_9_5","53_61_7_2"
"125_0_5","62_61_7_2"
"9_58_6_0","4_61_8_0"
"9_58_6_1","4_61_8_2 + 4_61_8_3"
"9_58_6_2","4_61_8_2"
"13_56_6_0","0"
"13_56_6_1","6_61_8_4"
"13_56_6_2","6_61_8_4"
"13_56_6_3","6_61_8_2 + 6_61_8_3 + 6_61_8_4"
"13_56_6_4","6_61_8_3 + 6_61_8_4"
"17_54_6_0","8_61_8_2 + 8_61_8_3"
"17_54_6_1","8_61_8_3"
"17_54_6_2","8_61_8_3 + 8_61_8_4"
"19_53_6_0","0"
"19_53_6_1","9_61_8_2"
"19_53_6_2","9_61_8_2"
"21_52_6_0","0"
"21_52_6_1","10_61_8_3"
"21_52_6_2","10_61_8_2"
"25_50_6","12_61_8_1"
"29_48_6_0","14_61_8_2"
"29_48_6_1","0"
"33_46_6_0","16_61_8_3"
"33_46_6_1","16_61_8_4"
"33_46_6_2","16_61_8_3 + 16_61_8_4 + 16_61_8_5"
"37_44_6_0","18_61_8_3"
"37_44_6_1","18_61_8_4"
"41_42_6","20_61_8_3"
"49_38_6_0","24_61_8_2"
"49_38_6_1","24_61_8_4"
"53_36_6","26_61_8_2"
"61_32_6","30_61_8_1"
"65_30_6","32_61_8_2"
"85_20_6","42_61_8_1"
"97_14_6","48_61_8_1"
"105_10_6","52_61_8_1"
"125_0_6","62_61_8_1"
"5_60_7_0","2_61_9"
"5_60_7_1","0"
"11_57_7_0","5_61_9"
"11_57_7_1","0"
"13_56_7_0","0"
"13_56_7_1","6_61_9"
"17_54_7","8_61_9_0"
"19_53_7_0","0"
"19_53_7_1","0"
"19_53_7_2","9_61_9_0"
"21_52_7","10_61_9_1"
"29_48_7_0","14_61_9_1"
"29_48_7_1","0"
"29_48_7_2","14_61_9_2"
"33_46_7_0","16_61_9_1"
"33_46_7_1","16_61_9_1 + 16_61_9_3"
"41_42_7","20_61_9_3"
"49_38_7","24_61_9_3"
"51_37_7_0","25_61_9_2"
"51_37_7_1","0"
"55_35_7","27_61_9_0"
"61_32_7","30_61_9_2"
"65_30_7","32_61_9_2"
"73_26_7","36_61_9_2"
"79_23_7","39_61_9_1"
"93_16_7","46_61_9_1"
"125_0_7","62_61_9_1"
"5_60_8_0","0"
"5_60_8_1","2_61_10"
"9_58_8_0","4_61_10_0"
"9_58_8_1","4_61_10_2"
"13_56_8_0","6_61_10_1"
"13_56_8_1","6_61_10_2"
"17_54_8_0","8_61_10_2"
"17_54_8_1","8_61_10_3"
"17_54_8_2","8_61_10_3 + 8_61_10_4"
"21_52_8_0","10_61_10_0"
"21_52_8_1","10_61_10_0 + 10_61_10_2"
"21_52_8_2","10_61_10_3"
"29_48_8_0","14_61_10_2"
"29_48_8_1","14_61_10_2 + 14_61_10_3"
"33_46_8_0","16_61_10_1"
"33_46_8_1","16_61_10_3"
"45_40_8","22_61_10_2"
"49_38_8","24_61_10_2"
"51_37_8_0","25_61_10_0"
"51_37_8_1","25_61_10_0"
"57_34_8","28_61_10_2"
"61_32_8","30_61_10_2"
"65_30_8","32_61_10_2"
"69_28_8","34_61_10_2"
"73_26_8","36_61_10_2"
"75_25_8","37_61_10_1"
"81_22_8","40_61_10_2"
"91_17_8","45_61_10_1"
"125_0_8","62_61_10_1"
"9_58_9_0","4_61_11_0"
"9_58_9_1","4_61_11_1 + 4_61_11_2"
"9_58_9_2","4_61_11_1"
"17_54_9","8_61_11_2"
"19_53_9_0","9_61_11_0"
"19_53_9_1","0"
"21_52_9","10_61_11_2"
"29_48_9_0","0"
"29_48_9_1","0"
"29_48_9_2","14_61_11_3"
"33_46_9","16_61_11_3"
"35_45_9","17_61_11_2"
"41_42_9","20_61_11_2"
"57_34_9","28_61_11_3"
"65_30_9","32_61_11_3"
"69_28_9","34_61_11_3"
"73_26_9","36_61_11_2"
"81_22_9","40_61_11_3"
"87_19_9","43_61_11_2"
"91_17_9","45_61_11_2"
"125_0_9","62_61_11_2"
"5_60_10","2_61_12_0"
"9_58_10_0","4_61_12_1 + 4_61_12_2"
"9_58_10_1","4_61_12_1"
"13_56_10_0","0"
"13_56_10_1","6_61_12_3"
"13_56_10_2","6_61_12_2"
"17_54_10_0","8_61_12_0"
"17_54_10_1","8_61_12_2"
"17_54_10_2","8_61_12_0 + 8_61_12_3"
"19_53_10","9_61_12_1"
"21_52_10","10_61_12_1"
"25_50_10","12_61_12_1"
"37_44_10","18_61_12_1"
"65_30_10","32_61_12_2"
"69_28_10","34_61_12_1"
"81_22_10","40_61_12_1"
"89_18_10","44_61_12_1"
"125_0_10","62_61_12_1"
"5_60_11_0","0"
"5_60_11_1","2_61_13"
"11_57_11_0","0"
"11_57_11_1","5_61_13_1"
"13_56_11","6_61_13_1"
"17_54_11_0","8_61_13_1"
"17_54_11_1","8_61_13_1 + 8_61_13_2"
"21_52_11_0","10_61_13_1"
"21_52_11_1","10_61_13_2"
"33_46_11","16_61_13_1"
"45_40_11","22_61_13_2"
"57_34_11","28_61_13_2"
"65_30_11","32_61_13_1"
"77_24_11","38_61_13_1"
"125_0_11","62_61_13_1"
"13_56_12","6_61_14_1"
"17_54_12_0","8_61_14_1"
"17_54_12_1","8_61_14_1 + 8_61_14_2"
"21_52_12","10_61_14_1"
"29_48_12","14_61_14_1"
"41_42_12","20_61_14_2"
"45_40_12","22_61_14_2"
"53_36_12","26_61_14_2"
"57_34_12","28_61_14_2"
"59_33_12","29_61_14_1"
"65_30_12","32_61_14_2"
"75_25_12","37_61_14_1"
"125_0_12","62_61_14_1"
"5_60_13","2_61_15"
"9_58_13","4_61_15_0"
"13_56_13_0","0"
"13_56_13_1","6_61_15_0"
"13_56_13_2","6_61_15_0 + 6_61_15_1"
"17_54_13_0","8_61_15_0"
"17_54_13_1","8_61_15_1"
"25_50_13","12_61_15"
"41_42_13","20_61_15_1"
"53_36_13","26_61_15_1"
"57_34_13","28_61_15"
"65_30_13","32_61_15_1"
"71_27_13","35_61_15"
"75_25_13","37_61_15"
"125_0_13","62_61_15"
"9_58_14","4_61_16"
"17_54_14_0","8_61_16_0"
"17_54_14_1","8_61_16_1"
"21_52_14","10_61_16"
"25_50_14","12_61_16"
"33_46_14","16_61_16_1"
"53_36_14","26_61_16"
"65_30_14","32_61_16"
"73_26_14","36_61_16"
"125_0_14","62_61_16"
"17_54_15_0","8_61_17_1"
"17_54_15_1","8_61_17_1 + 8_61_17_2"
"17_54_15_2","8_61_17_1 + 8_61_17_2 + 8_61_17_3"
"25_50_15","12_61_17_1"
"29_48_15","14_61_17_2"
"33_46_15","16_61_17_2"
"41_42_15","20_61_17_2"
"47_39_15","23_61_17_1"
"61_32_15","30_61_17_1"
"125_0_15","62_61_17_1"
"5_60_16","2_61_18"
"9_58_16","4_61_18_0"
"13_56_16","6_61_18"
"17_54_16_0","8_61_18_0"
"17_54_16_1","8_61_18_0 + 8_61_18_1"
"25_50_16_0","12_61_18_2"
"25_50_16_1","12_61_18_1 + 12_61_18_2"
"29_48_16","14_61_18_1"
"33_46_16","16_61_18_1"
"37_44_16","18_61_18_1"
"41_42_16","20_61_18_1"
"43_41_16","21_61_18"
"49_38_16","24_61_18_1"
"59_33_16","29_61_18"
"125_0_16","62_61_18"
"9_58_17_0","4_61_19_0"
"9_58_17_1","4_61_19_1"
"17_54_17_0","0"
"17_54_17_1","8_61_19"
"21_52_17","10_61_19_1"
"25_50_17","12_61_19_1"
"33_46_17","16_61_19_1"
"37_44_17","18_61_19_1"
"41_42_17","20_61_19"
"49_38_17","24_61_19_1"
"55_35_17","27_61_19"
"59_33_17","29_61_19"
"125_0_17","62_61_19"
"9_58_18","4_61_20"
"17_54_18_0","8_61_20_3"
"17_54_18_1","8_61_20_2"
"21_52_18","10_61_20_2"
"33_46_18","16_61_20_2"
"37_44_18","18_61_20_1"
"49_38_18","24_61_20_1"
"57_34_18","28_61_20_1"
"125_0_18","62_61_20_1"
"5_60_19","2_61_21"
"13_56_19_0","6_61_21_2"
"13_56_19_1","6_61_21_1 + 6_61_21_2"
"17_54_19","8_61_21_1"
"25_50_19","12_61_21_1"
"33_46_19","16_61_21_0"
"45_40_19","22_61_21"
"125_0_19","62_61_21"
"9_58_20","4_61_22_1"
"13_56_20_0","6_61_22_2"
"13_56_20_1","6_61_22_1 + 6_61_22_2"
"17_54_20","8_61_22_1"
"21_52_20","10_61_22_1"
"25_50_20","12_61_22_1"
"27_49_20","13_61_22"
"33_46_20","16_61_22_1"
"43_41_20","21_61_22"
"125_0_20","62_61_22"
"9_58_21","4_61_23"
"13_56_21_0","0"
"13_56_21_1","6_61_23"
"17_54_21","8_61_23_1"
"21_52_21","10_61_23_1"
"33_46_21","16_61_23_2"
"39_43_21","19_61_23_1"
"43_41_21","21_61_23_1"
"125_0_21","62_61_23_1"
"5_60_22","2_61_24"
"33_46_22","16_61_24_1"
"41_42_22","20_61_24_1"
"125_0_22","62_61_24_1"
"9_58_23","4_61_25_1"
"29_48_23","14_61_25_1"
"125_0_23","62_61_25_1"
"9_58_24","4_61_26"
"17_54_24","8_61_26_1"
"27_49_24","13_61_26"
"125_0_24","62_61_26"
"5_60_25","2_61_27"
"17_54_25","8_61_27_1"
"23_51_25","11_61_27"
"27_49_25","13_61_27"
"125_0_25","62_61_27"
"9_58_26","4_61_28"
"17_54_26","8_61_28"
"25_50_26","12_61_28"
"125_0_26","62_61_28"
"9_58_27","4_61_29"
"125_0_27","62_61_29"
"9_58_28","4_61_30"
"125_0_28","62_61_30"
"5_60_29","2_61_31"
"11_57_29","5_61_31"
"125_0_29","62_61_31"
"5_60_30","2_61_32"
"9_58_30","4_61_32"
"125_0_30","62_61_32"
"125_0_31","62_61_33"
"125_0_32","62_61_34"
"125_0_33","62_61_35"
"125_0_34","62_61_36"
"125_0_35","62_61_37"
"125_0_36","62_61_38"
"125_0_37","62_61_39"
"65_31_1","32_62_3_1"
"97_15_1","48_62_3_1"
"113_7_1","56_62_3_1"
"121_3_1","60_62_3_1"
"35_46_2","17_62_4"
"43_42_2","21_62_4_1"
"51_38_2","25_62_4_1"
"65_31_2","32_62_4_2"
"67_30_2","33_62_4_2"
"91_18_2","45_62_4_0"
"97_15_2","48_62_4_2"
"99_14_2","49_62_4_1"
"113_7_2","56_62_4_2"
"115_6_2","57_62_4_1"
"121_3_2","60_62_4_1"
"21_53_3","10_62_5"
"29_49_3","14_62_5_1"
"33_47_3_0","16_62_5_1"
"33_47_3_1","16_62_5_1 + 16_62_5_3"
"37_45_3_0","18_62_5_2"
"37_45_3_1","18_62_5_3"
"41_43_3","20_62_5_2"
"45_41_3","22_62_5_2"
"49_39_3","24_62_5_2"
"53_37_3","26_62_5_2"
"65_31_3_0","32_62_5_3"
"65_31_3_1","32_62_5_5"
"85_21_3","42_62_5_4"
"89_19_3","44_62_5_3"
"97_15_3","48_62_5_3"
"113_7_3","56_62_5_3"
"19_54_4_0","9_62_6_1"
"19_54_4_1","9_62_6_2"
"21_53_4","10_62_6_1"
"23_52_4","11_62_6_0"
"29_49_4_0","14_62_6_2"
"29_49_4_1","14_62_6_3"
"37_45_4_0","18_62_6_2"
"37_45_4_1","18_62_6_3"
"37_45_4_2","18_62_6_3 + 18_62_6_5"
"39_44_4","19_62_6_2"
"45_41_4","22_62_6_2"
"47_40_4_0","23_62_6_1"
"47_40_4_1","0"
"49_39_4","24_62_6_1"
"51_38_4_0","25_62_6_1"
"51_38_4_1","25_62_6_1"
"61_33_4","30_62_6_2"
"65_31_4","32_62_6_2"
"81_23_4","40_62_6_3"
"83_22_4","41_62_6_2"
"87_20_4","43_62_6_2"
"93_17_4","46_62_6_2"
"97_15_4","48_62_6_2"
"99_14_4","49_62_6_2"
"9_59_5","4_62_7_0"
"13_57_5_0","6_62_7"
"13_57_5_1","0"
"17_55_5_0","8_62_7_0"
"17_55_5_1","8_62_7_0"
"17_55_5_2","8_62_7_4"
"17_55_5_3","8_62_7_0 + 8_62_7_2 + 8_62_7_4"
"17_55_5_4","8_62_7_3 + 8_62_7_4"
"19_54_5","9_62_7_1"
"21_53_5_0","0"
"21_53_5_1","10_62_7_2"
"21_53_5_2","10_62_7_1 + 10_62_7_2 + 10_62_7_3"
"21_53_5_3","10_62_7_1 + 10_62_7_2"
"25_51_5","12_62_7_2"
"29_49_5_0","14_62_7_2"
"29_49_5_1","0"
"29_49_5_2","14_62_7_3"
"33_47_5_0","16_62_7_2 + 16_62_7_3"
"33_47_5_1","16_62_7_2"
"37_45_5_0","18_62_7_1"
"37_45_5_1","18_62_7_2"
"37_45_5_2","18_62_7_1 + 18_62_7_2 + 18_62_7_3"
"45_41_5","22_62_7"
"49_39_5","24_62_7_0"
"53_37_5","26_62_7_1"
"65_31_5_0","32_62_7_1"
"65_31_5_1","32_62_7_2"
"81_23_5","40_62_7_2"
"85_21_5","42_62_7_1"
"93_17_5","46_62_7_1"
"97_15_5_0","48_62_7_1"
"97_15_5_1","48_62_7_1 + 48_62_7_2"
"105_11_5","52_62_7_1"
"9_59_6_0","4_62_8_1"
"9_59_6_1","4_62_8_1 + 4_62_8_2"
"11_58_6_0","5_62_8_1"
"11_58_6_1","0"
"13_57_6","6_62_8_2"
"17_55_6_0","8_62_8_0"
"17_55_6_1","8_62_8_4 + 8_62_8_5"
"17_55_6_2","8_62_8_3 + 8_62_8_5"
"17_55_6_3","8_62_8_0 + 8_62_8_3 + 8_62_8_4 + 8_62_8_5"
"19_54_6_0","9_62_8_2"
"19_54_6_1","9_62_8_1"
"21_53_6_0","10_62_8_1"
"21_53_6_1","0"
"25_51_6","12_62_8_2"
"29_49_6_0","0"
"29_49_6_1","14_62_8_2 + 14_62_8_3"
"29_49_6_2","14_62_8_2"
"33_47_6","16_62_8_0"
"35_46_6_0","17_62_8_2"
"35_46_6_1","0"
"37_45_6_0","18_62_8_2"
"37_45_6_1","18_62_8_2 + 18_62_8_3"
"51_38_6_0","0"
"51_38_6_1","25_62_8_3"
"53_37_6","26_62_8_3"
"65_31_6","32_62_8_4"
"67_30_6","33_62_8_3"
"81_23_6","40_62_8_3"
"93_17_6","46_62_8_3"
"97_15_6","48_62_8_3"
"105_11_6","52_62_8_3"
"5_61_7_0","0"
"5_61_7_1","2_62_9_0"
"9_59_7_0","0"
"9_59_7_1","0"
"9_59_7_2","4_62_9_2"
"13_57_7_0","6_62_9_2"
"13_57_7_1","6_62_9_4 + 6_62_9_5"
"13_57_7_2","6_62_9_2 + 6_62_9_5"
"17_55_7_0","8_62_9_2 + 8_62_9_3"
"17_55_7_1","8_62_9_2"
"17_55_7_2","8_62_9_2 + 8_62_9_3 + 8_62_9_5"
"17_55_7_3","8_62_9_4 + 8_62_9_5"
"21_53_7_0","10_62_9_1"
"21_53_7_1","10_62_9_2"
"29_49_7","14_62_9_2"
"33_47_7_0","16_62_9_1"
"33_47_7_1","16_62_9_2"
"35_46_7_0","17_62_9_1"
"35_46_7_1","0"
"37_45_7_0","18_62_9_1"
"37_45_7_1","18_62_9_2"
"49_39_7","24_62_9_0"
"53_37_7_0","0"
"53_37_7_1","26_62_9_1"
"57_35_7","28_62_9_1"
"65_31_7","32_62_9_1"
"69_29_7","34_62_9_2"
"75_26_7","37_62_9_1"
"81_23_7","40_62_9_1"
"97_15_7","48_62_9_1"
"9_59_8_0","4_62_10_1 + 4_62_10_3"
"9_59_8_1","4_62_10_0"
"9_59_8_2","4_62_10_0 + 4_62_10_3"
"9_59_8_3","4_62_10_0 + 4_62_10_1 + 4_62_10_4"
"9_59_8_4","4_62_10_0 + 4_62_10_1 + 4_62_10_4 + 4_62_10_5"
"13_57_8_0","6_62_10_1"
"13_57_8_1","6_62_10_2 + 6_62_10_3"
"13_57_8_2","6_62_10_3"
"19_54_8_0","9_62_10_2"
"19_54_8_1","9_62_10_2"
"21_53_8","10_62_10_2"
"29_49_8","14_62_10_3"
"33_47_8_0","16_62_10_3 + 16_62_10_4"
"33_47_8_1","16_62_10_3"
"33_47_8_2","16_62_10_4 + 16_62_10_5"
"35_46_8_0","17_62_10_2"
"35_46_8_1","0"
"53_37_8_0","26_62_10_2"
"53_37_8_1","26_62_10_2 + 26_62_10_4"
"57_35_8","28_62_10_3"
"65_31_8_0","32_62_10_4"
"65_31_8_1","32_62_10_4 + 32_62_10_5"
"69_29_8","34_62_10_4"
"71_28_8","35_62_10_3"
"77_25_8","38_62_10_3"
"81_23_8","40_62_10_3"
"83_22_8","41_62_10_3"
"5_61_9","2_62_11_0"
"9_59_9_0","4_62_11_1"
"9_59_9_1","4_62_11_3"
"9_59_9_2","4_62_11_1 + 4_62_11_2 + 4_62_11_3"
"13_57_9_0","6_62_11_2"
"13_57_9_1","6_62_11_3"
"13_57_9_2","6_62_11_4"
"17_55_9_0","8_62_11_0"
"17_55_9_1","8_62_11_3"
"25_51_9_0","12_62_11_1"
"25_51_9_1","12_62_11_1 + 12_62_11_2"
"37_45_9","18_62_11_1"
"49_39_9","24_62_11_2"
"53_37_9","26_62_11_2"
"65_31_9_0","32_62_11_3"
"65_31_9_1","32_62_11_3 + 32_62_11_4"
"69_29_9","34_62_11_2"
"77_25_9","38_62_11_2"
"81_23_9_0","40_62_11_2"
"81_23_9_1","40_62_11_2 + 40_62_11_3"
"89_19_9","44_62_11_2"
"5_61_10_0","0"
"5_61_10_1","2_62_12"
"9_59_10_0","0"
"9_59_10_1","4_62_12_1"
"11_58_10_0","5_62_12_1"
"11_58_10_1","0"
"11_58_10_2","0"
"13_57_10_0","0"
"13_57_10_1","6_62_12_1"
"19_54_10_0","0"
"19_54_10_1","9_62_12_1"
"21_53_10","10_62_12_2"
"25_51_10","12_62_12_2"
"27_50_10","13_62_12_1"
"33_47_10","16_62_12_1"
"45_41_10","22_62_12_2"
"65_31_10_0","32_62_12_2"
"65_31_10_1","32_62_12_2 + 32_62_12_3"
"77_25_10","38_62_12_2"
"81_23_10","40_62_12_2"
"89_19_10","44_62_12_2"
"5_61_11","2_62_13"
"9_59_11_0","0"
"9_59_11_1","4_62_13_1"
"9_59_11_2","4_62_13_0"
"17_55_11_0","8_62_13_1"
"17_55_11_1","8_62_13_2"
"19_54_11_0","9_62_13_1"
"19_54_11_1","9_62_13_1"
"21_53_11","10_62_13_1"
"25_51_11","12_62_13_1"
"29_49_11","14_62_13_1"
"41_43_11","20_62_13_2"
"53_37_11","26_62_13_3"
"59_34_11","29_62_13_2"
"65_31_11","32_62_13_2"
"81_23_11","40_62_13_2"
"5_61_12_0","0"
"5_61_12_1","2_62_14"
"9_59_12_0","0"
"9_59_12_1","4_62_14_0"
"13_57_12_0","6_62_14_0"
"13_57_12_1","6_62_14_1"
"17_55_12_0","8_62_14_0"
"17_55_12_1","8_62_14_0 + 8_62_14_1"
"21_53_12","10_62_14_0"
"25_51_12","12_62_14"
"37_45_12","18_62_14_0"
"41_43_12","20_62_14_1"
"49_39_12","24_62_14_2"
"53_37_12","26_62_14_2"
"55_36_12","27_62_14_1"
"61_33_12","30_62_14_1"
"65_31_12","32_62_14_1"
"67_30_12","33_62_14_1"
"9_59_13","4_62_15_0"
"17_55_13","8_62_15_1"
"21_53_13_0","10_62_15_1"
"21_53_13_1","10_62_15_2"
"33_47_13_0","16_62_15_2"
"33_47_13_1","16_62_15_2 + 16_62_15_3"
"49_39_13","24_62_15_3"
"53_37_13","26_62_15_2"
"61_33_13","30_62_15_2"
"65_31_13_0","32_62_15_2"
"65_31_13_1","32_62_15_3"
"73_27_13","36_62_15_2"
"17_55_14_0","8_62_16_1"
"17_55_14_1","8_62_16_1 + 8_62_16_2"
"21_53_14","10_62_16_1"
"29_49_14","14_62_16_2"
"33_47_14","16_62_16_2"
"49_39_14","24_62_16_2"
"61_33_14","30_62_16_2"
"65_31_14","32_62_16_2"
"73_27_14","36_62_16_2"
"5_61_15","2_62_17"
"9_59_15","4_62_17_0"
"13_57_15_0","6_62_17_0"
"13_57_15_1","6_62_17_1"
"21_53_15","10_62_17_0"
"25_51_15","12_62_17_1"
"33_47_15","16_62_17_1"
"37_45_15","18_62_17_2"
"43_42_15","21_62_17_1"
"49_39_15","24_62_17_1"
"65_31_15","32_62_17_1"
"9_59_16","4_62_18"
"13_57_16","6_62_18"
"21_53_16_0","10_62_18_0"
"21_53_16_1","10_62_18_2 + 10_62_18_3"
"21_53_16_2","10_62_18_2"
"25_51_16","12_62_18_1"
"33_47_16_0","16_62_18_2"
"33_47_16_1","16_62_18_2 + 16_62_18_3"
"37_45_16","18_62_18_2"
"39_44_16","19_62_18_1"
"45_41_16","22_62_18_1"
"49_39_16","24_62_18_1"
"51_38_16","25_62_18_1"
"13_57_17","6_62_19_1"
"17_55_17","8_62_19_2"
"21_53_17_0","10_62_19_2"
"21_53_17_1","10_62_19_2 + 10_62_19_3"
"33_47_17_0","16_62_19_3 + 16_62_19_4"
"33_47_17_1","16_62_19_4"
"37_45_17","18_62_19_2"
"45_41_17","22_62_19_2"
"49_39_17_0","24_62_19_2"
"49_39_17_1","24_62_19_2 + 24_62_19_3"
"57_35_17","28_62_19_2"
"5_61_18","2_62_20"
"13_57_18_0","6_62_20_1 + 6_62_20_2"
"13_57_18_1","6_62_20_1"
"21_53_18_0","0"
"21_53_18_1","10_62_20_1"
"33_47_18_0","16_62_20_1"
"33_47_18_1","16_62_20_2"
"45_41_18","22_62_20_1"
"49_39_18","24_62_20_1"
"57_35_18","28_62_20_1"
"9_59_19","4_62_21_1"
"13_57_19_0","0"
"13_57_19_1","6_62_21_1"
"17_55_19","8_62_21_1"
"21_53_19_0","10_62_21_2"
"21_53_19_1","10_62_21_2 + 10_62_21_3"
"27_50_19","13_62_21_1"
"33_47_19","16_62_21_1"
"49_39_19","24_62_21_1"
"9_59_20","4_62_22"
"13_57_20","6_62_22"
"17_55_20_0","8_62_22_2"
"17_55_20_1","8_62_22_1"
"21_53_20","10_62_22_1"
"23_52_20","11_62_22"
"29_49_20","14_62_22_1"
"33_47_20","16_62_22_1"
"35_46_20","17_62_22_1"
"5_61_21","2_62_23"
"9_59_21_0","0"
"9_59_21_1","4_62_23"
"17_55_21","8_62_23_1"
"21_53_21","10_62_23"
"29_49_21","14_62_23_1"
"33_47_21_0","16_62_23_1"
"33_47_21_1","16_62_23_2"
"41_43_21","20_62_23_1"
"9_59_22","4_62_24_1"
"17_55_22","8_62_24_0"
"29_49_22","14_62_24_1"
"33_47_22","16_62_24_1"
"41_43_22","20_62_24_1"
"9_59_23","4_62_25"
"17_55_23","8_62_25_1"
"33_47_23","16_62_25_1"
"5_61_24","2_62_26"
"13_57_24","6_62_26_1"
"17_55_24","8_62_26_1"
"19_54_24","9_62_26_1"
"13_57_25","6_62_27_1"
"17_55_25_0","8_62_27_1"
"17_55_25_1","8_62_27_2"
"25_51_25","12_62_27_1"
"13_57_26","6_62_28"
"17_55_26","8_62_28_1"
"25_51_26","12_62_28_1"
"17_55_27","8_62_29_1"
"9_59_29","4_62_31"
"9_59_30","4_62_32"
"5_61_31","2_62_33"
"67_31_1","33_63_3_1"
"99_15_1","49_63_3_1"
"115_7_1","57_63_3_1"
"129_0_1","64_63_3_2"
"37_46_2","18_63_4"
"53_38_2","26_63_4"
"61_34_2","30_63_4"
"65_32_2","32_63_4"
"69_30_2","34_63_4"
"93_18_2","46_63_4"
"97_16_2","48_63_4"
"101_14_2","50_63_4"
"113_8_2","56_63_4_0"
"117_6_2","58_63_4"
"129_0_2","64_63_4_1"
"23_53_3","11_63_5"
"35_47_3","17_63_5_1"
"37_46_3","18_63_5_3"
"39_45_3_0","0"
"39_45_3_1","19_63_5_1"
"47_41_3","23_63_5_1"
"51_39_3","25_63_5_1"
"53_38_3","26_63_5_1"
"61_34_3","30_63_5_1"
"67_31_3_0","33_63_5_0"
"67_31_3_1","0"
"69_30_3","34_63_5_1"
"91_19_3","45_63_5"
"93_18_3","46_63_5_0"
"101_14_3","50_63_5"
"113_8_3","56_63_5"
"129_0_3","64_63_5_1"
"17_56_4_0","8_63_6_3"
"17_56_4_1","8_63_6_1 + 8_63_6_3"
"17_56_4_2","8_63_6_2"
"21_54_4_0","0"
"21_54_4_1","10_63_6_0"
"33_48_4_0","16_63_6_0"
"33_48_4_1","16_63_6_2 + 16_63_6_4"
"33_48_4_2","16_63_6_0 + 16_63_6_2"
"33_48_4_3","16_63_6_0 + 16_63_6_2 + 16_63_6_4 + 16_63_6_5"
"37_46_4","18_63_6_3"
"41_44_4","20_63_6_3"
"49_40_4_0","24_63_6_2 + 24_63_6_3"
"49_40_4_1","24_63_6_2"
"51_39_4","25_63_6_2"
"53_38_4_0","26_63_6_0"
"53_38_4_1","26_63_6_2"
"65_32_4","32_63_6_2"
"69_30_4","34_63_6_2"
"83_23_4","41_63_6_2"
"85_22_4","42_63_6_1"
"89_20_4","44_63_6_1"
"93_18_4_0","46_63_6_1"
"93_18_4_1","0"
"101_14_4","50_63_6_1"
"129_0_4","64_63_6_2"
"11_59_5","5_63_7_0"
"17_56_5_0","8_63_7_2"
"17_56_5_1","8_63_7_2 + 8_63_7_3"
"17_56_5_2","8_63_7_4"
"19_55_5_0","0"
"19_55_5_1","0"
"19_55_5_2","9_63_7_2"
"25_52_5_0","12_63_7_0"
"25_52_5_1","12_63_7_0 + 12_63_7_3"
"27_51_5","13_63_7_2"
"29_50_5_0","14_63_7_2"
"29_50_5_1","14_63_7_1"
"33_48_5_0","16_63_7_3"
"33_48_5_1","16_63_7_3 + 16_63_7_4"
"35_47_5","17_63_7_0"
"37_46_5","18_63_7_2"
"39_45_5_0","0"
"39_45_5_1","19_63_7_1"
"41_44_5","20_63_7_1"
"49_40_5_0","24_63_7_2"
"49_40_5_1","24_63_7_1"
"53_38_5","26_63_7_1"
"67_31_5_0","33_63_7_3"
"67_31_5_1","0"
"69_30_5","34_63_7_3"
"81_24_5","40_63_7_3"
"83_23_5","41_63_7_2"
"89_20_5","44_63_7_2"
"99_15_5_0","49_63_7_2"
"99_15_5_1","49_63_7_2"
"101_14_5","50_63_7_2"
"129_0_5","64_63_7_3"
"9_60_6_0","0"
"9_60_6_1","4_63_8_1 + 4_63_8_3 + 4_63_8_4"
"9_60_6_2","4_63_8_1"
"9_60_6_3","4_63_8_4"
"9_60_6_4","4_63_8_2 + 4_63_8_3"
"11_59_6_0","5_63_8_0"
"11_59_6_1","0"
"13_58_6_0","6_63_8_1 + 6_63_8_3 + 6_63_8_4"
"13_58_6_1","6_63_8_4"
"13_58_6_2","6_63_8_3 + 6_63_8_4"
"17_56_6_0","0"
"17_56_6_1","8_63_8_2 + 8_63_8_3"
"17_56_6_2","8_63_8_1 + 8_63_8_2 + 8_63_8_3"
"17_56_6_3","8_63_8_1 + 8_63_8_2"
"23_53_6_0","0"
"23_53_6_1","11_63_8_1"
"25_52_6_0","0"
"25_52_6_1","12_63_8_1"
"33_48_6_0","16_63_8_2 + 16_63_8_3"
"33_48_6_1","16_63_8_3"
"37_46_6_0","18_63_8_1"
"37_46_6_1","18_63_8_1 + 18_63_8_3"
"41_44_6","20_63_8_1"
"45_42_6","22_63_8_1"
"49_40_6_0","0"
"49_40_6_1","24_63_8_1"
"53_38_6_0","0"
"53_38_6_1","26_63_8_1"
"57_36_6","28_63_8_1"
"65_32_6","32_63_8_1"
"69_30_6","34_63_8_2"
"77_26_6","38_63_8_1"
"97_16_6","48_63_8_1"
"101_14_6","50_63_8_1"
"129_0_6","64_63_8_2"
"5_62_7","2_63_9_0"
"9_60_7_0","4_63_9_0"
"9_60_7_1","4_63_9_0 + 4_63_9_3 + 4_63_9_4"
"9_60_7_2","4_63_9_3 + 4_63_9_4 + 4_63_9_5"
"9_60_7_3","4_63_9_0 + 4_63_9_4"
"9_60_7_4","4_63_9_1 + 4_63_9_4"
"13_58_7","6_63_9_1"
"19_55_7_0","0"
"19_55_7_1","0"
"19_55_7_2","9_63_9_1"
"25_52_7","12_63_9_2"
"33_48_7_0","16_63_9_4"
"33_48_7_1","16_63_9_1"
"33_48_7_2","16_63_9_1 + 16_63_9_5"
"37_46_7_0","18_63_9_2"
"37_46_7_1","18_63_9_2 + 18_63_9_3"
"45_42_7","22_63_9_2"
"53_38_7","26_63_9_3"
"59_35_7","29_63_9_2"
"65_32_7","32_63_9_3"
"69_30_7","34_63_9_3"
"71_29_7","35_63_9_2"
"77_26_7","38_63_9_2"
"97_16_7","48_63_9_2"
"129_0_7","64_63_9_3"
"5_62_8_0","0"
"5_62_8_1","0"
"5_62_8_2","2_63_10_0"
"9_60_8_0","4_63_10_1 + 4_63_10_3"
"9_60_8_1","4_63_10_1 + 4_63_10_2 + 4_63_10_3"
"9_60_8_2","4_63_10_1 + 4_63_10_2"
"13_58_8_0","6_63_10_2"
"13_58_8_1","6_63_10_2 + 6_63_10_3"
"17_56_8_0","8_63_10_1"
"17_56_8_1","8_63_10_3"
"21_54_8","10_63_10_3"
"25_52_8_0","12_63_10_2"
"25_52_8_1","12_63_10_2 + 12_63_10_4"
"33_48_8_0","16_63_10_3 + 16_63_10_4"
"33_48_8_1","16_63_10_3"
"35_47_8_0","17_63_10_2"
"35_47_8_1","17_63_10_3"
"37_46_8_0","18_63_10_0"
"37_46_8_1","18_63_10_2"
"49_40_8","24_63_10_1"
"53_38_8","26_63_10_1"
"61_34_8","30_63_10_2"
"65_32_8","32_63_10_2"
"67_31_8_0","33_63_10_1"
"67_31_8_1","33_63_10_1"
"69_30_8","34_63_10_1"
"73_28_8","36_63_10_1"
"77_26_8","38_63_10_1"
"85_22_8","42_63_10_1"
"129_0_8","64_63_10_2"
"5_62_9_0","0"
"5_62_9_1","0"
"5_62_9_2","2_63_11_0"
"5_62_9_3","2_63_11_1"
"9_60_9_0","0"
"9_60_9_1","4_63_11_2 + 4_63_11_3"
"9_60_9_2","4_63_11_2"
"11_59_9_0","0"
"11_59_9_1","5_63_11_1"
"13_58_9_0","6_63_11_3"
"13_58_9_1","6_63_11_2"
"17_56_9","8_63_11_2"
"19_55_9","9_63_11_2"
"21_54_9","10_63_11_4"
"25_52_9","12_63_11_4"
"27_51_9_0","13_63_11_2"
"27_51_9_1","0"
"33_48_9_0","16_63_11_2"
"33_48_9_1","16_63_11_2"
"33_48_9_2","16_63_11_2 + 16_63_11_3"
"45_42_9","22_63_11_2"
"51_39_9","25_63_11_2"
"61_34_9","30_63_11_3"
"65_32_9","32_63_11_2"
"69_30_9","34_63_11_2"
"73_28_9","36_63_11_2"
"83_23_9_0","41_63_11_2"
"83_23_9_1","0"
"85_22_9","42_63_11_2"
"129_0_9","64_63_11_3"
"9_60_10_0","4_63_12_0"
"9_60_10_1","4_63_12_1"
"9_60_10_2","4_63_12_1 + 4_63_12_2"
"11_59_10","5_63_12_0"
"17_56_10_0","8_63_12_0"
"17_56_10_1","8_63_12_0 + 8_63_12_1 + 8_63_12_3"
"17_56_10_2","8_63_12_0 + 8_63_12_1"
"21_54_10_0","0"
"21_54_10_1","10_63_12_1"
"23_53_10","11_63_12"
"25_52_10","12_63_12_0"
"29_50_10_0","14_63_12_0"
"29_50_10_1","14_63_12_0 + 14_63_12_1"
"33_48_10","16_63_12"
"41_44_10","20_63_12"
"49_40_10","24_63_12_0"
"61_34_10","30_63_12"
"69_30_10","34_63_12"
"81_24_10","40_63_12_0"
"85_22_10","42_63_12"
"129_0_10","64_63_12_1"
"5_62_11_0","0"
"5_62_11_1","2_63_13"
"9_60_11_0","4_63_13_0"
"9_60_11_1","4_63_13_1"
"13_58_11","6_63_13_2"
"17_56_11_0","8_63_13_3"
"17_56_11_1","8_63_13_2"
"19_55_11_0","9_63_13_0"
"19_55_11_1","0"
"21_54_11_0","10_63_13_0"
"21_54_11_1","10_63_13_2"
"21_54_11_2","10_63_13_1"
"25_52_11","12_63_13"
"29_50_11","14_63_13"
"37_46_11","18_63_13"
"49_40_11","24_63_13_1"
"55_37_11","27_63_13"
"61_34_11","30_63_13"
"81_24_11","40_63_13"
"129_0_11","64_63_13_1"
"5_62_12_0","0"
"5_62_12_1","0"
"5_62_12_2","2_63_14"
"9_60_12_0","4_63_14_0"
"9_60_12_1","4_63_14_2"
"17_56_12_0","8_63_14_2"
"17_56_12_1","8_63_14_1 + 8_63_14_2"
"19_55_12_0","9_63_14_0"
"19_55_12_1","0"
"21_54_12_0","10_63_14_0"
"21_54_12_1","10_63_14_0 + 10_63_14_2"
"21_54_12_2","10_63_14_1 + 10_63_14_2"
"29_50_12","14_63_14_0"
"33_48_12","16_63_14"
"45_42_12","22_63_14_1"
"49_40_12","24_63_14_1"
"51_39_12","25_63_14"
"57_36_12","28_63_14"
"61_34_12","30_63_14"
"69_30_12","34_63_14"
"129_0_12","64_63_14_1"
"9_60_13","4_63_15_1"
"17_56_13_0","0"
"17_56_13_1","8_63_15_1"
"21_54_13_0","10_63_15_1 + 10_63_15_2"
"21_54_13_1","10_63_15_1"
"29_50_13_0","14_63_15_1"
"29_50_13_1","14_63_15_2"
"35_47_13_0","17_63_15_1"
"35_47_13_1","0"
"45_42_13","22_63_15_2"
"49_40_13","24_63_15_1"
"57_36_13","28_63_15_1"
"67_31_13_0","33_63_15_1"
"67_31_13_1","0"
"69_30_13","34_63_15_1"
"129_0_13","64_63_15_2"
"5_62_14","2_63_16_0"
"9_60_14_0","0"
"9_60_14_1","4_63_16_1"
"13_58_14_0","6_63_16_1"
"13_58_14_1","6_63_16_1 + 6_63_16_2 + 6_63_16_3"
"13_58_14_2","6_63_16_1 + 6_63_16_2"
"21_54_14_0","10_63_16_1 + 10_63_16_2"
"21_54_14_1","10_63_16_1"
"25_52_14","12_63_16_1"
"33_48_14","16_63_16_1"
"37_46_14","18_63_16_2"
"45_42_14","22_63_16_1"
"65_32_14","32_63_16_1"
"69_30_14","34_63_16_1"
"129_0_14","64_63_16_2"
"9_60_15","4_63_17"
"13_58_15","6_63_17"
"21_54_15_0","10_63_17_0"
"21_54_15_1","10_63_17_0 + 10_63_17_1"
"21_54_15_2","10_63_17_2"
"33_48_15","16_63_17_1"
"37_46_15","18_63_17_1"
"39_45_15","19_63_17"
"45_42_15","22_63_17"
"65_32_15","32_63_17"
"129_0_15","64_63_17_1"
"13_58_16","6_63_18_1"
"17_56_16","8_63_18_1"
"21_54_16_0","10_63_18_1"
"21_54_16_1","10_63_18_2"
"29_50_16","14_63_18_2"
"33_48_16","16_63_18_2"
"35_47_16_0","17_63_18_1"
"35_47_16_1","0"
"37_46_16","18_63_18_1"
"41_44_16","20_63_18_1"
"45_42_16","22_63_18_1"
"53_38_16","26_63_18_1"
"129_0_16","64_63_18_2"
"5_62_17","2_63_19"
"9_60_17","4_63_19_0"
"13_58_17","6_63_19"
"17_56_17","8_63_19_0"
"19_55_17","9_63_19"
"21_54_17_0","0"
"21_54_17_1","10_63_19"
"29_50_17","14_63_19_1"
"33_48_17","16_63_19"
"37_46_17","18_63_19"
"41_44_17","20_63_19"
"51_39_17_0","25_63_19"
"51_39_17_1","0"
"53_38_17","26_63_19"
"129_0_17","64_63_19_1"
"9_60_18","4_63_20"
"17_56_18_0","8_63_20_0"
"17_56_18_1","8_63_20_1"
"21_54_18","10_63_20_1"
"29_50_18","14_63_20"
"37_46_18","18_63_20"
"49_40_18","24_63_20_0"
"53_38_18","26_63_20"
"129_0_18","64_63_20_1"
"17_56_19_0","8_63_21_2"
"17_56_19_1","8_63_21_2 + 8_63_21_3"
"21_54_19","10_63_21_2"
"23_53_19","11_63_21_1"
"29_50_19","14_63_21_1"
"49_40_19","24_63_21_1"
"129_0_19","64_63_21_2"
"5_62_20","2_63_22"
"9_60_20","4_63_22"
"13_58_20","6_63_22_1"
"17_56_20_0","8_63_22_2"
"17_56_20_1","8_63_22_1"
"19_55_20","9_63_22"
"21_54_20","10_63_22"
"25_52_20","12_63_22"
"29_50_20","14_63_22"
"37_46_20","18_63_22"
"129_0_20","64_63_22_1"
"9_60_21","4_63_23_1"
"13_58_21","6_63_23_1"
"17_56_21_0","8_63_23_0"
"17_56_21_1","8_63_23_1"
"25_52_21","12_63_23"
"35_47_21_0","17_63_23"
"35_47_21_1","0"
"37_46_21","18_63_23"
"129_0_21","64_63_23_1"
"9_60_22","4_63_24"
"13_58_22_0","0"
"13_58_22_1","6_63_24_0"
"17_56_22","8_63_24_1"
"33_48_22","16_63_24_1"
"37_46_22","18_63_24_1"
"129_0_22","64_63_24_2"
"5_62_23","2_63_25"
"13_58_23_0","6_63_25_2"
"13_58_23_1","6_63_25_1"
"33_48_23","16_63_25_1"
"129_0_23","64_63_25_2"
"9_60_24","4_63_26_1"
"13_58_24_0","6_63_26_2"
"13_58_24_1","6_63_26_1"
"21_54_24","10_63_26_1"
"129_0_24","64_63_26_2"
"9_60_25","4_63_27"
"13_58_25_0","0"
"13_58_25_1","6_63_27"
"19_55_25_0","9_63_27"
"19_55_25_1","0"
"21_54_25","10_63_27"
"129_0_25","64_63_27_1"
"5_62_26","2_63_28"
"17_56_26","8_63_28_0"
"21_54_26","10_63_28"
"129_0_26","64_63_28_1"
"17_56_27","8_63_29_1"
"129_0_27","64_63_29_2"
"129_0_28","64_63_30_1"
"129_0_29","64_63_31_1"
"129_0_30","64_63_32_1"
"129_0_31","64_63_33"
"129_0_32","64_63_34"
"129_0_33","64_63_35"
"129_0_34","64_63_36"
"129_0_35","64_63_37"
"69_31_1","34_64_3"
"101_15_1","50_64_3"
"117_7_1","58_64_3"
"125_3_1","62_64_3"
"129_1_1","64_64_3"
"39_46_2","19_64_4"
"67_32_2","33_64_4_2"
"69_31_2","34_64_4_2"
"71_30_2","35_64_4_0"
"99_16_2","49_64_4_2"
"101_15_2","50_64_4_2"
"103_14_2","51_64_4_1"
"115_8_2","57_64_4_1"
"117_7_2","58_64_4_1"
"125_3_2","62_64_4_1"
"25_53_3","12_64_5_1"
"33_49_3_0","16_64_5_4"
"33_49_3_1","16_64_5_3"
"37_47_3","18_64_5_1"
"41_45_3_0","20_64_5_2 + 20_64_5_3"
"41_45_3_1","20_64_5_3"
"49_41_3","24_64_5_2"
"65_33_3","32_64_5_2"
"69_31_3_0","34_64_5_1"
"69_31_3_1","34_64_5_1 + 34_64_5_3"
"93_19_3","46_64_5_1"
"97_17_3","48_64_5_1"
"101_15_3","50_64_5_2"
"113_9_3","56_64_5_1"
"115_8_3","57_64_5_1"
"117_7_3","58_64_5_1"
"19_56_4_0","0"
"19_56_4_1","9_64_6_1"
"19_56_4_2","9_64_6_0"
"25_53_4","12_64_6_3"
"33_49_4_0","16_64_6_6"
"33_49_4_1","16_64_6_5 + 16_64_6_6"
"35_48_4_0","17_64_6_0"
"35_48_4_1","17_64_6_3"
"35_48_4_2","17_64_6_2 + 17_64_6_3"
"41_45_4","20_64_6_2"
"43_44_4","21_64_6_2"
"49_41_4","24_64_6_2"
"51_40_4_0","25_64_6_0"
"51_40_4_1","0"
"55_38_4_0","27_64_6_0"
"55_38_4_1","27_64_6_0"
"65_33_4","32_64_6_3"
"67_32_4","33_64_6_2"
"69_31_4","34_64_6_2"
"87_22_4","43_64_6_1"
"91_20_4","45_64_6_1"
"97_17_4","48_64_6_2"
"101_15_4","50_64_6_2"
"103_14_4","51_64_6_1"
"113_9_4","56_64_6_1"
"117_7_4","58_64_6_1"
"9_61_5_0","4_64_7_0"
"9_61_5_1","4_64_7_1"
"17_57_5_0","8_64_7_0"
"17_57_5_1","8_64_7_0 + 8_64_7_1"
"21_55_5_0","0"
"21_55_5_1","10_64_7_1"
"25_53_5_0","0"
"25_53_5_1","12_64_7_2 + 12_64_7_4"
"25_53_5_2","12_64_7_2"
"29_51_5","14_64_7_4"
"33_49_5_0","16_64_7_6 + 16_64_7_7"
"33_49_5_1","16_64_7_1"
"33_49_5_2","16_64_7_5 + 16_64_7_7"
"33_49_5_3","16_64_7_5 + 16_64_7_6 + 16_64_7_7"
"35_48_5_0","17_64_7_2"
"35_48_5_1","0"
"37_47_5","18_64_7_3"
"41_45_5_0","20_64_7_2"
"41_45_5_1","20_64_7_2 + 20_64_7_3"
"49_41_5","24_64_7_0"
"57_37_5","28_64_7_3"
"65_33_5","32_64_7_2"
"69_31_5_0","34_64_7_2"
"69_31_5_1","34_64_7_3"
"85_23_5","42_64_7_2"
"97_17_5","48_64_7_3"
"101_15_5_0","50_64_7_2"
"101_15_5_1","50_64_7_3"
"109_11_5","54_64_7_2"
"113_9_5","56_64_7_2"
"9_61_6","4_64_8_0"
"11_60_6_0","5_64_8_0"
"11_60_6_1","0"
"11_60_6_2","5_64_8_0 + 5_64_8_1"
"13_59_6","6_64_8_0"
"21_55_6_0","0"
"21_55_6_1","10_64_8_1"
"25_53_6_0","0"
"25_53_6_1","12_64_8_3"
"29_51_6_0","14_64_8_4"
"29_51_6_1","14_64_8_5"
"33_49_6_0","16_64_8_1"
"33_49_6_1","16_64_8_4"
"37_47_6","18_64_8_2"
"41_45_6","20_64_8_3"
"51_40_6_0","0"
"51_40_6_1","25_64_8_3"
"57_37_6","28_64_8_4"
"59_36_6","29_64_8_4"
"67_32_6","33_64_8_4"
"69_31_6","34_64_8_4"
"71_30_6","35_64_8_3"
"97_17_6","48_64_8_4"
"99_16_6","49_64_8_3"
"101_15_6","50_64_8_3"
"109_11_6","54_64_8_3"
"5_63_7_0","0"
"5_63_7_1","2_64_9"
"9_61_7_0","4_64_9_0"
"9_61_7_1","4_64_9_0 + 4_64_9_1"
"9_61_7_2","4_64_9_3"
"9_61_7_3","4_64_9_1 + 4_64_9_2 + 4_64_9_3"
"11_60_7_0","0"
"11_60_7_1","5_64_9_0"
"11_60_7_2","5_64_9_1"
"13_59_7_0","6_64_9_0"
"13_59_7_1","6_64_9_1"
"13_59_7_2","6_64_9_0 + 6_64_9_1 + 6_64_9_2"
"17_57_7","8_64_9_0"
"29_51_7_0","14_64_9_0"
"29_51_7_1","14_64_9_2"
"35_48_7_0","17_64_9_1"
"35_48_7_1","0"
"49_41_7","24_64_9_1"
"57_37_7_0","0"
"57_37_7_1","28_64_9_1"
"61_35_7","30_64_9_2"
"65_33_7","32_64_9_1"
"69_31_7","34_64_9_1"
"73_29_7","36_64_9_1"
"85_23_7","42_64_9_2"
"97_17_7","48_64_9_1"
"99_16_7","49_64_9_1"
"101_15_7","50_64_9_1"
"5_63_8_0","2_64_10_1"
"5_63_8_1","2_64_10_0 + 2_64_10_1"
"5_63_8_2","2_64_10_0 + 2_64_10_1 + 2_64_10_2"
"5_63_8_3","2_64_10_1"
"9_61_8_0","4_64_10_0"
"9_61_8_1","4_64_10_0 + 4_64_10_1"
"9_61_8_2","4_64_10_2"
"13_59_8_0","0"
"13_59_8_1","6_64_10_1"
"17_57_8_0","8_64_10_1 + 8_64_10_2"
"17_57_8_1","8_64_10_2"
"23_54_8_0","11_64_10_0"
"23_54_8_1","0"
"29_51_8_0","14_64_10_1"
"29_51_8_1","14_64_10_1 + 14_64_10_2"
"51_40_8","25_64_10_2"
"57_37_8_0","28_64_10_2"
"57_37_8_1","28_64_10_2 + 28_64_10_3"
"61_35_8","30_64_10_2"
"69_31_8_0","34_64_10_3"
"69_31_8_1","34_64_10_2"
"73_29_8","36_64_10_2"
"81_25_8","40_64_10_3"
"85_23_8","42_64_10_3"
"87_22_8","43_64_10_2"
"97_17_8","48_64_10_2"
"101_15_8","50_64_10_2"
"5_63_9","2_64_11"
"9_61_9_0","4_64_11_1"
"9_61_9_1","4_64_11_1 + 4_64_11_2"
"11_60_9_0","0"
"11_60_9_1","5_64_11_1"
"17_57_9_0","8_64_11_1 + 8_64_11_3"
"17_57_9_1","8_64_11_2"
"17_57_9_2","8_64_11_1"
"19_56_9","9_64_11"
"25_53_9","12_64_11"
"29_51_9_0","0"
"29_51_9_1","14_64_11"
"41_45_9","20_64_11"
"53_39_9","26_64_11"
"57_37_9","28_64_11"
"69_31_9_0","34_64_11_0"
"69_31_9_1","34_64_11_0 + 34_64_11_1"
"81_25_9","40_64_11_1"
"85_23_9_0","42_64_11_0"
"85_23_9_1","42_64_11_1"
"93_19_9","46_64_11"
"97_17_9","48_64_11"
"5_63_10_0","0"
"5_63_10_1","2_64_12_0"
"9_61_10_0","4_64_12_1"
"9_61_10_1","4_64_12_1 + 4_64_12_2"
"13_59_10_0","6_64_12_2"
"13_59_10_1","6_64_12_3"
"17_57_10_0","8_64_12_0"
"17_57_10_1","8_64_12_2"
"19_56_10_0","9_64_12_0"
"19_56_10_1","9_64_12_1"
"19_56_10_2","0"
"21_55_10","10_64_12"
"25_53_10","12_64_12"
"37_47_10","18_64_12"
"49_41_10","24_64_12_1"
"51_40_10","25_64_12"
"69_31_10_0","0"
"69_31_10_1","34_64_12"
"81_25_10","40_64_12_1"
"83_24_10","41_64_12"
"85_23_10","42_64_12"
"93_19_10","46_64_12"
"5_63_11_0","0"
"5_63_11_1","2_64_13"
"5_63_11_2","2_64_13"
"9_61_11_0","4_64_13_2"
"9_61_11_1","4_64_13_0 + 4_64_13_2"
"9_61_11_2","4_64_13_3"
"13_59_11","6_64_13_1"
"17_57_11","8_64_13_0"
"21_55_11_0","10_64_13_0"
"21_55_11_1","10_64_13_0 + 10_64_13_1"
"25_53_11","12_64_13"
"29_51_11","14_64_13_0"
"33_49_11_0","16_64_13_0"
"33_49_11_1","16_64_13_0 + 16_64_13_1"
"45_43_11","22_64_13_1"
"49_41_11","24_64_13"
"57_37_11","28_64_13"
"69_31_11","34_64_13_1"
"81_25_11","40_64_13_0"
"83_24_11","41_64_13"
"85_23_11","42_64_13"
"5_63_12_0","2_64_14"
"5_63_12_1","0"
"9_61_12_0","4_64_14_1"
"9_61_12_1","4_64_14_1 + 4_64_14_2"
"17_57_12","8_64_14_1"
"21_55_12_0","0"
"21_55_12_1","10_64_14_2"
"25_53_12","12_64_14_2"
"29_51_12_0","14_64_14_2"
"29_51_12_1","14_64_14_2 + 14_64_14_3"
"41_45_12","20_64_14_2"
"45_43_12","22_64_14_2"
"53_39_12","26_64_14_2"
"57_37_12","28_64_14_2"
"65_33_12","32_64_14_3"
"69_31_12","34_64_14_3"
"71_30_12","35_64_14_2"
"81_25_12","40_64_14_2"
"85_23_12","42_64_14_2"
"5_63_13_0","2_64_15_0 + 2_64_15_1"
"5_63_13_1","2_64_15_0"
"9_61_13_0","0"
"9_61_13_1","4_64_15_0"
"13_59_13_0","6_64_15_0"
"13_59_13_1","6_64_15_0 + 6_64_15_2"
"17_57_13","8_64_15_1"
"25_53_13_0","12_64_15_1"
"25_53_13_1","12_64_15_2 + 12_64_15_3"
"25_53_13_2","12_64_15_1 + 12_64_15_3"
"37_47_13_0","18_64_15_1"
"37_47_13_1","18_64_15_1 + 18_64_15_2"
"53_39_13","26_64_15_1"
"65_33_13","32_64_15_2"
"69_31_13_0","34_64_15_1"
"69_31_13_1","34_64_15_1 + 34_64_15_2"
"77_27_13","38_64_15_1"
"81_25_13","40_64_15_1"
"9_61_14","4_64_16_0"
"17_57_14","8_64_16_1"
"21_55_14","10_64_16_1"
"25_53_14_0","12_64_16_1 + 12_64_16_2"
"25_53_14_1","12_64_16_2"
"33_49_14","16_64_16_2"
"35_48_14","17_64_16_1"
"37_47_14","18_64_16_1"
"65_33_14","32_64_16_2"
"67_32_14","33_64_16_1"
"69_31_14","34_64_16_1"
"77_27_14","38_64_16_1"
"13_59_15","6_64_17_2"
"17_57_15_0","8_64_17_2"
"17_57_15_1","8_64_17_3"
"25_53_15_0","12_64_17_2 + 12_64_17_3"
"25_53_15_1","12_64_17_2"
"29_51_15","14_64_17_3"
"33_49_15","16_64_17_2"
"37_47_15","18_64_17_2"
"41_45_15","20_64_17_2"
"53_39_15","26_64_17_3"
"65_33_15","32_64_17_2"
"67_32_15","33_64_17_2"
"69_31_15","34_64_17_2"
"5_63_16_0","0"
"5_63_16_1","2_64_18"
"9_61_16","4_64_18_0"
"13_59_16","6_64_18"
"17_57_16","8_64_18"
"25_53_16_0","12_64_18_0"
"25_53_16_1","12_64_18_0 + 12_64_18_1"
"29_51_16","14_64_18"
"37_47_16_0","18_64_18_0"
"37_47_16_1","18_64_18_1"
"41_45_16","20_64_18"
"49_41_16","24_64_18_1"
"53_39_16","26_64_18_1"
"55_38_16","27_64_18"
"65_33_16","32_64_18_0"
"69_31_16","34_64_18"
"9_61_17","4_64_19"
"17_57_17","8_64_19_0"
"21_55_17","10_64_19"
"25_53_17","12_64_19"
"37_47_17_0","18_64_19_0"
"37_47_17_1","18_64_19_1"
"49_41_17","24_64_19_1"
"53_39_17_0","26_64_19_0"
"53_39_17_1","26_64_19_0 + 26_64_19_1"
"61_35_17","30_64_19"
"65_33_17","32_64_19"
"17_57_18_0","8_64_20_2"
"17_57_18_1","8_64_20_2 + 8_64_20_3"
"19_56_18_0","9_64_20_1"
"19_56_18_1","0"
"37_47_18_0","0"
"37_47_18_1","18_64_20_1"
"49_41_18","24_64_20_2"
"51_40_18","25_64_20_1"
"53_39_18","26_64_20_1"
"61_35_18","30_64_20_1"
"5_63_19","2_64_21"
"9_61_19","4_64_21_0"
"13_59_19_0","6_64_21_2"
"13_59_19_1","6_64_21_1 + 6_64_21_2"
"17_57_19","8_64_21"
"25_53_19","12_64_21"
"37_47_19","18_64_21_1"
"49_41_19","24_64_21_0"
"51_40_19","25_64_21"
"53_39_19","26_64_21"
"9_61_20_0","4_64_22_1"
"9_61_20_1","4_64_22_2"
"13_59_20_0","6_64_22_2"
"13_59_20_1","6_64_22_1 + 6_64_22_2"
"21_55_20","10_64_22_1"
"25_53_20","12_64_22_1"
"33_49_20","16_64_22_2"
"37_47_20","18_64_22_2"
"39_46_20","19_64_22_1"
"49_41_20","24_64_22_1"
"53_39_20","26_64_22_1"
"9_61_21","4_64_23"
"13_59_21_0","0"
"13_59_21_1","6_64_23"
"21_55_21","10_64_23_1"
"33_49_21","16_64_23_2"
"37_47_21_0","18_64_23_1"
"37_47_21_1","18_64_23_2"
"45_43_21","22_64_23_1"
"49_41_21","24_64_23_1"
"5_63_22","2_64_24"
"33_49_22","16_64_24_2"
"35_48_22","17_64_24_1"
"37_47_22","18_64_24_1"
"45_43_22","22_64_24_1"
"9_61_23","4_64_25_1"
"13_59_23","6_64_25_1"
"17_57_23","8_64_25_1"
"21_55_23","10_64_25_2"
"33_49_23","16_64_25_1"
"35_48_23","17_64_25_1"
"37_47_23","18_64_25_1"
"9_61_24","4_64_26"
"13_59_24","6_64_26"
"17_57_24","8_64_26_1"
"21_55_24","10_64_26_1"
"23_54_24","11_64_26"
"33_49_24","16_64_26_0"
"37_47_24","18_64_26"
"5_63_25","2_64_27"
"9_61_25_0","0"
"9_61_25_1","4_64_27"
"17_57_25","8_64_27_1"
"21_55_25_0","10_64_27_0"
"21_55_25_1","10_64_27_0 + 10_64_27_1"
"29_51_25","14_64_27"
"33_49_25","16_64_27"
"9_61_26","4_64_28_1"
"17_57_26","8_64_28_1"
"19_56_26","9_64_28"
"21_55_26","10_64_28"
"29_51_26","14_64_28"
"9_61_27","4_64_29"
"19_56_27","9_64_29"
"21_55_27","10_64_29"
"17_57_28","8_64_30_1"
"21_55_28","10_64_30_1"
"13_59_29","6_64_31_1"
"17_57_29","8_64_31_1"
"13_59_30","6_64_32"
"71_31_1","35_65_3_1"
"103_15_1","51_65_3_1"
"131_1_1","65_65_3_2"
"133_0_1","66_65_3_2"
"41_46_2","20_65_4"
"45_44_2","22_65_4"
"57_38_2","28_65_4_1"
"65_34_2","32_65_4_2"
"69_32_2","34_65_4_1"
"73_30_2","36_65_4_1"
"97_18_2","48_65_4_2"
"101_16_2","50_65_4_1"
"105_14_2","52_65_4_1"
"129_2_2","64_65_4_1"
"133_0_2","66_65_4_1"
"27_53_3","13_65_5_1"
"35_49_3_0","17_65_5_1"
"35_49_3_1","17_65_5_1 + 17_65_5_2"
"41_46_3","20_65_5_2"
"43_45_3_0","21_65_5_1"
"43_45_3_1","21_65_5_1 + 21_65_5_2"
"51_41_3","25_65_5"
"57_38_3","28_65_5_2"
"65_34_3","32_65_5_2"
"67_33_3","33_65_5_1"
"73_30_3","36_65_5_1"
"97_18_3","48_65_5_2"
"99_17_3","49_65_5_1"
"105_14_3","52_65_5_1"
"133_0_3","66_65_5_1"
"21_56_4","10_65_6_1"
"25_54_4_0","12_65_6_1"
"25_54_4_1","12_65_6_2"
"29_52_4","14_65_6_1"
"33_50_4_0","16_65_6_1"
"33_50_4_1","16_65_6_1 + 16_65_6_2"
"33_50_4_2","16_65_6_1 + 16_65_6_2 + 16_65_6_4"
"37_48_4_0","18_65_6_1"
"37_48_4_1","0"
"41_46_4_0","20_65_6_1 + 20_65_6_2"
"41_46_4_1","20_65_6_1"
"45_44_4","22_65_6_1"
"53_40_4_0","26_65_6_1"
"53_40_4_1","0"
"57_38_4_0","28_65_6_2"
"57_38_4_1","28_65_6_3"
"65_34_4","32_65_6_1"
"69_32_4","34_65_6_1"
"73_30_4","36_65_6_1"
"93_20_4","46_65_6_3"
"97_18_4_0","48_65_6_1 + 48_65_6_3"
"97_18_4_1","48_65_6_1"
"99_17_4","49_65_6_1"
"105_14_4","52_65_6_1"
"133_0_4","66_65_6_1"
"11_61_5","5_65_7"
"21_56_5","10_65_7_2"
"23_55_5_0","0"
"23_55_5_1","11_65_7_1"
"25_54_5","12_65_7_1"
"27_53_5_0","0"
"27_53_5_1","0"
"27_53_5_2","13_65_7_1"
"29_52_5_0","14_65_7_1"
"29_52_5_1","14_65_7_3"
"35_49_5_0","17_65_7_2"
"35_49_5_1","0"
"35_49_5_2","17_65_7_3"
"37_48_5_0","18_65_7_3 + 18_65_7_4"
"37_48_5_1","18_65_7_4"
"41_46_5","20_65_7_3"
"43_45_5_0","21_65_7_2"
"43_45_5_1","21_65_7_2 + 21_65_7_3"
"45_44_5","22_65_7_2"
"53_40_5_0","26_65_7_3"
"53_40_5_1","0"
"57_38_5","28_65_7_2"
"59_37_5","29_65_7_2"
"71_31_5_0","35_65_7_3"
"71_31_5_1","0"
"73_30_5","36_65_7_2"
"87_23_5","43_65_7_2"
"93_20_5","46_65_7_3"
"97_18_5","48_65_7_2"
"105_14_5","52_65_7_2"
"115_9_5","57_65_7_2"
"133_0_5","66_65_7_2"
"9_62_6_0","4_65_8_0"
"9_62_6_1","4_65_8_1"
"9_62_6_2","4_65_8_0 + 4_65_8_1"
"13_60_6_0","0"
"13_60_6_1","6_65_8_1"
"13_60_6_2","0"
"17_58_6","8_65_8"
"23_55_6_0","0"
"23_55_6_1","0"
"23_55_6_2","11_65_8_0"
"25_54_6_0","12_65_8_0"
"25_54_6_1","12_65_8_2"
"29_52_6_0","0"
"29_52_6_1","14_65_8_2"
"33_50_6_0","16_65_8_1"
"33_50_6_1","16_65_8_1 + 16_65_8_2"
"37_48_6","18_65_8_1"
"41_46_6","20_65_8_1"
"45_44_6","22_65_8_1"
"49_42_6","24_65_8_2"
"53_40_6_0","0"
"53_40_6_1","26_65_8_1"
"57_38_6_0","0"
"57_38_6_1","28_65_8_2"
"65_34_6","32_65_8_2"
"69_32_6","34_65_8_1"
"73_30_6","36_65_8_2"
"81_26_6","40_65_8_1"
"93_20_6","46_65_8_1"
"113_10_6","56_65_8_1"
"133_0_6","66_65_8_1"
"9_62_7_0","4_65_9_1 + 4_65_9_2"
"9_62_7_1","4_65_9_1"
"9_62_7_2","4_65_9_3"
"13_60_7_0","6_65_9_1"
"13_60_7_1","6_65_9_0"
"21_56_7","10_65_9_2"
"29_52_7_0","14_65_9_2"
"29_52_7_1","14_65_9_2 + 14_65_9_3"
"37_48_7_0","18_65_9_3"
"37_48_7_1","18_65_9_2"
"41_46_7","20_65_9_2"
"49_42_7","24_65_9_4"
"51_41_7","25_65_9_2"
"57_38_7","28_65_9_3"
"67_33_7","33_65_9_2"
"69_32_7","34_65_9_3"
"73_30_7","36_65_9_3"
"75_29_7","37_65_9_2"
"81_26_7","40_65_9_3"
"87_23_7","43_65_9_2"
"133_0_7","66_65_9_2"
"5_64_8_0","2_65_10_0"
"5_64_8_1","2_65_10_0 + 2_65_10_1"
"9_62_8_0","4_65_10_0 + 4_65_10_1 + 4_65_10_2"
"9_62_8_1","4_65_10_0 + 4_65_10_1"
"9_62_8_2","4_65_10_1"
"11_61_8_0","5_65_10"
"11_61_8_1","0"
"11_61_8_2","0"
"13_60_8","6_65_10"
"25_54_8_0","12_65_10_2"
"25_54_8_1","12_65_10_1"
"29_52_8_0","0"
"29_52_8_1","14_65_10_1"
"37_48_8","18_65_10_2"
"41_46_8","20_65_10_1"
"49_42_8","24_65_10_1"
"53_40_8","26_65_10_1"
"57_38_8","28_65_10_1"
"65_34_8","32_65_10_2"
"69_32_8","34_65_10_2"
"71_31_8_0","35_65_10_1"
"71_31_8_1","35_65_10_1"
"73_30_8","36_65_10_1"
"77_28_8","38_65_10_2"
"81_26_8","40_65_10_2"
"83_25_8","41_65_10_1"
"89_22_8","44_65_10_1"
"133_0_8","66_65_10_1"
"5_64_9_0","2_65_11_0"
"5_64_9_1","2_65_11_0 + 2_65_11_1"
"9_62_9_0","4_65_11_0"
"9_62_9_1","0"
"13_60_9_0","6_65_11_0"
"13_60_9_1","6_65_11_0"
"21_56_9_0","0"
"21_56_9_1","10_65_11_1"
"25_54_9_0","12_65_11_1"
"25_54_9_1","12_65_11_1 + 12_65_11_2"
"43_45_9","21_65_11_2"
"49_42_9","24_65_11_2"
"65_34_9","32_65_11_3"
"69_32_9","34_65_11_2"
"73_30_9","36_65_11_3"
"77_28_9","38_65_11_3"
"81_26_9","40_65_11_2"
"89_22_9","44_65_11_2"
"99_17_9","49_65_11_2"
"133_0_9","66_65_11_2"
"5_64_10","2_65_12"
"9_62_10_0","4_65_12_0"
"9_62_10_1","4_65_12_2 + 4_65_12_3"
"9_62_10_2","4_65_12_0 + 4_65_12_3"
"11_61_10_0","0"
"11_61_10_1","5_65_12_1"
"13_60_10","6_65_12_1"
"21_56_10_0","0"
"21_56_10_1","10_65_12_2"
"25_54_10_0","0"
"25_54_10_1","12_65_12_3"
"25_54_10_2","12_65_12_2"
"27_53_10","13_65_12_2"
"33_50_10_0","16_65_12_2"
"33_50_10_1","16_65_12_2 + 16_65_12_3"
"45_44_10","22_65_12_2"
"65_34_10","32_65_12_2"
"73_30_10","36_65_12_3"
"77_28_10","38_65_12_2"
"97_18_10","48_65_12_2"
"133_0_10","66_65_12_2"
"5_64_11_0","2_65_13_0"
"5_64_11_1","2_65_13_0 + 2_65_13_1"
"9_62_11_0","4_65_13_1"
"9_62_11_1","4_65_13_0"
"11_61_11_0","0"
"11_61_11_1","5_65_13"
"13_60_11_0","0"
"13_60_11_1","6_65_13_0"
"21_56_11","10_65_13_2"
"25_54_11_0","12_65_13_2"
"25_54_11_1","12_65_13_2 + 12_65_13_3"
"25_54_11_2","12_65_13_2 + 12_65_13_4"
"29_52_11","14_65_13_2"
"33_50_11","16_65_13_2"
"41_46_11","20_65_13_2"
"53_40_11","26_65_13_3"
"59_37_11","29_65_13_2"
"65_34_11","32_65_13_3"
"73_30_11","36_65_13_2"
"133_0_11","66_65_13_2"
"5_64_12_0","0"
"5_64_12_1","2_65_14_0"
"9_62_12_0","0"
"9_62_12_1","4_65_14_0"
"9_62_12_2","4_65_14_1"
"13_60_12_0","6_65_14_0"
"13_60_12_1","6_65_14_2"
"13_60_12_2","6_65_14_3"
"17_58_12","8_65_14_1"
"21_56_12","10_65_14_1"
"25_54_12_0","12_65_14_1"
"25_54_12_1","12_65_14_1 + 12_65_14_2"
"25_54_12_2","12_65_14_1 + 12_65_14_3"
"33_50_12","16_65_14_1"
"37_48_12","18_65_14_1"
"49_42_12","24_65_14_2"
"53_40_12","26_65_14_2"
"55_39_12","27_65_14_1"
"61_36_12","30_65_14_2"
"65_34_12","32_65_14_2"
"67_33_12","33_65_14_1"
"73_30_12","36_65_14_1"
"133_0_12","66_65_14_1"
"9_62_13_0","4_65_15_0"
"9_62_13_1","4_65_15_0 + 4_65_15_2"
"13_60_13","6_65_15_1"
"17_58_13","8_65_15_1"
"21_56_13_0","0"
"21_56_13_1","10_65_15_1"
"25_54_13_0","12_65_15_1"
"25_54_13_1","12_65_15_2"
"29_52_13","14_65_15_1"
"33_50_13","16_65_15_1"
"49_42_13","24_65_15_2"
"53_40_13","26_65_15_1"
"61_36_13","30_65_15_2"
"65_34_13","32_65_15_1"
"73_30_13","36_65_15_1"
"83_25_13","41_65_15_1"
"133_0_13","66_65_15_1"
"13_60_14","6_65_16_1"
"17_58_14_0","8_65_16_1"
"17_58_14_1","8_65_16_1 + 8_65_16_2"
"25_54_14_0","12_65_16_3"
"25_54_14_1","12_65_16_1 + 12_65_16_2"
"25_54_14_2","12_65_16_1"
"29_52_14_0","14_65_16_1"
"29_52_14_1","14_65_16_2"
"41_46_14","20_65_16_2"
"49_42_14","24_65_16_1"
"61_36_14","30_65_16_1"
"81_26_14","40_65_16_1"
"133_0_14","66_65_16_1"
"5_64_15_0","2_65_17_0 + 2_65_17_1"
"5_64_15_1","2_65_17_0"
"9_62_15_0","4_65_17_0"
"9_62_15_1","4_65_17_1"
"13_60_15_0","6_65_17_0"
"13_60_15_1","6_65_17_1"
"21_56_15","10_65_17_0"
"25_54_15_0","12_65_17_0"
"25_54_15_1","12_65_17_0 + 12_65_17_1"
"25_54_15_2","12_65_17_0 + 12_65_17_1 + 12_65_17_2"
"37_48_15","18_65_17_1"
"41_46_15","20_65_17_1"
"43_45_15","21_65_17"
"49_42_15","24_65_17_1"
"55_39_15","27_65_17"
"133_0_15","66_65_17"
"5_64_16","2_65_18_0"
"9_62_16","4_65_18"
"13_60_16","6_65_18"
"21_56_16_0","10_65_18_0"
"21_56_16_1","10_65_18_1"
"25_54_16_0","12_65_18_0"
"25_54_16_1","12_65_18_0 + 12_65_18_1"
"33_50_16","16_65_18_1"
"37_48_16","18_65_18_1"
"39_47_16_0","19_65_18"
"39_47_16_1","0"
"41_46_16","20_65_18"
"45_44_16","22_65_18_1"
"49_42_16","24_65_18_1"
"51_41_16","25_65_18"
"57_38_16","28_65_18"
"133_0_16","66_65_18"
"17_58_17","8_65_19_1"
"21_56_17","10_65_19_1"
"25_54_17_0","0"
"25_54_17_1","12_65_19_1"
"33_50_17","16_65_19_2"
"37_48_17","18_65_19_1"
"41_46_17","20_65_19_2"
"45_44_17","22_65_19_2"
"49_42_17","24_65_19_1"
"57_38_17","28_65_19_1"
"67_33_17","33_65_19_1"
"133_0_17","66_65_19_1"
"5_64_18","2_65_20"
"9_62_18_0","4_65_20_0 + 4_65_20_1"
"9_62_18_1","4_65_20_1"
"13_60_18_0","6_65_20_0"
"13_60_18_1","6_65_20_0 + 6_65_20_1"
"33_50_18","16_65_20_0"
"41_46_18","20_65_20_1"
"45_44_18","22_65_20"
"65_34_18","32_65_20"
"133_0_18","66_65_20"
"9_62_19_0","4_65_21_0"
"9_62_19_1","4_65_21_0 + 4_65_21_1"
"13_60_19","6_65_21"
"21_56_19","10_65_21_1"
"27_53_19","13_65_21"
"33_50_19","16_65_21_1"
"41_46_19","20_65_21"
"133_0_19","66_65_21"
"9_62_20","4_65_22_1"
"13_60_20","6_65_22_1"
"17_58_20","8_65_22_2"
"21_56_20","10_65_22_2"
"23_55_20","11_65_22_1"
"29_52_20","14_65_22_2"
"33_50_20","16_65_22_2"
"35_49_20","17_65_22_1"
"41_46_20","20_65_22_1"
"133_0_20","66_65_22_1"
"5_64_21","2_65_23_0"
"9_62_21_0","0"
"9_62_21_1","4_65_23_1"
"17_58_21","8_65_23_2"
"21_56_21","10_65_23_1"
"29_52_21","14_65_23_2"
"33_50_21","16_65_23_1"
"41_46_21","20_65_23_1"
"51_41_21","25_65_23_1"
"133_0_21","66_65_23_1"
"9_62_22","4_65_24_1"
"17_58_22_0","8_65_24_0"
"17_58_22_1","8_65_24_0 + 8_65_24_1"
"29_52_22","14_65_24"
"49_42_22","24_65_24"
"133_0_22","66_65_24"
"9_62_23","4_65_25"
"17_58_23_0","8_65_25_1"
"17_58_23_1","8_65_25_2"
"23_55_23","11_65_25"
"133_0_23","66_65_25"
"5_64_24","2_65_26"
"9_62_24","4_65_26"
"13_60_24","6_65_26_1"
"17_58_24_0","8_65_26_1"
"17_58_24_1","8_65_26_2"
"19_57_24","9_65_26"
"25_54_24","12_65_26"
"133_0_24","66_65_26"
"9_62_25","4_65_27_1"
"13_60_25_0","6_65_27_2"
"13_60_25_1","6_65_27_1 + 6_65_27_2"
"17_58_25","8_65_27"
"25_54_25","12_65_27"
"35_49_25","17_65_27"
"133_0_25","66_65_27"
"9_62_26_0","4_65_28_0"
"9_62_26_1","4_65_28_0 + 4_65_28_1"
"13_60_26_0","0"
"13_60_26_1","6_65_28"
"33_50_26","16_65_28_1"
"133_0_26","66_65_28_1"
"5_64_27","2_65_29"
"133_0_27","66_65_29_1"
"9_62_28","4_65_30_1"
"133_0_28","66_65_30_1"
"9_62_29","4_65_31_1"
"19_57_29","9_65_31_1"
"133_0_29","66_65_31_1"
"17_58_30","8_65_32_1"
"133_0_30","66_65_32_1"
"133_0_31","66_65_33_1"
"133_0_32","66_65_34"
"133_0_33","66_65_35"
"73_31_1","36_66_3"
"105_15_1","52_66_3"
"121_7_1","60_66_3_1"
"129_3_1","64_66_3_2"
"133_1_1","66_66_3_1"
"43_46_2","21_66_4"
"59_38_2","29_66_4"
"67_34_2","33_66_4"
"73_31_2","36_66_4_0"
"75_30_2","37_66_4"
"99_18_2","49_66_4_0"
"105_15_2","52_66_4_1"
"107_14_2","53_66_4"
"121_7_2","60_66_4_2"
"129_3_2","64_66_4_2"
"131_2_2","65_66_4_1"
"25_55_3","12_66_5"
"29_53_3","14_66_5"
"37_49_3","18_66_5"
"41_47_3_0","20_66_5_0"
"41_47_3_1","20_66_5_0 + 20_66_5_1"
"45_45_3_0","22_66_5_0"
"45_45_3_1","22_66_5_0 + 22_66_5_1"
"53_41_3","26_66_5"
"57_39_3","28_66_5_0"
"61_37_3","30_66_5"
"73_31_3_0","36_66_5_0"
"73_31_3_1","36_66_5_0 + 36_66_5_1"
"93_21_3","46_66_5_0"
"97_19_3","48_66_5"
"105_15_3","52_66_5"
"121_7_3","60_66_5_1"
"129_3_3","64_66_5"
"21_57_4","10_66_6_1"
"23_56_4","11_66_6"
"27_54_4","13_66_6"
"29_53_4","14_66_6_0"
"35_50_4_0","17_66_6_0"
"35_50_4_1","17_66_6_1"
"37_49_4","18_66_6_1"
"41_47_4","20_66_6_1"
"45_45_4","22_66_6_0"
"53_41_4","26_66_6_1"
"57_39_4","28_66_6_1"
"59_38_4_0","29_66_6_1"
"59_38_4_1","29_66_6_1"
"69_33_4","34_66_6_2"
"71_32_4","35_66_6_1"
"73_31_4","36_66_6_1"
"89_23_4","44_66_6_1"
"99_18_4_0","49_66_6_1"
"99_18_4_1","0"
"101_17_4","50_66_6_1"
"105_15_4","52_66_6_1"
"107_14_4","53_66_6_1"
"121_7_4","60_66_6_1"
"13_61_5","6_66_7_0"
"17_59_5_0","8_66_7_0"
"17_59_5_1","8_66_7_3"
"21_57_5","10_66_7_2"
"25_55_5_0","0"
"25_55_5_1","12_66_7_3"
"27_54_5","13_66_7_3"
"29_53_5_0","0"
"29_53_5_1","14_66_7_2 + 14_66_7_3"
"29_53_5_2","14_66_7_2"
"33_51_5_0","16_66_7_4"
"33_51_5_1","16_66_7_2"
"33_51_5_2","16_66_7_2 + 16_66_7_5"
"37_49_5_0","18_66_7_3"
"37_49_5_1","0"
"39_48_5_0","19_66_7_2"
"39_48_5_1","0"
"41_47_5","20_66_7_2"
"45_45_5_0","0"
"45_45_5_1","22_66_7_2"
"57_39_5","28_66_7_2"
"61_37_5","30_66_7_3"
"65_35_5","32_66_7_2"
"73_31_5_0","36_66_7_2"
"73_31_5_1","36_66_7_3"
"89_23_5","44_66_7_2"
"101_17_5","50_66_7_2"
"105_15_5_0","52_66_7_2"
"105_15_5_1","52_66_7_3"
"113_11_5","56_66_7_3"
"117_9_5","58_66_7_2"
"9_63_6_0","4_66_8_0"
"9_63_6_1","4_66_8_1"
"17_59_6","8_66_8_3"
"19_58_6_0","9_66_8_0"
"19_58_6_1","0"
"21_57_6","10_66_8_3"
"23_56_6","11_66_8_2"
"27_54_6_0","13_66_8_3"
"27_54_6_1","13_66_8_2"
"29_53_6_0","14_66_8_2"
"29_53_6_1","0"
"33_51_6_0","16_66_8_4"
"33_51_6_1","16_66_8_3"
"35_50_6","17_66_8_2"
"37_49_6","18_66_8_0"
"43_46_6","21_66_8_1"
"45_45_6","22_66_8_1"
"59_38_6_0","0"
"59_38_6_1","29_66_8_1"
"61_37_6","30_66_8_1"
"67_34_6","33_66_8_1"
"73_31_6","36_66_8_2"
"75_30_6","37_66_8_1"
"101_17_6","50_66_8_1"
"105_15_6","52_66_8_2"
"113_11_6","56_66_8_2"
"115_10_6","57_66_8_1"
"5_65_7","2_66_9"
"9_63_7_0","0"
"9_63_7_1","0"
"9_63_7_2","4_66_9_0"
"13_61_7_0","0"
"13_61_7_1","0"
"13_61_7_2","6_66_9_1"
"17_59_7_0","8_66_9_2 + 8_66_9_3"
"17_59_7_1","8_66_9_3"
"21_57_7","10_66_9_1"
"25_55_7_0","12_66_9_2"
"25_55_7_1","12_66_9_1"
"25_55_7_2","12_66_9_1 + 12_66_9_3"
"25_55_7_3","12_66_9_2 + 12_66_9_4"
"33_51_7_0","16_66_9_0"
"33_51_7_1","16_66_9_2"
"39_48_7_0","19_66_9_1"
"39_48_7_1","0"
"39_48_7_2","0"
"41_47_7","20_66_9_0"
"43_46_7","21_66_9_0"
"45_45_7","22_66_9"
"61_37_7_0","0"
"61_37_7_1","30_66_9_0"
"65_35_7","32_66_9_1"
"71_32_7","35_66_9"
"73_31_7","36_66_9"
"77_29_7","38_66_9"
"89_23_7","44_66_9"
"105_15_7","52_66_9_1"
"113_11_7","56_66_9"
"5_65_8","2_66_10"
"9_63_8","4_66_10"
"13_61_8_0","0"
"13_61_8_1","6_66_10_1"
"17_59_8","8_66_10_0"
"21_57_8_0","10_66_10_1"
"21_57_8_1","10_66_10_2"
"21_57_8_2","0"
"25_55_8","12_66_10_2"
"33_51_8","16_66_10_1"
"41_47_8_0","20_66_10_3 + 20_66_10_4"
"41_47_8_1","20_66_10_3"
"43_46_8","21_66_10_2"
"61_37_8_0","30_66_10_2"
"61_37_8_1","30_66_10_2 + 30_66_10_4"
"65_35_8","32_66_10_3"
"67_34_8","33_66_10_2"
"73_31_8_0","36_66_10_2"
"73_31_8_1","36_66_10_3"
"77_29_8","38_66_10_2"
"85_25_8","42_66_10_2"
"89_23_8","44_66_10_2"
"91_22_8","45_66_10_2"
"105_15_8","52_66_10_2"
"9_63_9_0","4_66_11_0"
"9_63_9_1","4_66_11_0 + 4_66_11_1"
"13_61_9","6_66_11_1"
"21_57_9_0","10_66_11_2"
"21_57_9_1","0"
"25_55_9","12_66_11_3"
"29_53_9","14_66_11_1"
"33_51_9","16_66_11_1"
"45_45_9","22_66_11_2"
"57_39_9","28_66_11_3"
"61_37_9","30_66_11_3"
"65_35_9","32_66_11_2"
"73_31_9_0","36_66_11_2"
"73_31_9_1","36_66_11_2 + 36_66_11_3"
"85_25_9","42_66_11_2"
"89_23_9_0","44_66_11_2"
"89_23_9_1","44_66_11_3"
"97_19_9","48_66_11_3"
"101_17_9","50_66_11_2"
"5_65_10","2_66_12"
"9_63_10_0","0"
"9_63_10_1","4_66_12_0 + 4_66_12_1"
"9_63_10_2","4_66_12_0"
"11_62_10_0","5_66_12"
"11_62_10_1","0"
"17_59_10","8_66_12_2"
"23_56_10_0","0"
"23_56_10_1","11_66_12_1"
"25_55_10","12_66_12_2"
"29_53_10","14_66_12_3"
"35_50_10_0","17_66_12_2"
"35_50_10_1","0"
"41_47_10","20_66_12_2"
"53_41_10","26_66_12_3"
"61_37_10","30_66_12_2"
"73_31_10_0","0"
"73_31_10_1","36_66_12_2"
"85_25_10","42_66_12_2"
"89_23_10","44_66_12_3"
"97_19_10","48_66_12_3"
"99_18_10","49_66_12_2"
"5_65_11_0","2_66_13_0"
"5_65_11_1","2_66_13_0 + 2_66_13_1"
"9_63_11_0","4_66_13_0"
"9_63_11_1","0"
"9_63_11_2","4_66_13_0 + 4_66_13_1 + 4_66_13_2 + 4_66_13_3"
"9_63_11_3","4_66_13_0 + 4_66_13_1"
"9_63_11_4","4_66_13_3"
"13_61_11_0","0"
"13_61_11_1","6_66_13_1 + 6_66_13_2"
"13_61_11_2","6_66_13_1"
"17_59_11_0","8_66_13_1"
"17_59_11_1","8_66_13_1 + 8_66_13_2"
"21_57_11_0","10_66_13_0"
"21_57_11_1","10_66_13_1"
"25_55_11","12_66_13_0"
"27_54_11_0","13_66_13"
"27_54_11_1","13_66_13"
"27_54_11_2","0"
"29_53_11","14_66_13"
"37_49_11","18_66_13"
"49_43_11","24_66_13_1"
"55_40_11","27_66_13"
"61_37_11","30_66_13"
"73_31_11","36_66_13"
"89_23_11","44_66_13_1"
"97_19_11","48_66_13"
"5_65_12_0","0"
"5_65_12_1","2_66_14"
"9_63_12","4_66_14_1"
"11_62_12_0","0"
"11_62_12_1","5_66_14_1"
"13_61_12","6_66_14_1"
"17_59_12","8_66_14_0"
"21_57_12_0","10_66_14_0"
"21_57_12_1","10_66_14_0 + 10_66_14_1"
"25_55_12","12_66_14"
"29_53_12_0","14_66_14_0"
"29_53_12_1","14_66_14_0 + 14_66_14_1"
"33_51_12","16_66_14"
"45_45_12","22_66_14_0"
"49_43_12","24_66_14_1"
"51_42_12","25_66_14"
"57_39_12","28_66_14"
"61_37_12","30_66_14"
"69_33_12","34_66_14"
"73_31_12","36_66_14_0"
"75_30_12","37_66_14"
"89_23_12","44_66_14"
"5_65_13","2_66_15"
"9_63_13_0","0"
"9_63_13_1","4_66_15_1"
"17_59_13","8_66_15_1"
"21_57_13","10_66_15_1"
"29_53_13_0","14_66_15_1"
"29_53_13_1","14_66_15_2 + 14_66_15_3"
"29_53_13_2","14_66_15_1 + 14_66_15_3"
"41_47_13_0","20_66_15_2"
"41_47_13_1","20_66_15_2 + 20_66_15_3"
"49_43_13","24_66_15_1"
"57_39_13","28_66_15_1"
"69_33_13","34_66_15_1"
"73_31_13_0","36_66_15_1"
"73_31_13_1","36_66_15_2"
"81_27_13","40_66_15_2"
"85_25_13","42_66_15_1"
"5_65_14_0","2_66_16_0 + 2_66_16_1"
"5_65_14_1","2_66_16_1"
"9_63_14_0","0"
"9_63_14_1","4_66_16_0"
"13_61_14_0","6_66_16_0"
"13_61_14_1","6_66_16_1"
"21_57_14","10_66_16_0"
"25_55_14","12_66_16"
"29_53_14_0","14_66_16_1"
"29_53_14_1","14_66_16_0"
"37_49_14","18_66_16_1"
"41_47_14","20_66_16_1"
"43_46_14","21_66_16"
"69_33_14","34_66_16"
"73_31_14","36_66_16_1"
"81_27_14","40_66_16_1"
"83_26_14","41_66_16"
"9_63_15","4_66_17_0"
"11_62_15","5_66_17"
"21_57_15_0","10_66_17_0"
"21_57_15_1","10_66_17_1"
"25_55_15","12_66_17"
"29_53_15_0","14_66_17_0"
"29_53_15_1","14_66_17_1"
"33_51_15","16_66_17_1"
"39_48_15","19_66_17"
"41_47_15","20_66_17"
"45_45_15","22_66_17"
"57_39_15","28_66_17"
"73_31_15","36_66_17_1"
"81_27_15","40_66_17"
"5_65_16_0","0"
"5_65_16_1","2_66_18"
"9_63_16","4_66_18_0"
"17_59_16","8_66_18_1"
"21_57_16","10_66_18_1"
"25_55_16","12_66_18_1"
"29_53_16_0","14_66_18_1"
"29_53_16_1","14_66_18_1 + 14_66_18_3"
"33_51_16","16_66_18_2"
"35_50_16","17_66_18_1"
"41_47_16_0","20_66_18_1"
"41_47_16_1","20_66_18_2"
"45_45_16","22_66_18_1"
"53_41_16","26_66_18_1"
"57_39_16","28_66_18_1"
"59_38_16","29_66_18_1"
"73_31_16","36_66_18_1"
"5_65_17","2_66_19"
"9_63_17","4_66_19_0"
"13_61_17_0","6_66_19_0"
"13_61_17_1","6_66_19_0 + 6_66_19_1"
"17_59_17","8_66_19"
"25_55_17","12_66_19_1"
"29_53_17","14_66_19_1"
"33_51_17","16_66_19"
"41_47_17_0","20_66_19_0"
"41_47_17_1","20_66_19_1"
"53_41_17","26_66_19"
"57_39_17_0","28_66_19_0"
"57_39_17_1","28_66_19_0 + 28_66_19_1"
"65_35_17","32_66_19_1"
"69_33_17","34_66_19"
"9_63_18","4_66_20"
"13_61_18","6_66_20"
"17_59_18","8_66_20_0"
"21_57_18","10_66_20_1"
"29_53_18","14_66_20"
"41_47_18_0","0"
"41_47_18_1","20_66_20"
"53_41_18","26_66_20"
"57_39_18","28_66_20_1"
"65_35_18","32_66_20_1"
"67_34_18","33_66_20"
"9_63_19","4_66_21_1"
"13_61_19","6_66_21_1"
"17_59_19_0","8_66_21_3"
"17_59_19_1","8_66_21_2 + 8_66_21_3"
"23_56_19_0","11_66_21_1"
"23_56_19_1","0"
"29_53_19","14_66_21_1"
"41_47_19","20_66_21_1"
"57_39_19","28_66_21_2"
"65_35_19","32_66_21_1"
"5_65_20","2_66_22"
"9_63_20","4_66_22_0"
"13_61_20_0","6_66_22_0"
"13_61_20_1","6_66_22_2"
"17_59_20","8_66_22_1"
"19_58_20_0","9_66_22"
"19_58_20_1","0"
"25_55_20","12_66_22"
"29_53_20","14_66_22"
"37_49_20","18_66_22"
"41_47_20","20_66_22_0"
"43_46_20","21_66_22"
"57_39_20","28_66_22"
"9_63_21_0","4_66_23_1"
"9_63_21_1","4_66_23_2"
"13_61_21","6_66_23_1"
"17_59_21","8_66_23"
"25_55_21","12_66_23"
"37_49_21","18_66_23"
"41_47_21_0","20_66_23_0"
"41_47_21_1","20_66_23_1"
"49_43_21","24_66_23_1"
"53_41_21","26_66_23"
"5_65_22","2_66_24"
"9_63_22","4_66_24"
"37_49_22","18_66_24_1"
"41_47_22","20_66_24_2"
"49_43_22","24_66_24_2"
"51_42_22","25_66_24_1"
"5_65_23_0","0"
"5_65_23_1","2_66_25"
"13_61_23","6_66_25_1"
"25_55_23","12_66_25_1"
"41_47_23","20_66_25_2"
"49_43_23","24_66_25_1"
"9_63_24","4_66_26_1"
"13_61_24_0","6_66_26_2"
"13_61_24_1","6_66_26_1"
"21_57_24","10_66_26_1"
"25_55_24","12_66_26_1"
"27_54_24","13_66_26_1"
"41_47_24","20_66_26_1"
"9_63_25","4_66_27"
"13_61_25_0","0"
"13_61_25_1","6_66_27"
"21_57_25","10_66_27_1"
"25_55_25_0","12_66_27_1"
"25_55_25_1","12_66_27_2"
"33_51_25","16_66_27_2"
"37_49_25","18_66_27_1"
"5_65_26","2_66_28"
"13_61_26","6_66_28_1"
"21_57_26","10_66_28_1"
"25_55_26","12_66_28_2"
"33_51_26","16_66_28_2"
"35_50_26","17_66_28_1"
"9_63_27","4_66_29_1"
"13_61_27","6_66_29_1"
"25_55_27","12_66_29_2"
"33_51_27","16_66_29_1"
"9_63_28","4_66_30_0"
"11_62_28","5_66_30"
"25_55_28","12_66_30"
"5_65_29","2_66_31"
"9_63_29_0","4_66_31_0"
"9_63_29_1","4_66_31_0 + 4_66_31_1"
"17_59_29","8_66_31_1"
"21_57_29","10_66_31"
"5_65_30","2_66_32"
"9_63_30","4_66_32_1"
"17_59_30","8_66_32_1"
"19_58_30","9_66_32"
"9_63_31","4_66_33_1"
"17_59_31","8_66_33"
"75_31_1","37_67_3"
"107_15_1","53_67_3"
"123_7_1","61_67_3"
"131_3_1","65_67_3"
"137_0_1","68_67_3"
"45_46_2","22_67_4"
"61_38_2","30_67_4"
"69_34_2","34_67_4"
"73_32_2","36_67_4"
"77_30_2","38_67_4"
"101_18_2","50_67_4"
"105_16_2","52_67_4"
"109_14_2","54_67_4"
"121_8_2","60_67_4_0"
"125_6_2","62_67_4"
"137_0_2","68_67_4"
"39_49_3","19_67_5"
"43_47_3","21_67_5_0"
"45_46_3","22_67_5_1"
"59_39_3","29_67_5_2"
"61_38_3","30_67_5_3"
"69_34_3","34_67_5_3"
"75_31_3_0","37_67_5_2"
"75_31_3_1","0"
"77_30_3","38_67_5_2"
"99_19_3","49_67_5_2"
"101_18_3","50_67_5_3"
"109_14_3","54_67_5_2"
"121_8_3","60_67_5_2"
"137_0_3","68_67_5_2"
"21_58_4","10_67_6_1"
"25_56_4_0","12_67_6_2"
"25_56_4_1","12_67_6_1"
"33_52_4_0","16_67_6_1"
"33_52_4_1","16_67_6_3"
"37_50_4_0","18_67_6_1"
"37_50_4_1","18_67_6_1 + 18_67_6_2"
"41_48_4_0","20_67_6_1"
"41_48_4_1","20_67_6_2"
"41_48_4_2","20_67_6_2 + 20_67_6_3"
"45_46_4","22_67_6_1"
"49_44_4","24_67_6_2"
"57_40_4_0","28_67_6_3"
"57_40_4_1","0"
"59_39_4","29_67_6_3"
"61_38_4_0","30_67_6_2"
"61_38_4_1","30_67_6_2 + 30_67_6_3"
"73_32_4","36_67_6_2"
"77_30_4","38_67_6_2"
"91_23_4","45_67_6_2"
"97_20_4","48_67_6_3"
"101_18_4_0","50_67_6_3"
"101_18_4_1","0"
"103_17_4","51_67_6_2"
"109_14_4","54_67_6_2"
"137_0_4","68_67_6_2"
"19_59_5_0","9_67_7_0"
"19_59_5_1","9_67_7_2"
"21_58_5","10_67_7_3"
"25_56_5","12_67_7_1"
"29_54_5","14_67_7_1"
"33_52_5_0","16_67_7_1"
"33_52_5_1","16_67_7_2"
"35_51_5_0","17_67_7_1"
"35_51_5_1","17_67_7_2"
"39_49_5_0","19_67_7"
"39_49_5_1","0"
"41_48_5_0","20_67_7_0"
"41_48_5_1","20_67_7_0 + 20_67_7_1"
"49_44_5","24_67_7_1"
"57_40_5_0","28_67_7_2"
"57_40_5_1","28_67_7_1"
"61_38_5","30_67_7_1"
"67_35_5","33_67_7_1"
"75_31_5_0","37_67_7_1"
"75_31_5_1","0"
"77_30_5","38_67_7_1"
"89_24_5","44_67_7_1"
"97_20_5","48_67_7_2"
"101_18_5","50_67_7_1"
"107_15_5_0","53_67_7_1"
"107_15_5_1","53_67_7_1"
"109_14_5","54_67_7_1"
"137_0_5","68_67_7_1"
"9_64_6_0","4_67_8_0"
"9_64_6_1","4_67_8_1"
"13_62_6_0","0"
"13_62_6_1","6_67_8_2"
"17_60_6_0","8_67_8_3"
"17_60_6_1","8_67_8_3 + 8_67_8_4"
"17_60_6_2","8_67_8_2"
"17_60_6_3","8_67_8_5 + 8_67_8_6"
"17_60_6_4","8_67_8_5"
"21_58_6","10_67_8_3"
"25_56_6","12_67_8_3"
"29_54_6_0","14_67_8_2"
"29_54_6_1","14_67_8_3"
"33_52_6_0","16_67_8_0"
"33_52_6_1","16_67_8_2"
"33_52_6_2","16_67_8_0 + 16_67_8_2 + 16_67_8_4"
"37_50_6_0","18_67_8_1"
"37_50_6_1","18_67_8_1 + 18_67_8_2"
"41_48_6_0","20_67_8_1"
"41_48_6_1","20_67_8_2"
"53_42_6","26_67_8_1"
"57_40_6_0","0"
"57_40_6_1","28_67_8_1"
"61_38_6_0","0"
"61_38_6_1","30_67_8_2"
"65_36_6","32_67_8_2"
"69_34_6","34_67_8_1"
"73_32_6","36_67_8_1"
"77_30_6","38_67_8_1"
"97_20_6","48_67_8_1"
"105_16_6","52_67_8_1"
"109_14_6","54_67_8_1"
"137_0_6","68_67_8_1"
"5_66_7_0","2_67_9"
"5_66_7_1","0"
"13_62_7_0","6_67_9_0 + 6_67_9_1"
"13_62_7_1","6_67_9_1"
"17_60_7_0","8_67_9_2 + 8_67_9_3"
"17_60_7_1","8_67_9_3"
"25_56_7","12_67_9_2"
"27_55_7_0","13_67_9_1"
"27_55_7_1","13_67_9_1"
"29_54_7","14_67_9_1"
"37_50_7","18_67_9_3"
"41_48_7_0","20_67_9_3"
"41_48_7_1","20_67_9_2"
"53_42_7","26_67_9_2"
"61_38_7","30_67_9_3"
"67_35_7","33_67_9_2"
"73_32_7","36_67_9_2"
"77_30_7","38_67_9_2"
"85_26_7","42_67_9_3"
"91_23_7","45_67_9_2"
"105_16_7","52_67_9_2"
"137_0_7","68_67_9_2"
"9_64_8","4_67_10"
"17_60_8_0","8_67_10_2"
"17_60_8_1","8_67_10_1"
"21_58_8","10_67_10_1"
"23_57_8_0","11_67_10_0"
"23_57_8_1","0"
"23_57_8_2","0"
"25_56_8","12_67_10_2"
"29_54_8_0","14_67_10_4"
"29_54_8_1","14_67_10_3"
"33_52_8","16_67_10_2"
"35_51_8_0","17_67_10_1"
"35_51_8_1","0"
"37_50_8","18_67_10_1"
"41_48_8","20_67_10_1"
"43_47_8_0","0"
"43_47_8_1","21_67_10_1"
"57_40_8","28_67_10_1"
"61_38_8","30_67_10_1"
"69_34_8","34_67_10_1"
"73_32_8","36_67_10_1"
"77_30_8","38_67_10_1"
"81_28_8","40_67_10_2"
"85_26_8","42_67_10_2"
"87_25_8","43_67_10_1"
"93_22_8","46_67_10_1"
"137_0_8","68_67_10_1"
"9_64_9","4_67_11"
"17_60_9_0","8_67_11_0"
"17_60_9_1","8_67_11_0 + 8_67_11_4"
"17_60_9_2","8_67_11_2"
"25_56_9","12_67_11_2"
"29_54_9_0","14_67_11_3 + 14_67_11_4"
"29_54_9_1","14_67_11_4"
"35_51_9_0","17_67_11_2"
"35_51_9_1","0"
"37_50_9","18_67_11_3"
"41_48_9_0","0"
"41_48_9_1","20_67_11_2"
"53_42_9","26_67_11_2"
"59_39_9","29_67_11_2"
"69_34_9","34_67_11_2"
"77_30_9","38_67_11_3"
"81_28_9","40_67_11_3"
"85_26_9","42_67_11_2"
"91_23_9_0","45_67_11_2"
"91_23_9_1","0"
"93_22_9","46_67_11_2"
"137_0_9","68_67_11_2"
"9_64_10_0","4_67_12_0"
"9_64_10_1","4_67_12_1"
"13_62_10_0","0"
"13_62_10_1","6_67_12_2"
"13_62_10_2","6_67_12_1"
"17_60_10_0","8_67_12_2 + 8_67_12_3"
"17_60_10_1","8_67_12_2"
"19_59_10_0","9_67_12_2"
"19_59_10_1","0"
"21_58_10_0","10_67_12_3"
"21_58_10_1","10_67_12_2"
"25_56_10_0","12_67_12_1"
"25_56_10_1","12_67_12_1 + 12_67_12_2"
"29_54_10_0","0"
"29_54_10_1","14_67_12_2"
"29_54_10_2","14_67_12_1"
"37_50_10","18_67_12_1"
"49_44_10","24_67_12_1"
"57_40_10","28_67_12_1"
"77_30_10","38_67_12_2"
"81_28_10","40_67_12_1"
"89_24_10","44_67_12_1"
"93_22_10","46_67_12_1"
"137_0_10","68_67_12_1"
"9_64_11","4_67_13_1"
"11_63_11_0","0"
"11_63_11_1","0"
"11_63_11_2","5_67_13_1"
"11_63_11_3","0"
"13_62_11","6_67_13_1"
"17_60_11_0","8_67_13_0"
"17_60_11_1","8_67_13_1"
"21_58_11","10_67_13_1"
"25_56_11","12_67_13_1"
"27_55_11","13_67_13"
"29_54_11_0","0"
"29_54_11_1","14_67_13_0"
"29_54_11_2","14_67_13_0 + 14_67_13_1"
"33_52_11","16_67_13"
"45_46_11","22_67_13"
"57_40_11","28_67_13"
"69_34_11","34_67_13_1"
"77_30_11","38_67_13"
"89_24_11","44_67_13"
"137_0_11","68_67_13"
"5_66_12","2_67_14"
"9_64_12_0","0"
"9_64_12_1","4_67_14"
"17_60_12_0","8_67_14_1"
"17_60_12_1","8_67_14_3"
"21_58_12","10_67_14_2"
"25_56_12","12_67_14_2"
"29_54_12_0","14_67_14_2"
"29_54_12_1","14_67_14_2 + 14_67_14_3"
"29_54_12_2","14_67_14_4"
"41_48_12","20_67_14_2"
"53_42_12","26_67_14_2"
"57_40_12","28_67_14_2"
"65_36_12","32_67_14_3"
"69_34_12","34_67_14_3"
"71_33_12","35_67_14_2"
"77_30_12","38_67_14_2"
"137_0_12","68_67_14_2"
"5_66_13","2_67_15"
"9_64_13","4_67_15_0"
"13_62_13_0","6_67_15_0"
"13_62_13_1","6_67_15_2"
"17_60_13_0","8_67_15_2"
"17_60_13_1","8_67_15_1"
"25_56_13_0","0"
"25_56_13_1","12_67_15_1"
"25_56_13_2","12_67_15_2"
"29_54_13_0","14_67_15_1"
"29_54_13_1","14_67_15_2"
"37_50_13","18_67_15_1"
"43_47_13_0","21_67_15_1"
"43_47_13_1","0"
"53_42_13","26_67_15_1"
"65_36_13","32_67_15_2"
"69_34_13","34_67_15_1"
"75_31_13_0","37_67_15_1"
"75_31_13_1","0"
"77_30_13","38_67_15_1"
"137_0_13","68_67_15_1"
"9_64_14_0","4_67_16_0"
"9_64_14_1","4_67_16_0 + 4_67_16_2"
"21_58_14","10_67_16_1"
"25_56_14","12_67_16_1"
"29_54_14_0","14_67_16_1"
"29_54_14_1","14_67_16_1 + 14_67_16_2"
"33_52_14","16_67_16_1"
"41_48_14","20_67_16_1"
"45_46_14","22_67_16_1"
"65_36_14","32_67_16_1"
"73_32_14","36_67_16_1"
"77_30_14","38_67_16_1"
"137_0_14","68_67_16_1"
"9_64_15","4_67_17_1"
"17_60_15","8_67_17_1"
"25_56_15","12_67_17_1"
"29_54_15_0","14_67_17_1"
"29_54_15_1","14_67_17_2"
"29_54_15_2","14_67_17_2 + 14_67_17_3"
"41_48_15","20_67_17_1"
"45_46_15","22_67_17_1"
"53_42_15","26_67_17_2"
"59_39_15","29_67_17_1"
"73_32_15","36_67_17_1"
"137_0_15","68_67_17_1"
"5_66_16","2_67_18"
"9_64_16_0","4_67_18_1"
"9_64_16_1","4_67_18_0"
"13_62_16_0","6_67_18_0"
"13_62_16_1","6_67_18_1"
"17_60_16","8_67_18"
"25_56_16_0","12_67_18_0"
"25_56_16_1","12_67_18_1"
"29_54_16_0","14_67_18_0 + 14_67_18_1"
"29_54_16_1","14_67_18_1"
"37_50_16","18_67_18"
"41_48_16","20_67_18"
"45_46_16","22_67_18"
"49_44_16","24_67_18_1"
"53_42_16","26_67_18_1"
"55_41_16","27_67_18"
"61_38_16","30_67_18"
"137_0_16","68_67_18"
"5_66_17","2_67_19_0"
"9_64_17_0","0"
"9_64_17_1","4_67_19"
"13_62_17","6_67_19"
"17_60_17","8_67_19_0"
"21_58_17","10_67_19"
"25_56_17","12_67_19_0"
"27_55_17","13_67_19"
"37_50_17","18_67_19"
"45_46_17","22_67_19_1"
"49_44_17","24_67_19_1"
"53_42_17","26_67_19"
"59_39_17_0","29_67_19"
"59_39_17_1","0"
"61_38_17","30_67_19"
"137_0_17","68_67_19"
"13_62_18","6_67_20_1"
"17_60_18_0","8_67_20_1"
"17_60_18_1","8_67_20_1 + 8_67_20_2"
"21_58_18","10_67_20_1"
"25_56_18_0","12_67_20_1"
"25_56_18_1","12_67_20_2"
"45_46_18","22_67_20_2"
"49_44_18","24_67_20_1"
"57_40_18","28_67_20_1"
"61_38_18","30_67_20_1"
"137_0_18","68_67_20_1"
"5_66_19","2_67_21"
"9_64_19","4_67_21_0"
"13_62_19_0","6_67_21_0"
"13_62_19_1","6_67_21_0 + 6_67_21_1"
"13_62_19_2","6_67_21_0 + 6_67_21_1 + 6_67_21_2"
"21_58_19","10_67_21"
"25_56_19","12_67_21"
"37_50_19","18_67_21_1"
"45_46_19","22_67_21"
"57_40_19","28_67_21"
"137_0_19","68_67_21"
"9_64_20_0","4_67_22_0"
"9_64_20_1","4_67_22_1"
"13_62_20_0","6_67_22_0"
"13_62_20_1","6_67_22_0 + 6_67_22_1"
"21_58_20_0","10_67_22_0"
"21_58_20_1","10_67_22_1"
"25_56_20","12_67_22"
"33_52_20","16_67_22_1"
"37_50_20","18_67_22_1"
"39_49_20","19_67_22"
"45_46_20","22_67_22"
"137_0_20","68_67_22"
"11_63_21_0","5_67_23"
"11_63_21_1","0"
"13_62_21_0","0"
"13_62_21_1","6_67_23"
"21_58_21_0","10_67_23_1 + 10_67_23_2"
"21_58_21_1","10_67_23_1"
"33_52_21","16_67_23_2"
"37_50_21","18_67_23_1"
"43_47_21_0","21_67_23_1"
"43_47_21_1","0"
"45_46_21","22_67_23_1"
"137_0_21","68_67_23_1"
"5_66_22_0","2_67_24_0 + 2_67_24_1"
"5_66_22_1","2_67_24_0"
"9_64_22","4_67_24_0"
"13_62_22","6_67_24_1"
"33_52_22","16_67_24_1"
"41_48_22","20_67_24_1"
"45_46_22","22_67_24_1"
"137_0_22","68_67_24_1"
"9_64_23","4_67_25_1"
"13_62_23","6_67_25_1"
"21_58_23","10_67_25_2"
"27_55_23","13_67_25_1"
"41_48_23","20_67_25_1"
"137_0_23","68_67_25_1"
"9_64_24","4_67_26"
"13_62_24","6_67_26"
"17_60_24","8_67_26_1"
"21_58_24","10_67_26_1"
"23_57_24","11_67_26"
"29_54_24","14_67_26"
"137_0_24","68_67_26"
"5_66_25","2_67_27"
"9_64_25_0","0"
"9_64_25_1","4_67_27"
"13_62_25","6_67_27_1"
"17_60_25","8_67_27_1"
"21_58_25","10_67_27"
"27_55_25_0","13_67_27"
"27_55_25_1","0"
"29_54_25","14_67_27"
"137_0_25","68_67_27"
"9_64_26","4_67_28_1"
"13_62_26","6_67_28_1"
"17_60_26","8_67_28"
"25_56_26","12_67_28_0"
"29_54_26","14_67_28"
"137_0_26","68_67_28"
"9_64_27","4_67_29"
"25_56_27","12_67_29"
"137_0_27","68_67_29"
"5_66_28","2_67_30"
"13_62_28","6_67_30"
"137_0_28","68_67_30"
"9_64_29","4_67_31_0"
"11_63_29_0","5_67_31"
"11_63_29_1","0"
"13_62_29","6_67_31"
"137_0_29","68_67_31"
"5_66_30","2_67_32"
"9_64_30_0","4_67_32_0"
"9_64_30_1","4_67_32_0 + 4_67_32_1"
"13_62_30","6_67_32"
"137_0_30","68_67_32"
"5_66_31","2_67_33"
"9_64_31","4_67_33"
"137_0_31","68_67_33_1"
"77_31_1","38_68_3"
"109_15_1","54_68_3"
"125_7_1","62_68_3"
"133_3_1","66_68_3"
"137_1_1","68_68_3"
"47_46_2","23_68_4"
"71_34_2","35_68_4_2"
"75_32_2","37_68_4_2"
"77_31_2","38_68_4_2"
"79_30_2","39_68_4_0"
"103_18_2","51_68_4_1"
"107_16_2","53_68_4_1"
"109_15_2","54_68_4_1"
"123_8_2","61_68_4_1"
"125_7_2","62_68_4_1"
"133_3_2","66_68_4_1"
"25_57_3","12_68_5_1"
"33_53_3","16_68_5_2"
"37_51_3","18_68_5_2"
"41_49_3","20_68_5_2"
"45_47_3","22_68_5_1"
"49_45_3","24_68_5_1"
"57_41_3","28_68_5_1"
"65_37_3","32_68_5_1"
"73_33_3","36_68_5_1"
"77_31_3_0","0"
"77_31_3_1","38_68_5_2"
"97_21_3","48_68_5_1"
"101_19_3","50_68_5_1"
"105_17_3","52_68_5_1"
"109_15_3","54_68_5_1"
"123_8_3","61_68_5_1"
"125_7_3","62_68_5_1"
"25_57_4","12_68_6_3"
"27_56_4","13_68_6_2"
"33_53_4","16_68_6_3"
"35_52_4_0","17_68_6_2"
"35_52_4_1","17_68_6_2 + 17_68_6_3"
"39_50_4","19_68_6_2"
"41_49_4","20_68_6_2"
"43_48_4_0","21_68_6_0"
"43_48_4_1","21_68_6_0 + 21_68_6_1"
"51_44_4","25_68_6_1"
"57_41_4","28_68_6_2"
"61_39_4","30_68_6_1"
"73_33_4","36_68_6_3"
"75_32_4","37_68_6_1"
"77_31_4","38_68_6_2"
"93_23_4","46_68_6_1"
"99_20_4","49_68_6_2"
"103_18_4_0","51_68_6_1"
"103_18_4_1","0"
"105_17_4","52_68_6_1"
"109_15_4","54_68_6_1"
"121_9_4","60_68_6_1"
"125_7_4","62_68_6_1"
"17_61_5_0","8_68_7_1"
"17_61_5_1","8_68_7_4 + 8_68_7_5"
"17_61_5_2","8_68_7_5"
"21_59_5_0","10_68_7_3"
"21_59_5_1","0"
"25_57_5","12_68_7_4"
"33_53_5_0","16_68_7_2"
"33_53_5_1","16_68_7_6 + 16_68_7_7"
"33_53_5_2","16_68_7_4"
"33_53_5_3","16_68_7_4 + 16_68_7_6"
"35_52_5_0","17_68_7_3"
"35_52_5_1","0"
"37_51_5_0","18_68_7_3"
"37_51_5_1","18_68_7_3 + 18_68_7_4"
"41_49_5_0","20_68_7_3"
"41_49_5_1","20_68_7_1"
"45_47_5","22_68_7_2"
"49_45_5_0","0"
"49_45_5_1","24_68_7_3"
"59_40_5_0","0"
"59_40_5_1","29_68_7_2"
"65_37_5","32_68_7_5"
"69_35_5","34_68_7_4"
"73_33_5","36_68_7_3"
"77_31_5_0","0"
"77_31_5_1","38_68_7_3"
"91_24_5","45_68_7_2"
"93_23_5","46_68_7_3"
"97_21_5","48_68_7_2"
"105_17_5","52_68_7_2"
"109_15_5_0","0"
"109_15_5_1","54_68_7_2"
"117_11_5","58_68_7_2"
"121_9_5","60_68_7_2"
"9_65_6","4_68_8_0"
"13_63_6_0","6_68_8_2 + 6_68_8_3"
"13_63_6_1","0"
"13_63_6_2","6_68_8_3"
"13_63_6_3","0"
"17_61_6","8_68_8_3"
"19_60_6_0","9_68_8_4"
"19_60_6_1","9_68_8_2 + 9_68_8_3 + 9_68_8_4"
"19_60_6_2","9_68_8_2"
"19_60_6_3","0"
"21_59_6_0","10_68_8_4 + 10_68_8_5"
"21_59_6_1","10_68_8_3 + 10_68_8_4 + 10_68_8_5"
"21_59_6_2","10_68_8_5"
"25_57_6","12_68_8_3"
"33_53_6","16_68_8_1"
"35_52_6_0","17_68_8_0"
"35_52_6_1","17_68_8_3"
"37_51_6","18_68_8_3"
"39_50_6","19_68_8_2"
"49_45_6","24_68_8_4"
"55_42_6","27_68_8_2"
"59_40_6_0","0"
"59_40_6_1","29_68_8_3"
"65_37_6","32_68_8_4"
"67_36_6","33_68_8_4"
"71_34_6","35_68_8_3"
"75_32_6","37_68_8_3"
"77_31_6","38_68_8_3"
"79_30_6","39_68_8_2"
"93_23_6","46_68_8_2"
"105_17_6","52_68_8_2"
"109_15_6","54_68_8_2"
"117_11_6","58_68_8_2"
"9_65_7_0","0"
"9_65_7_1","4_68_9_1"
"13_63_7_0","0"
"13_63_7_1","6_68_9_1"
"13_63_7_2","0"
"17_61_7_0","8_68_9_0 + 8_68_9_1"
"17_61_7_1","8_68_9_0"
"17_61_7_2","8_68_9_5"
"17_61_7_3","8_68_9_0 + 8_68_9_1 + 8_68_9_2"
"17_61_7_4","8_68_9_2 + 8_68_9_4 + 8_68_9_5"
"19_60_7_0","9_68_9_1"
"19_60_7_1","0"
"21_59_7_0","10_68_9_2"
"21_59_7_1","10_68_9_1 + 10_68_9_2"
"21_59_7_2","10_68_9_1 + 10_68_9_3"
"25_57_7","12_68_9_1"
"33_53_7_0","16_68_9_0"
"33_53_7_1","16_68_9_0 + 16_68_9_2"
"37_51_7_0","0"
"37_51_7_1","18_68_9_1"
"41_49_7","20_68_9_1"
"57_41_7","28_68_9_3"
"65_37_7_0","32_68_9_2"
"65_37_7_1","32_68_9_3"
"69_35_7","34_68_9_3"
"73_33_7","36_68_9_2"
"75_32_7","37_68_9_1"
"77_31_7","38_68_9_1"
"81_29_7","40_68_9_2"
"87_26_7","43_68_9_1"
"93_23_7","46_68_9_1"
"107_16_7","53_68_9_1"
"109_15_7","54_68_9_1"
"11_64_8_0","0"
"11_64_8_1","0"
"11_64_8_2","5_68_10_1"
"13_63_8_0","6_68_10_2"
"13_63_8_1","6_68_10_2 + 6_68_10_3"
"17_61_8_0","8_68_10_2"
"17_61_8_1","8_68_10_2 + 8_68_10_3 + 8_68_10_5"
"17_61_8_2","8_68_10_3"
"17_61_8_3","8_68_10_2 + 8_68_10_3 + 8_68_10_4"
"25_57_8_0","12_68_10_3 + 12_68_10_4"
"25_57_8_1","12_68_10_4"
"29_55_8","14_68_10_3"
"35_52_8","17_68_10_0"
"37_51_8_0","18_68_10_2"
"37_51_8_1","18_68_10_3"
"59_40_8","29_68_10_3"
"65_37_8_0","32_68_10_3"
"65_37_8_1","32_68_10_4"
"69_35_8","34_68_10_3"
"71_34_8","35_68_10_2"
"77_31_8_0","38_68_10_3"
"77_31_8_1","38_68_10_4"
"81_29_8","40_68_10_3"
"83_28_8","41_68_10_2"
"89_25_8","44_68_10_2"
"93_23_8","46_68_10_2"
"105_17_8","52_68_10_2"
"109_15_8","54_68_10_2"
"5_67_9","2_68_11"
"9_65_9_0","0"
"9_65_9_1","4_68_11_0"
"13_63_9_0","6_68_11_1"
"13_63_9_1","6_68_11_1 + 6_68_11_2 + 6_68_11_3"
"13_63_9_2","6_68_11_1 + 6_68_11_2 + 6_68_11_3"
"13_63_9_3","6_68_11_1 + 6_68_11_3"
"17_61_9_0","8_68_11_4"
"17_61_9_1","8_68_11_3"
"17_61_9_2","8_68_11_4 + 8_68_11_5"
"19_60_9_0","0"
"19_60_9_1","9_68_11_1"
"19_60_9_2","0"
"19_60_9_3","0"
"21_59_9","10_68_11_2"
"25_57_9_0","12_68_11_3"
"25_57_9_1","0"
"25_57_9_2","12_68_11_2"
"33_53_9_0","16_68_11_2"
"33_53_9_1","16_68_11_2 + 16_68_11_3"
"49_45_9","24_68_11_3"
"61_39_9","30_68_11_3"
"65_37_9","32_68_11_3"
"69_35_9","34_68_11_2"
"77_31_9_0","38_68_11_3 + 38_68_11_4"
"77_31_9_1","38_68_11_4"
"81_29_9","40_68_11_2"
"89_25_9","44_68_11_2"
"93_23_9_0","0"
"93_23_9_1","46_68_11_2"
"101_19_9","50_68_11_2"
"105_17_9","52_68_11_2"
"9_65_10","4_68_12_1"
"13_63_10_0","0"
"13_63_10_1","6_68_12_1"
"13_63_10_2","6_68_12_1 + 6_68_12_2"
"17_61_10_0","0"
"17_61_10_1","8_68_12_2"
"19_60_10_0","0"
"19_60_10_1","9_68_12_2"
"21_59_10","10_68_12_3"
"25_57_10_0","0"
"25_57_10_1","12_68_12_3"
"27_56_10_0","13_68_12_2"
"27_56_10_1","13_68_12_2 + 13_68_12_3"
"33_53_10_0","16_68_12_3 + 16_68_12_4"
"33_53_10_1","16_68_12_4"
"45_47_10","22_68_12_3"
"57_41_10","28_68_12_4"
"59_40_10","29_68_12_3"
"65_37_10","32_68_12_2"
"77_31_10_0","38_68_12_2"
"77_31_10_1","38_68_12_3"
"89_25_10","44_68_12_2"
"93_23_10","46_68_12_2"
"101_19_10","50_68_12_2"
"9_65_11","4_68_13_0"
"13_63_11_0","0"
"13_63_11_1","0"
"13_63_11_2","0"
"13_63_11_3","6_68_13_2"
"17_61_11_0","8_68_13_1"
"17_61_11_1","8_68_13_4"
"17_61_11_2","8_68_13_2"
"21_59_11_0","10_68_13_2 + 10_68_13_3"
"21_59_11_1","10_68_13_3"
"25_57_11_0","0"
"25_57_11_1","12_68_13_2"
"29_55_11","14_68_13_2"
"33_53_11_0","16_68_13_4"
"33_53_11_1","16_68_13_3 + 16_68_13_4"
"41_49_11","20_68_13_3"
"53_43_11","26_68_13_4"
"57_41_11","28_68_13_3"
"59_40_11","29_68_13_2"
"65_37_11","32_68_13_3"
"71_34_11","35_68_13_2"
"77_31_11","38_68_13_2"
"91_24_11","45_68_13_2"
"93_23_11","46_68_13_2"
"5_67_12","2_68_14"
"13_63_12","6_68_14_2"
"17_61_12_0","8_68_14_3"
"17_61_12_1","8_68_14_2"
"19_60_12_0","9_68_14_0"
"19_60_12_1","0"
"19_60_12_2","0"
"25_57_12_0","12_68_14_1"
"25_57_12_1","12_68_14_1 + 12_68_14_2"
"33_53_12","16_68_14_2"
"37_51_12","18_68_14_2"
"49_45_12","24_68_14_2"
"53_43_12","26_68_14_2"
"55_42_12","27_68_14_1"
"61_39_12","30_68_14_2"
"65_37_12","32_68_14_2"
"67_36_12","33_68_14_1"
"73_33_12","36_68_14_1"
"77_31_12","38_68_14_1"
"89_25_12","44_68_14_1"
"93_23_12","46_68_14_1"
"9_65_13_0","4_68_15_0"
"9_65_13_1","4_68_15_0 + 4_68_15_2"
"21_59_13","10_68_15_1"
"25_57_13","12_68_15_2"
"33_53_13_0","16_68_15_2"
"33_53_13_1","16_68_15_3"
"45_47_13_0","22_68_15_2"
"45_47_13_1","22_68_15_2 + 22_68_15_3"
"53_43_13","26_68_15_1"
"61_39_13","30_68_15_2"
"65_37_13","32_68_15_1"
"73_33_13","36_68_15_1"
"77_31_13_0","0"
"77_31_13_1","38_68_15_1"
"85_27_13","42_68_15_1"
"89_25_13","44_68_15_1"
"9_65_14","4_68_16_1"
"17_61_14","8_68_16_1"
"25_57_14","12_68_16_2"
"29_55_14","14_68_16_2"
"33_53_14","16_68_16_2"
"41_49_14","20_68_16_3"
"43_48_14","21_68_16_2"
"45_47_14","22_68_16_2"
"47_46_14","23_68_16_1"
"61_39_14","30_68_16_1"
"73_33_14","36_68_16_1"
"77_31_14","38_68_16_1"
"85_27_14","42_68_16_1"
"5_67_15_0","2_68_17_0"
"5_67_15_1","2_68_17_0 + 2_68_17_1"
"9_65_15_0","0"
"9_65_15_1","4_68_17_0"
"13_63_15_0","6_68_17_0"
"13_63_15_1","6_68_17_1"
"17_61_15","8_68_17_1"
"21_59_15","10_68_17_1"
"25_57_15","12_68_17_1"
"33_53_15","16_68_17_1"
"37_51_15","18_68_17_2"
"41_49_15","20_68_17_1"
"43_48_15","21_68_17"
"45_47_15","22_68_17_0"
"49_45_15","24_68_17_1"
"55_42_15","27_68_17"
"61_39_15","30_68_17"
"75_32_15","37_68_17"
"77_31_15","38_68_17"
"9_65_16","4_68_18"
"17_61_16","8_68_18_1"
"21_59_16_0","10_68_18_1"
"21_59_16_1","10_68_18_2"
"33_53_16_0","16_68_18_1"
"33_53_16_1","16_68_18_1 + 16_68_18_2"
"37_51_16","18_68_18_1"
"39_50_16","19_68_18"
"45_47_16_0","22_68_18_1"
"45_47_16_1","22_68_18_2"
"49_45_16","24_68_18_1"
"51_44_16","25_68_18"
"57_41_16","28_68_18"
"61_39_16","30_68_18"
"73_33_16","36_68_18_0"
"77_31_16","38_68_18"
"17_61_17_0","8_68_19_1"
"17_61_17_1","8_68_19_2"
"21_59_17","10_68_19_1"
"29_55_17","14_68_19_1"
"33_53_17","16_68_19_1"
"45_47_17_0","22_68_19_2"
"45_47_17_1","22_68_19_3"
"49_45_17","24_68_19_1"
"57_41_17","28_68_19_1"
"61_39_17_0","0"
"61_39_17_1","30_68_19_1"
"69_35_17","34_68_19_1"
"73_33_17","36_68_19_1"
"5_67_18","2_68_20"
"9_65_18","4_68_20_0"
"13_63_18_0","6_68_20_0"
"13_63_18_1","6_68_20_1"
"17_61_18","8_68_20"
"25_57_18","12_68_20_1"
"27_56_18","13_68_20"
"45_47_18_0","22_68_20_0"
"45_47_18_1","22_68_20_1"
"57_41_18","28_68_20"
"61_39_18","30_68_20"
"69_35_18","34_68_20"
"9_65_19","4_68_21"
"13_63_19","6_68_21"
"17_61_19","8_68_21_0"
"21_59_19_0","10_68_21_2"
"21_59_19_1","10_68_21_1"
"25_57_19_0","12_68_21_0"
"25_57_19_1","12_68_21_1"
"33_53_19","16_68_21_1"
"39_50_19","19_68_21"
"45_47_19","22_68_21"
"59_40_19","29_68_21"
"61_39_19","30_68_21"
"13_63_20","6_68_22_1"
"17_61_20_0","8_68_22_1"
"17_61_20_1","8_68_22_1 + 8_68_22_2"
"21_59_20_0","10_68_22_1"
"21_59_20_1","10_68_22_1 + 10_68_22_2"
"29_55_20","14_68_22_2"
"33_53_20","16_68_22_2"
"35_52_20","17_68_22_1"
"41_49_20","20_68_22_1"
"45_47_20","22_68_22_1"
"57_41_20","28_68_22_1"
"61_39_20","30_68_22_1"
"5_67_21","2_68_23"
"9_65_21","4_68_23_0"
"13_63_21","6_68_23"
"17_61_21","8_68_23"
"29_55_21","14_68_23_1"
"33_53_21","16_68_23"
"41_49_21","20_68_23"
"45_47_21_0","0"
"45_47_21_1","22_68_23"
"53_43_21","26_68_23"
"57_41_21","28_68_23"
"9_65_22_0","4_68_24_1"
"9_65_22_1","4_68_24_1 + 4_68_24_2"
"11_64_22","5_68_24"
"17_61_22","8_68_24_0"
"29_55_22","14_68_24"
"41_49_22","20_68_24"
"45_47_22","22_68_24"
"53_43_22","26_68_24"
"5_67_23","2_68_25"
"9_65_23_0","0"
"9_65_23_1","4_68_25"
"17_61_23_0","8_68_25_1 + 8_68_25_2"
"17_61_23_1","8_68_25_1"
"23_58_23","11_68_25"
"29_55_23","14_68_25"
"43_48_23","21_68_25"
"45_47_23","22_68_25"
"5_67_24","2_68_26"
"9_65_24","4_68_26"
"13_63_24","6_68_26_1"
"17_61_24","8_68_26_1"
"19_60_24","9_68_26"
"25_57_24","12_68_26"
"29_55_24","14_68_26"
"41_49_24","20_68_26_0"
"45_47_24","22_68_26"
"9_65_25","4_68_27_1"
"13_63_25","6_68_27_1"
"17_61_25","8_68_27"
"25_57_25","12_68_27"
"29_55_25_0","0"
"29_55_25_1","14_68_27"
"37_51_25","18_68_27"
"41_49_25","20_68_27"
"9_65_26","4_68_28"
"25_57_26","12_68_28_1"
"29_55_26","14_68_28_1"
"37_51_26","18_68_28_1"
"5_67_27","2_68_29"
"27_56_27","13_68_29_1"
"29_55_27","14_68_29_1"
"9_65_28","4_68_30_1"
"13_63_28","6_68_30_1"
"25_57_28","12_68_30_1"
"29_55_28","14_68_30_1"
"9_65_29","4_68_31"
"13_63_29_0","0"
"13_63_29_1","6_68_31"
"21_59_29","10_68_31"
"25_57_29","12_68_31"
"9_65_30","4_68_32"
"13_63_30","6_68_32"
"21_59_30","10_68_32"
"79_31_1","39_69_3"
"135_3_1","67_69_3_1"
"139_1_1","69_69_3_1"
"141_0_1","70_69_3_1"
"65_38_2","32_69_4_1"
"73_34_2","36_69_4_1"
"77_32_2","38_69_4"
"81_30_2","40_69_4_1"
"105_18_2","52_69_4_1"
"113_14_2","56_69_4_1"
"129_6_2","64_69_4_1"
"137_2_2","68_69_4_1"
"141_0_2","70_69_4_1"
"27_57_3","13_69_5_1"
"35_53_3","17_69_5_1"
"43_49_3","21_69_5"
"65_38_3","32_69_5_3"
"67_37_3","33_69_5_1"
"73_34_3","36_69_5_3"
"75_33_3","37_69_5_0"
"81_30_3","40_69_5_2"
"99_21_3","49_69_5_1"
"103_19_3","51_69_5_1"
"105_18_3","52_69_5_1"
"125_8_3","62_69_5_1"
"141_0_3","70_69_5_1"
"17_62_4","8_69_6_1"
"21_60_4","10_69_6_1"
"25_58_4","12_69_6_2"
"33_54_4","16_69_6_2"
"37_52_4_0","18_69_6_2"
"37_52_4_1","18_69_6_2 + 18_69_6_3"
"45_48_4","22_69_6_0"
"53_44_4","26_69_6_3"
"61_40_4_0","30_69_6_4"
"61_40_4_1","0"
"65_38_4_0","32_69_6_4"
"65_38_4_1","32_69_6_4 + 32_69_6_5"
"73_34_4","36_69_6_1"
"77_32_4","38_69_6_2"
"81_30_4","40_69_6_3"
"97_22_4","48_69_6_2"
"101_20_4","50_69_6_2"
"105_18_4_0","52_69_6_2"
"105_18_4_1","0"
"113_14_4","56_69_6_3"
"123_9_4","61_69_6_2"
"141_0_4","70_69_6_2"
"13_64_5_0","6_69_7_2"
"13_64_5_1","6_69_7_1 + 6_69_7_2"
"17_62_5_0","8_69_7_2"
"17_62_5_1","8_69_7_2 + 8_69_7_3"
"19_61_5_0","9_69_7_1"
"19_61_5_1","9_69_7_1 + 9_69_7_2"
"21_60_5","10_69_7_3"
"23_59_5","11_69_7_1"
"33_54_5_0","16_69_7_2"
"33_54_5_1","16_69_7_2 + 16_69_7_3"
"35_53_5_0","17_69_7_1"
"35_53_5_1","0"
"35_53_5_2","17_69_7_1 + 17_69_7_2"
"37_52_5","18_69_7_1"
"45_48_5","22_69_7_2"
"51_45_5_0","0"
"51_45_5_1","25_69_7_3"
"53_44_5","26_69_7_3"
"61_40_5_0","30_69_7_3"
"61_40_5_1","0"
"65_38_5","32_69_7_1"
"67_37_5","33_69_7_2"
"71_35_5","35_69_7_1"
"81_30_5","40_69_7_1"
"99_21_5","49_69_7_1"
"101_20_5","50_69_7_1"
"113_14_5","56_69_7_2"
"119_11_5","59_69_7_1"
"123_9_5","61_69_7_1"
"141_0_5","70_69_7_1"
"9_66_6","4_69_8_0"
"13_64_6_0","0"
"13_64_6_1","6_69_8_5"
"13_64_6_2","6_69_8_3"
"13_64_6_3","6_69_8_3 + 6_69_8_4 + 6_69_8_5"
"13_64_6_4","6_69_8_3 + 6_69_8_5"
"17_62_6_0","8_69_8_2"
"17_62_6_1","8_69_8_8"
"17_62_6_2","8_69_8_2 + 8_69_8_4"
"17_62_6_3","8_69_8_2 + 8_69_8_4 + 8_69_8_7 + 8_69_8_8"
"17_62_6_4","8_69_8_4 + 8_69_8_6 + 8_69_8_8"
"21_60_6_0","10_69_8_2"
"21_60_6_1","10_69_8_0 + 10_69_8_2 + 10_69_8_3"
"21_60_6_2","10_69_8_2 + 10_69_8_3"
"21_60_6_3","10_69_8_0 + 10_69_8_2 + 10_69_8_4"
"25_58_6","12_69_8_1"
"33_54_6_0","16_69_8_2"
"33_54_6_1","16_69_8_1"
"33_54_6_2","16_69_8_1 + 16_69_8_4"
"41_50_6_0","0"
"41_50_6_1","20_69_8_3"
"45_48_6","22_69_8_3"
"49_46_6","24_69_8_4"
"53_44_6","26_69_8_4"
"57_42_6","28_69_8_5"
"61_40_6_0","0"
"61_40_6_1","30_69_8_2"
"65_38_6_0","32_69_8_2"
"65_38_6_1","32_69_8_2 + 32_69_8_5"
"69_36_6","34_69_8_3"
"77_32_6","38_69_8_2"
"81_30_6","40_69_8_2"
"113_14_6","56_69_8_2"
"121_10_6","60_69_8_2"
"141_0_6","70_69_8_2"
"5_68_7","2_69_9"
"9_66_7_0","4_69_9_2"
"9_66_7_1","4_69_9_2 + 4_69_9_3"
"11_65_7_0","0"
"11_65_7_1","5_69_9_2"
"11_65_7_2","0"
"13_64_7_0","0"
"13_64_7_1","0"
"13_64_7_2","6_69_9_2 + 6_69_9_3"
"13_64_7_3","6_69_9_3"
"17_62_7_0","8_69_9_2"
"17_62_7_1","8_69_9_0 + 8_69_9_2"
"21_60_7_0","10_69_9_3"
"21_60_7_1","10_69_9_3 + 10_69_9_4"
"25_58_7","12_69_9_4"
"27_57_7","13_69_9_3"
"33_54_7","16_69_9_3"
"35_53_7","17_69_9_1"
"41_50_7","20_69_9_3"
"45_48_7_0","22_69_9_3"
"45_48_7_1","0"
"49_46_7","24_69_9_3"
"57_42_7","28_69_9_5"
"59_41_7","29_69_9_2"
"65_38_7","32_69_9_4"
"67_37_7_0","33_69_9_3"
"67_37_7_1","0"
"71_35_7","35_69_9_2"
"77_32_7","38_69_9_2"
"81_30_7","40_69_9_2"
"89_26_7","44_69_9_2"
"109_16_7","54_69_9_2"
"141_0_7","70_69_9_2"
"9_66_8_0","0"
"9_66_8_1","4_69_10_1"
"9_66_8_2","4_69_10_0 + 4_69_10_1"
"9_66_8_3","4_69_10_1 + 4_69_10_2"
"13_64_8_0","0"
"13_64_8_1","6_69_10_1"
"13_64_8_2","6_69_10_1 + 6_69_10_2"
"13_64_8_3","0"
"17_62_8_0","8_69_10_0"
"17_62_8_1","8_69_10_1"
"17_62_8_2","8_69_10_2"
"19_61_8_0","9_69_10"
"19_61_8_1","0"
"19_61_8_2","0"
"21_60_8_0","10_69_10_1"
"21_60_8_1","10_69_10_0"
"25_58_8_0","12_69_10_0"
"25_58_8_1","12_69_10_1"
"33_54_8_0","16_69_10_3"
"33_54_8_1","16_69_10_2 + 16_69_10_3"
"41_50_8","20_69_10_3"
"45_48_8","22_69_10_3"
"49_46_8","24_69_10_2"
"57_42_8","28_69_10_1"
"61_40_8","30_69_10_2"
"65_38_8","32_69_10_2"
"67_37_8_0","33_69_10_1"
"67_37_8_1","33_69_10_1"
"73_34_8","36_69_10_1"
"77_32_8","38_69_10_1"
"81_30_8","40_69_10_1"
"85_28_8","42_69_10_1"
"89_26_8","44_69_10_1"
"97_22_8","48_69_10_2"
"107_17_8","53_69_10_1"
"141_0_8","70_69_10_1"
"9_66_9_0","0"
"9_66_9_1","4_69_11_1"
"13_64_9_0","6_69_11_3"
"13_64_9_1","6_69_11_2"
"17_62_9_0","8_69_11_2"
"17_62_9_1","8_69_11_2 + 8_69_11_3"
"17_62_9_2","8_69_11_2 + 8_69_11_4"
"19_61_9_0","0"
"19_61_9_1","9_69_11_3"
"19_61_9_2","9_69_11_2 + 9_69_11_3"
"21_60_9_0","10_69_11_0"
"21_60_9_1","10_69_11_0 + 10_69_11_4"
"21_60_9_2","0"
"25_58_9","12_69_11_3"
"29_56_9","14_69_11_1"
"33_54_9_0","16_69_11_3 + 16_69_11_4"
"33_54_9_1","16_69_11_3"
"35_53_9_0","17_69_11_2"
"35_53_9_1","0"
"37_52_9","18_69_11_3"
"51_45_9","25_69_11_3"
"57_42_9","28_69_11_3"
"65_38_9","32_69_11_2"
"73_34_9","36_69_11_2"
"81_30_9","40_69_11_2"
"85_28_9","42_69_11_2"
"97_22_9","48_69_11_3"
"103_19_9","51_69_11_2"
"107_17_9","53_69_11_2"
"141_0_9","70_69_11_2"
"5_68_10_0","0"
"5_68_10_1","2_69_12"
"5_68_10_2","2_69_12"
"9_66_10","4_69_12_1"
"11_65_10_0","5_69_12"
"11_65_10_1","0"
"13_64_10_0","0"
"13_64_10_1","6_69_12"
"17_62_10_0","8_69_12_0"
"17_62_10_1","8_69_12_3"
"17_62_10_2","8_69_12_1"
"21_60_10_0","10_69_12_1"
"21_60_10_1","0"
"23_59_10","11_69_12_0"
"25_58_10","12_69_12_1"
"29_56_10_0","0"
"29_56_10_1","14_69_12_2"
"33_54_10_0","16_69_12_0"
"33_54_10_1","16_69_12_0 + 16_69_12_4"
"33_54_10_2","16_69_12_3"
"33_54_10_3","16_69_12_0 + 16_69_12_2 + 16_69_12_3"
"35_53_10_0","17_69_12_1"
"35_53_10_1","0"
"37_52_10","18_69_12_1"
"41_50_10","20_69_12_1"
"53_44_10","26_69_12_1"
"59_41_10","29_69_12"
"81_30_10","40_69_12"
"97_22_10","48_69_12"
"105_18_10","52_69_12"
"141_0_10","70_69_12"
"5_68_11","2_69_13"
"9_66_11_0","0"
"9_66_11_1","4_69_13_0"
"17_62_11_0","8_69_13_3"
"17_62_11_1","8_69_13_4"
"19_61_11_0","9_69_13_0"
"19_61_11_1","0"
"19_61_11_2","0"
"21_60_11_0","10_69_13_0"
"21_60_11_1","10_69_13_0 + 10_69_13_2"
"21_60_11_2","10_69_13_0 + 10_69_13_2 + 10_69_13_3"
"29_56_11_0","14_69_13_2"
"29_56_11_1","14_69_13_3"
"33_54_11_0","16_69_13_2"
"33_54_11_1","16_69_13_2 + 16_69_13_3 + 16_69_13_4"
"33_54_11_2","16_69_13_4"
"37_52_11","18_69_13_2"
"49_46_11","24_69_13_2"
"55_43_11","27_69_13_1"
"61_40_11","30_69_13_1"
"73_34_11","36_69_13_1"
"93_24_11","46_69_13_1"
"141_0_11","70_69_13_1"
"9_66_12_0","4_69_14_0"
"9_66_12_1","4_69_14_0 + 4_69_14_2"
"17_62_12","8_69_14_0"
"21_60_12_0","10_69_14_0"
"21_60_12_1","10_69_14_2 + 10_69_14_3"
"21_60_12_2","10_69_14_2"
"29_56_12_0","14_69_14_1"
"29_56_12_1","14_69_14_1 + 14_69_14_2"
"33_54_12_0","16_69_14_1"
"33_54_12_1","16_69_14_1 + 16_69_14_2"
"33_54_12_2","16_69_14_3"
"45_48_12","22_69_14_1"
"51_45_12","25_69_14"
"57_42_12","28_69_14"
"61_40_12","30_69_14"
"69_36_12","34_69_14"
"73_34_12","36_69_14"
"81_30_12","40_69_14_1"
"91_25_12","45_69_14"
"141_0_12","70_69_14"
"9_66_13","4_69_15_1"
"17_62_13","8_69_15_1"
"21_60_13","10_69_15_2"
"29_56_13_0","0"
"29_56_13_1","14_69_15_2"
"29_56_13_2","14_69_15_3"
"33_54_13_0","16_69_15_2"
"33_54_13_1","16_69_15_2 + 16_69_15_3"
"41_50_13","20_69_15_2"
"47_47_13_0","0"
"47_47_13_1","23_69_15_1"
"57_42_13","28_69_15_1"
"69_36_13","34_69_15_1"
"81_30_13","40_69_15_2"
"87_27_13","43_69_15_1"
"91_25_13","45_69_15_1"
"141_0_13","70_69_15_1"
"5_68_14_0","2_69_16_0"
"5_68_14_1","2_69_16_1"
"9_66_14","4_69_16_0"
"13_64_14_0","6_69_16_0"
"13_64_14_1","6_69_16_0 + 6_69_16_3"
"13_64_14_2","6_69_16_2"
"17_62_14_0","8_69_16_1"
"17_62_14_1","8_69_16_1 + 8_69_16_2"
"21_60_14_0","10_69_16_1"
"21_60_14_1","10_69_16_2"
"25_58_14","12_69_16_1"
"33_54_14","16_69_16_1"
"37_52_14","18_69_16_1"
"43_49_14","21_69_16"
"49_46_14","24_69_16"
"81_30_14","40_69_16"
"89_26_14","44_69_16"
"141_0_14","70_69_16"
"9_66_15","4_69_17_0"
"13_64_15","6_69_17_1"
"17_62_15_0","8_69_17_1"
"17_62_15_1","8_69_17_1 + 8_69_17_2"
"21_60_15_0","10_69_17_1"
"21_60_15_1","10_69_17_1 + 10_69_17_2"
"33_54_15_0","16_69_17_1"
"33_54_15_1","16_69_17_1 + 16_69_17_2"
"39_51_15","19_69_17"
"45_48_15","22_69_17"
"49_46_15","24_69_17"
"57_42_15","28_69_17"
"77_32_15","38_69_17"
"141_0_15","70_69_17"
"13_64_16","6_69_18_1"
"17_62_16_0","8_69_18_1"
"17_62_16_1","8_69_18_2"
"21_60_16","10_69_18_1"
"29_56_16","14_69_18_1"
"33_54_16","16_69_18_1"
"41_50_16","20_69_18_2"
"45_48_16","22_69_18_2"
"49_46_16","24_69_18_2"
"53_44_16","26_69_18_2"
"57_42_16","28_69_18_2"
"65_38_16","32_69_18_3"
"75_33_16","37_69_18_2"
"141_0_16","70_69_18_2"
"5_68_17","2_69_19"
"9_66_17","4_69_19_0"
"13_64_17_0","0"
"13_64_17_1","6_69_19_0"
"13_64_17_2","6_69_19_0 + 6_69_19_1"
"17_62_17_0","8_69_19_0"
"17_62_17_1","8_69_19_1"
"25_58_17","12_69_19"
"41_50_17","20_69_19_1"
"49_46_17","24_69_19_1"
"53_44_17","26_69_19_1"
"65_38_17","32_69_19_2"
"71_35_17","35_69_19_1"
"75_33_17","37_69_19_1"
"141_0_17","70_69_19_1"
"9_66_18","4_69_20"
"17_62_18_0","8_69_20_1"
"17_62_18_1","8_69_20_0 + 8_69_20_1"
"21_60_18","10_69_20"
"25_58_18","12_69_20"
"49_46_18","24_69_20_1"
"65_38_18","32_69_20_1"
"73_34_18","36_69_20_1"
"141_0_18","70_69_20_1"
"17_62_19_0","8_69_21_1"
"17_62_19_1","8_69_21_2 + 8_69_21_3"
"17_62_19_2","8_69_21_1 + 8_69_21_3"
"25_58_19","12_69_21_1"
"29_56_19","14_69_21_2"
"41_50_19","20_69_21_2"
"61_40_19","30_69_21_2"
"141_0_19","70_69_21_2"
"5_68_20","2_69_22"
"9_66_20","4_69_22_0"
"13_64_20","6_69_22"
"17_62_20","8_69_22"
"25_58_20_0","12_69_22_1"
"25_58_20_1","12_69_22_2"
"29_56_20","14_69_22_1"
"37_52_20","18_69_22_1"
"41_50_20","20_69_22_1"
"49_46_20","24_69_22_2"
"59_41_20","29_69_22_1"
"141_0_20","70_69_22_1"
"9_66_21_0","4_69_23_0"
"9_66_21_1","4_69_23_1"
"21_60_21","10_69_23_1"
"25_58_21","12_69_23_1"
"37_52_21","18_69_23_1"
"49_46_21","24_69_23_2"
"55_43_21","27_69_23_1"
"59_41_21","29_69_23_1"
"141_0_21","70_69_23_1"
"9_66_22","4_69_24"
"17_62_22_0","8_69_24_2 + 8_69_24_3"
"17_62_22_1","8_69_24_3"
"21_60_22","10_69_24_2"
"49_46_22","24_69_24_2"
"57_42_22","28_69_24_2"
"141_0_22","70_69_24_2"
"5_68_23","2_69_25"
"13_64_23_0","6_69_25_2"
"13_64_23_1","6_69_25_1"
"17_62_23","8_69_25_1"
"25_58_23","12_69_25_1"
"45_48_23","22_69_25_1"
"141_0_23","70_69_25_1"
"9_66_24","4_69_26_1"
"13_64_24_0","6_69_26_1"
"13_64_24_1","6_69_26_2"
"17_62_24","8_69_26_1"
"21_60_24","10_69_26_1"
"25_58_24","12_69_26_1"
"33_54_24","16_69_26_2"
"43_49_24","21_69_26_1"
"141_0_24","70_69_26_1"
"9_66_25","4_69_27"
"13_64_25_0","0"
"13_64_25_1","6_69_27"
"17_62_25","8_69_27_1"
"21_60_25","10_69_27_1"
"33_54_25","16_69_27_2"
"39_51_25","19_69_27_1"
"43_49_25","21_69_27_1"
"141_0_25","70_69_27_1"
"5_68_26","2_69_28"
"17_62_26","8_69_28_1"
"33_54_26","16_69_28_1"
"41_50_26","20_69_28_1"
"141_0_26","70_69_28_1"
"9_66_27","4_69_29_1"
"29_56_27","14_69_29_1"
"141_0_27","70_69_29_1"
"9_66_28","4_69_30"
"17_62_28","8_69_30_1"
"27_57_28","13_69_30"
"141_0_28","70_69_30"
"5_68_29","2_69_31"
"17_62_29","8_69_31_1"
"23_59_29","11_69_31"
"27_57_29","13_69_31"
"141_0_29","70_69_31"
"81_31_1","40_70_3"
"113_15_1","56_70_3_1"
"129_7_1","64_70_3_2"
"137_3_1","68_70_3_2"
"141_1_1","70_70_3_1"
"67_38_2","33_70_4_2"
"75_34_2","37_70_4_0"
"81_31_2","40_70_4_1"
"83_30_2","41_70_4_1"
"113_15_2","56_70_4_2"
"129_7_2","64_70_4_4"
"131_6_2","65_70_4_3"
"137_3_2","68_70_4_3"
"139_2_2","69_70_4_2"
"37_53_3","18_70_5"
"53_45_3","26_70_5_1"
"61_41_3","30_70_5_1"
"65_39_3","32_70_5_1"
"69_37_3","34_70_5_1"
"81_31_3_0","40_70_5_1"
"81_31_3_1","40_70_5_1 + 40_70_5_2"
"101_21_3","50_70_5_1"
"113_15_3","56_70_5_3"
"129_7_3","64_70_5_3"
"137_3_3","68_70_5_2"
"19_62_4","9_70_6_1"
"35_54_4","17_70_6_1"
"37_53_4","18_70_6_1"
"39_52_4","19_70_6"
"53_45_4","26_70_6_1"
"55_44_4","27_70_6_1"
"61_41_4","30_70_6_2"
"65_39_4","32_70_6_2"
"67_38_4_0","33_70_6_2"
"67_38_4_1","33_70_6_2"
"77_33_4","38_70_6_2"
"79_32_4","39_70_6_1"
"81_31_4","40_70_6_1"
"97_23_4","48_70_6_2"
"99_22_4","49_70_6_1"
"103_20_4","51_70_6_1"
"109_17_4","54_70_6_2"
"113_15_4","56_70_6_2"
"115_14_4","57_70_6_2"
"129_7_4","64_70_6_1"
"13_65_5_0","0"
"13_65_5_1","6_70_7_1"
"17_63_5_0","8_70_7_2"
"17_63_5_1","8_70_7_2 + 8_70_7_6"
"17_63_5_2","8_70_7_2 + 8_70_7_5 + 8_70_7_6"
"17_63_5_3","8_70_7_4 + 8_70_7_5"
"19_62_5_0","9_70_7_3"
"19_62_5_1","9_70_7_4"
"19_62_5_2","0"
"21_61_5_0","10_70_7_2"
"21_61_5_1","10_70_7_3"
"25_59_5","12_70_7_2"
"33_55_5","16_70_7_0"
"35_54_5","17_70_7_1"
"37_53_5_0","0"
"37_53_5_1","18_70_7_1"
"41_51_5","20_70_7_2"
"45_49_5","22_70_7_3"
"49_47_5","24_70_7_3"
"53_45_5_0","0"
"53_45_5_1","26_70_7_3"
"65_39_5","32_70_7_3"
"69_37_5","34_70_7_3"
"73_35_5","36_70_7_2"
"81_31_5_0","40_70_7_2"
"81_31_5_1","40_70_7_2 + 40_70_7_3"
"97_23_5","48_70_7_3"
"101_21_5","50_70_7_2"
"109_17_5","54_70_7_3"
"113_15_5_0","56_70_7_3"
"113_15_5_1","56_70_7_3 + 56_70_7_4"
"121_11_5","60_70_7_3"
"125_9_5","62_70_7_2"
"11_66_6","5_70_8_1"
"13_65_6_0","0"
"13_65_6_1","6_70_8_2"
"13_65_6_2","0"
"17_63_6_0","8_70_8_3 + 8_70_8_4"
"17_63_6_1","8_70_8_4"
"17_63_6_2","8_70_8_4 + 8_70_8_5"
"19_62_6_0","9_70_8_2"
"19_62_6_1","9_70_8_1"
"19_62_6_2","9_70_8_1 + 9_70_8_3"
"21_61_6_0","10_70_8_2"
"21_61_6_1","10_70_8_3"
"25_59_6","12_70_8_3"
"27_58_6","13_70_8_3"
"33_55_6_0","16_70_8_2"
"33_55_6_1","16_70_8_3"
"35_54_6_0","17_70_8_2"
"35_54_6_1","17_70_8_2 + 17_70_8_3"
"41_51_6","20_70_8_2"
"51_46_6","25_70_8_3"
"53_45_6","26_70_8_3"
"67_38_6_0","33_70_8_0"
"67_38_6_1","33_70_8_0 + 33_70_8_3"
"69_37_6","34_70_8_2"
"71_36_6","35_70_8_1"
"81_31_6","40_70_8_2"
"83_30_6","41_70_8_1"
"97_23_6","48_70_8_1"
"109_17_6","54_70_8_2"
"113_15_6","56_70_8_2"
"121_11_6","60_70_8_2"
"123_10_6","61_70_8_1"
"9_67_7_0","0"
"9_67_7_1","4_70_9_0"
"9_67_7_2","4_70_9_4"
"9_67_7_3","4_70_9_0 + 4_70_9_3 + 4_70_9_4"
"9_67_7_4","4_70_9_2 + 4_70_9_4"
"11_66_7_0","5_70_9_2"
"11_66_7_1","5_70_9_1"
"11_66_7_2","0"
"13_65_7_0","0"
"13_65_7_1","6_70_9_4"
"13_65_7_2","6_70_9_3 + 6_70_9_4"
"13_65_7_3","6_70_9_2"
"17_63_7_0","8_70_9_1"
"17_63_7_1","8_70_9_1 + 8_70_9_2"
"17_63_7_2","8_70_9_4"
"21_61_7_0","0"
"21_61_7_1","10_70_9_1 + 10_70_9_3"
"21_61_7_2","10_70_9_1"
"23_60_7_0","11_70_9_1"
"23_60_7_1","0"
"25_59_7_0","12_70_9_1"
"25_59_7_1","12_70_9_1 + 12_70_9_2"
"27_58_7_0","13_70_9_1"
"27_58_7_1","13_70_9_1"
"29_57_7","14_70_9_1"
"33_55_7_0","16_70_9_1"
"33_55_7_1","16_70_9_1 + 16_70_9_2"
"49_47_7","24_70_9_2"
"51_46_7","25_70_9_2"
"53_45_7","26_70_9_2"
"65_39_7","32_70_9_1"
"69_37_7_0","0"
"69_37_7_1","34_70_9_1"
"73_35_7","36_70_9_1"
"81_31_7","40_70_9_1"
"85_29_7","42_70_9_2"
"91_26_7","45_70_9_1"
"97_23_7","48_70_9_2"
"113_15_7","56_70_9_2"
"121_11_7","60_70_9_1"
"5_69_8_0","2_70_10_0"
"5_69_8_1","2_70_10_1"
"5_69_8_2","0"
"9_67_8_0","4_70_10_0"
"9_67_8_1","0"
"9_67_8_2","4_70_10_0 + 4_70_10_1"
"13_65_8_0","6_70_10_2"
"13_65_8_1","0"
"17_63_8_0","8_70_10_5"
"17_63_8_1","8_70_10_3 + 8_70_10_5"
"17_63_8_2","8_70_10_4 + 8_70_10_5"
"19_62_8_0","9_70_10_2"
"19_62_8_1","9_70_10_2 + 9_70_10_3"
"21_61_8_0","10_70_10_1"
"21_61_8_1","10_70_10_1 + 10_70_10_2"
"21_61_8_2","0"
"25_59_8","12_70_10_1"
"27_58_8_0","13_70_10_1"
"27_58_8_1","0"
"29_57_8_0","14_70_10_2"
"29_57_8_1","14_70_10_1 + 14_70_10_3"
"29_57_8_2","14_70_10_3"
"37_53_8","18_70_10_1"
"49_47_8_0","24_70_10_3"
"49_47_8_1","24_70_10_2 + 24_70_10_3"
"51_46_8","25_70_10_1"
"69_37_8_0","34_70_10_1"
"69_37_8_1","34_70_10_2"
"73_35_8","36_70_10_1"
"81_31_8_0","40_70_10_2 + 40_70_10_3"
"81_31_8_1","40_70_10_3"
"85_29_8","42_70_10_2"
"87_28_8","43_70_10_1"
"93_25_8","46_70_10_2"
"97_23_8","48_70_10_2"
"99_22_8","49_70_10_2"
"113_15_8","56_70_10_1"
"5_69_9_0","2_70_11"
"5_69_9_1","2_70_11"
"5_69_9_2","0"
"9_67_9_0","4_70_11_0"
"9_67_9_1","4_70_11_2"
"13_65_9_0","0"
"13_65_9_1","0"
"13_65_9_2","6_70_11_1"
"17_63_9_0","8_70_11_2"
"17_63_9_1","8_70_11_1"
"17_63_9_2","8_70_11_3"
"19_62_9","9_70_11_0"
"21_61_9_0","10_70_11_2"
"21_61_9_1","10_70_11_1"
"21_61_9_2","0"
"23_60_9_0","0"
"23_60_9_1","11_70_11_0"
"23_60_9_2","0"
"25_59_9","12_70_11"
"29_57_9_0","14_70_11_0"
"29_57_9_1","0"
"29_57_9_2","14_70_11_0 + 14_70_11_1"
"37_53_9_0","0"
"37_53_9_1","18_70_11_1"
"41_51_9","20_70_11"
"53_45_9","26_70_11"
"65_39_9","32_70_11"
"69_37_9","34_70_11"
"81_31_9_0","40_70_11_2"
"81_31_9_1","40_70_11_1"
"85_29_9","42_70_11"
"93_25_9","46_70_11_1"
"97_23_9_0","48_70_11_1"
"97_23_9_1","48_70_11_2"
"105_19_9","52_70_11_1"
"109_17_9","54_70_11"
"9_67_10_0","4_70_12_2"
"9_67_10_1","4_70_12_1 + 4_70_12_2 + 4_70_12_3"
"9_67_10_2","4_70_12_1 + 4_70_12_2"
"13_65_10","6_70_12_3"
"17_63_10_0","8_70_12_0"
"17_63_10_1","8_70_12_3 + 8_70_12_4"
"17_63_10_2","8_70_12_0 + 8_70_12_3"
"17_63_10_3","0"
"19_62_10_0","9_70_12_1 + 9_70_12_2"
"19_62_10_1","9_70_12_1"
"21_61_10_0","0"
"21_61_10_1","10_70_12_1 + 10_70_12_2"
"21_61_10_2","10_70_12_1"
"25_59_10","12_70_12_1"
"29_57_10_0","0"
"29_57_10_1","14_70_12_1"
"35_54_10_0","0"
"35_54_10_1","17_70_12_1"
"35_54_10_2","0"
"37_53_10_0","18_70_12_2 + 18_70_12_3"
"37_53_10_1","18_70_12_3"
"43_50_10","21_70_12_1"
"49_47_10","24_70_12_1"
"61_41_10","30_70_12_1"
"81_31_10_0","40_70_12_1"
"81_31_10_1","40_70_12_2"
"93_25_10","46_70_12_2"
"97_23_10","48_70_12_2"
"105_19_10","52_70_12_2"
"107_18_10","53_70_12_1"
"5_69_11_0","0"
"5_69_11_1","2_70_13"
"9_67_11_0","4_70_13_1"
"9_67_11_1","0"
"11_66_11_0","0"
"11_66_11_1","0"
"11_66_11_2","5_70_13_1"
"13_65_11_0","6_70_13_1"
"13_65_11_1","6_70_13_1"
"17_63_11_0","8_70_13_1"
"17_63_11_1","8_70_13_0"
"21_61_11_0","0"
"21_61_11_1","10_70_13"
"25_59_11","12_70_13"
"29_57_11_0","0"
"29_57_11_1","14_70_13_0"
"33_55_11_0","16_70_13_0"
"33_55_11_1","16_70_13_0 + 16_70_13_1"
"35_54_11_0","17_70_13"
"35_54_11_1","17_70_13"
"35_54_11_2","0"
"37_53_11_0","18_70_13_1"
"37_53_11_1","18_70_13_0"
"45_49_11","22_70_13"
"57_43_11","28_70_13"
"69_37_11","34_70_13_1"
"75_34_11","37_70_13"
"81_31_11","40_70_13_1"
"97_23_11","48_70_13_1"
"105_19_11","52_70_13"
"9_67_12_0","4_70_14_2"
"9_67_12_1","4_70_14_0"
"9_67_12_2","4_70_14_2"
"13_65_12_0","0"
"13_65_12_1","0"
"13_65_12_2","6_70_14_1"
"21_61_12","10_70_14_3"
"29_57_12_0","14_70_14_3"
"29_57_12_1","14_70_14_3 + 14_70_14_4"
"33_55_12_0","16_70_14_3"
"33_55_12_1","16_70_14_3 + 16_70_14_4"
"37_53_12","18_70_14_3"
"41_51_12","20_70_14_3"
"53_45_12","26_70_14_3"
"57_43_12","28_70_14_3"
"65_39_12","32_70_14_4"
"69_37_12","34_70_14_4"
"71_36_12","35_70_14_3"
"77_33_12","38_70_14_4"
"81_31_12","40_70_14_4"
"83_30_12","41_70_14_4"
"97_23_12","48_70_14_3"
"5_69_13_0","2_70_15_0"
"5_69_13_1","2_70_15_0 + 2_70_15_1"
"5_69_13_2","2_70_15_0 + 2_70_15_1"
"9_67_13","4_70_15_0"
"13_65_13_0","6_70_15_0"
"13_65_13_1","6_70_15_2"
"13_65_13_2","6_70_15_2 + 6_70_15_3"
"17_63_13","8_70_15_1"
"21_61_13_0","0"
"21_61_13_1","10_70_15_1"
"25_59_13_0","12_70_15_1"
"25_59_13_1","12_70_15_2"
"37_53_13_0","18_70_15_1"
"37_53_13_1","18_70_15_1 + 18_70_15_2"
"49_47_13_0","24_70_15_1"
"49_47_13_1","24_70_15_2"
"65_39_13","32_70_15_2"
"69_37_13","34_70_15_1"
"77_33_13","38_70_15_2"
"81_31_13_0","40_70_15_2"
"81_31_13_1","40_70_15_3"
"89_27_13","44_70_15_2"
"93_25_13","46_70_15_1"
"9_67_14_0","4_70_16_0"
"9_67_14_1","4_70_16_2"
"13_65_14","6_70_16_1"
"21_61_14_0","10_70_16_1"
"21_61_14_1","10_70_16_2"
"25_59_14","12_70_16_1"
"33_55_14","16_70_16_1"
"37_53_14","18_70_16_1"
"45_49_14","22_70_16_1"
"49_47_14","24_70_16_1"
"65_39_14","32_70_16_1"
"77_33_14","38_70_16_2"
"81_31_14","40_70_16_2"
"89_27_14","44_70_16_2"
"91_26_14","45_70_16_1"
"9_67_15","4_70_17_1"
"17_63_15_0","8_70_17_1"
"17_63_15_1","8_70_17_2"
"19_62_15_0","9_70_17_1"
"19_62_15_1","9_70_17_1"
"21_61_15","10_70_17_1"
"25_59_15","12_70_17_1"
"29_57_15","14_70_17_1"
"37_53_15","18_70_17_1"
"41_51_15","20_70_17_2"
"49_47_15","24_70_17_2"
"53_45_15","26_70_17_3"
"59_42_15","29_70_17_2"
"65_39_15","32_70_17_3"
"81_31_15","40_70_17_3"
"89_27_15","44_70_17_2"
"5_69_16_0","2_70_18_0 + 2_70_18_1"
"5_69_16_1","2_70_18_1"
"9_67_16_0","0"
"9_67_16_1","4_70_18_0"
"13_65_16_0","6_70_18_0"
"13_65_16_1","6_70_18_1"
"17_63_16_0","8_70_18_0"
"17_63_16_1","8_70_18_1"
"21_61_16","10_70_18_0"
"25_59_16","12_70_18"
"37_53_16_0","18_70_18_0"
"37_53_16_1","18_70_18_0 + 18_70_18_2"
"41_51_16","20_70_18_1"
"49_47_16_0","24_70_18_2"
"49_47_16_1","24_70_18_3"
"53_45_16","26_70_18_2"
"55_44_16","27_70_18_1"
"61_41_16","30_70_18_2"
"65_39_16","32_70_18_2"
"67_38_16","33_70_18_2"
"81_31_16","40_70_18_1"
"9_67_17","4_70_19_0"
"17_63_17","8_70_19_1"
"21_61_17_0","10_70_19_1"
"21_61_17_1","10_70_19_2"
"33_55_17","16_70_19_2"
"37_53_17","18_70_19_2"
"49_47_17_0","24_70_19_3"
"49_47_17_1","24_70_19_4"
"53_45_17","26_70_19_2"
"61_41_17","30_70_19_3"
"65_39_17_0","32_70_19_3"
"65_39_17_1","32_70_19_4"
"73_35_17","36_70_19_3"
"77_33_17","38_70_19_2"
"17_63_18_0","8_70_20_1"
"17_63_18_1","8_70_20_1 + 8_70_20_2"
"21_61_18","10_70_20_1"
"29_57_18","14_70_20_2"
"49_47_18_0","24_70_20_2"
"49_47_18_1","24_70_20_3"
"61_41_18","30_70_20_3"
"65_39_18","32_70_20_3"
"73_35_18","36_70_20_3"
"75_34_18","37_70_20_2"
"5_69_19","2_70_21"
"9_67_19","4_70_21_0"
"13_65_19_0","6_70_21_0"
"13_65_19_1","6_70_21_1"
"25_59_19","12_70_21_1"
"37_53_19","18_70_21_2"
"43_50_19","21_70_21_1"
"49_47_19","24_70_21_2"
"65_39_19","32_70_21_2"
"73_35_19","36_70_21_1"
"9_67_20","4_70_22"
"13_65_20","6_70_22"
"21_61_20_0","10_70_22_0"
"21_61_20_1","10_70_22_0 + 10_70_22_2"
"25_59_20","12_70_22_1"
"33_55_20","16_70_22_2"
"37_53_20","18_70_22_2"
"39_52_20","19_70_22_1"
"45_49_20","22_70_22_2"
"49_47_20","24_70_22_2"
"51_46_20","25_70_22_2"
"65_39_20","32_70_22_1"
"13_65_21","6_70_23_1"
"17_63_21","8_70_23_2"
"21_61_21","10_70_23_2"
"33_55_21","16_70_23_3"
"37_53_21","18_70_23_2"
"45_49_21","22_70_23_3"
"49_47_21_0","24_70_23_3"
"49_47_21_1","24_70_23_4"
"57_43_21","28_70_23_3"
"61_41_21","30_70_23_2"
"5_69_22","2_70_24"
"13_65_22_0","6_70_24_1"
"13_65_22_1","6_70_24_2"
"21_61_22","10_70_24_1"
"33_55_22","16_70_24_1"
"45_49_22","22_70_24_2"
"49_47_22","24_70_24_2"
"57_43_22","28_70_24_2"
"59_42_22","29_70_24_1"
"9_67_23","4_70_25_1"
"13_65_23_0","0"
"13_65_23_1","6_70_25_1"
"17_63_23","8_70_25_1"
"21_61_23_0","10_70_25_2 + 10_70_25_3"
"21_61_23_1","10_70_25_3"
"27_58_23","13_70_25_1"
"33_55_23","16_70_25_2"
"49_47_23","24_70_25_2"
"57_43_23","28_70_25_1"
"9_67_24","4_70_26"
"13_65_24","6_70_26"
"17_63_24_0","8_70_26_2"
"17_63_24_1","8_70_26_1"
"21_61_24","10_70_26_1"
"23_60_24","11_70_26"
"29_57_24","14_70_26_1"
"33_55_24","16_70_26_1"
"35_54_24","17_70_26_1"
"49_47_24","24_70_26"
"5_69_25","2_70_27"
"9_67_25_0","0"
"9_67_25_1","4_70_27"
"17_63_25_0","8_70_27_1"
"17_63_25_1","8_70_27_1 + 8_70_27_2"
"21_61_25","10_70_27"
"29_57_25","14_70_27_1"
"33_55_25_0","16_70_27_1"
"33_55_25_1","16_70_27_1 + 16_70_27_2"
"41_51_25","20_70_27_1"
"45_49_25","22_70_27"
"9_67_26","4_70_28_1"
"17_63_26_0","8_70_28_0"
"17_63_26_1","8_70_28_0 + 8_70_28_1"
"29_57_26","14_70_28_1"
"33_55_26","16_70_28_1"
"41_51_26","20_70_28_1"
"43_50_26","21_70_28"
"9_67_27","4_70_29"
"17_63_27","8_70_29_1"
"33_55_27","16_70_29_1"
"41_51_27","20_70_29"
"5_69_28","2_70_30"
"13_65_28","6_70_30_1"
"17_63_28","8_70_30_1"
"19_62_28","9_70_30_1"
"33_55_28","16_70_30"
"83_31_1","41_71_3"
"115_15_1","57_71_3_1"
"131_7_1","65_71_3_2"
"139_3_1","69_71_3_1"
"145_0_1","72_71_3_1"
"49_48_2","24_71_4"
"69_38_2","34_71_4"
"77_34_2","38_71_4"
"81_32_2","40_71_4"
"85_30_2","42_71_4"
"109_18_2","54_71_4_1"
"113_16_2","56_71_4_1"
"117_14_2","58_71_4_1"
"129_8_2","64_71_4_1"
"133_6_2","66_71_4_1"
"145_0_2","72_71_4_1"
"39_53_3","19_71_5"
"45_50_3","22_71_5_0"
"67_39_3","33_71_5_2"
"69_38_3","34_71_5_3"
"71_37_3","35_71_5_0"
"77_34_3","38_71_5_2"
"83_31_3_0","41_71_5_1"
"83_31_3_1","0"
"85_30_3","42_71_5_1"
"109_18_3","54_71_5_1"
"117_14_3","58_71_5_1"
"129_8_3","64_71_5_1"
"145_0_3","72_71_5_1"
"17_64_4","8_71_6_1"
"21_62_4_0","10_71_6_1"
"21_62_4_1","10_71_6_1 + 10_71_6_3"
"23_61_4","11_71_6_1"
"25_60_4","12_71_6_1"
"29_58_4","14_71_6_1"
"37_54_4","18_71_6"
"45_50_4_0","0"
"45_50_4_1","22_71_6_2"
"57_44_4","28_71_6_4"
"65_40_4_0","32_71_6_2 + 32_71_6_5"
"65_40_4_1","32_71_6_2"
"67_39_4","33_71_6_4"
"69_38_4_0","34_71_6_2"
"69_38_4_1","34_71_6_2 + 34_71_6_4"
"79_33_4","39_71_6_2"
"81_32_4","40_71_6_2"
"85_30_4","42_71_6_2"
"99_23_4","49_71_6_2"
"105_20_4","52_71_6_2"
"109_18_4_0","54_71_6_2"
"109_18_4_1","0"
"117_14_4","58_71_6_2"
"145_0_4","72_71_6_2"
"9_68_5","4_71_7_0"
"17_64_5_0","8_71_7_4"
"17_64_5_1","8_71_7_5"
"17_64_5_2","8_71_7_4 + 8_71_7_5 + 8_71_7_6"
"19_63_5_0","9_71_7_2"
"19_63_5_1","9_71_7_2 + 9_71_7_4 + 9_71_7_5"
"19_63_5_2","9_71_7_2 + 9_71_7_5"
"21_62_5_0","10_71_7_1"
"21_62_5_1","10_71_7_1 + 10_71_7_2"
"27_59_5","13_71_7_1"
"35_55_5","17_71_7_0"
"43_51_5_0","21_71_7_1"
"43_51_5_1","0"
"45_50_5","22_71_7_1"
"49_48_5","24_71_7_3"
"55_45_5_0","0"
"55_45_5_1","27_71_7_2"
"57_44_5","28_71_7_3"
"65_40_5_0","32_71_7_3 + 32_71_7_4"
"65_40_5_1","32_71_7_3"
"67_39_5","33_71_7_2"
"69_38_5","34_71_7_2"
"71_37_5","35_71_7_1"
"83_31_5_0","41_71_7_1"
"83_31_5_1","0"
"85_30_5","42_71_7_1"
"97_24_5","48_71_7_1"
"105_20_5","52_71_7_1"
"115_15_5_0","57_71_7_1"
"115_15_5_1","57_71_7_1"
"117_14_5","58_71_7_1"
"145_0_5","72_71_7_1"
"9_68_6_0","0"
"9_68_6_1","4_71_8_2"
"9_68_6_2","4_71_8_1"
"17_64_6_0","8_71_8_3"
"17_64_6_1","8_71_8_1 + 8_71_8_3 + 8_71_8_6 + 8_71_8_7"
"17_64_6_2","8_71_8_1 + 8_71_8_4 + 8_71_8_7 + 8_71_8_8"
"17_64_6_3","8_71_8_1 + 8_71_8_3 + 8_71_8_7 + 8_71_8_8"
"17_64_6_4","8_71_8_1 + 8_71_8_4 + 8_71_8_6 + 8_71_8_8"
"17_64_6_5","8_71_8_6"
"19_63_6_0","9_71_8_0"
"19_63_6_1","9_71_8_1"
"19_63_6_2","0"
"21_62_6_0","10_71_8_0"
"21_62_6_1","10_71_8_0 + 10_71_8_3"
"23_61_6_0","0"
"23_61_6_1","11_71_8_0"
"23_61_6_2","11_71_8_1"
"25_60_6","12_71_8_0"
"27_59_6_0","0"
"27_59_6_1","13_71_8"
"29_58_6","14_71_8"
"37_54_6_0","0"
"37_54_6_1","18_71_8"
"49_48_6","24_71_8_2"
"53_46_6","26_71_8_1"
"57_44_6","28_71_8_1"
"61_42_6","30_71_8_1"
"65_40_6_0","32_71_8_0"
"65_40_6_1","32_71_8_1"
"69_38_6_0","0"
"69_38_6_1","34_71_8"
"73_36_6","36_71_8"
"81_32_6","40_71_8_0"
"85_30_6","42_71_8_1"
"93_26_6","46_71_8"
"113_16_6","56_71_8_0"
"117_14_6","58_71_8"
"145_0_6","72_71_8"
"9_68_7_0","0"
"9_68_7_1","4_71_9_2"
"9_68_7_2","4_71_9_1"
"11_67_7_0","5_71_9_1"
"11_67_7_1","5_71_9_2"
"11_67_7_2","0"
"13_66_7_0","6_71_9_2"
"13_66_7_1","6_71_9_2 + 6_71_9_3 + 6_71_9_4"
"13_66_7_2","6_71_9_3"
"13_66_7_3","0"
"17_64_7_0","8_71_9_0"
"17_64_7_1","8_71_9_0 + 8_71_9_5"
"17_64_7_2","8_71_9_3 + 8_71_9_4"
"17_64_7_3","8_71_9_3"
"19_63_7_0","9_71_9_1"
"19_63_7_1","0"
"21_62_7","10_71_9_0"
"25_60_7_0","12_71_9_1 + 12_71_9_2"
"25_60_7_1","12_71_9_1"
"27_59_7","13_71_9_1"
"29_58_7","14_71_9_1"
"37_54_7","18_71_9_1"
"49_48_7_0","24_71_9_1 + 24_71_9_4"
"49_48_7_1","24_71_9_1"
"53_46_7","26_71_9_2"
"61_42_7","30_71_9_2"
"67_39_7","33_71_9_1"
"69_38_7","34_71_9_2"
"75_35_7","37_71_9_1"
"81_32_7","40_71_9_2"
"85_30_7","42_71_9_2"
"87_29_7","43_71_9_1"
"93_26_7","46_71_9_1"
"113_16_7","56_71_9_1"
"145_0_7","72_71_9_1"
"5_70_8_0","0"
"5_70_8_1","0"
"5_70_8_2","2_71_10_0"
"9_68_8_0","0"
"9_68_8_1","0"
"9_68_8_2","4_71_10_1"
"9_68_8_3","4_71_10_3"
"9_68_8_4","4_71_10_3 + 4_71_10_4 + 4_71_10_5"
"9_68_8_5","4_71_10_4"
"13_66_8_0","6_71_10_3 + 6_71_10_4 + 6_71_10_5"
"13_66_8_1","6_71_10_3 + 6_71_10_4 + 6_71_10_5"
"13_66_8_2","6_71_10_3 + 6_71_10_4"
"13_66_8_3","6_71_10_3 + 6_71_10_4 + 6_71_10_5 + 6_71_10_6"
"13_66_8_4","6_71_10_4 + 6_71_10_6"
"17_64_8_0","8_71_10_1"
"17_64_8_1","8_71_10_5"
"17_64_8_2","8_71_10_1 + 8_71_10_2"
"19_63_8_0","0"
"19_63_8_1","9_71_10_3"
"21_62_8_0","10_71_10_0 + 10_71_10_1"
"21_62_8_1","10_71_10_1"
"25_60_8_0","12_71_10_1 + 12_71_10_2 + 12_71_10_3"
"25_60_8_1","12_71_10_1"
"25_60_8_2","12_71_10_1 + 12_71_10_3"
"29_58_8_0","14_71_10_1"
"29_58_8_1","14_71_10_1"
"37_54_8_0","18_71_10_3"
"37_54_8_1","18_71_10_4"
"41_52_8","20_71_10_2"
"49_48_8","24_71_10_3"
"51_47_8_0","25_71_10_2"
"51_47_8_1","25_71_10_2 + 25_71_10_3"
"53_46_8","26_71_10_1"
"65_40_8","32_71_10_1"
"69_38_8","34_71_10_1"
"77_34_8","38_71_10_2"
"81_32_8","40_71_10_2"
"83_31_8_0","41_71_10_1"
"83_31_8_1","41_71_10_1"
"85_30_8","42_71_10_1"
"89_28_8","44_71_10_1"
"93_26_8","46_71_10_1"
"101_22_8","50_71_10_1"
"145_0_8","72_71_10_1"
"5_70_9_0","0"
"5_70_9_1","0"
"5_70_9_2","2_71_11"
"5_70_9_3","0"
"9_68_9_0","4_71_11_0"
"9_68_9_1","4_71_11_0 + 4_71_11_2"
"9_68_9_2","4_71_11_0 + 4_71_11_1 + 4_71_11_2"
"11_67_9_0","5_71_11_0"
"11_67_9_1","0"
"11_67_9_2","0"
"13_66_9","6_71_11_0"
"17_64_9_0","8_71_11_2"
"17_64_9_1","8_71_11_0"
"21_62_9_0","0"
"21_62_9_1","10_71_11_1"
"25_60_9_0","0"
"25_60_9_1","12_71_11_2 + 12_71_11_3"
"25_60_9_2","12_71_11_2"
"33_56_9_0","16_71_11_2"
"33_56_9_1","16_71_11_2 + 16_71_11_3"
"37_54_9_0","18_71_11_5"
"37_54_9_1","18_71_11_4"
"43_51_9","21_71_11_2"
"49_48_9_0","24_71_11_1 + 24_71_11_2"
"49_48_9_1","24_71_11_2"
"61_42_9","30_71_11_1"
"67_39_9","33_71_11_1"
"77_34_9","38_71_11_2"
"81_32_9","40_71_11_1"
"85_30_9","42_71_11_1"
"89_28_9","44_71_11_1"
"99_23_9_0","49_71_11_1"
"99_23_9_1","0"
"101_22_9","50_71_11_1"
"145_0_9","72_71_11_1"
"5_70_10_0","2_71_12_1"
"5_70_10_1","2_71_12_0"
"9_68_10_0","4_71_12_0"
"9_68_10_1","4_71_12_0"
"9_68_10_2","4_71_12_1"
"11_67_10_0","0"
"11_67_10_1","5_71_12_0"
"11_67_10_2","5_71_12_0"
"13_66_10_0","6_71_12_2"
"13_66_10_1","6_71_12_2 + 6_71_12_3"
"17_64_10_0","0"
"17_64_10_1","8_71_12_2"
"21_62_10_0","0"
"21_62_10_1","10_71_12_2"
"25_60_10","12_71_12_3"
"27_59_10","13_71_12_3"
"33_56_10_0","16_71_12_2"
"33_56_10_1","16_71_12_5"
"33_56_10_2","16_71_12_4"
"37_54_10_0","0"
"37_54_10_1","18_71_12_4"
"37_54_10_2","18_71_12_3"
"39_53_10","19_71_12_2"
"45_50_10","22_71_12_2"
"57_44_10","28_71_12_2"
"65_40_10","32_71_12_2"
"77_34_10","38_71_12_2"
"85_30_10","42_71_12_2"
"97_24_10","48_71_12_2"
"101_22_10","50_71_12_2"
"145_0_10","72_71_12_2"
"5_70_11","2_71_13"
"9_68_11_0","4_71_13_0 + 4_71_13_2"
"9_68_11_1","4_71_13_0"
"9_68_11_2","4_71_13_0 + 4_71_13_1 + 4_71_13_2"
"13_66_11_0","0"
"13_66_11_1","6_71_13_1"
"13_66_11_2","0"
"13_66_11_3","6_71_13_2"
"21_62_11","10_71_13_4"
"25_60_11_0","12_71_13_2"
"25_60_11_1","12_71_13_2 + 12_71_13_4"
"33_56_11_0","16_71_13_6"
"33_56_11_1","16_71_13_5"
"35_55_11","17_71_13_3"
"37_54_11_0","18_71_13_3"
"37_54_11_1","18_71_13_3 + 18_71_13_4 + 18_71_13_5"
"37_54_11_2","18_71_13_5"
"41_52_11","20_71_13_3"
"53_46_11","26_71_13_3"
"65_40_11","32_71_13_4"
"71_37_11","35_71_13_3"
"77_34_11","38_71_13_3"
"97_24_11","48_71_13_3"
"145_0_11","72_71_13_3"
"5_70_12_0","0"
"5_70_12_1","0"
"5_70_12_2","2_71_14"
"9_68_12_0","0"
"9_68_12_1","4_71_14_1"
"9_68_12_2","4_71_14_1 + 4_71_14_2 + 4_71_14_3"
"9_68_12_3","4_71_14_2"
"13_66_12_0","0"
"13_66_12_1","0"
"13_66_12_2","6_71_14_2"
"17_64_12","8_71_14_2"
"21_62_12_0","0"
"21_62_12_1","10_71_14_2"
"25_60_12_0","12_71_14_2"
"25_60_12_1","12_71_14_4"
"25_60_12_2","12_71_14_2 + 12_71_14_5"
"33_56_12_0","16_71_14_3"
"33_56_12_1","16_71_14_3 + 16_71_14_4"
"35_55_12","17_71_14_2"
"37_54_12_0","18_71_14_2"
"37_54_12_1","18_71_14_2 + 18_71_14_3 + 18_71_14_4"
"37_54_12_2","18_71_14_3"
"49_48_12","24_71_14_2"
"61_42_12","30_71_14_3"
"65_40_12","32_71_14_3"
"67_39_12","33_71_14_2"
"73_36_12","36_71_14_2"
"77_34_12","38_71_14_2"
"85_30_12","42_71_14_2"
"145_0_12","72_71_14_2"
"5_70_13_0","0"
"5_70_13_1","2_71_15_0"
"9_68_13_0","0"
"9_68_13_1","4_71_15_2"
"11_67_13","5_71_15_2"
"13_66_13","6_71_15_2"
"21_62_13_0","10_71_15_2"
"21_62_13_1","10_71_15_4"
"25_60_13_0","12_71_15_4"
"25_60_13_1","12_71_15_3 + 12_71_15_4"
"33_56_13_0","16_71_15_2"
"33_56_13_1","16_71_15_3"
"33_56_13_2","16_71_15_3 + 16_71_15_4"
"37_54_13","18_71_15_2"
"45_50_13","22_71_15_2"
"51_47_13_0","25_71_15_2"
"51_47_13_1","0"
"61_42_13","30_71_15_3"
"65_40_13","32_71_15_2"
"73_36_13","36_71_15_2"
"83_31_13_0","41_71_15_2"
"83_31_13_1","0"
"85_30_13","42_71_15_2"
"145_0_13","72_71_15_2"
"9_68_14_0","0"
"9_68_14_1","4_71_16_1"
"17_64_14_0","8_71_16_1"
"17_64_14_1","8_71_16_3"
"21_62_14","10_71_16_2"
"25_60_14_0","12_71_16_1"
"25_60_14_1","12_71_16_2"
"29_58_14_0","14_71_16_1"
"29_58_14_1","14_71_16_2"
"33_56_14","16_71_16_1"
"37_54_14","18_71_16_1"
"41_52_14","20_71_16_1"
"49_48_14","24_71_16_1"
"53_46_14","26_71_16_2"
"61_42_14","30_71_16_1"
"81_32_14","40_71_16_1"
"85_30_14","42_71_16_1"
"145_0_14","72_71_16_1"
"5_70_15_0","2_71_17_0 + 2_71_17_1"
"5_70_15_1","2_71_17_0"
"9_68_15_0","0"
"9_68_15_1","4_71_17_0 + 4_71_17_1"
"9_68_15_2","4_71_17_1"
"13_66_15_0","6_71_17_0"
"13_66_15_1","6_71_17_2"
"17_64_15_0","8_71_17_1"
"17_64_15_1","8_71_17_2"
"21_62_15_0","10_71_17_0"
"21_62_15_1","10_71_17_0 + 10_71_17_2"
"21_62_15_2","10_71_17_0 + 10_71_17_1 + 10_71_17_2"
"25_60_15","12_71_17"
"29_58_15","14_71_17"
"37_54_15_0","18_71_17_0"
"37_54_15_1","18_71_17_1"
"49_48_15","24_71_17_1"
"53_46_15","26_71_17_1"
"55_45_15","27_71_17"
"61_42_15","30_71_17"
"81_32_15","40_71_17"
"145_0_15","72_71_17"
"9_68_16_0","4_71_18_0"
"9_68_16_1","4_71_18_2"
"17_64_16_0","8_71_18_2"
"17_64_16_1","8_71_18_1"
"19_63_16_0","9_71_18_0"
"19_63_16_1","0"
"21_62_16_0","10_71_18_0"
"21_62_16_1","10_71_18_2"
"21_62_16_2","10_71_18_1"
"29_58_16","14_71_18_0"
"33_56_16","16_71_18"
"37_54_16","18_71_18"
"45_50_16","22_71_18_1"
"49_48_16","24_71_18_1"
"51_47_16_0","25_71_18"
"51_47_16_1","0"
"53_46_16","26_71_18"
"57_44_16","28_71_18"
"61_42_16","30_71_18"
"69_38_16","34_71_18"
"145_0_16","72_71_18"
"9_68_17","4_71_19_1"
"17_64_17_0","0"
"17_64_17_1","8_71_19_1"
"21_62_17_0","10_71_19_1"
"21_62_17_1","10_71_19_2"
"29_58_17_0","14_71_19_1"
"29_58_17_1","14_71_19_1 + 14_71_19_2"
"35_55_17","17_71_19_1"
"45_50_17","22_71_19_2"
"49_48_17","24_71_19_1"
"53_46_17","26_71_19_1"
"57_44_17","28_71_19_1"
"67_39_17_0","33_71_19_1"
"67_39_17_1","0"
"69_38_17","34_71_19_1"
"145_0_17","72_71_19_1"
"5_70_18","2_71_20_0"
"9_68_18_0","0"
"9_68_18_1","4_71_20_1"
"13_66_18_0","6_71_20_1"
"13_66_18_1","6_71_20_2"
"13_66_18_2","6_71_20_1 + 6_71_20_2 + 6_71_20_3"
"21_62_18","10_71_20_1"
"25_60_18","12_71_20_1"
"33_56_18","16_71_20_1"
"45_50_18","22_71_20_1"
"53_46_18","26_71_20_1"
"65_40_18","32_71_20_1"
"69_38_18","34_71_20_1"
"145_0_18","72_71_20_1"
"9_68_19","4_71_21"
"13_66_19","6_71_21"
"21_62_19_0","10_71_21_0"
"21_62_19_1","10_71_21_1"
"33_56_19","16_71_21_1"
"39_53_19","19_71_21"
"45_50_19","22_71_21"
"65_40_19","32_71_21"
"145_0_19","72_71_21"
"13_66_20","6_71_22_1"
"17_64_20","8_71_22_1"
"21_62_20","10_71_22_1"
"29_58_20","14_71_22_2"
"33_56_20","16_71_22_2"
"35_55_20","17_71_22_1"
"41_52_20","20_71_22_1"
"45_50_20","22_71_22_1"
"53_46_20","26_71_22_1"
"145_0_20","72_71_22_1"
"5_70_21","2_71_23"
"9_68_21","4_71_23_0"
"13_66_21","6_71_23"
"17_64_21","8_71_23_0"
"19_63_21","9_71_23"
"29_58_21","14_71_23_1"
"33_56_21","16_71_23"
"41_52_21","20_71_23"
"51_47_21_0","25_71_23"
"51_47_21_1","0"
"53_46_21","26_71_23"
"145_0_21","72_71_23"
"9_68_22","4_71_24"
"17_64_22_0","8_71_24_0"
"17_64_22_1","8_71_24_1"
"21_62_22","10_71_24_1"
"29_58_22","14_71_24"
"49_48_22","24_71_24_0"
"53_46_22","26_71_24"
"145_0_22","72_71_24"
"17_64_23_0","8_71_25_2 + 8_71_25_3"
"17_64_23_1","8_71_25_3"
"21_62_23","10_71_25_2"
"23_61_23","11_71_25_1"
"29_58_23","14_71_25_1"
"49_48_23","24_71_25_1"
"145_0_23","72_71_25_1"
"5_70_24","2_71_26"
"9_68_24","4_71_26"
"13_66_24","6_71_26_1"
"17_64_24_0","8_71_26_1 + 8_71_26_2"
"17_64_24_1","8_71_26_2"
"19_63_24","9_71_26"
"21_62_24","10_71_26"
"25_60_24","12_71_26"
"29_58_24","14_71_26"
"37_54_24","18_71_26"
"145_0_24","72_71_26"
"9_68_25","4_71_27_1"
"13_66_25","6_71_27_1"
"17_64_25_0","8_71_27_0"
"17_64_25_1","8_71_27_1"
"21_62_25","10_71_27"
"25_60_25","12_71_27"
"35_55_25_0","17_71_27"
"35_55_25_1","0"
"37_54_25","18_71_27"
"145_0_25","72_71_27"
"9_68_26","4_71_28"
"13_66_26_0","0"
"13_66_26_1","6_71_28_0"
"17_64_26","8_71_28_1"
"21_62_26","10_71_28_1"
"33_56_26","16_71_28_1"
"37_54_26","18_71_28_1"
"145_0_26","72_71_28_1"
"5_70_27","2_71_29"
"13_66_27_0","6_71_29_2"
"13_66_27_1","6_71_29_1 + 6_71_29_2"
"33_56_27","16_71_29_1"
"145_0_27","72_71_29_1"
"85_31_1","42_72_3"
"117_15_1","58_72_3"
"133_7_1","66_72_3"
"141_3_1","70_72_3"
"145_1_1","72_72_3"
"71_38_2","35_72_4_0"
"83_32_2","41_72_4_1"
"85_31_2","42_72_4_1"
"87_30_2","43_72_4"
"115_16_2","57_72_4_2"
"117_15_2","58_72_4_2"
"131_8_2","65_72_4_2"
"133_7_2","66_72_4_2"
"135_6_2","67_72_4_1"
"141_3_2","70_72_4_1"
"29_59_3","14_72_5"
"45_51_3","22_72_5"
"49_49_3","24_72_5_1"
"57_45_3","28_72_5_2"
"65_41_3","32_72_5_2"
"69_39_3","34_72_5_0"
"81_33_3","40_72_5_1"
"85_31_3_0","42_72_5_0"
"85_31_3_1","42_72_5_1"
"113_17_3","56_72_5_1"
"117_15_3","58_72_5_2"
"129_9_3","64_72_5_1"
"131_8_3","65_72_5_1"
"133_7_3","66_72_5_1"
"19_64_4","9_72_6_0"
"23_62_4","11_72_6"
"25_61_4","12_72_6_0"
"27_60_4","13_72_6"
"45_51_4","22_72_6_2"
"57_45_4","28_72_6_2"
"59_44_4","29_72_6_3"
"65_41_4","32_72_6_3"
"67_40_4_0","33_72_6_2"
"67_40_4_1","33_72_6_0"
"71_38_4_0","35_72_6"
"71_38_4_1","35_72_6"
"81_33_4","40_72_6_1"
"83_32_4","41_72_6"
"85_31_4","42_72_6"
"107_20_4","53_72_6_1"
"113_17_4","56_72_6_2"
"117_15_4","58_72_6_2"
"119_14_4","59_72_6_1"
"129_9_4","64_72_6_1"
"133_7_4","66_72_6_1"
"11_68_5","5_72_7_0"
"17_65_5_0","8_72_7_0"
"17_65_5_1","8_72_7_2"
"17_65_5_2","8_72_7_0 + 8_72_7_2 + 8_72_7_4"
"17_65_5_3","8_72_7_2 + 8_72_7_3 + 8_72_7_4"
"19_64_5_0","9_72_7_0"
"19_64_5_1","0"
"21_63_5_0","0"
"21_63_5_1","10_72_7_0"
"23_62_5_0","0"
"23_62_5_1","11_72_7_0"
"23_62_5_2","0"
"25_61_5_0","12_72_7_0 + 12_72_7_1"
"25_61_5_1","12_72_7_0"
"29_59_5","14_72_7"
"41_53_5_0","0"
"41_53_5_1","20_72_7_1"
"45_51_5","22_72_7_2"
"49_49_5","24_72_7_3"
"51_48_5","25_72_7_1"
"53_47_5","26_72_7_2"
"57_45_5_0","28_72_7_1"
"57_45_5_1","28_72_7_1 + 28_72_7_2"
"65_41_5","32_72_7"
"73_37_5","36_72_7_1"
"81_33_5","40_72_7_0"
"85_31_5_0","42_72_7_0"
"85_31_5_1","42_72_7_1"
"101_23_5","50_72_7"
"113_17_5","56_72_7_1"
"117_15_5_0","58_72_7_0"
"117_15_5_1","58_72_7_0 + 58_72_7_1"
"125_11_5","62_72_7"
"129_9_5","64_72_7"
"9_69_6_0","4_72_8_0"
"9_69_6_1","4_72_8_0 + 4_72_8_1"
"9_69_6_2","4_72_8_0 + 4_72_8_1 + 4_72_8_2"
"11_68_6_0","0"
"11_68_6_1","0"
"11_68_6_2","5_72_8_0"
"13_67_6_0","6_72_8_0"
"13_67_6_1","6_72_8_0 + 6_72_8_2"
"17_65_6_0","8_72_8_0"
"17_65_6_1","8_72_8_1"
"19_64_6_0","0"
"19_64_6_1","0"
"19_64_6_2","9_72_8_0"
"21_63_6_0","0"
"21_63_6_1","0"
"21_63_6_2","10_72_8_2"
"23_62_6_0","11_72_8_0"
"23_62_6_1","0"
"23_62_6_2","0"
"25_61_6_0","12_72_8_1"
"25_61_6_1","12_72_8_1 + 12_72_8_2"
"27_60_6","13_72_8_1"
"41_53_6","20_72_8_3"
"45_51_6","22_72_8_4"
"49_49_6","24_72_8_2"
"53_47_6","26_72_8_2"
"57_45_6","28_72_8_3"
"67_40_6_0","0"
"67_40_6_1","33_72_8_3"
"71_38_6_0","0"
"71_38_6_1","35_72_8_2"
"73_37_6","36_72_8_2"
"75_36_6","37_72_8_2"
"83_32_6","41_72_8_2"
"85_31_6","42_72_8_2"
"113_17_6","56_72_8_3"
"115_16_6","57_72_8_2"
"117_15_6","58_72_8_2"
"125_11_6","62_72_8_2"
"5_71_7_0","0"
"5_71_7_1","2_72_9"
"9_69_7_0","4_72_9_1"
"9_69_7_1","4_72_9_0 + 4_72_9_1"
"9_69_7_2","4_72_9_2 + 4_72_9_3 + 4_72_9_4"
"9_69_7_3","4_72_9_4"
"9_69_7_4","4_72_9_2 + 4_72_9_4"
"11_68_7_0","0"
"11_68_7_1","0"
"11_68_7_2","0"
"11_68_7_3","5_72_9_0"
"13_67_7_0","0"
"13_67_7_1","6_72_9_0"
"13_67_7_2","6_72_9_4"
"17_65_7_0","8_72_9_1"
"17_65_7_1","8_72_9_1 + 8_72_9_7"
"17_65_7_2","8_72_9_3"
"17_65_7_3","8_72_9_1 + 8_72_9_6 + 8_72_9_7 + 8_72_9_8"
"17_65_7_4","8_72_9_1 + 8_72_9_6"
"19_64_7_0","0"
"19_64_7_1","9_72_9_2"
"19_64_7_2","0"
"21_63_7","10_72_9_2"
"25_61_7_0","12_72_9_1 + 12_72_9_2"
"25_61_7_1","12_72_9_2 + 12_72_9_3 + 12_72_9_4 + 12_72_9_5"
"25_61_7_2","12_72_9_2"
"25_61_7_3","12_72_9_2 + 12_72_9_3 + 12_72_9_4"
"25_61_7_4","12_72_9_4"
"27_60_7","13_72_9_1"
"29_59_7_0","0"
"29_59_7_1","14_72_9_1"
"33_57_7_0","16_72_9_2 + 16_72_9_3"
"33_57_7_1","16_72_9_2"
"41_53_7_0","0"
"41_53_7_1","20_72_9_3"
"45_51_7","22_72_9_2"
"51_48_7_0","25_72_9_2"
"51_48_7_1","0"
"65_41_7","32_72_9_2"
"69_39_7","34_72_9_1"
"73_37_7_0","0"
"73_37_7_1","36_72_9_1"
"77_35_7","38_72_9_2"
"81_33_7","40_72_9_1"
"85_31_7","42_72_9_1"
"89_29_7","44_72_9_1"
"101_23_7","50_72_9_2"
"113_17_7","56_72_9_1"
"115_16_7","57_72_9_1"
"117_15_7","58_72_9_1"
"5_71_8_0","2_72_10_0"
"5_71_8_1","2_72_10_1"
"5_71_8_2","0"
"5_71_8_3","0"
"9_69_8_0","4_72_10_4"
"9_69_8_1","4_72_10_3"
"9_69_8_2","4_72_10_0"
"9_69_8_3","4_72_10_1 + 4_72_10_4"
"13_67_8_0","0"
"13_67_8_1","0"
"13_67_8_2","6_72_10_2"
"13_67_8_3","6_72_10_1 + 6_72_10_2"
"17_65_8","8_72_10_1"
"19_64_8_0","0"
"19_64_8_1","9_72_10_0"
"19_64_8_2","9_72_10_0 + 9_72_10_1"
"21_63_8","10_72_10_1"
"23_62_8_0","11_72_10_0"
"23_62_8_1","11_72_10_0"
"23_62_8_2","11_72_10_0"
"25_61_8_0","12_72_10_1"
"25_61_8_1","12_72_10_3"
"25_61_8_2","12_72_10_1 + 12_72_10_2"
"33_57_8_0","16_72_10_4 + 16_72_10_5"
"33_57_8_1","16_72_10_4"
"33_57_8_2","16_72_10_3"
"39_54_8_0","19_72_10_2"
"39_54_8_1","0"
"45_51_8","22_72_10_2"
"55_46_8","27_72_10_1"
"67_40_8","33_72_10_1"
"73_37_8_0","36_72_10_1"
"73_37_8_1","36_72_10_1 + 36_72_10_2"
"77_35_8","38_72_10_1"
"85_31_8_0","42_72_10_1"
"85_31_8_1","42_72_10_2"
"89_29_8","44_72_10_1"
"97_25_8","48_72_10_2"
"101_23_8","50_72_10_2"
"103_22_8","51_72_10_1"
"113_17_8","56_72_10_1"
"117_15_8","58_72_10_1"
"5_71_9_0","0"
"5_71_9_1","0"
"5_71_9_2","2_72_11_1"
"5_71_9_3","2_72_11_0"
"9_69_9_0","0"
"9_69_9_1","4_72_11_2"
"9_69_9_2","4_72_11_1 + 4_72_11_2"
"13_67_9_0","0"
"13_67_9_1","6_72_11_2"
"17_65_9_0","8_72_11_0 + 8_72_11_1"
"17_65_9_1","8_72_11_1"
"17_65_9_2","8_72_11_0 + 8_72_11_2"
"21_63_9_0","10_72_11_0"
"21_63_9_1","0"
"25_61_9_0","12_72_11_4"
"25_61_9_1","12_72_11_5"
"25_61_9_2","0"
"27_60_9_0","0"
"27_60_9_1","13_72_11_0"
"27_60_9_2","0"
"33_57_9_0","16_72_11_4"
"33_57_9_1","16_72_11_1"
"33_57_9_2","16_72_11_1 + 16_72_11_3"
"35_56_9_0","17_72_11_1"
"35_56_9_1","0"
"41_53_9","20_72_11_1"
"57_45_9","28_72_11_1"
"69_39_9","34_72_11_1"
"73_37_9","36_72_11_1"
"85_31_9_0","42_72_11_1"
"85_31_9_1","42_72_11_2"
"97_25_9","48_72_11_2"
"101_23_9_0","50_72_11_1"
"101_23_9_1","50_72_11_2"
"109_19_9","54_72_11_1"
"113_17_9","56_72_11_1"
"5_71_10_0","0"
"5_71_10_1","0"
"5_71_10_2","2_72_12"
"9_69_10","4_72_12_0"
"11_68_10_0","5_72_12_0"
"11_68_10_1","5_72_12_0"
"11_68_10_2","0"
"13_67_10_0","6_72_12_2"
"13_67_10_1","0"
"13_67_10_2","6_72_12_1 + 6_72_12_2"
"17_65_10_0","8_72_12_4"
"17_65_10_1","8_72_12_2"
"19_64_10_0","0"
"19_64_10_1","9_72_12_3"
"21_63_10","10_72_12_3"
"23_62_10_0","0"
"23_62_10_1","11_72_12_2"
"25_61_10_0","0"
"25_61_10_1","12_72_12_3"
"29_59_10","14_72_12_4"
"33_57_10_0","16_72_12_2"
"33_57_10_1","16_72_12_4"
"35_56_10_0","17_72_12_2"
"35_56_10_1","17_72_12_2 + 17_72_12_3"
"35_56_10_2","0"
"39_54_10_0","0"
"39_54_10_1","19_72_12_1"
"39_54_10_2","0"
"41_53_10","20_72_12_1"
"53_47_10","26_72_12_1"
"65_41_10","32_72_12_2"
"67_40_10","33_72_12_1"
"85_31_10_0","0"
"85_31_10_1","42_72_12_1"
"97_25_10","48_72_12_2"
"99_24_10","49_72_12_1"
"101_23_10","50_72_12_1"
"109_19_10","54_72_12_1"
"5_71_11_0","0"
"5_71_11_1","2_72_13"
"9_69_11_0","4_72_13_0"
"9_69_11_1","0"
"9_69_11_2","4_72_13_4"
"9_69_11_3","4_72_13_0 + 4_72_13_2"
"9_69_11_4","4_72_13_0 + 4_72_13_2 + 4_72_13_3"
"9_69_11_5","4_72_13_4"
"13_67_11_0","6_72_13_3"
"13_67_11_1","0"
"13_67_11_2","6_72_13_2 + 6_72_13_3"
"17_65_11_0","8_72_13_5"
"17_65_11_1","8_72_13_2 + 8_72_13_5"
"17_65_11_2","8_72_13_4 + 8_72_13_5"
"21_63_11_0","0"
"21_63_11_1","10_72_13_1"
"21_63_11_2","10_72_13_4"
"25_61_11_0","12_72_13_1"
"25_61_11_1","12_72_13_4"
"25_61_11_2","12_72_13_4 + 12_72_13_5"
"27_60_11_0","13_72_13_1"
"27_60_11_1","0"
"27_60_11_2","0"
"29_59_11_0","14_72_13_2"
"29_59_11_1","14_72_13_2 + 14_72_13_3"
"33_57_11","16_72_13_1"
"37_55_11","18_72_13_1"
"41_53_11","20_72_13_1"
"49_49_11","24_72_13_1"
"61_43_11","30_72_13_2"
"65_41_11","32_72_13_1"
"73_37_11","36_72_13_1"
"85_31_11","42_72_13_2"
"97_25_11","48_72_13_1"
"99_24_11","49_72_13_1"
"101_23_11","50_72_13_1"
"5_71_12_0","2_72_14"
"5_71_12_1","2_72_14"
"5_71_12_2","2_72_14"
"9_69_12","4_72_14_1"
"11_68_12_0","0"
"11_68_12_1","0"
"11_68_12_2","5_72_14_1"
"13_67_12","6_72_14_1"
"17_65_12_0","8_72_14_0"
"17_65_12_1","8_72_14_0 + 8_72_14_1"
"25_61_12_0","12_72_14_2"
"25_61_12_1","12_72_14_3"
"27_60_12_0","13_72_14_0"
"27_60_12_1","0"
"27_60_12_2","0"
"29_59_12_0","14_72_14_0"
"29_59_12_1","14_72_14_0 + 14_72_14_1"
"33_57_12","16_72_14"
"41_53_12","20_72_14_0"
"45_51_12","22_72_14"
"57_45_12","28_72_14"
"61_43_12","30_72_14"
"69_39_12","34_72_14"
"73_37_12","36_72_14"
"81_33_12","40_72_14_1"
"85_31_12","42_72_14_1"
"87_30_12","43_72_14"
"97_25_12","48_72_14_0"
"101_23_12","50_72_14"
"5_71_13","2_72_15"
"9_69_13_0","0"
"9_69_13_1","4_72_15_1"
"9_69_13_2","4_72_15_0 + 4_72_15_1"
"17_65_13_0","8_72_15_1"
"17_65_13_1","8_72_15_3"
"25_61_13_0","12_72_15_1"
"25_61_13_1","12_72_15_2"
"29_59_13_0","14_72_15_1"
"29_59_13_1","14_72_15_2"
"41_53_13_0","20_72_15_1"
"41_53_13_1","20_72_15_1 + 20_72_15_2"
"53_47_13_0","26_72_15_1"
"53_47_13_1","26_72_15_1 + 26_72_15_2"
"69_39_13","34_72_15_1"
"81_33_13","40_72_15_2"
"85_31_13_0","42_72_15_1"
"85_31_13_1","42_72_15_2"
"93_27_13","46_72_15_1"
"97_25_13","48_72_15_1"
"5_71_14_0","2_72_16_0"
"5_71_14_1","2_72_16_0 + 2_72_16_1"
"9_69_14_0","4_72_16_0"
"9_69_14_1","4_72_16_1"
"13_67_14_0","6_72_16_0"
"13_67_14_1","6_72_16_2 + 6_72_16_3"
"13_67_14_2","6_72_16_0 + 6_72_16_2"
"17_65_14_0","8_72_16_1"
"17_65_14_1","8_72_16_2"
"19_64_14_0","0"
"19_64_14_1","9_72_16"
"19_64_14_2","0"
"21_63_14","10_72_16_0"
"25_61_14_0","12_72_16_0"
"25_61_14_1","12_72_16_1"
"37_55_14","18_72_16"
"41_53_14","20_72_16"
"49_49_14","24_72_16_1"
"51_48_14","25_72_16"
"53_47_14","26_72_16"
"81_33_14","40_72_16_1"
"83_32_14","41_72_16"
"85_31_14","42_72_16"
"93_27_14","46_72_16"
"9_69_15_0","4_72_17_0"
"9_69_15_1","4_72_17_0 + 4_72_17_2"
"13_67_15","6_72_17_1"
"17_65_15","8_72_17_0"
"21_63_15_0","10_72_17_0"
"21_63_15_1","10_72_17_0 + 10_72_17_1"
"25_61_15","12_72_17"
"29_59_15","14_72_17_0"
"33_57_15_0","16_72_17_0"
"33_57_15_1","16_72_17_0 + 16_72_17_1"
"41_53_15","20_72_17_0"
"45_51_15","22_72_17_1"
"49_49_15","24_72_17"
"53_47_15","26_72_17"
"57_45_15","28_72_17"
"69_39_15","34_72_17_1"
"81_33_15","40_72_17_0"
"83_32_15","41_72_17"
"85_31_15","42_72_17"
"9_69_16_0","4_72_18_1"
"9_69_16_1","4_72_18_1 + 4_72_18_2"
"17_65_16","8_72_18_1"
"21_63_16_0","0"
"21_63_16_1","10_72_18_2"
"25_61_16","12_72_18_2"
"29_59_16_0","14_72_18_2"
"29_59_16_1","14_72_18_2 + 14_72_18_3"
"41_53_16_0","20_72_18_2"
"41_53_16_1","20_72_18_3"
"45_51_16","22_72_18_2"
"53_47_16_0","26_72_18_2"
"53_47_16_1","26_72_18_3"
"57_45_16","28_72_18_2"
"65_41_16","32_72_18_3"
"69_39_16","34_72_18_3"
"71_38_16","35_72_18_2"
"81_33_16","40_72_18_2"
"85_31_16","42_72_18_2"
"5_71_17_0","2_72_19_1"
"5_71_17_1","2_72_19_0"
"9_69_17_0","0"
"9_69_17_1","4_72_19_0"
"13_67_17_0","6_72_19_0"
"13_67_17_1","6_72_19_0 + 6_72_19_2"
"17_65_17","8_72_19_1"
"25_61_17_0","12_72_19_1"
"25_61_17_1","12_72_19_1 + 12_72_19_2"
"37_55_17","18_72_19_1"
"41_53_17","20_72_19_1"
"53_47_17_0","26_72_19_2"
"53_47_17_1","26_72_19_1"
"65_41_17","32_72_19_2"
"69_39_17_0","34_72_19_1"
"69_39_17_1","34_72_19_2"
"77_35_17","38_72_19_1"
"81_33_17","40_72_19_1"
"9_69_18","4_72_20_0"
"17_65_18","8_72_20_1"
"21_63_18","10_72_20_1"
"25_61_18","12_72_20_1"
"33_57_18","16_72_20_2"
"35_56_18","17_72_20_1"
"53_47_18_0","0"
"53_47_18_1","26_72_20_1"
"65_41_18","32_72_20_2"
"67_40_18","33_72_20_1"
"69_39_18","34_72_20_1"
"77_35_18","38_72_20_1"
"13_67_19","6_72_21_2"
"17_65_19_0","8_72_21_2"
"17_65_19_1","8_72_21_3"
"25_61_19","12_72_21_2"
"29_59_19","14_72_21_3"
"33_57_19","16_72_21_2"
"41_53_19","20_72_21_2"
"53_47_19","26_72_21_3"
"65_41_19","32_72_21_2"
"67_40_19","33_72_21_2"
"69_39_19","34_72_21_2"
"5_71_20_0","0"
"5_71_20_1","2_72_22"
"9_69_20","4_72_22_0"
"13_67_20","6_72_22"
"17_65_20","8_72_22"
"25_61_20","12_72_22"
"29_59_20","14_72_22"
"37_55_20","18_72_22"
"41_53_20","20_72_22"
"49_49_20","24_72_22_1"
"53_47_20","26_72_22_1"
"55_46_20","27_72_22"
"65_41_20","32_72_22_0"
"69_39_20","34_72_22"
"9_69_21","4_72_23"
"17_65_21","8_72_23_0"
"21_63_21","10_72_23"
"37_55_21","18_72_23"
"49_49_21","24_72_23_1"
"53_47_21_0","26_72_23_0"
"53_47_21_1","26_72_23_1"
"61_43_21","30_72_23"
"65_41_21","32_72_23"
"17_65_22_0","8_72_24_2"
"17_65_22_1","8_72_24_3"
"19_64_22_0","9_72_24_1"
"19_64_22_1","0"
"49_49_22","24_72_24_2"
"51_48_22","25_72_24_1"
"53_47_22","26_72_24_1"
"61_43_22","30_72_24_1"
"5_71_23","2_72_25"
"9_69_23","4_72_25_0"
"13_67_23_0","6_72_25_1"
"13_67_23_1","6_72_25_1 + 6_72_25_2"
"17_65_23","8_72_25"
"25_61_23","12_72_25"
"37_55_23","18_72_25_1"
"49_49_23","24_72_25_0"
"51_48_23","25_72_25"
"53_47_23","26_72_25"
"9_69_24_0","4_72_26_1"
"9_69_24_1","4_72_26_1 + 4_72_26_2"
"13_67_24_0","6_72_26_2"
"13_67_24_1","6_72_26_1"
"21_63_24_0","10_72_26_1"
"21_63_24_1","10_72_26_2"
"25_61_24","12_72_26_1"
"33_57_24","16_72_26_2"
"37_55_24","18_72_26_2"
"39_54_24","19_72_26_1"
"49_49_24","24_72_26_1"
"53_47_24","26_72_26_1"
"9_69_25","4_72_27"
"13_67_25_0","0"
"13_67_25_1","6_72_27"
"21_63_25_0","10_72_27_1 + 10_72_27_2"
"21_63_25_1","10_72_27_2"
"33_57_25","16_72_27_2"
"37_55_25_0","18_72_27_1"
"37_55_25_1","18_72_27_1 + 18_72_27_2"
"45_51_25","22_72_27_1"
"49_49_25","24_72_27_1"
"5_71_26","2_72_28"
"21_63_26_0","0"
"21_63_26_1","10_72_28_1"
"33_57_26","16_72_28_2"
"35_56_26","17_72_28_1"
"37_55_26","18_72_28_1"
"45_51_26","22_72_28_1"
"87_31_1","43_73_3"
"119_15_1","59_73_3"
"135_7_1","67_73_3"
"147_1_1","73_73_3"
"149_0_1","74_73_3"
"49_50_2","24_73_4"
"73_38_2","36_73_4"
"81_34_2","40_73_4_1"
"85_32_2","42_73_4"
"89_30_2","44_73_4"
"113_18_2","56_73_4_2"
"117_16_2","58_73_4_0"
"121_14_2","60_73_4_1"
"133_8_2","66_73_4"
"145_2_2","72_73_4"
"149_0_2","74_73_4"
"49_50_3","24_73_5_0"
"59_45_3","29_73_5_0"
"67_41_3","33_73_5"
"73_38_3","36_73_5_1"
"81_34_3","40_73_5_1"
"83_33_3","41_73_5"
"89_30_3","44_73_5"
"113_18_3","56_73_5_2"
"115_17_3","57_73_5_0"
"121_14_3","60_73_5_1"
"131_9_3","65_73_5"
"149_0_3","74_73_5"
"21_64_4","10_73_6"
"25_62_4_0","12_73_6_0"
"25_62_4_1","12_73_6_0 + 12_73_6_1"
"27_61_4","13_73_6"
"29_60_4","14_73_6"
"41_54_4","20_73_6"
"49_50_4_0","24_73_6_0"
"49_50_4_1","24_73_6_0 + 24_73_6_2"
"53_48_4","26_73_6"
"61_44_4","30_73_6"
"69_40_4_0","34_73_6_0"
"69_40_4_1","0"
"73_38_4_0","36_73_6_1"
"73_38_4_1","36_73_6_1 + 36_73_6_2"
"81_34_4","40_73_6_0"
"85_32_4","42_73_6"
"89_30_4","44_73_6"
"109_20_4","54_73_6_2"
"113_18_4_0","56_73_6_2"
"113_18_4_1","56_73_6_0"
"115_17_4","57_73_6"
"121_14_4","60_73_6"
"149_0_4","74_73_6"
"11_69_5","5_73_7"
"13_68_5","6_73_7_0"
"19_65_5_0","9_73_7_0"
"19_65_5_1","9_73_7_0 + 9_73_7_1"
"21_64_5_0","10_73_7_1"
"21_64_5_1","10_73_7_0"
"25_62_5_0","12_73_7_0"
"25_62_5_1","12_73_7_0 + 12_73_7_1"
"25_62_5_2","12_73_7_2"
"41_54_5","20_73_7_2"
"45_52_5_0","22_73_7_2"
"45_52_5_1","22_73_7_3"
"51_49_5","25_73_7_2"
"53_48_5","26_73_7_3"
"59_45_5_0","29_73_7_2"
"59_45_5_1","29_73_7_2 + 29_73_7_3"
"61_44_5","30_73_7_2"
"69_40_5_0","34_73_7_3"
"69_40_5_1","0"
"73_38_5","36_73_7_2"
"75_37_5","37_73_7_2"
"87_31_5_0","43_73_7_2"
"87_31_5_1","0"
"103_23_5","51_73_7_3"
"109_20_5","54_73_7_4"
"113_18_5","56_73_7_3"
"121_14_5","60_73_7_3"
"131_9_5","65_73_7_3"
"149_0_5","74_73_7_3"
"9_70_6_0","4_73_8_0"
"9_70_6_1","4_73_8_0 + 4_73_8_1"
"11_69_6_0","5_73_8_0"
"11_69_6_1","5_73_8_1"
"11_69_6_2","0"
"13_68_6_0","0"
"13_68_6_1","6_73_8_0 + 6_73_8_1"
"13_68_6_2","6_73_8_0"
"17_66_6_0","8_73_8_0"
"17_66_6_1","8_73_8_4"
"17_66_6_2","8_73_8_0 + 8_73_8_3"
"19_65_6_0","9_73_8_0"
"19_65_6_1","0"
"21_64_6_0","10_73_8_3"
"21_64_6_1","10_73_8_3"
"21_64_6_2","10_73_8_3 + 10_73_8_4"
"25_62_6_0","12_73_8_0"
"25_62_6_1","12_73_8_0 + 12_73_8_3 + 12_73_8_4"
"25_62_6_2","12_73_8_0 + 12_73_8_4"
"27_61_6_0","0"
"27_61_6_1","13_73_8_0"
"29_60_6","14_73_8"
"33_58_6","16_73_8_1"
"41_54_6_0","20_73_8_1"
"41_54_6_1","20_73_8_1 + 20_73_8_3"
"41_54_6_2","20_73_8_2 + 20_73_8_3"
"45_52_6_0","0"
"45_52_6_1","22_73_8_2"
"49_50_6","24_73_8_1"
"53_48_6","26_73_8_1"
"57_46_6","28_73_8_1"
"61_44_6","30_73_8_1"
"65_42_6","32_73_8_2"
"69_40_6_0","0"
"69_40_6_1","34_73_8_1"
"73_38_6_0","0"
"73_38_6_1","36_73_8_1"
"81_34_6","40_73_8_1"
"89_30_6","44_73_8_2"
"97_26_6","48_73_8_1"
"109_20_6","54_73_8_1"
"129_10_6","64_73_8_1"
"149_0_6","74_73_8_1"
"5_72_7_0","2_73_9"
"5_72_7_1","2_73_9"
"9_70_7_0","0"
"9_70_7_1","4_73_9_1"
"9_70_7_2","4_73_9_0"
"9_70_7_3","4_73_9_1 + 4_73_9_3"
"9_70_7_4","4_73_9_1 + 4_73_9_2"
"11_69_7_0","5_73_9_1"
"11_69_7_1","5_73_9_0"
"11_69_7_2","5_73_9_0 + 5_73_9_1 + 5_73_9_2"
"13_68_7_0","0"
"13_68_7_1","6_73_9_0 + 6_73_9_1"
"13_68_7_2","0"
"13_68_7_3","6_73_9_2"
"13_68_7_4","6_73_9_1"
"17_66_7_0","8_73_9_3"
"17_66_7_1","8_73_9_1 + 8_73_9_4"
"17_66_7_2","8_73_9_1 + 8_73_9_3"
"19_65_7_0","9_73_9_0"
"19_65_7_1","9_73_9_0"
"19_65_7_2","9_73_9_2"
"21_64_7_0","0"
"21_64_7_1","10_73_9_1"
"23_63_7_0","11_73_9"
"23_63_7_1","0"
"25_62_7","12_73_9_0"
"29_60_7","14_73_9_1"
"33_58_7","16_73_9_2"
"35_57_7_0","17_73_9_1"
"35_57_7_1","0"
"35_57_7_2","0"
"37_56_7","18_73_9_1"
"41_54_7","20_73_9_1"
"53_48_7_0","26_73_9_1 + 26_73_9_2"
"53_48_7_1","26_73_9_1"
"57_46_7","28_73_9_1"
"65_42_7","32_73_9_2"
"67_41_7","33_73_9_1"
"73_38_7","36_73_9_1"
"85_32_7","42_73_9_2"
"89_30_7","44_73_9_2"
"91_29_7","45_73_9_1"
"97_26_7","48_73_9_2"
"103_23_7","51_73_9_1"
"149_0_7","74_73_9_1"
"5_72_8_0","2_73_10_0 + 2_73_10_1"
"5_72_8_1","2_73_10_0"
"5_72_8_2","2_73_10_0"
"9_70_8_0","4_73_10_0"
"9_70_8_1","0"
"9_70_8_2","4_73_10_0 + 4_73_10_1"
"9_70_8_3","4_73_10_3"
"9_70_8_4","4_73_10_0 + 4_73_10_2 + 4_73_10_3"
"13_68_8_0","0"
"13_68_8_1","6_73_10_0"
"13_68_8_2","6_73_10_1"
"17_66_8_0","8_73_10_0 + 8_73_10_3"
"17_66_8_1","8_73_10_3"
"17_66_8_2","8_73_10_0 + 8_73_10_1"
"21_64_8_0","0"
"21_64_8_1","10_73_10_2"
"21_64_8_2","10_73_10_1 + 10_73_10_2"
"25_62_8_0","12_73_10_0"
"25_62_8_1","12_73_10_1"
"25_62_8_2","12_73_10_2 + 12_73_10_3"
"25_62_8_3","12_73_10_2"
"29_60_8_0","14_73_10_1"
"29_60_8_1","14_73_10_2"
"33_58_8","16_73_10"
"37_56_8","18_73_10"
"41_54_8_0","20_73_10_1"
"41_54_8_1","20_73_10_0 + 20_73_10_1"
"53_48_8","26_73_10_1"
"57_46_8","28_73_10_0"
"65_42_8","32_73_10_0"
"69_40_8","34_73_10"
"73_38_8","36_73_10"
"81_34_8","40_73_10_1"
"85_32_8","42_73_10_1"
"87_31_8_0","43_73_10"
"87_31_8_1","43_73_10"
"89_30_8","44_73_10"
"93_28_8","46_73_10_1"
"97_26_8","48_73_10_1"
"99_25_8","49_73_10"
"105_22_8","52_73_10"
"149_0_8","74_73_10"
"5_72_9_0","2_73_11_0 + 2_73_11_1 + 2_73_11_2"
"5_72_9_1","2_73_11_0 + 2_73_11_2"
"5_72_9_2","2_73_11_0 + 2_73_11_2"
"5_72_9_3","0"
"5_72_9_4","2_73_11_2"
"9_70_9_0","4_73_11_0 + 4_73_11_1"
"9_70_9_1","4_73_11_1"
"9_70_9_2","4_73_11_2"
"11_69_9_0","0"
"11_69_9_1","5_73_11_0"
"11_69_9_2","5_73_11_0 + 5_73_11_1"
"11_69_9_3","0"
"13_68_9_0","0"
"13_68_9_1","6_73_11_0"
"17_66_9_0","8_73_11_1"
"17_66_9_1","8_73_11_2"
"19_65_9_0","9_73_11_0"
"19_65_9_1","9_73_11_0"
"19_65_9_2","0"
"19_65_9_3","0"
"21_64_9","10_73_11_2"
"25_62_9","12_73_11_0"
"27_61_9_0","0"
"27_61_9_1","13_73_11_1"
"29_60_9_0","14_73_11_0"
"29_60_9_1","14_73_11_0 + 14_73_11_2"
"37_56_9_0","0"
"37_56_9_1","18_73_11_1"
"41_54_9_0","20_73_11_2"
"41_54_9_1","20_73_11_1"
"43_53_9","21_73_11"
"59_45_9","29_73_11"
"65_42_9","32_73_11"
"81_34_9","40_73_11_1"
"85_32_9","42_73_11"
"89_30_9","44_73_11_1"
"93_28_9","46_73_11_1"
"97_26_9","48_73_11"
"105_22_9","52_73_11"
"115_17_9","57_73_11"
"149_0_9","74_73_11"
"5_72_10","2_73_12"
"9_70_10_0","0"
"9_70_10_1","4_73_12_1"
"9_70_10_2","4_73_12_0"
"9_70_10_3","4_73_12_0 + 4_73_12_2"
"13_68_10_0","0"
"13_68_10_1","0"
"13_68_10_2","6_73_12_2"
"17_66_10_0","8_73_12_4 + 8_73_12_5"
"17_66_10_1","8_73_12_4 + 8_73_12_6"
"17_66_10_2","8_73_12_6"
"19_65_10_0","9_73_12_0"
"19_65_10_1","0"
"19_65_10_2","0"
"21_64_10_0","0"
"21_64_10_1","10_73_12_0"
"21_64_10_2","10_73_12_0 + 10_73_12_3"
"23_63_10_0","11_73_12_0"
"23_63_10_1","0"
"25_62_10_0","12_73_12_1"
"25_62_10_1","12_73_12_1 + 12_73_12_3"
"25_62_10_2","12_73_12_1 + 12_73_12_2 + 12_73_12_3 + 12_73_12_4"
"25_62_10_3","12_73_12_1 + 12_73_12_4"
"29_60_10_0","14_73_12_1"
"29_60_10_1","14_73_12_1 + 14_73_12_2"
"37_56_10_0","0"
"37_56_10_1","18_73_12_1"
"41_54_10_0","20_73_12_0"
"41_54_10_1","20_73_12_0 + 20_73_12_1"
"43_53_10","21_73_12"
"49_50_10","24_73_12"
"61_44_10","30_73_12"
"81_34_10","40_73_12_0"
"89_30_10","44_73_12_1"
"93_28_10","46_73_12"
"113_18_10","56_73_12"
"149_0_10","74_73_12"
"9_70_11_0","4_73_13_2"
"9_70_11_1","4_73_13_2 + 4_73_13_3"
"13_68_11_0","6_73_13_3"
"13_68_11_1","6_73_13_4"
"17_66_11_0","8_73_13_0"
"17_66_11_1","8_73_13_3"
"19_65_11_0","0"
"19_65_11_1","9_73_13_0"
"19_65_11_2","9_73_13_2"
"25_62_11_0","12_73_13_2 + 12_73_13_3"
"25_62_11_1","12_73_13_3"
"27_61_11_0","13_73_13_1"
"27_61_11_1","0"
"27_61_11_2","0"
"29_60_11_0","0"
"29_60_11_1","14_73_13_2"
"29_60_11_2","14_73_13_1"
"35_57_11","17_73_13"
"37_56_11","18_73_13"
"41_54_11_0","20_73_13_0"
"41_54_11_1","20_73_13_0 + 20_73_13_1"
"45_52_11","22_73_13"
"57_46_11","28_73_13"
"69_40_11","34_73_13_1"
"75_37_11","37_73_13"
"81_34_11","40_73_13_1"
"89_30_11","44_73_13"
"149_0_11","74_73_13"
"5_72_12_0","2_73_14_0"
"5_72_12_1","2_73_14_0"
"9_70_12_0","0"
"9_70_12_1","4_73_14_1"
"9_70_12_2","4_73_14_2"
"13_68_12_0","0"
"13_68_12_1","6_73_14_2"
"13_68_12_2","0"
"13_68_12_3","0"
"17_66_12_0","8_73_14_0 + 8_73_14_1"
"17_66_12_1","8_73_14_0"
"17_66_12_2","8_73_14_0 + 8_73_14_1 + 8_73_14_3"
"25_62_12_0","0"
"25_62_12_1","12_73_14_1"
"29_60_12_0","14_73_14_1"
"29_60_12_1","14_73_14_2"
"29_60_12_2","14_73_14_2 + 14_73_14_3"
"37_56_12","18_73_14_1"
"41_54_12_0","20_73_14_1"
"41_54_12_1","20_73_14_1 + 20_73_14_2"
"53_48_12","26_73_14_1"
"65_42_12","32_73_14_2"
"69_40_12","34_73_14_2"
"71_39_12","35_73_14_1"
"77_36_12","38_73_14_2"
"81_34_12","40_73_14_2"
"83_33_12","41_73_14_1"
"89_30_12","44_73_14_1"
"149_0_12","74_73_14_1"
"5_72_13_0","0"
"5_72_13_1","2_73_15"
"11_69_13_0","5_73_15_0"
"11_69_13_1","0"
"13_68_13_0","0"
"13_68_13_1","6_73_15_2 + 6_73_15_3"
"13_68_13_2","6_73_15_2"
"17_66_13","8_73_15_2"
"19_65_13_0","9_73_15_0"
"19_65_13_1","0"
"19_65_13_2","0"
"21_64_13","10_73_15_1"
"25_62_13_0","12_73_15_1"
"25_62_13_1","12_73_15_1 + 12_73_15_2"
"25_62_13_2","12_73_15_1 + 12_73_15_3"
"29_60_13","14_73_15_1"
"37_56_13_0","0"
"37_56_13_1","18_73_15_1"
"41_54_13","20_73_15_1"
"49_50_13","24_73_15_1"
"65_42_13","32_73_15_2"
"69_40_13","34_73_15_1"
"77_36_13","38_73_15_2"
"81_34_13","40_73_15_1"
"89_30_13","44_73_15_1"
"99_25_13","49_73_15_1"
"149_0_13","74_73_15_1"
"5_72_14_0","0"
"5_72_14_1","0"
"5_72_14_2","2_73_16"
"5_72_14_3","2_73_16"
"9_70_14_0","4_73_16_0"
"9_70_14_1","4_73_16_1"
"9_70_14_2","4_73_16_3"
"13_68_14_0","6_73_16_2"
"13_68_14_1","6_73_16_1"
"21_64_14_0","10_73_16_1"
"21_64_14_1","10_73_16_2"
"25_62_14_0","12_73_16_1"
"25_62_14_1","12_73_16_2"
"29_60_14","14_73_16_1"
"33_58_14_0","16_73_16_1"
"33_58_14_1","16_73_16_1 + 16_73_16_2"
"41_54_14","20_73_16_1"
"45_52_14","22_73_16_1"
"57_46_14","28_73_16_2"
"65_42_14","32_73_16_1"
"77_36_14","38_73_16_1"
"97_26_14","48_73_16_1"
"149_0_14","74_73_16_1"
"9_70_15","4_73_17_1"
"13_68_15_0","0"
"13_68_15_1","6_73_17_1"
"17_66_15","8_73_17_1"
"21_64_15","10_73_17_2"
"25_62_15_0","12_73_17_2"
"25_62_15_1","12_73_17_2 + 12_73_17_3 + 12_73_17_4"
"25_62_15_2","12_73_17_3"
"29_60_15","14_73_17_2"
"33_58_15","16_73_17_2"
"41_54_15_0","20_73_17_2"
"41_54_15_1","20_73_17_3"
"53_48_15","26_73_17_3"
"57_46_15","28_73_17_3"
"59_45_15","29_73_17_2"
"65_42_15","32_73_17_3"
"71_39_15","35_73_17_2"
"149_0_15","74_73_17_2"
"5_72_16_0","2_73_18_0"
"5_72_16_1","2_73_18_1"
"9_70_16_0","0"
"9_70_16_1","4_73_18_0"
"13_68_16_0","6_73_18_0"
"13_68_16_1","6_73_18_0 + 6_73_18_2"
"13_68_16_2","6_73_18_3"
"17_66_16","8_73_18_1"
"21_64_16","10_73_18_1"
"25_62_16_0","12_73_18_1"
"25_62_16_1","12_73_18_2"
"33_58_16","16_73_18_1"
"37_56_16","18_73_18_1"
"41_54_16","20_73_18_1"
"49_50_16","24_73_18_2"
"53_48_16","26_73_18_2"
"55_47_16_0","27_73_18_1"
"55_47_16_1","0"
"57_46_16","28_73_18_1"
"61_44_16","30_73_18_2"
"65_42_16","32_73_18_2"
"67_41_16","33_73_18_1"
"73_38_16","36_73_18_1"
"149_0_16","74_73_18_1"
"9_70_17_0","4_73_19_0"
"9_70_17_1","4_73_19_2"
"13_68_17","6_73_19_1"
"17_66_17","8_73_19_1"
"21_64_17_0","0"
"21_64_17_1","10_73_19_1"
"25_62_17","12_73_19_1"
"29_60_17","14_73_19_1"
"33_58_17","16_73_19_1"
"49_50_17","24_73_19_2"
"53_48_17","26_73_19_1"
"57_46_17","28_73_19_2"
"61_44_17","30_73_19_2"
"65_42_17","32_73_19_1"
"73_38_17","36_73_19_1"
"83_33_17","41_73_19_1"
"149_0_17","74_73_19_1"
"13_68_18","6_73_20_1"
"17_66_18_0","8_73_20_1"
"17_66_18_1","8_73_20_2"
"25_62_18_0","12_73_20_1"
"25_62_18_1","12_73_20_2"
"29_60_18_0","14_73_20_1"
"29_60_18_1","14_73_20_2"
"49_50_18","24_73_20_1"
"57_46_18","28_73_20_2"
"61_44_18","30_73_20_1"
"81_34_18","40_73_20_1"
"149_0_18","74_73_20_1"
"5_72_19_0","2_73_21_0 + 2_73_21_1"
"5_72_19_1","2_73_21_1"
"9_70_19_0","4_73_21_0"
"9_70_19_1","4_73_21_0 + 4_73_21_1"
"13_68_19_0","6_73_21_0"
"13_68_19_1","6_73_21_1"
"21_64_19","10_73_21_0"
"25_62_19_0","12_73_21_0"
"25_62_19_1","12_73_21_1"
"37_56_19","18_73_21_1"
"43_53_19","21_73_21"
"49_50_19","24_73_21_1"
"57_46_19","28_73_21"
"149_0_19","74_73_21"
"5_72_20","2_73_22_0"
"9_70_20","4_73_22"
"13_68_20","6_73_22"
"21_64_20_0","10_73_22_0"
"21_64_20_1","10_73_22_1"
"25_62_20","12_73_22"
"33_58_20","16_73_22_1"
"37_56_20","18_73_22_1"
"39_55_20","19_73_22"
"45_52_20","22_73_22_1"
"49_50_20","24_73_22_1"
"51_49_20","25_73_22"
"57_46_20","28_73_22"
"149_0_20","74_73_22"
"17_66_21","8_73_23_1"
"21_64_21","10_73_23_1"
"33_58_21","16_73_23_2"
"37_56_21","18_73_23_1"
"45_52_21","22_73_23_2"
"49_50_21","24_73_23_1"
"57_46_21","28_73_23_1"
"67_41_21","33_73_23_1"
"149_0_21","74_73_23_1"
"5_72_22","2_73_24"
"9_70_22_0","4_73_24_0 + 4_73_24_1"
"9_70_22_1","4_73_24_1"
"13_68_22_0","6_73_24_0"
"13_68_22_1","6_73_24_0 + 6_73_24_1"
"25_62_22","12_73_24_1"
"33_58_22","16_73_24_0"
"45_52_22","22_73_24"
"65_42_22","32_73_24"
"149_0_22","74_73_24"
"9_70_23_0","4_73_25_0"
"9_70_23_1","4_73_25_0 + 4_73_25_1"
"13_68_23","6_73_25"
"21_64_23","10_73_25_1"
"25_62_23","12_73_25_1"
"27_61_23","13_73_25"
"33_58_23","16_73_25_1"
"39_55_23","19_73_25"
"149_0_23","74_73_25"
"9_70_24","4_73_26_1"
"13_68_24","6_73_26_1"
"17_66_24","8_73_26_2"
"21_64_24","10_73_26_2"
"23_63_24_0","11_73_26_1"
"23_63_24_1","0"
"25_62_24","12_73_26_1"
"29_60_24","14_73_26_2"
"33_58_24","16_73_26_2"
"35_57_24","17_73_26_1"
"41_54_24","20_73_26_1"
"149_0_24","74_73_26_1"
"5_72_25","2_73_27_0"
"9_70_25_0","0"
"9_70_25_1","4_73_27_1"
"17_66_25","8_73_27_2"
"21_64_25","10_73_27_1"
"25_62_25","12_73_27_2"
"29_60_25","14_73_27_2"
"33_58_25","16_73_27_1"
"41_54_25","20_73_27_1"
"51_49_25","25_73_27_1"
"149_0_25","74_73_27_1"
"89_31_1","44_74_3"
"121_15_1","60_74_3"
"137_7_1","68_74_3"
"145_3_1","72_74_3_1"
"149_1_1","74_74_3"
"51_50_2","25_74_4"
"75_38_2","37_74_4"
"83_34_2","41_74_4"
"89_31_2","44_74_4_0"
"91_30_2","45_74_4"
"115_18_2","57_74_4_0"
"121_15_2","60_74_4_1"
"123_14_2","61_74_4"
"137_7_2","68_74_4_1"
"145_3_2","72_74_4_1"
"147_2_2","73_74_4"
"41_55_3","20_74_5"
"49_51_3","24_74_5"
"61_45_3","30_74_5"
"69_41_3","34_74_5"
"73_39_3","36_74_5_0"
"77_37_3","38_74_5"
"89_31_3_0","44_74_5_0"
"89_31_3_1","44_74_5_0 + 44_74_5_1"
"109_21_3","54_74_5_0"
"113_19_3","56_74_5"
"121_15_3","60_74_5"
"137_7_3","68_74_5_1"
"145_3_3","72_74_5"
"27_62_4","13_74_6_0"
"29_61_4","14_74_6_1"
"37_57_4","18_74_6_1"
"43_54_4","21_74_6_1"
"45_53_4","22_74_6_1"
"51_50_4","25_74_6_1"
"61_45_4","30_74_6_1"
"69_41_4","34_74_6_2"
"71_40_4_0","35_74_6_1"
"71_40_4_1","0"
"73_39_4","36_74_6_1"
"75_38_4_0","37_74_6_1"
"75_38_4_1","37_74_6_1"
"85_33_4","42_74_6_2"
"87_32_4","43_74_6_1"
"89_31_4","44_74_6_1"
"105_23_4","52_74_6_2"
"115_18_4_0","57_74_6_2"
"115_18_4_1","0"
"117_17_4","58_74_6_2"
"121_15_4","60_74_6_2"
"123_14_4","61_74_6_2"
"137_7_4","68_74_6_2"
"13_69_5_0","6_74_7_0"
"13_69_5_1","6_74_7_0 + 6_74_7_1"
"17_67_5","8_74_7_1"
"21_65_5_0","10_74_7_0"
"21_65_5_1","10_74_7_0 + 10_74_7_1"
"21_65_5_2","10_74_7_0 + 10_74_7_1 + 10_74_7_3"
"23_64_5_0","11_74_7_0"
"23_64_5_1","0"
"25_63_5_0","12_74_7_0"
"25_63_5_1","12_74_7_0 + 12_74_7_1"
"27_62_5_0","13_74_7_0"
"27_62_5_1","13_74_7_1"
"29_61_5","14_74_7"
"37_57_5_0","18_74_7"
"37_57_5_1","18_74_7"
"41_55_5","20_74_7"
"45_53_5_0","0"
"45_53_5_1","22_74_7"
"49_51_5","24_74_7_1"
"53_49_5","26_74_7_1"
"55_48_5","27_74_7"
"57_47_5","28_74_7"
"61_45_5_0","0"
"61_45_5_1","30_74_7"
"73_39_5","36_74_7"
"77_37_5","38_74_7_1"
"81_35_5","40_74_7_0"
"89_31_5_0","44_74_7_0"
"89_31_5_1","44_74_7_0 + 44_74_7_2"
"105_23_5","52_74_7_1"
"117_17_5","58_74_7_1"
"121_15_5_0","60_74_7_1"
"121_15_5_1","60_74_7_1 + 60_74_7_2"
"129_11_5","64_74_7_2"
"133_9_5","66_74_7_1"
"9_71_6_0","4_74_8_1 + 4_74_8_2"
"9_71_6_1","4_74_8_2"
"9_71_6_2","4_74_8_1 + 4_74_8_3"
"11_70_6","5_74_8_0"
"13_69_6_0","0"
"13_69_6_1","6_74_8_0"
"17_67_6_0","8_74_8_0"
"17_67_6_1","8_74_8_0 + 8_74_8_1"
"17_67_6_2","8_74_8_0 + 8_74_8_1 + 8_74_8_3"
"17_67_6_3","8_74_8_0 + 8_74_8_1 + 8_74_8_3 + 8_74_8_4"
"19_66_6","9_74_8_1"
"21_65_6","10_74_8_0"
"25_63_6_0","12_74_8_1"
"25_63_6_1","12_74_8_0"
"25_63_6_2","12_74_8_0 + 12_74_8_1 + 12_74_8_2"
"29_61_6_0","14_74_8_0"
"29_61_6_1","14_74_8_1"
"29_61_6_2","14_74_8_0 + 14_74_8_1 + 14_74_8_2"
"37_57_6_0","18_74_8_1"
"37_57_6_1","18_74_8_2"
"43_54_6_0","21_74_8_1"
"43_54_6_1","0"
"45_53_6","22_74_8_1"
"49_51_6","24_74_8_2"
"51_50_6","25_74_8_1"
"59_46_6","29_74_8_1"
"61_45_6","30_74_8_1"
"75_38_6_0","0"
"75_38_6_1","37_74_8_1"
"77_37_6","38_74_8_1"
"83_34_6","41_74_8_1"
"89_31_6","44_74_8_3"
"91_30_6","45_74_8_1"
"117_17_6","58_74_8_2"
"121_15_6","60_74_8_3"
"129_11_6","64_74_8_3"
"131_10_6","65_74_8_2"
"5_73_7","2_74_9"
"9_71_7_0","0"
"9_71_7_1","4_74_9_2 + 4_74_9_3 + 4_74_9_4"
"9_71_7_2","4_74_9_3 + 4_74_9_4"
"9_71_7_3","4_74_9_5"
"9_71_7_4","4_74_9_1 + 4_74_9_3"
"9_71_7_5","4_74_9_1 + 4_74_9_2 + 4_74_9_3 + 4_74_9_4"
"11_70_7_0","0"
"11_70_7_1","5_74_9_0"
"13_69_7_0","0"
"13_69_7_1","6_74_9_0"
"17_67_7_0","8_74_9_2"
"17_67_7_1","8_74_9_2 + 8_74_9_3"
"17_67_7_2","8_74_9_2 + 8_74_9_3 + 8_74_9_4"
"19_66_7_0","0"
"19_66_7_1","9_74_9_2"
"19_66_7_2","0"
"21_65_7_0","10_74_9_0"
"21_65_7_1","10_74_9_2 + 10_74_9_4"
"21_65_7_2","10_74_9_2"
"21_65_7_3","10_74_9_2 + 10_74_9_3"
"23_64_7_0","0"
"23_64_7_1","11_74_9_0"
"25_63_7_0","12_74_9_0"
"25_63_7_1","12_74_9_1"
"29_61_7_0","14_74_9_1"
"29_61_7_1","0"
"29_61_7_2","14_74_9_2"
"37_57_7_0","18_74_9_1"
"37_57_7_1","18_74_9_1 + 18_74_9_2"
"41_55_7_0","20_74_9_1"
"41_55_7_1","20_74_9_2"
"45_53_7_0","0"
"45_53_7_1","22_74_9_1"
"55_48_7_0","27_74_9_2"
"55_48_7_1","0"
"57_47_7","28_74_9_1"
"59_46_7","29_74_9_1"
"61_45_7","30_74_9_1"
"77_37_7_0","0"
"77_37_7_1","38_74_9_1"
"81_35_7","40_74_9_2"
"87_32_7","43_74_9_1"
"89_31_7","44_74_9_1"
"93_29_7","46_74_9_1"
"105_23_7","52_74_9_1"
"121_15_7","60_74_9_2"
"129_11_7","64_74_9_1"
"5_73_8_0","0"
"5_73_8_1","2_74_10_0"
"5_73_8_2","2_74_10_1"
"9_71_8_0","4_74_10_2"
"9_71_8_1","0"
"9_71_8_2","4_74_10_0"
"9_71_8_3","4_74_10_0 + 4_74_10_2 + 4_74_10_4"
"9_71_8_4","4_74_10_0 + 4_74_10_2 + 4_74_10_3"
"13_69_8_0","6_74_10_2"
"13_69_8_1","6_74_10_1"
"17_67_8_0","8_74_10_0"
"17_67_8_1","8_74_10_0 + 8_74_10_1"
"21_65_8_0","10_74_10_2"
"21_65_8_1","10_74_10_4"
"21_65_8_2","10_74_10_2 + 10_74_10_3"
"25_63_8","12_74_10_2"
"27_62_8_0","13_74_10_0"
"27_62_8_1","13_74_10_2"
"27_62_8_2","13_74_10_2"
"29_61_8_0","0"
"29_61_8_1","14_74_10_1"
"37_57_8_0","18_74_10_2"
"37_57_8_1","18_74_10_1"
"37_57_8_2","18_74_10_3"
"41_55_8","20_74_10_2"
"49_51_8","24_74_10_1"
"57_47_8_0","28_74_10_2 + 28_74_10_3"
"57_47_8_1","28_74_10_3"
"59_46_8","29_74_10_1"
"77_37_8_0","38_74_10_1"
"77_37_8_1","38_74_10_3"
"81_35_8","40_74_10_2"
"83_34_8","41_74_10_1"
"89_31_8_0","44_74_10_1 + 44_74_10_2"
"89_31_8_1","44_74_10_1"
"93_29_8","46_74_10_1"
"101_25_8","50_74_10_1"
"105_23_8","52_74_10_1"
"107_22_8","53_74_10_1"
"121_15_8","60_74_10_1"
"5_73_9_0","0"
"5_73_9_1","2_74_11_1"
"5_73_9_2","2_74_11_0"
"9_71_9_0","4_74_11_0"
"9_71_9_1","4_74_11_1"
"9_71_9_2","4_74_11_0 + 4_74_11_2"
"11_70_9_0","5_74_11_0"
"11_70_9_1","0"
"11_70_9_2","0"
"13_69_9_0","0"
"13_69_9_1","6_74_11_0"
"13_69_9_2","0"
"13_69_9_3","6_74_11_2"
"17_67_9_0","8_74_11_1"
"17_67_9_1","8_74_11_3"
"17_67_9_2","8_74_11_3 + 8_74_11_4"
"19_66_9_0","9_74_11_2"
"19_66_9_1","9_74_11_2"
"21_65_9_0","10_74_11_0"
"21_65_9_1","10_74_11_0"
"21_65_9_2","10_74_11_0 + 10_74_11_2"
"21_65_9_3","10_74_11_3"
"25_63_9_0","0"
"25_63_9_1","12_74_11_1"
"25_63_9_2","12_74_11_2"
"29_61_9_0","14_74_11_2"
"29_61_9_1","14_74_11_1"
"33_59_9","16_74_11_1"
"37_57_9_0","18_74_11_2"
"37_57_9_1","0"
"45_53_9","22_74_11_1"
"49_51_9","24_74_11_1"
"61_45_9","30_74_11_1"
"73_39_9","36_74_11_2"
"77_37_9","38_74_11_2"
"81_35_9","40_74_11_1"
"89_31_9_0","44_74_11_1 + 44_74_11_2"
"89_31_9_1","44_74_11_1"
"101_25_9","50_74_11_1"
"105_23_9_0","52_74_11_1"
"105_23_9_1","52_74_11_2"
"113_19_9","56_74_11_2"
"117_17_9","58_74_11_1"
"5_73_10_0","2_74_12_0"
"5_73_10_1","2_74_12_1"
"5_73_10_2","2_74_12_1"
"9_71_10_0","4_74_12_0"
"9_71_10_1","4_74_12_1"
"9_71_10_2","4_74_12_0 + 4_74_12_1"
"9_71_10_3","4_74_12_0 + 4_74_12_2"
"13_69_10","6_74_12_1"
"17_67_10_0","8_74_12_3"
"17_67_10_1","8_74_12_1"
"19_66_10_0","9_74_12_1"
"19_66_10_1","9_74_12_1"
"19_66_10_2","9_74_12_1 + 9_74_12_2"
"19_66_10_3","0"
"19_66_10_4","0"
"21_65_10_0","10_74_12_3"
"21_65_10_1","10_74_12_1"
"25_63_10","12_74_12_2"
"27_62_10_0","13_74_12_1 + 13_74_12_2"
"27_62_10_1","0"
"27_62_10_2","13_74_12_1"
"29_61_10_0","14_74_12_1 + 14_74_12_2"
"29_61_10_1","14_74_12_1"
"33_59_10_0","16_74_12_2 + 16_74_12_3"
"33_59_10_1","16_74_12_3"
"39_56_10_0","0"
"39_56_10_1","19_74_12_1"
"39_56_10_2","0"
"45_53_10","22_74_12_2"
"51_50_10","25_74_12_1"
"57_47_10","28_74_12_1"
"69_41_10","34_74_12_2"
"77_37_10","38_74_12_1"
"89_31_10_0","0"
"89_31_10_1","44_74_12_1"
"101_25_10","50_74_12_1"
"105_23_10","52_74_12_2"
"113_19_10","56_74_12_2"
"115_18_10","57_74_12_1"
"5_73_11_0","2_74_13"
"5_73_11_1","2_74_13"
"9_71_11_0","4_74_13_1"
"9_71_11_1","4_74_13_2"
"13_69_11_0","6_74_13_0"
"13_69_11_1","6_74_13_4"
"13_69_11_2","6_74_13_0 + 6_74_13_1"
"13_69_11_3","6_74_13_0 + 6_74_13_3"
"17_67_11_0","8_74_13_4"
"17_67_11_1","8_74_13_0"
"17_67_11_2","8_74_13_0 + 8_74_13_2"
"17_67_11_3","8_74_13_0 + 8_74_13_1 + 8_74_13_2"
"21_65_11_0","10_74_13_1"
"21_65_11_1","10_74_13_1"
"21_65_11_2","0"
"25_63_11_0","12_74_13_1"
"25_63_11_1","0"
"25_63_11_2","12_74_13_2"
"29_61_11_0","0"
"29_61_11_1","14_74_13_2 + 14_74_13_3"
"29_61_11_2","14_74_13_2"
"33_59_11_0","16_74_13_2 + 16_74_13_3"
"33_59_11_1","16_74_13_2"
"37_57_11","18_74_13_1"
"41_55_11","20_74_13_1"
"43_54_11_0","21_74_13_1"
"43_54_11_1","21_74_13_1"
"45_53_11","22_74_13_1"
"53_49_11","26_74_13_1"
"65_43_11","32_74_13_2"
"71_40_11","35_74_13_1"
"77_37_11","38_74_13_1"
"89_31_11","44_74_13_1"
"105_23_11","52_74_13_2"
"113_19_11","56_74_13_1"
"5_73_12_0","2_74_14_1"
"5_73_12_1","2_74_14_0 + 2_74_14_1"
"9_71_12_0","0"
"9_71_12_1","4_74_14_0"
"13_69_12_0","6_74_14_0"
"13_69_12_1","6_74_14_0 + 6_74_14_4"
"17_67_12_0","0"
"17_67_12_1","8_74_14_4"
"19_66_12_0","9_74_14_0"
"19_66_12_1","0"
"19_66_12_2","0"
"21_65_12_0","0"
"21_65_12_1","10_74_14_2"
"21_65_12_2","10_74_14_2 + 10_74_14_3"
"25_63_12","12_74_14_3"
"29_61_12_0","14_74_14_3 + 14_74_14_4"
"29_61_12_1","14_74_14_3"
"33_59_12","16_74_14_2"
"37_57_12","18_74_14_2"
"41_55_12","20_74_14_2"
"45_53_12","22_74_14_2"
"49_51_12","24_74_14_2"
"61_45_12","30_74_14_2"
"65_43_12","32_74_14_3"
"67_42_12","33_74_14_2"
"73_39_12","36_74_14_2"
"77_37_12","38_74_14_2"
"85_33_12","42_74_14_2"
"89_31_12","44_74_14_2"
"91_30_12","45_74_14_2"
"105_23_12","52_74_14_2"
"5_73_13_0","0"
"5_73_13_1","2_74_15"
"5_73_13_2","0"
"9_71_13_0","4_74_15_0 + 4_74_15_4"
"9_71_13_1","4_74_15_1"
"9_71_13_2","4_74_15_0"
"9_71_13_3","4_74_15_1 + 4_74_15_3"
"13_69_13_0","0"
"13_69_13_1","6_74_15_1"
"21_65_13_0","10_74_15_1"
"21_65_13_1","10_74_15_1 + 10_74_15_3"
"25_63_13","12_74_15_2"
"29_61_13_0","14_74_15_1"
"29_61_13_1","14_74_15_2"
"33_59_13","16_74_15_1"
"45_53_13_0","22_74_15_1"
"45_53_13_1","22_74_15_2"
"57_47_13_0","28_74_15_2"
"57_47_13_1","28_74_15_3"
"65_43_13","32_74_15_1"
"73_39_13","36_74_15_1"
"85_33_13","42_74_15_1"
"89_31_13_0","44_74_15_1"
"89_31_13_1","44_74_15_2"
"97_27_13","48_74_15_2"
"101_25_13","50_74_15_1"
"9_71_14_0","4_74_16_1 + 4_74_16_2"
"9_71_14_1","4_74_16_1"
"13_69_14","6_74_16_1"
"17_67_14_0","8_74_16_1"
"17_67_14_1","8_74_16_3"
"21_65_14","10_74_16_2"
"23_64_14_0","0"
"23_64_14_1","11_74_16_1"
"25_63_14","12_74_16_1"
"29_61_14_0","14_74_16_1"
"29_61_14_1","14_74_16_2"
"41_55_14","20_74_16_1"
"45_53_14","22_74_16_1"
"53_49_14","26_74_16_2"
"57_47_14","28_74_16_2"
"59_46_14","29_74_16_1"
"85_33_14","42_74_16_1"
"89_31_14","44_74_16_2"
"97_27_14","48_74_16_2"
"99_26_14","49_74_16_1"
"5_73_15_0","2_74_17_0"
"5_73_15_1","2_74_17_1 + 2_74_17_2"
"5_73_15_2","2_74_17_0 + 2_74_17_2"
"9_71_15_0","0"
"9_71_15_1","0"
"9_71_15_2","4_74_17_1"
"9_71_15_3","4_74_17_0"
"13_69_15_0","6_74_17_0"
"13_69_15_1","6_74_17_3"
"13_69_15_2","6_74_17_0 + 6_74_17_2 + 6_74_17_3"
"17_67_15_0","8_74_17_2"
"17_67_15_1","8_74_17_1 + 8_74_17_2"
"21_65_15_0","10_74_17_0"
"21_65_15_1","10_74_17_0 + 10_74_17_1"
"25_63_15","12_74_17_0"
"27_62_15_0","13_74_17"
"27_62_15_1","13_74_17"
"37_57_15","18_74_17"
"45_53_15","22_74_17_0"
"49_51_15","24_74_17_1"
"55_48_15","27_74_17"
"57_47_15","28_74_17"
"61_45_15","30_74_17"
"73_39_15","36_74_17"
"89_31_15","44_74_17_1"
"97_27_15","48_74_17"
"9_71_16_0","4_74_18_0"
"9_71_16_1","4_74_18_2"
"13_69_16","6_74_18_1"
"17_67_16","8_74_18_0"
"21_65_16_0","10_74_18_0"
"21_65_16_1","10_74_18_1"
"25_63_16","12_74_18"
"29_61_16","14_74_18_0"
"33_59_16","16_74_18"
"45_53_16_0","22_74_18_0"
"45_53_16_1","22_74_18_2"
"49_51_16","24_74_18_1"
"51_50_16","25_74_18"
"57_47_16_0","28_74_18_0"
"57_47_16_1","28_74_18_1"
"61_45_16","30_74_18"
"69_41_16","34_74_18"
"73_39_16","36_74_18_0"
"75_38_16","37_74_18"
"89_31_16","44_74_18"
"9_71_17","4_74_19_1"
"17_67_17","8_74_19_1"
"21_65_17","10_74_19_1"
"29_61_17_0","14_74_19_1"
"29_61_17_1","14_74_19_2"
"41_55_17","20_74_19_2"
"45_53_17","22_74_19_2"
"49_51_17","24_74_19_1"
"57_47_17_0","28_74_19_1"
"57_47_17_1","28_74_19_2"
"69_41_17","34_74_19_1"
"73_39_17_0","36_74_19_1"
"73_39_17_1","36_74_19_1 + 36_74_19_2"
"81_35_17","40_74_19_2"
"85_33_17","42_74_19_1"
"5_73_18_0","2_74_20_1"
"5_73_18_1","2_74_20_0"
"9_71_18_0","0"
"9_71_18_1","4_74_20_0"
"13_69_18_0","6_74_20_0"
"13_69_18_1","6_74_20_0 + 6_74_20_1"
"21_65_18","10_74_20_0"
"25_63_18","12_74_20"
"29_61_18","14_74_20"
"37_57_18","18_74_20_1"
"45_53_18","22_74_20"
"57_47_18_0","0"
"57_47_18_1","28_74_20"
"69_41_18","34_74_20"
"73_39_18","36_74_20_1"
"81_35_18","40_74_20_1"
"83_34_18","41_74_20"
"9_71_19","4_74_21_0"
"11_70_19","5_74_21"
"21_65_19_0","10_74_21_0"
"21_65_19_1","10_74_21_1"
"25_63_19","12_74_21"
"29_61_19","14_74_21_0"
"33_59_19","16_74_21_1"
"39_56_19","19_74_21"
"45_53_19","22_74_21"
"57_47_19","28_74_21"
"73_39_19","36_74_21_1"
"81_35_19","40_74_21"
"5_73_20_0","0"
"5_73_20_1","2_74_22"
"9_71_20","4_74_22_0"
"17_67_20","8_74_22_1"
"21_65_20","10_74_22_1"
"25_63_20","12_74_22_1"
"29_61_20","14_74_22_1"
"33_59_20","16_74_22_2"
"35_58_20","17_74_22_1"
"41_55_20","20_74_22_1"
"45_53_20","22_74_22_1"
"53_49_20","26_74_22_1"
"57_47_20","28_74_22_1"
"59_46_20","29_74_22_1"
"73_39_20","36_74_22_1"
"5_73_21","2_74_23"
"9_71_21","4_74_23_0"
"13_69_21_0","6_74_23_0"
"13_69_21_1","6_74_23_1"
"17_67_21","8_74_23"
"25_63_21_0","12_74_23_1"
"25_63_21_1","12_74_23_2"
"33_59_21","16_74_23"
"41_55_21","20_74_23"
"53_49_21","26_74_23"
"57_47_21_0","28_74_23_0"
"57_47_21_1","28_74_23_1"
"65_43_21","32_74_23_1"
"69_41_21","34_74_23"
"9_71_22","4_74_24"
"13_69_22","6_74_24"
"17_67_22","8_74_24_0"
"21_65_22","10_74_24_1"
"25_63_22","12_74_24_1"
"27_62_22","13_74_24"
"53_49_22","26_74_24"
"57_47_22","28_74_24_1"
"65_43_22","32_74_24_1"
"67_42_22","33_74_24"
"9_71_23","4_74_25_1"
"13_69_23","6_74_25_1"
"17_67_23_0","8_74_25_2"
"17_67_23_1","8_74_25_3"
"23_64_23_0","11_74_25_1"
"23_64_23_1","0"
"25_63_23","12_74_25_1"
"29_61_23","14_74_25_1"
"41_55_23","20_74_25_1"
"57_47_23","28_74_25_2"
"65_43_23","32_74_25_1"
"5_73_24","2_74_26"
"9_71_24","4_74_26_0"
"13_69_24_0","6_74_26_0"
"13_69_24_1","6_74_26_0 + 6_74_26_2"
"17_67_24","8_74_26_1"
"19_66_24_0","9_74_26"
"19_66_24_1","0"
"25_63_24_0","12_74_26_0"
"25_63_24_1","12_74_26_1"
"29_61_24","14_74_26"
"37_57_24","18_74_26"
"41_55_24","20_74_26_0"
"43_54_24","21_74_26"
"57_47_24","28_74_26"
"91_31_1","45_75_3"
"123_15_1","61_75_3"
"139_7_1","69_75_3"
"147_3_1","73_75_3"
"153_0_1","76_75_3"
"77_38_2","38_75_4"
"85_34_2","42_75_4"
"89_32_2","44_75_4"
"93_30_2","46_75_4"
"117_18_2","58_75_4"
"121_16_2","60_75_4"
"125_14_2","62_75_4"
"137_8_2","68_75_4_0"
"141_6_2","70_75_4"
"153_0_2","76_75_4"
"43_55_3","21_75_5_1"
"71_41_3","35_75_5_1"
"75_39_3","37_75_5_2"
"77_38_3","38_75_5_2"
"85_34_3","42_75_5_2"
"91_31_3_0","45_75_5_1"
"91_31_3_1","0"
"93_30_3","46_75_5_1"
"115_19_3","57_75_5_1"
"117_18_3","58_75_5_2"
"125_14_3","62_75_5_1"
"137_8_3","68_75_5_1"
"153_0_3","76_75_5_1"
"17_68_4","8_75_6_0"
"21_66_4","10_75_6_1"
"25_64_4","12_75_6_1"
"41_56_4_0","20_75_6_1"
"41_56_4_1","20_75_6_1 + 20_75_6_2"
"45_54_4","22_75_6_1"
"53_50_4","26_75_6_1"
"57_48_4","28_75_6_1"
"65_44_4","32_75_6_2"
"73_40_4_0","36_75_6_3"
"73_40_4_1","0"
"75_39_4","37_75_6_3"
"77_38_4_0","38_75_6_2"
"77_38_4_1","38_75_6_2 + 38_75_6_3"
"87_33_4","43_75_6_1"
"89_32_4","44_75_6_1"
"93_30_4","46_75_6_1"
"107_23_4","53_75_6_1"
"113_20_4","56_75_6_2"
"117_18_4_0","58_75_6_2"
"117_18_4_1","0"
"119_17_4","59_75_6_1"
"125_14_4","62_75_6_1"
"153_0_4","76_75_6_1"
"17_68_5_0","8_75_7_1 + 8_75_7_2"
"17_68_5_1","8_75_7_1"
"19_67_5","9_75_7_1"
"23_65_5","11_75_7"
"25_64_5_0","12_75_7_1"
"25_64_5_1","12_75_7_0 + 12_75_7_1"
"29_62_5_0","0"
"29_62_5_1","0"
"29_62_5_2","14_75_7_0"
"37_58_5_0","18_75_7_1"
"37_58_5_1","0"
"41_56_5","20_75_7_2"
"45_54_5","22_75_7_2"
"49_52_5","24_75_7_1"
"51_51_5","25_75_7_1"
"57_48_5","28_75_7_2"
"65_44_5","32_75_7_3"
"73_40_5_0","36_75_7_3 + 36_75_7_4"
"73_40_5_1","36_75_7_3"
"75_39_5","37_75_7_2"
"77_38_5","38_75_7_2"
"79_37_5","39_75_7_1"
"83_35_5","41_75_7_1"
"91_31_5_0","45_75_7_1"
"91_31_5_1","0"
"93_30_5","46_75_7_1"
"105_24_5","52_75_7_1"
"113_20_5","56_75_7_2"
"117_18_5","58_75_7_1"
"123_15_5_0","61_75_7_1"
"123_15_5_1","61_75_7_1"
"125_14_5","62_75_7_1"
"153_0_5","76_75_7_1"
"9_72_6_0","4_75_8_0"
"9_72_6_1","4_75_8_0 + 4_75_8_1"
"11_71_6_0","0"
"11_71_6_1","5_75_8_0"
"17_68_6_0","8_75_8_0"
"17_68_6_1","8_75_8_4"
"17_68_6_2","8_75_8_0 + 8_75_8_1"
"17_68_6_3","8_75_8_1 + 8_75_8_5"
"17_68_6_4","8_75_8_1 + 8_75_8_3 + 8_75_8_5"
"19_67_6_0","0"
"19_67_6_1","9_75_8_1"
"19_67_6_2","0"
"21_66_6_0","10_75_8_4"
"21_66_6_1","10_75_8_3 + 10_75_8_4"
"23_65_6","11_75_8_1"
"25_64_6_0","12_75_8_2"
"25_64_6_1","12_75_8_2"
"29_62_6_0","0"
"29_62_6_1","14_75_8_2"
"37_58_6","18_75_8_4"
"41_56_6","20_75_8_4"
"45_54_6_0","22_75_8_3"
"45_54_6_1","22_75_8_4"
"53_50_6","26_75_8_3"
"57_48_6","28_75_8_4"
"65_44_6","32_75_8_3"
"69_42_6","34_75_8_3"
"73_40_6_0","36_75_8_2"
"73_40_6_1","36_75_8_2 + 36_75_8_3"
"77_38_6_0","0"
"77_38_6_1","38_75_8_3"
"81_36_6","40_75_8_3"
"85_34_6","42_75_8_2"
"89_32_6","44_75_8_2"
"93_30_6","46_75_8_2"
"113_20_6","56_75_8_2"
"121_16_6","60_75_8_2"
"125_14_6","62_75_8_2"
"153_0_6","76_75_8_2"
"5_74_7","2_75_9"
"9_72_7_0","4_75_9_0"
"9_72_7_1","4_75_9_0 + 4_75_9_1"
"9_72_7_2","4_75_9_2"
"17_68_7_0","8_75_9_0"
"17_68_7_1","8_75_9_4"
"17_68_7_2","8_75_9_0 + 8_75_9_4 + 8_75_9_5"
"17_68_7_3","8_75_9_0 + 8_75_9_1"
"19_67_7","9_75_9_2"
"21_66_7_0","10_75_9_0"
"21_66_7_1","10_75_9_3"
"25_64_7_0","12_75_9_2 + 12_75_9_3"
"25_64_7_1","12_75_9_2"
"29_62_7_0","14_75_9_3"
"29_62_7_1","0"
"33_60_7","16_75_9_4"
"37_58_7","18_75_9_4"
"39_57_7_0","19_75_9_3"
"39_57_7_1","0"
"41_56_7","20_75_9_3"
"43_55_7","21_75_9_2"
"45_54_7","22_75_9_2"
"57_48_7_0","28_75_9_4"
"57_48_7_1","28_75_9_3"
"61_46_7","30_75_9_2"
"69_42_7","34_75_9_2"
"77_38_7","38_75_9_3"
"83_35_7","41_75_9_2"
"89_32_7","44_75_9_2"
"93_30_7","46_75_9_2"
"101_26_7","50_75_9_3"
"107_23_7","53_75_9_2"
"121_16_7","60_75_9_2"
"153_0_7","76_75_9_2"
"5_74_8_0","0"
"5_74_8_1","2_75_10"
"5_74_8_2","0"
"9_72_8_0","4_75_10_3"
"9_72_8_1","4_75_10_1"
"9_72_8_2","4_75_10_1 + 4_75_10_2 + 4_75_10_3"
"11_71_8_0","5_75_10_1"
"11_71_8_1","0"
"11_71_8_2","0"
"13_70_8_0","0"
"13_70_8_1","6_75_10_1"
"13_70_8_2","6_75_10_1 + 6_75_10_4"
"13_70_8_3","6_75_10_3"
"17_68_8_0","8_75_10_0"
"17_68_8_1","8_75_10_1"
"17_68_8_2","8_75_10_1 + 8_75_10_6"
"17_68_8_3","8_75_10_0 + 8_75_10_1 + 8_75_10_4 + 8_75_10_6"
"17_68_8_4","8_75_10_0 + 8_75_10_5"
"21_66_8_0","10_75_10_0"
"21_66_8_1","10_75_10_0 + 10_75_10_2"
"25_64_8_0","0"
"25_64_8_1","12_75_10_3"
"25_64_8_2","12_75_10_3"
"25_64_8_3","12_75_10_2"
"29_62_8_0","0"
"29_62_8_1","14_75_10_1"
"29_62_8_2","14_75_10_3"
"33_60_8_0","16_75_10_2"
"33_60_8_1","16_75_10_3"
"37_58_8","18_75_10_1"
"41_56_8","20_75_10_3"
"45_54_8_0","22_75_10_4 + 22_75_10_5"
"45_54_8_1","22_75_10_5"
"49_52_8","24_75_10_3"
"51_51_8","25_75_10_2"
"57_48_8","28_75_10_2"
"59_47_8_0","29_75_10_1"
"59_47_8_1","29_75_10_2"
"73_40_8","36_75_10_1"
"77_38_8","38_75_10_1"
"85_34_8","42_75_10_1"
"89_32_8","44_75_10_1"
"93_30_8","46_75_10_1"
"97_28_8","48_75_10_2"
"101_26_8","50_75_10_2"
"103_25_8","51_75_10_1"
"109_22_8","54_75_10_1"
"153_0_8","76_75_10_1"
"5_74_9_0","0"
"5_74_9_1","2_75_11_0"
"5_74_9_2","2_75_11_0"
"9_72_9_0","0"
"9_72_9_1","4_75_11_0 + 4_75_11_2"
"9_72_9_2","4_75_11_0"
"9_72_9_3","4_75_11_1"
"13_70_9_0","0"
"13_70_9_1","6_75_11_1"
"17_68_9","8_75_11_2"
"19_67_9_0","9_75_11_2"
"19_67_9_1","9_75_11_2 + 9_75_11_3"
"19_67_9_2","9_75_11_2 + 9_75_11_3"
"21_66_9_0","10_75_11_3"
"21_66_9_1","10_75_11_2 + 10_75_11_3"
"23_65_9_0","11_75_11_1"
"23_65_9_1","11_75_11_1"
"23_65_9_2","0"
"23_65_9_3","0"
"25_64_9","12_75_11_2"
"27_63_9_0","0"
"27_63_9_1","0"
"27_63_9_2","13_75_11_2"
"29_62_9","14_75_11_2"
"33_60_9_0","16_75_11_1"
"33_60_9_1","16_75_11_1 + 16_75_11_3 + 16_75_11_4"
"33_60_9_2","16_75_11_1 + 16_75_11_4"
"41_56_9_0","20_75_11_2"
"41_56_9_1","20_75_11_2 + 20_75_11_3"
"45_54_9","22_75_11_3"
"51_51_9","25_75_11_2"
"57_48_9_0","28_75_11_1"
"57_48_9_1","28_75_11_1 + 28_75_11_2"
"69_42_9","34_75_11_1"
"75_39_9","37_75_11_1"
"85_34_9","42_75_11_1"
"93_30_9","46_75_11_2"
"97_28_9","48_75_11_2"
"101_26_9","50_75_11_1"
"107_23_9_0","53_75_11_1"
"107_23_9_1","0"
"109_22_9","54_75_11_1"
"153_0_9","76_75_11_1"
"9_72_10_0","4_75_12_1"
"9_72_10_1","4_75_12_1 + 4_75_12_2"
"9_72_10_2","4_75_12_1 + 4_75_12_2 + 4_75_12_3"
"13_70_10_0","0"
"13_70_10_1","6_75_12_1"
"17_68_10_0","8_75_12_0 + 8_75_12_1"
"17_68_10_1","8_75_12_1"
"17_68_10_2","8_75_12_0 + 8_75_12_1 + 8_75_12_2 + 8_75_12_3"
"17_68_10_3","8_75_12_1 + 8_75_12_2"
"21_66_10_0","10_75_12_1 + 10_75_12_2"
"21_66_10_1","10_75_12_1"
"21_66_10_2","0"
"23_65_10_0","11_75_12_0"
"23_65_10_1","0"
"25_64_10_0","0"
"25_64_10_1","12_75_12_1"
"25_64_10_2","12_75_12_0"
"29_62_10_0","0"
"29_62_10_1","14_75_12_2"
"29_62_10_2","14_75_12_1"
"33_60_10_0","16_75_12_2 + 16_75_12_3"
"33_60_10_1","16_75_12_3"
"35_59_10_0","17_75_12_2"
"35_59_10_1","0"
"37_58_10","18_75_12_2"
"41_56_10_0","20_75_12_1"
"41_56_10_1","20_75_12_2 + 20_75_12_3"
"41_56_10_2","20_75_12_2"
"45_54_10_0","0"
"45_54_10_1","22_75_12_1"
"47_53_10","23_75_12"
"53_50_10","26_75_12"
"65_44_10","32_75_12"
"73_40_10","36_75_12"
"93_30_10","46_75_12_1"
"97_28_10","48_75_12"
"105_24_10","52_75_12_0"
"109_22_10","54_75_12"
"153_0_10","76_75_12"
"5_74_11_0","2_75_13_0"
"5_74_11_1","2_75_13_1"
"5_74_11_2","2_75_13_1"
"9_72_11_0","4_75_13_2"
"9_72_11_1","4_75_13_0 + 4_75_13_1"
"9_72_11_2","4_75_13_0"
"11_71_11_0","0"
"11_71_11_1","5_75_13_0"
"17_68_11_0","8_75_13_4"
"17_68_11_1","8_75_13_2 + 8_75_13_4"
"17_68_11_2","8_75_13_2 + 8_75_13_3"
"19_67_11_0","0"
"19_67_11_1","9_75_13_1"
"19_67_11_2","0"
"21_66_11_0","10_75_13_0"
"21_66_11_1","10_75_13_0 + 10_75_13_2"
"21_66_11_2","10_75_13_3"
"25_64_11","12_75_13_2"
"29_62_11_0","14_75_13_2"
"29_62_11_1","14_75_13_3"
"29_62_11_2","14_75_13_2 + 14_75_13_4"
"33_60_11_0","16_75_13_1"
"33_60_11_1","16_75_13_1 + 16_75_13_2"
"37_58_11","18_75_13_2"
"41_56_11","20_75_13_2"
"43_55_11","21_75_13_1"
"45_54_11_0","22_75_13_0"
"45_54_11_1","22_75_13_1"
"49_52_11","24_75_13"
"61_46_11","30_75_13"
"73_40_11","36_75_13"
"85_34_11","42_75_13_1"
"93_30_11","46_75_13"
"105_24_11","52_75_13"
"153_0_11","76_75_13"
"5_74_12","2_75_14"
"9_72_12_0","0"
"9_72_12_1","4_75_14_0"
"9_72_12_2","4_75_14_2"
"9_72_12_3","4_75_14_0 + 4_75_14_2 + 4_75_14_3"
"11_71_12_0","0"
"11_71_12_1","5_75_14_1 + 5_75_14_2"
"11_71_12_2","5_75_14_2"
"17_68_12_0","8_75_14_0"
"17_68_12_1","8_75_14_2"
"17_68_12_2","8_75_14_3"
"25_64_12","12_75_14_2"
"29_62_12_0","14_75_14_1"
"29_62_12_1","14_75_14_2 + 14_75_14_3"
"29_62_12_2","14_75_14_1 + 14_75_14_3"
"33_60_12_0","16_75_14_1"
"33_60_12_1","16_75_14_2"
"37_58_12","18_75_14_1"
"41_56_12","20_75_14_1"
"43_55_12","21_75_14_0"
"45_54_12_0","22_75_14_0"
"45_54_12_1","22_75_14_0 + 22_75_14_1"
"57_48_12","28_75_14"
"69_42_12","34_75_14"
"73_40_12","36_75_14"
"81_36_12","40_75_14_1"
"85_34_12","42_75_14_1"
"87_33_12","43_75_14"
"93_30_12","46_75_14"
"153_0_12","76_75_14"
"5_74_13_0","0"
"5_74_13_1","2_75_15"
"5_74_13_2","0"
"9_72_13_0","4_75_15_0"
"9_72_13_1","4_75_15_0 + 4_75_15_3"
"9_72_13_2","4_75_15_1"
"9_72_13_3","4_75_15_2"
"17_68_13_0","0"
"17_68_13_1","8_75_15_3"
"17_68_13_2","8_75_15_3 + 8_75_15_4"
"23_65_13_0","0"
"23_65_13_1","11_75_15_0"
"29_62_13_0","14_75_15_2"
"29_62_13_1","14_75_15_4"
"29_62_13_2","14_75_15_3"
"33_60_13","16_75_15_2"
"37_58_13","18_75_15_2"
"41_56_13_0","20_75_15_0"
"41_56_13_1","20_75_15_2"
"45_54_13","22_75_15_1"
"53_50_13","26_75_15_1"
"59_47_13_0","29_75_15_1"
"59_47_13_1","0"
"69_42_13","34_75_15_1"
"81_36_13","40_75_15_2"
"85_34_13","42_75_15_1"
"91_31_13_0","45_75_15_1"
"91_31_13_1","0"
"93_30_13","46_75_15_1"
"153_0_13","76_75_15_1"
"5_74_14_0","2_75_16_1 + 2_75_16_2"
"5_74_14_1","2_75_16_2"
"5_74_14_2","2_75_16_0 + 2_75_16_1 + 2_75_16_2"
"5_74_14_3","2_75_16_0"
"9_72_14_0","4_75_16_1"
"9_72_14_1","4_75_16_0 + 4_75_16_1"
"13_70_14_0","0"
"13_70_14_1","6_75_16_0"
"13_70_14_2","6_75_16_0 + 6_75_16_3"
"13_70_14_3","6_75_16_0 + 6_75_16_4"
"17_68_14_0","8_75_16_3"
"17_68_14_1","8_75_16_2"
"17_68_14_2","8_75_16_2 + 8_75_16_4"
"19_67_14_0","0"
"19_67_14_1","9_75_16_0"
"19_67_14_2","0"
"21_66_14_0","10_75_16_1 + 10_75_16_2"
"21_66_14_1","10_75_16_2"
"25_64_14_0","12_75_16_1"
"25_64_14_1","12_75_16_2"
"29_62_14","14_75_16_1"
"33_60_14","16_75_16_0"
"37_58_14","18_75_16"
"45_54_14","22_75_16_0"
"49_52_14","24_75_16"
"57_48_14","28_75_16"
"61_46_14","30_75_16"
"81_36_14","40_75_16"
"89_32_14","44_75_16_0"
"93_30_14","46_75_16"
"153_0_14","76_75_16"
"9_72_15_0","4_75_17_0"
"9_72_15_1","4_75_17_0 + 4_75_17_2"
"13_70_15","6_75_17_1"
"17_68_15_0","8_75_17_0"
"17_68_15_1","8_75_17_1"
"21_66_15_0","10_75_17_0"
"21_66_15_1","10_75_17_1"
"25_64_15","12_75_17"
"29_62_15_0","0"
"29_62_15_1","14_75_17_0"
"33_60_15","16_75_17"
"45_54_15_0","22_75_17_0"
"45_54_15_1","22_75_17_1"
"57_48_15","28_75_17"
"61_46_15","30_75_17"
"69_42_15","34_75_17_1"
"75_39_15","37_75_17"
"89_32_15","44_75_17"
"153_0_15","76_75_17"
"9_72_16","4_75_18_1"
"17_68_16_0","8_75_18_1"
"17_68_16_1","8_75_18_3"
"21_66_16","10_75_18_2"
"25_64_16","12_75_18_2"
"29_62_16_0","14_75_18_2"
"29_62_16_1","14_75_18_3"
"41_56_16","20_75_18_2"
"45_54_16","22_75_18_2"
"53_50_16","26_75_18_2"
"57_48_16","28_75_18_2"
"61_46_16","30_75_18_2"
"65_44_16","32_75_18_3"
"69_42_16","34_75_18_3"
"71_41_16","35_75_18_2"
"77_38_16","38_75_18_2"
"153_0_16","76_75_18_2"
"5_74_17_0","2_75_19_0 + 2_75_19_1"
"5_74_17_1","2_75_19_1"
"9_72_17","4_75_19_0"
"13_70_17_0","6_75_19_0"
"13_70_17_1","6_75_19_0 + 6_75_19_2"
"17_68_17_0","8_75_19_1"
"17_68_17_1","8_75_19_1 + 8_75_19_2"
"25_64_17_0","0"
"25_64_17_1","12_75_19_1"
"25_64_17_2","12_75_19_2"
"29_62_17","14_75_19_1"
"37_58_17","18_75_19_1"
"43_55_17","21_75_19_1"
"53_50_17","26_75_19_1"
"61_46_17","30_75_19_2"
"65_44_17","32_75_19_2"
"69_42_17","34_75_19_1"
"75_39_17_0","37_75_19_1"
"75_39_17_1","0"
"77_38_17","38_75_19_1"
"153_0_17","76_75_19_1"
"9_72_18_0","4_75_20_0"
"9_72_18_1","4_75_20_2"
"21_66_18","10_75_20_1"
"25_64_18","12_75_20_1"
"29_62_18","14_75_20_1"
"33_60_18","16_75_20_1"
"41_56_18","20_75_20_1"
"61_46_18","30_75_20_2"
"65_44_18","32_75_20_1"
"73_40_18","36_75_20_1"
"77_38_18","38_75_20_1"
"153_0_18","76_75_20_1"
"9_72_19","4_75_21_1"
"17_68_19","8_75_21_1"
"25_64_19","12_75_21_1"
"29_62_19_0","14_75_21_1"
"29_62_19_1","14_75_21_1 + 14_75_21_2"
"41_56_19","20_75_21_1"
"53_50_19","26_75_21_2"
"61_46_19","30_75_21_1"
"73_40_19","36_75_21_1"
"153_0_19","76_75_21_1"
"5_74_20","2_75_22"
"9_72_20_0","4_75_22_0"
"9_72_20_1","4_75_22_1"
"13_70_20_0","6_75_22_0"
"13_70_20_1","6_75_22_0 + 6_75_22_1"
"17_68_20","8_75_22"
"25_64_20_0","12_75_22_0"
"25_64_20_1","12_75_22_0 + 12_75_22_1"
"29_62_20","14_75_22"
"37_58_20","18_75_22"
"41_56_20","20_75_22"
"49_52_20","24_75_22_1"
"53_50_20","26_75_22_1"
"55_49_20","27_75_22"
"61_46_20","30_75_22"
"153_0_20","76_75_22"
"5_74_21","2_75_23_0"
"9_72_21_0","0"
"9_72_21_1","4_75_23"
"13_70_21","6_75_23"
"17_68_21","8_75_23_0"
"21_66_21","10_75_23"
"25_64_21","12_75_23_0"
"27_63_21_0","13_75_23"
"27_63_21_1","0"
"37_58_21","18_75_23"
"49_52_21","24_75_23_1"
"53_50_21","26_75_23"
"59_47_21_0","29_75_23"
"59_47_21_1","0"
"61_46_21","30_75_23"
"153_0_21","76_75_23"
"13_70_22","6_75_24_1"
"17_68_22_0","8_75_24_1"
"17_68_22_1","8_75_24_2"
"21_66_22","10_75_24_1"
"25_64_22_0","12_75_24_1"
"25_64_22_1","12_75_24_2"
"29_62_22","14_75_24_1"
"49_52_22","24_75_24_1"
"57_48_22","28_75_24_1"
"61_46_22","30_75_24_1"
"153_0_22","76_75_24_1"
"5_74_23","2_75_25"
"9_72_23","4_75_25_0"
"13_70_23_0","6_75_25_0"
"13_70_23_1","6_75_25_0 + 6_75_25_1"
"13_70_23_2","6_75_25_0 + 6_75_25_1 + 6_75_25_2"
"21_66_23","10_75_25"
"25_64_23","12_75_25"
"29_62_23","14_75_25"
"37_58_23","18_75_25_1"
"43_55_23","21_75_25"
"57_48_23","28_75_25"
"153_0_23","76_75_25"
"93_31_1","46_76_3"
"125_15_1","62_76_3"
"141_7_1","70_76_3"
"149_3_1","74_76_3"
"153_1_1","76_76_3"
"79_38_2","39_76_4"
"87_34_2","43_76_4"
"91_32_2","45_76_4"
"93_31_2","46_76_4"
"119_18_2","59_76_4"
"123_16_2","61_76_4"
"125_15_2","62_76_4"
"139_8_2","69_76_4"
"141_7_2","70_76_4"
"149_3_2","74_76_4"
"33_61_3","16_76_5_1"
"41_57_3","20_76_5_2"
"45_55_3","22_76_5_2"
"49_53_3","24_76_5_2"
"65_45_3","32_76_5_2"
"73_41_3","36_76_5_2"
"77_39_3","38_76_5_1"
"81_37_3","40_76_5_1"
"89_33_3","44_76_5_1"
"93_31_3_0","0"
"93_31_3_1","46_76_5_1"
"117_19_3","58_76_5_1"
"121_17_3","60_76_5_1"
"125_15_3","62_76_5_1"
"139_8_3","69_76_5_1"
"141_7_3","70_76_5_1"
"19_68_4","9_76_6"
"33_61_4_0","16_76_6_3"
"33_61_4_1","16_76_6_1 + 16_76_6_3"
"41_57_4_0","20_76_6_3 + 20_76_6_4"
"41_57_4_1","20_76_6_3"
"43_56_4","21_76_6_2"
"55_50_4","27_76_6_2"
"65_45_4","32_76_6_0"
"67_44_4","33_76_6_3"
"73_41_4","36_76_6_4"
"75_40_4_0","37_76_6_2"
"75_40_4_1","0"
"77_39_4","38_76_6_2"
"79_38_4_0","39_76_6_1"
"79_38_4_1","39_76_6_1"
"89_33_4","44_76_6_1"
"93_31_4","46_76_6_1"
"115_20_4","57_76_6_2"
"119_18_4_0","59_76_6_1"
"119_18_4_1","0"
"121_17_4","60_76_6_1"
"125_15_4","62_76_6_1"
"137_9_4","68_76_6_1"
"141_7_4","70_76_6_1"
"13_71_5","6_76_7"
"17_69_5_0","8_76_7_0"
"17_69_5_1","8_76_7_1"
"19_68_5_0","9_76_7_0"
"19_68_5_1","0"
"21_67_5_0","10_76_7_1"
"21_67_5_1","10_76_7_1 + 10_76_7_2"
"33_61_5","16_76_7_4"
"41_57_5_0","20_76_7_7"
"41_57_5_1","20_76_7_4 + 20_76_7_7"
"41_57_5_2","20_76_7_4 + 20_76_7_8"
"49_53_5","24_76_7_3"
"51_52_5","25_76_7_3"
"53_51_5","26_76_7_5"
"57_49_5","28_76_7_5"
"59_48_5","29_76_7_1"
"61_47_5","30_76_7_4"
"65_45_5_0","32_76_7_3"
"65_45_5_1","32_76_7_3 + 32_76_7_5"
"73_41_5","36_76_7_2"
"75_40_5_0","0"
"75_40_5_1","37_76_7_2"
"81_37_5","40_76_7_3"
"85_35_5","42_76_7_2"
"93_31_5_0","0"
"93_31_5_1","46_76_7_2"
"109_23_5","54_76_7_3"
"113_21_5","56_76_7_2"
"121_17_5","60_76_7_2"
"125_15_5_0","0"
"125_15_5_1","62_76_7_2"
"133_11_5","66_76_7_2"
"137_9_5","68_76_7_2"
"11_72_6","5_76_8"
"13_71_6","6_76_8"
"17_69_6_0","8_76_8_0"
"17_69_6_1","8_76_8_0 + 8_76_8_1"
"17_69_6_2","8_76_8_0 + 8_76_8_1 + 8_76_8_2"
"19_68_6_0","0"
"19_68_6_1","0"
"19_68_6_2","9_76_8_0"
"21_67_6","10_76_8"
"33_61_6_0","16_76_8_4 + 16_76_8_5"
"33_61_6_1","16_76_8_5 + 16_76_8_6"
"33_61_6_2","16_76_8_4 + 16_76_8_7"
"33_61_6_3","16_76_8_5"
"37_59_6","18_76_8_4"
"39_58_6_0","19_76_8_2"
"39_58_6_1","0"
"41_57_6","20_76_8_3"
"53_51_6","26_76_8_4"
"55_50_6","27_76_8_3"
"61_47_6","30_76_8_2"
"65_45_6","32_76_8_3"
"71_42_6","35_76_8_2"
"75_40_6_0","0"
"75_40_6_1","37_76_8_2"
"81_37_6","40_76_8_3"
"83_36_6","41_76_8_3"
"87_34_6","43_76_8_2"
"91_32_6","45_76_8_2"
"93_31_6","46_76_8_2"
"109_23_6","54_76_8_2"
"121_17_6","60_76_8_2"
"125_15_6","62_76_8_2"
"133_11_6","66_76_8_2"
"9_73_7_0","4_76_9_0"
"9_73_7_1","4_76_9_2"
"11_72_7_0","5_76_9_1"
"11_72_7_1","5_76_9_1"
"13_71_7_0","0"
"13_71_7_1","6_76_9_2"
"13_71_7_2","6_76_9_3"
"17_69_7_0","8_76_9_1 + 8_76_9_2"
"17_69_7_1","8_76_9_1"
"17_69_7_2","8_76_9_3"
"17_69_7_3","8_76_9_1 + 8_76_9_3 + 8_76_9_4"
"21_67_7","10_76_9_1"
"23_66_7_0","0"
"23_66_7_1","11_76_9_1"
"25_65_7_0","0"
"25_65_7_1","12_76_9_3"
"25_65_7_2","12_76_9_2"
"29_63_7_0","0"
"29_63_7_1","14_76_9_4 + 14_76_9_5"
"29_63_7_2","14_76_9_5"
"33_61_7_0","16_76_9_2"
"33_61_7_1","16_76_9_5"
"33_61_7_2","16_76_9_2 + 16_76_9_6"
"35_60_7_0","17_76_9_2"
"35_60_7_1","0"
"37_59_7","18_76_9_3"
"41_57_7","20_76_9_3"
"49_53_7","24_76_9_2"
"65_45_7","32_76_9_2"
"73_41_7","36_76_9_3"
"81_37_7_0","40_76_9_2"
"81_37_7_1","40_76_9_3"
"85_35_7","42_76_9_3"
"89_33_7","44_76_9_2"
"93_31_7","46_76_9_2"
"97_29_7","48_76_9_3"
"103_26_7","51_76_9_2"
"109_23_7","54_76_9_2"
"123_16_7","61_76_9_2"
"125_15_7","62_76_9_2"
"5_75_8_0","2_76_10"
"5_75_8_1","0"
"9_73_8_0","4_76_10_0"
"9_73_8_1","4_76_10_0 + 4_76_10_2"
"9_73_8_2","4_76_10_2 + 4_76_10_3 + 4_76_10_4"
"9_73_8_3","4_76_10_0 + 4_76_10_2 + 4_76_10_3"
"11_72_8_0","5_76_10_0"
"11_72_8_1","5_76_10_0"
"13_71_8","6_76_10_1"
"17_69_8_0","8_76_10_4"
"17_69_8_1","8_76_10_3"
"19_68_8_0","0"
"19_68_8_1","9_76_10_3"
"19_68_8_2","9_76_10_2"
"21_67_8","10_76_10_0"
"25_65_8_0","12_76_10_2"
"25_65_8_1","12_76_10_3"
"27_64_8_0","0"
"27_64_8_1","0"
"27_64_8_2","0"
"27_64_8_3","13_76_10_2"
"29_63_8","14_76_10_2"
"33_61_8_0","16_76_10_1"
"33_61_8_1","16_76_10_1 + 16_76_10_3"
"37_59_8","18_76_10_3"
"41_57_8_0","20_76_10_3"
"41_57_8_1","20_76_10_4"
"51_52_8","25_76_10_1"
"53_51_8","26_76_10_2"
"61_47_8_0","0"
"61_47_8_1","30_76_10_1"
"75_40_8","37_76_10_1"
"81_37_8_0","40_76_10_1"
"81_37_8_1","40_76_10_2"
"85_35_8","42_76_10_1"
"93_31_8_0","46_76_10_3"
"93_31_8_1","46_76_10_2"
"97_29_8","48_76_10_2"
"99_28_8","49_76_10_1"
"105_25_8","52_76_10_1"
"109_23_8","54_76_10_1"
"121_17_8","60_76_10_1"
"125_15_8","62_76_10_1"
"9_73_9_0","4_76_11_0"
"9_73_9_1","4_76_11_0 + 4_76_11_2"
"9_73_9_2","4_76_11_0 + 4_76_11_3"
"13_71_9_0","6_76_11_2"
"13_71_9_1","6_76_11_2 + 6_76_11_3"
"17_69_9_0","8_76_11_0"
"17_69_9_1","8_76_11_1"
"17_69_9_2","8_76_11_2"
"17_69_9_3","8_76_11_3"
"21_67_9_0","0"
"21_67_9_1","10_76_11_1"
"25_65_9_0","0"
"25_65_9_1","0"
"25_65_9_2","12_76_11_2"
"25_65_9_3","12_76_11_1 + 12_76_11_2"
"29_63_9_0","14_76_11_0"
"29_63_9_1","0"
"29_63_9_2","0"
"33_61_9_0","16_76_11_4"
"33_61_9_1","16_76_11_3"
"35_60_9_0","0"
"35_60_9_1","17_76_11_1"
"35_60_9_2","0"
"37_59_9","18_76_11_2"
"41_57_9_0","20_76_11_2"
"41_57_9_1","20_76_11_0"
"49_53_9","24_76_11_1"
"59_48_9_0","0"
"59_48_9_1","29_76_11"
"65_45_9","32_76_11"
"77_39_9","38_76_11"
"81_37_9","40_76_11"
"93_31_9_0","46_76_11_1 + 46_76_11_2"
"93_31_9_1","46_76_11_2"
"97_29_9","48_76_11"
"105_25_9","52_76_11"
"109_23_9_0","0"
"109_23_9_1","54_76_11"
"117_19_9","58_76_11"
"121_17_9","60_76_11"
"5_75_10_0","0"
"5_75_10_1","2_76_12_0"
"5_75_10_2","2_76_12_0 + 2_76_12_1"
"5_75_10_3","2_76_12_1"
"9_73_10_0","4_76_12_2"
"9_73_10_1","4_76_12_1"
"11_72_10_0","5_76_12"
"11_72_10_1","0"
"11_72_10_2","5_76_12"
"17_69_10_0","8_76_12_1 + 8_76_12_2"
"17_69_10_1","8_76_12_1"
"21_67_10_0","10_76_12_2"
"21_67_10_1","10_76_12_2 + 10_76_12_3"
"23_66_10_0","11_76_12_1"
"23_66_10_1","11_76_12_0 + 11_76_12_1"
"25_65_10_0","12_76_12_0 + 12_76_12_1"
"25_65_10_1","12_76_12_1"
"27_64_10_0","0"
"27_64_10_1","13_76_12"
"27_64_10_2","0"
"29_63_10_0","14_76_12_1"
"29_63_10_1","14_76_12_0"
"33_61_10_0","16_76_12_1 + 16_76_12_2"
"33_61_10_1","16_76_12_1"
"37_59_10","18_76_12_2"
"43_56_10_0","21_76_12_1"
"43_56_10_1","21_76_12_1 + 21_76_12_2"
"47_54_10_0","0"
"47_54_10_1","23_76_12"
"49_53_10","24_76_12"
"61_47_10","30_76_12"
"73_41_10","36_76_12_1"
"75_40_10","37_76_12"
"93_31_10_0","46_76_12_0"
"93_31_10_1","46_76_12_0 + 46_76_12_1"
"105_25_10","52_76_12"
"109_23_10","54_76_12"
"117_19_10","58_76_12"
"5_75_11","2_76_13"
"9_73_11_0","0"
"9_73_11_1","4_76_13_1"
"9_73_11_2","4_76_13_0"
"11_72_11_0","5_76_13_0"
"11_72_11_1","0"
"11_72_11_2","0"
"11_72_11_3","0"
"13_71_11_0","6_76_13_2"
"13_71_11_1","6_76_13_0"
"17_69_11_0","8_76_13_0"
"17_69_11_1","0"
"17_69_11_2","8_76_13_0 + 8_76_13_2"
"17_69_11_3","8_76_13_3"
"21_67_11_0","10_76_13_1"
"21_67_11_1","10_76_13_0"
"25_65_11_0","12_76_13_2"
"25_65_11_1","12_76_13_0 + 12_76_13_2"
"29_63_11_0","0"
"29_63_11_1","0"
"29_63_11_2","14_76_13_2"
"33_61_11_0","16_76_13_0"
"33_61_11_1","16_76_13_2 + 16_76_13_3"
"33_61_11_2","16_76_13_3"
"37_59_11_0","18_76_13_2"
"37_59_11_1","18_76_13_1"
"41_57_11_0","20_76_13_0"
"41_57_11_1","20_76_13_1"
"45_55_11","22_76_13"
"49_53_11","24_76_13"
"57_49_11","28_76_13"
"69_43_11","34_76_13_1"
"73_41_11","36_76_13"
"81_37_11","40_76_13_1"
"87_34_11","43_76_13"
"93_31_11","46_76_13"
"107_24_11","53_76_13"
"109_23_11","54_76_13"
"9_73_12_0","4_76_14_0 + 4_76_14_3"
"9_73_12_1","4_76_14_2"
"9_73_12_2","4_76_14_0"
"9_73_12_3","4_76_14_3 + 4_76_14_4"
"11_72_12_0","0"
"11_72_12_1","5_76_14"
"11_72_12_2","0"
"11_72_12_3","0"
"13_71_12_0","0"
"13_71_12_1","0"
"13_71_12_2","0"
"13_71_12_3","6_76_14_0"
"17_69_12_0","8_76_14_3"
"17_69_12_1","8_76_14_3 + 8_76_14_4"
"21_67_12","10_76_14_3"
"25_65_12_0","0"
"25_65_12_1","12_76_14_0"
"29_63_12","14_76_14_4"
"33_61_12_0","16_76_14_4"
"33_61_12_1","16_76_14_4 + 16_76_14_5"
"35_60_12_0","17_76_14_3"
"35_60_12_1","0"
"37_59_12_0","18_76_14_2"
"37_59_12_1","18_76_14_2 + 18_76_14_3"
"41_57_12","20_76_14_2"
"49_53_12","24_76_14_2"
"53_51_12","26_76_14_2"
"65_45_12","32_76_14_2"
"69_43_12","34_76_14_2"
"77_39_12","38_76_14_3"
"81_37_12","40_76_14_3"
"83_36_12","41_76_14_2"
"89_33_12","44_76_14_2"
"93_31_12","46_76_14_2"
"105_25_12","52_76_14_2"
"109_23_12","54_76_14_2"
"5_75_13_0","2_76_15_0"
"5_75_13_1","2_76_15_0 + 2_76_15_1"
"9_73_13_0","4_76_15_1"
"9_73_13_1","0"
"9_73_13_2","4_76_15_1 + 4_76_15_2 + 4_76_15_3"
"9_73_13_3","4_76_15_1 + 4_76_15_2"
"13_71_13_0","6_76_15_2 + 6_76_15_5"
"13_71_13_1","0"
"13_71_13_2","6_76_15_2 + 6_76_15_4 + 6_76_15_5"
"13_71_13_3","6_76_15_5"
"13_71_13_4","6_76_15_3 + 6_76_15_4"
"17_69_13_0","8_76_15_2"
"17_69_13_1","8_76_15_2 + 8_76_15_4"
"17_69_13_2","8_76_15_2 + 8_76_15_3 + 8_76_15_4"
"21_67_13","10_76_15_2"
"25_65_13_0","12_76_15_2"
"25_65_13_1","12_76_15_2 + 12_76_15_3"
"25_65_13_2","12_76_15_2 + 12_76_15_3 + 12_76_15_4"
"33_61_13_0","16_76_15_1"
"33_61_13_1","16_76_15_2"
"37_59_13","18_76_15_1"
"49_53_13_0","24_76_15_1"
"49_53_13_1","24_76_15_2"
"61_47_13_0","30_76_15_1"
"61_47_13_1","30_76_15_1 + 30_76_15_2"
"77_39_13","38_76_15_2"
"81_37_13","40_76_15_1"
"89_33_13","44_76_15_1"
"93_31_13_0","0"
"93_31_13_1","46_76_15_1"
"101_27_13","50_76_15_1"
"105_25_13","52_76_15_1"
"5_75_14_0","0"
"5_75_14_1","2_76_16_0"
"5_75_14_2","2_76_16_1"
"9_73_14","4_76_16_1"
"11_72_14_0","5_76_16_1"
"11_72_14_1","5_76_16_1"
"13_71_14_0","6_76_16_1 + 6_76_16_2"
"13_71_14_1","6_76_16_2"
"13_71_14_2","6_76_16_1 + 6_76_16_3"
"17_69_14","8_76_16_1"
"21_67_14_0","10_76_16_1"
"21_67_14_1","10_76_16_2"
"25_65_14_0","12_76_16_2"
"25_65_14_1","12_76_16_1"
"27_64_14_0","0"
"27_64_14_1","13_76_16"
"33_61_14_0","16_76_16_0"
"33_61_14_1","16_76_16_2"
"45_55_14","22_76_16_1"
"49_53_14","24_76_16_1"
"57_49_14","28_76_16_2"
"59_48_14","29_76_16_1"
"61_47_14","30_76_16_1"
"77_39_14","38_76_16_1"
"89_33_14","44_76_16_1"
"93_31_14","46_76_16_1"
"101_27_14","50_76_16_1"
"9_73_15_0","0"
"9_73_15_1","4_76_17_1"
"13_71_15_0","0"
"13_71_15_1","0"
"13_71_15_2","6_76_17_1"
"17_69_15_0","8_76_17_1"
"17_69_15_1","8_76_17_3"
"21_67_15_0","10_76_17_2 + 10_76_17_3"
"21_67_15_1","10_76_17_2"
"25_65_15_0","0"
"25_65_15_1","12_76_17_2"
"29_63_15","14_76_17_2"
"33_61_15","16_76_17_3"
"41_57_15","20_76_17_3"
"49_53_15","24_76_17_3"
"53_51_15","26_76_17_4"
"57_49_15","28_76_17_3"
"61_47_15","30_76_17_3"
"65_45_15","32_76_17_4"
"71_42_15","35_76_17_3"
"77_39_15","38_76_17_3"
"91_32_15","45_76_17_3"
"93_31_15","46_76_17_3"
"5_75_16_0","2_76_18_1"
"5_75_16_1","2_76_18_0 + 2_76_18_1"
"5_75_16_2","0"
"9_73_16_0","0"
"9_73_16_1","4_76_18_0"
"13_71_16_0","6_76_18_0"
"13_71_16_1","6_76_18_2"
"17_69_16_0","8_76_18_1 + 8_76_18_2"
"17_69_16_1","8_76_18_1"
"25_65_16_0","12_76_18_1"
"25_65_16_1","12_76_18_1 + 12_76_18_2"
"37_59_16","18_76_18_2"
"49_53_16_0","24_76_18_2"
"49_53_16_1","24_76_18_2 + 24_76_18_3"
"53_51_16","26_76_18_2"
"61_47_16_0","30_76_18_3"
"61_47_16_1","30_76_18_4"
"65_45_16","32_76_18_3"
"67_44_16","33_76_18_2"
"73_41_16","36_76_18_2"
"77_39_16","38_76_18_2"
"89_33_16","44_76_18_2"
"93_31_16","46_76_18_2"
"9_73_17_0","4_76_19_0"
"9_73_17_1","4_76_19_2"
"21_67_17","10_76_19_1"
"25_65_17","12_76_19_2"
"33_61_17","16_76_19_2"
"45_55_17","22_76_19_2"
"49_53_17","24_76_19_2"
"61_47_17_0","30_76_19_4"
"61_47_17_1","30_76_19_3"
"65_45_17","32_76_19_2"
"73_41_17","36_76_19_2"
"77_39_17_0","0"
"77_39_17_1","38_76_19_2"
"85_35_17","42_76_19_2"
"89_33_17","44_76_19_2"
"9_73_18","4_76_20_1"
"17_69_18","8_76_20_1"
"25_65_18","12_76_20_2"
"29_63_18","14_76_20_2"
"41_57_18","20_76_20_3"
"43_56_18","21_76_20_2"
"61_47_18_0","30_76_20_2"
"61_47_18_1","30_76_20_3"
"73_41_18","36_76_20_2"
"77_39_18","38_76_20_2"
"85_35_18","42_76_20_2"
"5_75_19_0","2_76_21_1"
"5_75_19_1","2_76_21_0"
"9_73_19_0","0"
"9_73_19_1","4_76_21_0"
"13_71_19_0","6_76_21_0"
"13_71_19_1","6_76_21_0 + 6_76_21_1"
"17_69_19","8_76_21_1"
"21_67_19","10_76_21_1"
"25_65_19","12_76_21_1"
"37_59_19","18_76_21_2"
"41_57_19","20_76_21_1"
"49_53_19","24_76_21_2"
"55_50_19","27_76_21_1"
"61_47_19","30_76_21_1"
"75_40_19","37_76_21_1"
"77_39_19","38_76_21_1"
"9_73_20","4_76_22"
"17_69_20","8_76_22_1"
"21_67_20_0","10_76_22_1"
"21_67_20_1","10_76_22_2"
"29_63_20","14_76_22_1"
"33_61_20","16_76_22_1"
"37_59_20","18_76_22_1"
"45_55_20","22_76_22_2"
"49_53_20","24_76_22_2"
"51_52_20","25_76_22_1"
"57_49_20","28_76_22_1"
"61_47_20","30_76_22_1"
"73_41_20","36_76_22_1"
"77_39_20","38_76_22_1"
"17_69_21_0","8_76_23_1"
"17_69_21_1","8_76_23_1 + 8_76_23_2"
"21_67_21","10_76_23_1"
"29_63_21_0","14_76_23_1"
"29_63_21_1","14_76_23_1 + 14_76_23_2"
"45_55_21","22_76_23_2"
"49_53_21","24_76_23_1"
"57_49_21","28_76_23_1"
"61_47_21_0","0"
"61_47_21_1","30_76_23_1"
"69_43_21","34_76_23_1"
"73_41_21","36_76_23_1"
"5_75_22","2_76_24"
"9_73_22","4_76_24_0"
"13_71_22_0","6_76_24_0"
"13_71_22_1","6_76_24_0 + 6_76_24_1"
"17_69_22","8_76_24"
"25_65_22","12_76_24_1"
"27_64_22","13_76_24"
"29_63_22","14_76_24"
"45_55_22","22_76_24"
"57_49_22","28_76_24"
"61_47_22","30_76_24"
"69_43_22","34_76_24"
"143_7_1","71_77_3_1"
"151_3_1","75_77_3_1"
"155_1_1","77_77_3_1"
"157_0_1","78_77_3_1"
"33_62_2","16_77_4"
"49_54_2","24_77_4"
"53_52_2","26_77_4"
"81_38_2","40_77_4"
"89_34_2","44_77_4"
"97_30_2","48_77_4_1"
"121_18_2","60_77_4_2"
"129_14_2","64_77_4_2"
"141_8_2","70_77_4_1"
"145_6_2","72_77_4_1"
"153_2_2","76_77_4_1"
"157_0_2","78_77_4_1"
"33_62_3","16_77_5_1"
"35_61_3","17_77_5_1"
"43_57_3","21_77_5_1"
"49_54_3","24_77_5_1"
"51_53_3","25_77_5_1"
"67_45_3","33_77_5_0"
"75_41_3","37_77_5"
"81_38_3","40_77_5_1"
"83_37_3","41_77_5"
"89_34_3","44_77_5"
"97_30_3","48_77_5_1"
"119_19_3","59_77_5_2"
"121_18_3","60_77_5_2"
"129_14_3","64_77_5_1"
"141_8_3","70_77_5_1"
"157_0_3","78_77_5_1"
"21_68_4","10_77_6"
"29_64_4_0","14_77_6_1"
"29_64_4_1","14_77_6_1"
"33_62_4_0","16_77_6_2"
"33_62_4_1","16_77_6_3"
"33_62_4_2","16_77_6_3 + 16_77_6_4"
"35_61_4_0","17_77_6_2"
"35_61_4_1","0"
"41_58_4_0","20_77_6_2"
"41_58_4_1","20_77_6_4"
"49_54_4_0","24_77_6_4"
"49_54_4_1","24_77_6_3"
"57_50_4","28_77_6_1"
"61_48_4","30_77_6_1"
"69_44_4","34_77_6_1"
"77_40_4_0","38_77_6_1"
"77_40_4_1","0"
"81_38_4_0","40_77_6_1"
"81_38_4_1","40_77_6_1 + 40_77_6_2"
"97_30_4","48_77_6_3"
"113_22_4","56_77_6_2"
"117_20_4","58_77_6_3"
"121_18_4_0","60_77_6_3"
"121_18_4_1","0"
"123_17_4","61_77_6_2"
"129_14_4","64_77_6_3"
"139_9_4","69_77_6_2"
"157_0_4","78_77_6_2"
"19_69_5","9_77_7"
"21_68_5_0","10_77_7_1"
"21_68_5_1","10_77_7_0 + 10_77_7_1"
"29_64_5_0","0"
"29_64_5_1","14_77_7_2"
"33_62_5_0","16_77_7_2"
"33_62_5_1","16_77_7_3 + 16_77_7_4"
"33_62_5_2","16_77_7_3 + 16_77_7_4 + 16_77_7_5"
"33_62_5_3","16_77_7_4"
"43_57_5_0","0"
"43_57_5_1","21_77_7_3"
"45_56_5","22_77_7_3"
"49_54_5","24_77_7_3"
"51_53_5","25_77_7_2"
"53_52_5","26_77_7_2"
"61_48_5","30_77_7_4"
"67_45_5_0","33_77_7_2"
"67_45_5_1","33_77_7_2 + 33_77_7_4"
"69_44_5","34_77_7_3"
"77_40_5_0","38_77_7_3"
"77_40_5_1","0"
"83_37_5","41_77_7_3"
"115_21_5","57_77_7_5"
"117_20_5","58_77_7_5"
"121_18_5","60_77_7_4"
"129_14_5","64_77_7_5"
"135_11_5","67_77_7_4"
"139_9_5","69_77_7_4"
"157_0_5","78_77_7_4"
"11_73_6","5_77_8"
"13_72_6","6_77_8"
"17_70_6_0","8_77_8_0"
"17_70_6_1","8_77_8_0 + 8_77_8_1"
"19_69_6_0","0"
"19_69_6_1","9_77_8"
"21_68_6_0","0"
"21_68_6_1","10_77_8_0"
"25_66_6","12_77_8_2"
"29_64_6_0","14_77_8_4"
"29_64_6_1","14_77_8_3 + 14_77_8_4"
"33_62_6_0","16_77_8_2"
"33_62_6_1","16_77_8_2 + 16_77_8_5 + 16_77_8_6"
"33_62_6_2","16_77_8_2 + 16_77_8_5"
"35_61_6_0","0"
"35_61_6_1","17_77_8_2"
"35_61_6_2","0"
"35_61_6_3","0"
"41_58_6_0","20_77_8_3 + 20_77_8_4"
"41_58_6_1","20_77_8_3"
"49_54_6","24_77_8_3"
"57_50_6","28_77_8_2"
"61_48_6","30_77_8_3"
"65_46_6","32_77_8_4"
"69_44_6","34_77_8_4"
"73_42_6","36_77_8_4"
"81_38_6_0","40_77_8_3"
"81_38_6_1","40_77_8_5"
"85_36_6","42_77_8_3"
"97_30_6","48_77_8_4"
"117_20_6","58_77_8_3"
"129_14_6","64_77_8_3"
"137_10_6","68_77_8_3"
"157_0_6","78_77_8_3"
"9_74_7_0","4_77_9_0"
"9_74_7_1","4_77_9_1 + 4_77_9_2"
"9_74_7_2","4_77_9_1"
"11_73_7_0","0"
"11_73_7_1","5_77_9"
"17_70_7_0","8_77_9_0"
"17_70_7_1","8_77_9_1"
"19_69_7","9_77_9_0"
"21_68_7_0","0"
"21_68_7_1","10_77_9_1"
"25_66_7_0","0"
"25_66_7_1","12_77_9_1"
"29_64_7_0","14_77_9_1"
"29_64_7_1","14_77_9_2"
"29_64_7_2","0"
"33_62_7","16_77_9_2"
"35_61_7_0","0"
"35_61_7_1","0"
"35_61_7_2","17_77_9_2"
"37_60_7_0","18_77_9_4"
"37_60_7_1","18_77_9_5"
"41_58_7","20_77_9_4"
"43_57_7","21_77_9_2"
"51_53_7","25_77_9_1"
"61_48_7_0","30_77_9_1 + 30_77_9_3"
"61_48_7_1","30_77_9_1"
"65_46_7","32_77_9_2"
"73_42_7","36_77_9_3"
"81_38_7","40_77_9_3"
"83_37_7_0","41_77_9_2"
"83_37_7_1","0"
"93_32_7","46_77_9_3"
"97_30_7","48_77_9_3"
"105_26_7","52_77_9_3"
"111_23_7","55_77_9_2"
"125_16_7","62_77_9_2"
"157_0_7","78_77_9_2"
"5_76_8","2_77_10_0"
"9_74_8_0","4_77_10_1"
"9_74_8_1","4_77_10_1 + 4_77_10_2"
"11_73_8_0","5_77_10_1 + 5_77_10_2"
"11_73_8_1","5_77_10_1"
"11_73_8_2","5_77_10_1 + 5_77_10_2"
"13_72_8_0","6_77_10_1 + 6_77_10_2"
"13_72_8_1","6_77_10_1"
"17_70_8_0","8_77_10_0 + 8_77_10_1"
"17_70_8_1","8_77_10_0"
"17_70_8_2","8_77_10_1 + 8_77_10_2 + 8_77_10_3"
"17_70_8_3","8_77_10_1 + 8_77_10_2"
"19_69_8_0","0"
"19_69_8_1","9_77_10"
"19_69_8_2","0"
"21_68_8_0","0"
"21_68_8_1","10_77_10"
"29_64_8_0","0"
"29_64_8_1","14_77_10_3"
"29_64_8_2","14_77_10_3"
"29_64_8_3","0"
"29_64_8_4","0"
"33_62_8_0","16_77_10_1"
"33_62_8_1","16_77_10_4"
"33_62_8_2","16_77_10_1 + 16_77_10_4 + 16_77_10_5"
"33_62_8_3","16_77_10_1 + 16_77_10_3 + 16_77_10_4"
"37_60_8_0","18_77_10_2"
"37_60_8_1","18_77_10_2 + 18_77_10_3"
"41_58_8","20_77_10_1"
"49_54_8","24_77_10_2"
"53_52_8","26_77_10_0"
"61_48_8","30_77_10_2"
"65_46_8","32_77_10_1"
"77_40_8","38_77_10_1"
"81_38_8","40_77_10_1"
"89_34_8","44_77_10_2"
"93_32_8","46_77_10_2"
"97_30_8","48_77_10_2"
"101_28_8","50_77_10_2"
"105_26_8","52_77_10_2"
"107_25_8","53_77_10_1"
"113_22_8","56_77_10_2"
"123_17_8","61_77_10_1"
"157_0_8","78_77_10_1"
"5_76_9_0","0"
"5_76_9_1","2_77_11_0"
"5_76_9_2","2_77_11_0 + 2_77_11_1"
"9_74_9_0","4_77_11_1"
"9_74_9_1","4_77_11_0 + 4_77_11_1"
"9_74_9_2","4_77_11_0 + 4_77_11_1 + 4_77_11_3"
"9_74_9_3","4_77_11_1 + 4_77_11_2 + 4_77_11_3"
"13_72_9_0","0"
"13_72_9_1","6_77_11_0"
"17_70_9","8_77_11_0"
"19_69_9_0","0"
"19_69_9_1","9_77_11_1"
"19_69_9_2","0"
"21_68_9","10_77_11_1"
"29_64_9_0","14_77_11_3"
"29_64_9_1","14_77_11_2"
"33_62_9_0","0"
"33_62_9_1","16_77_11_2"
"35_61_9_0","17_77_11_2"
"35_61_9_1","0"
"37_60_9_0","18_77_11_1"
"37_60_9_1","18_77_11_1 + 18_77_11_4"
"45_56_9","22_77_11_1"
"49_54_9","24_77_11_3"
"51_53_9","25_77_11_2"
"67_45_9","33_77_11_2"
"73_42_9","36_77_11_2"
"89_34_9","44_77_11_3"
"97_30_9","48_77_11_3"
"101_28_9","50_77_11_3"
"105_26_9","52_77_11_2"
"113_22_9","56_77_11_3"
"119_19_9","59_77_11_2"
"123_17_9","61_77_11_2"
"157_0_9","78_77_11_2"
"5_76_10_0","2_77_12_0"
"5_76_10_1","2_77_12_0 + 2_77_12_1"
"9_74_10_0","4_77_12_0 + 4_77_12_1"
"9_74_10_1","4_77_12_1"
"11_73_10_0","5_77_12_0"
"11_73_10_1","5_77_12_0"
"13_72_10_0","6_77_12_1"
"13_72_10_1","6_77_12_1 + 6_77_12_3"
"13_72_10_2","6_77_12_1 + 6_77_12_2"
"19_69_10_0","0"
"19_69_10_1","0"
"19_69_10_2","9_77_12_1"
"21_68_10_0","0"
"21_68_10_1","10_77_12_2"
"21_68_10_2","10_77_12_2 + 10_77_12_3"
"25_66_10_0","12_77_12_4"
"25_66_10_1","12_77_12_3"
"27_65_10","13_77_12_2"
"33_62_10_0","16_77_12_2"
"33_62_10_1","16_77_12_2 + 16_77_12_4 + 16_77_12_5"
"33_62_10_2","16_77_12_2 + 16_77_12_4 + 16_77_12_6"
"33_62_10_3","16_77_12_2 + 16_77_12_6"
"37_60_10","18_77_12_3"
"39_59_10","19_77_12_2"
"41_58_10","20_77_12_3"
"45_56_10_0","0"
"45_56_10_1","22_77_12_3"
"49_54_10_0","24_77_12_2"
"49_54_10_1","24_77_12_3"
"51_53_10","25_77_12_2"
"57_50_10","28_77_12_2"
"69_44_10","34_77_12_2"
"97_30_10","48_77_12_3"
"101_28_10","50_77_12_2"
"113_22_10","56_77_12_2"
"121_18_10","60_77_12_2"
"157_0_10","78_77_12_2"
"5_76_11_0","0"
"5_76_11_1","2_77_13"
"9_74_11_0","4_77_13_0"
"9_74_11_1","4_77_13_0 + 4_77_13_1"
"9_74_11_2","4_77_13_0 + 4_77_13_1 + 4_77_13_2"
"11_73_11_0","5_77_13"
"11_73_11_1","5_77_13"
"13_72_11_0","6_77_13_0 + 6_77_13_1 + 6_77_13_2"
"13_72_11_1","6_77_13_0"
"13_72_11_2","6_77_13_0 + 6_77_13_1 + 6_77_13_2"
"13_72_11_3","6_77_13_2"
"17_70_11","8_77_13_0"
"19_69_11_0","0"
"19_69_11_1","0"
"19_69_11_2","9_77_13_2"
"21_68_11_0","10_77_13_4"
"21_68_11_1","10_77_13_3"
"21_68_11_2","10_77_13_3 + 10_77_13_4 + 10_77_13_5"
"23_67_11_0","0"
"23_67_11_1","11_77_13_2"
"25_66_11_0","0"
"25_66_11_1","12_77_13_2"
"33_62_11_0","16_77_13_4 + 16_77_13_5 + 16_77_13_6"
"33_62_11_1","16_77_13_4 + 16_77_13_6"
"33_62_11_2","16_77_13_4"
"35_61_11_0","17_77_13_2"
"35_61_11_1","0"
"35_61_11_2","0"
"37_60_11_0","18_77_13_2"
"37_60_11_1","18_77_13_2 + 18_77_13_3"
"41_58_11","20_77_13_2"
"45_56_11","22_77_13_2"
"49_54_11_0","24_77_13_2"
"49_54_11_1","24_77_13_3"
"53_52_11","26_77_13_2"
"65_46_11","32_77_13_2"
"77_40_11","38_77_13_3"
"89_34_11","44_77_13_3"
"97_30_11","48_77_13_2"
"109_24_11","54_77_13_2"
"157_0_11","78_77_13_2"
"9_74_12_0","0"
"9_74_12_1","0"
"9_74_12_2","4_77_14_1"
"9_74_12_3","4_77_14_1 + 4_77_14_2"
"9_74_12_4","4_77_14_0 + 4_77_14_1"
"13_72_12_0","0"
"13_72_12_1","0"
"13_72_12_2","6_77_14_2"
"13_72_12_3","6_77_14_3"
"17_70_12_0","8_77_14_1"
"17_70_12_1","8_77_14_2"
"17_70_12_2","8_77_14_1 + 8_77_14_5"
"21_68_12_0","0"
"21_68_12_1","10_77_14_4 + 10_77_14_5"
"21_68_12_2","10_77_14_3 + 10_77_14_5"
"21_68_12_3","10_77_14_3"
"25_66_12_0","12_77_14_2"
"25_66_12_1","0"
"25_66_12_2","12_77_14_4"
"33_62_12_0","16_77_14_2"
"33_62_12_1","16_77_14_2 + 16_77_14_3"
"37_60_12_0","18_77_14_2"
"37_60_12_1","18_77_14_3"
"41_58_12","20_77_14_2"
"45_56_12","22_77_14_2"
"49_54_12_0","24_77_14_2"
"49_54_12_1","24_77_14_3"
"61_48_12","30_77_14_2"
"73_42_12","36_77_14_3"
"77_40_12","38_77_14_3"
"85_36_12","42_77_14_3"
"89_34_12","44_77_14_3"
"91_33_12","45_77_14_2"
"97_30_12","48_77_14_3"
"107_25_12","53_77_14_2"
"157_0_12","78_77_14_2"
"5_76_13_0","2_77_15_0"
"5_76_13_1","2_77_15_1"
"5_76_13_2","0"
"9_74_13","4_77_15_1"
"11_73_13_0","0"
"11_73_13_1","5_77_15_1"
"13_72_13_0","0"
"13_72_13_1","6_77_15_1"
"13_72_13_2","6_77_15_3"
"17_70_13","8_77_15_2"
"19_69_13_0","9_77_15_2"
"19_69_13_1","0"
"21_68_13_0","10_77_15_1"
"21_68_13_1","10_77_15_1 + 10_77_15_5"
"21_68_13_2","10_77_15_1 + 10_77_15_4"
"25_66_13","12_77_15_3"
"27_65_13_0","13_77_15_1 + 13_77_15_2"
"27_65_13_1","13_77_15_2"
"27_65_13_2","0"
"33_62_13_0","16_77_15_1"
"33_62_13_1","16_77_15_1 + 16_77_15_2"
"37_60_13_0","18_77_15_1 + 18_77_15_2"
"37_60_13_1","18_77_15_2"
"45_56_13_0","0"
"45_56_13_1","22_77_15_1"
"49_54_13","24_77_15_1"
"57_50_13","28_77_15_1"
"73_42_13","36_77_15_2"
"85_36_13","42_77_15_2"
"89_34_13","44_77_15_1"
"97_30_13","48_77_15_2"
"103_27_13","51_77_15_1"
"107_25_13","53_77_15_1"
"157_0_13","78_77_15_1"
"9_74_14_0","0"
"9_74_14_1","4_77_16_1"
"9_74_14_2","4_77_16_1"
"9_74_14_3","4_77_16_0"
"13_72_14_0","0"
"13_72_14_1","6_77_16_1"
"17_70_14_0","8_77_16_2"
"17_70_14_1","8_77_16_1"
"17_70_14_2","8_77_16_2 + 8_77_16_4"
"21_68_14_0","10_77_16_2 + 10_77_16_3"
"21_68_14_1","10_77_16_2"
"23_67_14_0","0"
"23_67_14_1","11_77_16_1"
"25_66_14","12_77_16_1"
"29_64_14_0","14_77_16_1"
"29_64_14_1","14_77_16_1 + 14_77_16_3"
"33_62_14_0","16_77_16_2 + 16_77_16_3"
"33_62_14_1","16_77_16_3"
"37_60_14_0","18_77_16_2"
"37_60_14_1","18_77_16_2 + 18_77_16_3"
"41_58_14","20_77_16_2"
"49_54_14","24_77_16_2"
"53_52_14","26_77_16_2"
"65_46_14","32_77_16_3"
"85_36_14","42_77_16_2"
"97_30_14","48_77_16_2"
"105_26_14","52_77_16_2"
"157_0_14","78_77_16_2"
"5_76_15_0","0"
"5_76_15_1","2_77_17"
"9_74_15_0","0"
"9_74_15_1","4_77_17_2"
"9_74_15_2","4_77_17_1 + 4_77_17_2"
"13_72_15_0","6_77_17_1"
"13_72_15_1","6_77_17_1 + 6_77_17_3"
"17_70_15_0","8_77_17_3"
"17_70_15_1","8_77_17_2"
"21_68_15_0","10_77_17_1"
"21_68_15_1","10_77_17_1 + 10_77_17_2"
"21_68_15_2","10_77_17_3"
"25_66_15","12_77_17_1"
"29_64_15_0","14_77_17_2"
"29_64_15_1","14_77_17_2 + 14_77_17_3"
"33_62_15_0","16_77_17_2"
"33_62_15_1","16_77_17_3"
"37_60_15","18_77_17_2"
"49_54_15_0","24_77_17_2"
"49_54_15_1","24_77_17_3"
"61_48_15","30_77_17_3"
"65_46_15","32_77_17_3"
"73_42_15","36_77_17_3"
"79_39_15","39_77_17_2"
"93_32_15","46_77_17_2"
"157_0_15","78_77_17_2"
"9_74_16_0","4_77_18_0"
"9_74_16_1","4_77_18_2"
"17_70_16","8_77_18_0"
"21_68_16_0","10_77_18_0"
"21_68_16_1","10_77_18_3"
"21_68_16_2","10_77_18_2 + 10_77_18_3"
"29_64_16_0","14_77_18_1"
"29_64_16_1","14_77_18_2"
"33_62_16_0","16_77_18_1"
"33_62_16_1","16_77_18_1 + 16_77_18_2"
"45_56_16","22_77_18_1"
"49_54_16","24_77_18_1"
"57_50_16","28_77_18_2"
"61_48_16","30_77_18_2"
"65_46_16","32_77_18_2"
"69_44_16","34_77_18_2"
"73_42_16","36_77_18_2"
"75_41_16","37_77_18_1"
"81_38_16","40_77_18_2"
"91_33_16","45_77_18_1"
"157_0_16","78_77_18_1"
"9_74_17","4_77_19_1"
"17_70_17","8_77_19_1"
"21_68_17","10_77_19_2"
"29_64_17_0","0"
"29_64_17_1","14_77_19_2"
"29_64_17_2","14_77_19_3"
"33_62_17","16_77_19_2"
"41_58_17","20_77_19_2"
"57_50_17","28_77_19_3"
"65_46_17","32_77_19_3"
"69_44_17","34_77_19_3"
"73_42_17","36_77_19_2"
"81_38_17","40_77_19_3"
"87_35_17","43_77_19_2"
"91_33_17","45_77_19_2"
"157_0_17","78_77_19_2"
"5_76_18_0","2_77_20_0"
"5_76_18_1","2_77_20_0 + 2_77_20_1"
"9_74_18","4_77_20_0"
"13_72_18_0","6_77_20_0"
"13_72_18_1","6_77_20_3"
"13_72_18_2","6_77_20_0 + 6_77_20_2"
"17_70_18_0","8_77_20_2"
"17_70_18_1","8_77_20_1 + 8_77_20_2"
"19_69_18_0","0"
"19_69_18_1","9_77_20_1"
"21_68_18","10_77_20_1"
"25_66_18","12_77_20_1"
"33_62_18","16_77_20_1"
"37_60_18","18_77_20_1"
"65_46_18","32_77_20_2"
"69_44_18","34_77_20_1"
"81_38_18","40_77_20_1"
"89_34_18","44_77_20_1"
"157_0_18","78_77_20_1"
"9_74_19","4_77_21_0"
"13_72_19","6_77_21_1"
"17_70_19_0","8_77_21_1"
"17_70_19_1","8_77_21_1 + 8_77_21_2"
"21_68_19_0","10_77_21_1"
"21_68_19_1","10_77_21_2"
"33_62_19_0","16_77_21_1"
"33_62_19_1","16_77_21_1 + 16_77_21_2"
"45_56_19","22_77_21_2"
"57_50_19","28_77_21_2"
"65_46_19","32_77_21_1"
"77_40_19","38_77_21_1"
"157_0_19","78_77_21_1"
"13_72_20","6_77_22_1"
"17_70_20_0","8_77_22_1"
"17_70_20_1","8_77_22_1 + 8_77_22_2"
"21_68_20","10_77_22_1"
"29_64_20","14_77_22_1"
"33_62_20","16_77_22_1"
"41_58_20","20_77_22_2"
"45_56_20","22_77_22_2"
"53_52_20","26_77_22_2"
"57_50_20","28_77_22_2"
"59_49_20","29_77_22_1"
"65_46_20","32_77_22_2"
"75_41_20","37_77_22_1"
"157_0_20","78_77_22_1"
"5_76_21","2_77_23"
"9_74_21","4_77_23_0"
"13_72_21_0","0"
"13_72_21_1","6_77_23_0"
"13_72_21_2","6_77_23_1"
"17_70_21_0","8_77_23_0"
"17_70_21_1","8_77_23_0 + 8_77_23_1"
"25_66_21","12_77_23"
"41_58_21","20_77_23_1"
"53_52_21","26_77_23_1"
"57_50_21","28_77_23"
"65_46_21","32_77_23_1"
"71_43_21","35_77_23"
"75_41_21","37_77_23"
"157_0_21","78_77_23"
"97_31_1","48_78_3_1"
"129_15_1","64_78_3_2"
"145_7_1","72_78_3_2"
"153_3_1","76_78_3_2"
"157_1_1","78_78_3_1"
"35_62_2","17_78_4"
"51_54_2","25_78_4"
"83_38_2","41_78_4"
"97_31_2","48_78_4_1"
"99_30_2","49_78_4_1"
"129_15_2","64_78_4_3"
"131_14_2","65_78_4_1"
"145_7_2","72_78_4_3"
"147_6_2","73_78_4_2"
"153_3_2","76_78_4_2"
"155_2_2","77_78_4_1"
"29_65_3","14_78_5"
"33_63_3_0","16_78_5_0"
"33_63_3_1","16_78_5_0 + 16_78_5_1"
"37_61_3","18_78_5"
"45_57_3","22_78_5"
"49_55_3_0","24_78_5_0"
"49_55_3_1","24_78_5_0 + 24_78_5_1"
"53_53_3","26_78_5"
"69_45_3","34_78_5"
"77_41_3","38_78_5"
"81_39_3","40_78_5_0"
"85_37_3","42_78_5"
"97_31_3_0","48_78_5_1"
"97_31_3_1","48_78_5_1 + 48_78_5_3"
"117_21_3","58_78_5_2"
"121_19_3","60_78_5_1"
"129_15_3","64_78_5_2"
"145_7_3","72_78_5_2"
"153_3_3","76_78_5_1"
"23_68_4","11_78_6"
"29_65_4_0","14_78_6_1"
"29_65_4_1","14_78_6_1 + 14_78_6_2"
"35_62_4_0","17_78_6_2"
"35_62_4_1","17_78_6_2"
"37_61_4_0","18_78_6_2"
"37_61_4_1","18_78_6_1 + 18_78_6_2"
"43_58_4","21_78_6_1"
"45_57_4","22_78_6_1"
"49_55_4","24_78_6_1"
"69_45_4","34_78_6_2"
"71_44_4","35_78_6_2"
"77_41_4","38_78_6_2"
"79_40_4_0","39_78_6_1"
"79_40_4_1","0"
"81_39_4","40_78_6_1"
"83_38_4_0","41_78_6_1"
"83_38_4_1","41_78_6_1"
"93_33_4","46_78_6_3"
"97_31_4","48_78_6_3"
"113_23_4","56_78_6_5"
"115_22_4","57_78_6_3"
"119_20_4","59_78_6_4"
"125_17_4","62_78_6_4"
"129_15_4","64_78_6_4"
"131_14_4","65_78_6_4"
"145_7_4","72_78_6_3"
"17_71_5","8_78_7"
"25_67_5_0","12_78_7_2"
"25_67_5_1","12_78_7_2 + 12_78_7_3"
"29_65_5_0","0"
"29_65_5_1","14_78_7_2"
"33_63_5_0","16_78_7_2"
"33_63_5_1","16_78_7_4"
"35_62_5_0","0"
"35_62_5_1","17_78_7_3"
"35_62_5_2","0"
"35_62_5_3","17_78_7_3 + 17_78_7_4"
"37_61_5","18_78_7_3"
"41_59_5_0","20_78_7_3"
"41_59_5_1","20_78_7_5"
"53_53_5","26_78_7_1"
"55_52_5","27_78_7_1"
"57_51_5","28_78_7_3"
"61_49_5","30_78_7_3"
"65_47_5","32_78_7_3"
"69_45_5_0","34_78_7_2"
"69_45_5_1","34_78_7_2 + 34_78_7_3"
"77_41_5","38_78_7_1"
"81_39_5","40_78_7_1"
"85_37_5","42_78_7_2"
"97_31_5_0","48_78_7_2"
"97_31_5_1","48_78_7_2 + 48_78_7_4"
"113_23_5","56_78_7_4"
"117_21_5","58_78_7_3"
"125_17_5","62_78_7_3"
"129_15_5_0","64_78_7_3"
"129_15_5_1","64_78_7_4"
"137_11_5","68_78_7_3"
"141_9_5","70_78_7_2"
"9_75_6","4_78_8"
"13_73_6","6_78_8"
"17_71_6","8_78_8_0"
"25_67_6_0","0"
"25_67_6_1","12_78_8_2"
"29_65_6_0","0"
"29_65_6_1","14_78_8_3"
"33_63_6_0","16_78_8_3"
"33_63_6_1","16_78_8_5"
"35_62_6_0","17_78_8_3"
"35_62_6_1","0"
"35_62_6_2","17_78_8_4"
"37_61_6_0","18_78_8_3"
"37_61_6_1","18_78_8_3 + 18_78_8_7"
"37_61_6_2","18_78_8_3 + 18_78_8_6"
"37_61_6_3","0"
"41_59_6","20_78_8_5"
"43_58_6","21_78_8_3"
"51_54_6","25_78_8_4"
"57_51_6","28_78_8_4"
"59_50_6","29_78_8_3"
"65_47_6","32_78_8_2"
"67_46_6","33_78_8_2"
"69_45_6","34_78_8_2"
"83_38_6_0","0"
"83_38_6_1","41_78_8_3"
"85_37_6","42_78_8_3"
"97_31_6","48_78_8_5"
"99_30_6","49_78_8_4"
"113_23_6","56_78_8_4"
"125_17_6","62_78_8_4"
"129_15_6","64_78_8_4"
"137_11_6","68_78_8_4"
"139_10_6","69_78_8_3"
"9_75_7_0","4_78_9_0 + 4_78_9_1"
"9_75_7_1","4_78_9_1"
"13_73_7","6_78_9_1"
"17_71_7_0","0"
"17_71_7_1","8_78_9"
"21_69_7_0","0"
"21_69_7_1","10_78_9_0"
"27_66_7_0","0"
"27_66_7_1","13_78_9_2"
"27_66_7_2","0"
"29_65_7_0","0"
"29_65_7_1","14_78_9_3"
"29_65_7_2","0"
"29_65_7_3","14_78_9_3 + 14_78_9_4"
"33_63_7_0","16_78_9_4"
"33_63_7_1","16_78_9_3 + 16_78_9_5 + 16_78_9_8"
"33_63_7_2","16_78_9_4 + 16_78_9_5"
"33_63_7_3","16_78_9_3 + 16_78_9_4"
"33_63_7_4","16_78_9_4 + 16_78_9_7"
"37_61_7_0","18_78_9_2"
"37_61_7_1","18_78_9_5"
"37_61_7_2","18_78_9_4 + 18_78_9_5"
"37_61_7_3","0"
"39_60_7_0","19_78_9_2"
"39_60_7_1","0"
"41_59_7","20_78_9_2"
"45_57_7","22_78_9_2"
"49_55_7","24_78_9_2"
"53_53_7","26_78_9_1"
"65_47_7","32_78_9_1"
"67_46_7","33_78_9_1"
"69_45_7","34_78_9_1"
"85_37_7_0","0"
"85_37_7_1","42_78_9_2"
"89_35_7","44_78_9_3"
"97_31_7","48_78_9_3"
"101_29_7","50_78_9_4"
"107_26_7","53_78_9_3"
"113_23_7","56_78_9_3"
"129_15_7","64_78_9_3"
"137_11_7","68_78_9_2"
"5_77_8","2_78_10"
"9_75_8_0","4_78_10_2"
"9_75_8_1","4_78_10_1 + 4_78_10_2 + 4_78_10_4"
"9_75_8_2","4_78_10_4"
"9_75_8_3","4_78_10_1 + 4_78_10_3"
"13_73_8_0","6_78_10_1"
"13_73_8_1","6_78_10_0"
"21_69_8_0","10_78_10_3"
"21_69_8_1","0"
"21_69_8_2","10_78_10_2"
"23_68_8_0","0"
"23_68_8_1","11_78_10_1"
"23_68_8_2","0"
"23_68_8_3","0"
"29_65_8_0","14_78_10_3 + 14_78_10_4"
"29_65_8_1","14_78_10_3"
"29_65_8_2","0"
"33_63_8_0","16_78_10_4 + 16_78_10_5"
"33_63_8_1","16_78_10_4"
"35_62_8_0","17_78_10_3"
"35_62_8_1","17_78_10_4"
"35_62_8_2","17_78_10_4"
"35_62_8_3","0"
"37_61_8_0","18_78_10_1"
"37_61_8_1","18_78_10_1 + 18_78_10_4"
"45_57_8_0","22_78_10_3"
"45_57_8_1","22_78_10_3 + 22_78_10_4"
"55_52_8","27_78_10_1"
"65_47_8_0","32_78_10_3 + 32_78_10_4"
"65_47_8_1","32_78_10_4"
"67_46_8","33_78_10_2"
"85_37_8_0","42_78_10_2"
"85_37_8_1","42_78_10_4"
"89_35_8","44_78_10_3"
"97_31_8_0","48_78_10_5"
"97_31_8_1","48_78_10_4 + 48_78_10_5"
"101_29_8","50_78_10_4"
"103_28_8","51_78_10_3"
"109_25_8","54_78_10_3"
"113_23_8","56_78_10_3"
"115_22_8","57_78_10_3"
"129_15_8","64_78_10_2"
"5_77_9","2_78_11_0"
"9_75_9_0","4_78_11_0 + 4_78_11_1 + 4_78_11_2 + 4_78_11_3"
"9_75_9_1","4_78_11_0"
"9_75_9_2","4_78_11_2"
"9_75_9_3","4_78_11_0 + 4_78_11_1"
"11_74_9_0","0"
"11_74_9_1","5_78_11"
"13_73_9","6_78_11"
"17_71_9","8_78_11_0"
"19_70_9_0","0"
"19_70_9_1","9_78_11_0"
"21_69_9_0","0"
"21_69_9_1","0"
"21_69_9_2","10_78_11_1"
"25_67_9_0","12_78_11_2"
"25_67_9_1","12_78_11_2 + 12_78_11_3"
"33_63_9_0","16_78_11_1"
"33_63_9_1","16_78_11_2"
"33_63_9_2","16_78_11_1 + 16_78_11_4"
"37_61_9_0","18_78_11_4"
"37_61_9_1","18_78_11_3"
"39_60_9_0","0"
"39_60_9_1","19_78_11_2"
"45_57_9_0","22_78_11_2"
"45_57_9_1","22_78_11_0"
"57_51_9","28_78_11_1"
"69_45_9","34_78_11_1"
"81_39_9","40_78_11_2"
"85_37_9","42_78_11_2"
"97_31_9_0","48_78_11_3"
"97_31_9_1","48_78_11_4"
"101_29_9","50_78_11_2"
"109_25_9","54_78_11_2"
"113_23_9_0","56_78_11_2"
"113_23_9_1","56_78_11_2 + 56_78_11_3"
"121_19_9","60_78_11_2"
"125_17_9","62_78_11_1"
"5_77_10_0","0"
"5_77_10_1","2_78_12_0 + 2_78_12_1"
"5_77_10_2","2_78_12_1"
"9_75_10_0","4_78_12_0"
"9_75_10_1","4_78_12_0 + 4_78_12_1"
"11_74_10_0","5_78_12"
"11_74_10_1","0"
"13_73_10","6_78_12"
"17_71_10_0","0"
"17_71_10_1","8_78_12_0"
"17_71_10_2","8_78_12_0 + 8_78_12_1"
"21_69_10_0","10_78_12_0 + 10_78_12_2"
"21_69_10_1","10_78_12_0"
"21_69_10_2","0"
"25_67_10","12_78_12_2"
"27_66_10_0","13_78_12_0"
"27_66_10_1","0"
"29_65_10","14_78_12_2"
"33_63_10_0","16_78_12_4"
"33_63_10_1","16_78_12_3 + 16_78_12_4"
"35_62_10_0","17_78_12_3"
"35_62_10_1","17_78_12_1"
"35_62_10_2","17_78_12_0"
"35_62_10_3","0"
"37_61_10_0","18_78_12_1"
"37_61_10_1","18_78_12_2"
"41_59_10","20_78_12_1"
"51_54_10_0","0"
"51_54_10_1","25_78_12_1"
"53_53_10","26_78_12_2"
"59_50_10","29_78_12_1"
"65_47_10","32_78_12_1"
"77_41_10","38_78_12_2"
"97_31_10_0","48_78_12_2"
"97_31_10_1","48_78_12_3"
"109_25_10","54_78_12_2"
"113_23_10","56_78_12_2"
"121_19_10","60_78_12_2"
"123_18_10","61_78_12_1"
"9_75_11_0","4_78_13_2"
"9_75_11_1","0"
"9_75_11_2","4_78_13_2"
"9_75_11_3","4_78_13_1 + 4_78_13_2"
"13_73_11_0","6_78_13_4"
"13_73_11_1","6_78_13_3 + 6_78_13_4 + 6_78_13_5"
"13_73_11_2","6_78_13_3 + 6_78_13_4"
"17_71_11_0","8_78_13_3 + 8_78_13_7"
"17_71_11_1","8_78_13_3"
"17_71_11_2","8_78_13_6 + 8_78_13_7"
"17_71_11_3","8_78_13_5"
"21_69_11_0","10_78_13_1"
"21_69_11_1","10_78_13_1 + 10_78_13_4"
"21_69_11_2","10_78_13_5"
"21_69_11_3","10_78_13_1 + 10_78_13_5 + 10_78_13_6"
"23_68_11_0","11_78_13_2"
"23_68_11_1","11_78_13_2"
"23_68_11_2","0"
"23_68_11_3","0"
"25_67_11_0","12_78_13_3 + 12_78_13_4"
"25_67_11_1","12_78_13_1"
"25_67_11_2","12_78_13_3"
"29_65_11_0","14_78_13_4"
"29_65_11_1","14_78_13_4"
"29_65_11_2","14_78_13_3"
"33_63_11_0","16_78_13_3"
"33_63_11_1","16_78_13_1"
"37_61_11_0","0"
"37_61_11_1","18_78_13_2"
"41_59_11","20_78_13_2"
"49_55_11","24_78_13_2"
"51_54_11_0","25_78_13_2"
"51_54_11_1","25_78_13_2"
"53_53_11","26_78_13_2"
"61_49_11","30_78_13_2"
"73_43_11","36_78_13_3"
"85_37_11","42_78_13_4"
"91_34_11","45_78_13_3"
"97_31_11","48_78_13_3"
"113_23_11","56_78_13_3"
"121_19_11","60_78_13_2"
"5_77_12_0","2_78_14"
"5_77_12_1","2_78_14"
"9_75_12","4_78_14_1"
"11_74_12_0","0"
"11_74_12_1","5_78_14_1"
"13_73_12","6_78_14_1"
"17_71_12_0","8_78_14_0"
"17_71_12_1","8_78_14_0 + 8_78_14_1"
"17_71_12_2","8_78_14_0 + 8_78_14_1 + 8_78_14_2"
"19_70_12_0","0"
"19_70_12_1","9_78_14_0"
"21_69_12","10_78_14_3"
"25_67_12","12_78_14_0"
"27_66_12_0","13_78_14_0"
"27_66_12_1","0"
"27_66_12_2","0"
"29_65_12_0","14_78_14_0"
"29_65_12_1","14_78_14_0"
"29_65_12_2","14_78_14_0 + 14_78_14_1"
"37_61_12_0","18_78_14_0"
"37_61_12_1","18_78_14_1"
"45_57_12","22_78_14"
"49_55_12","24_78_14"
"53_53_12","26_78_14_0"
"57_51_12","28_78_14"
"69_45_12","34_78_14_0"
"73_43_12","36_78_14_1"
"81_39_12","40_78_14_2"
"85_37_12","42_78_14_2"
"87_36_12","43_78_14_1"
"93_33_12","46_78_14_1"
"97_31_12","48_78_14_1"
"99_30_12","49_78_14_1"
"113_23_12","56_78_14"
"9_75_13_0","4_78_15_1"
"9_75_13_1","4_78_15_0"
"9_75_13_2","4_78_15_1 + 4_78_15_2"
"17_71_13_0","8_78_15_4"
"17_71_13_1","8_78_15_0"
"17_71_13_2","8_78_15_0 + 8_78_15_5"
"17_71_13_3","8_78_15_3"
"17_71_13_4","8_78_15_0 + 8_78_15_6"
"21_69_13_0","10_78_15_0"
"21_69_13_1","10_78_15_2"
"23_68_13_0","0"
"23_68_13_1","11_78_15"
"23_68_13_2","0"
"29_65_13_0","14_78_15_0"
"29_65_13_1","14_78_15_0 + 14_78_15_2"
"29_65_13_2","14_78_15_1"
"37_61_13_0","0"
"37_61_13_1","18_78_15_0"
"41_59_13","20_78_15"
"53_53_13_0","26_78_15_0"
"53_53_13_1","26_78_15_0 + 26_78_15_1"
"65_47_13_0","32_78_15_1"
"65_47_13_1","32_78_15_2"
"81_39_13","40_78_15_2"
"85_37_13","42_78_15_1"
"93_33_13","46_78_15_1"
"97_31_13_0","48_78_15_1"
"97_31_13_1","48_78_15_2"
"105_27_13","52_78_15_1"
"109_25_13","54_78_15"
"5_77_14_0","2_78_16"
"5_77_14_1","0"
"9_75_14_0","4_78_16_2"
"9_75_14_1","4_78_16_1 + 4_78_16_2"
"13_73_14_0","6_78_16_3"
"13_73_14_1","6_78_16_4"
"17_71_14_0","8_78_16_3 + 8_78_16_4 + 8_78_16_5"
"17_71_14_1","8_78_16_3 + 8_78_16_4 + 8_78_16_5 + 8_78_16_6"
"17_71_14_2","8_78_16_5"
"17_71_14_3","8_78_16_3"
"19_70_14_0","9_78_16_0"
"19_70_14_1","9_78_16_0 + 9_78_16_1"
"19_70_14_2","9_78_16_2"
"19_70_14_3","0"
"21_69_14_0","10_78_16_0"
"21_69_14_1","10_78_16_1"
"25_67_14_0","12_78_16_0"
"25_67_14_1","12_78_16_0 + 12_78_16_1"
"29_65_14_0","14_78_16_0"
"29_65_14_1","14_78_16_1"
"37_61_14_0","18_78_16_0"
"37_61_14_1","18_78_16_0 + 18_78_16_1"
"49_55_14","24_78_16"
"53_53_14","26_78_16"
"61_49_14","30_78_16_1"
"65_47_14","32_78_16_1"
"81_39_14","40_78_16_1"
"93_33_14","46_78_16_1"
"97_31_14","48_78_16_1"
"105_27_14","52_78_16_1"
"107_26_14","53_78_16"
"5_77_15_0","0"
"5_77_15_1","0"
"5_77_15_2","2_78_17"
"5_77_15_3","0"
"9_75_15_0","4_78_17_2"
"9_75_15_1","4_78_17_0 + 4_78_17_3"
"9_75_15_2","4_78_17_0"
"13_73_15","6_78_17_1"
"17_71_15_0","0"
"17_71_15_1","8_78_17_0"
"21_69_15_0","10_78_17_0"
"21_69_15_1","10_78_17_1"
"25_67_15","12_78_17"
"29_65_15_0","0"
"29_65_15_1","14_78_17_0"
"33_63_15_0","16_78_17_0"
"33_63_15_1","16_78_17_0 + 16_78_17_1"
"35_62_15_0","17_78_17"
"35_62_15_1","17_78_17"
"37_61_15","18_78_17"
"45_57_15","22_78_17"
"53_53_15","26_78_17_0"
"57_51_15","28_78_17_1"
"65_47_15","32_78_17_1"
"69_45_15","34_78_17_2"
"75_42_15","37_78_17_1"
"81_39_15","40_78_17_1"
"97_31_15","48_78_17_1"
"105_27_15","52_78_17"
"9_75_16_0","4_78_18_2"
"9_75_16_1","0"
"13_73_16_0","0"
"13_73_16_1","6_78_18_2"
"17_71_16","8_78_18_2"
"21_69_16","10_78_18_3"
"29_65_16_0","14_78_18_3"
"29_65_16_1","14_78_18_4"
"33_63_16_0","16_78_18_3"
"33_63_16_1","16_78_18_3 + 16_78_18_4"
"41_59_16","20_78_18_3"
"53_53_16_0","26_78_18_3"
"53_53_16_1","26_78_18_5"
"57_51_16","28_78_18_4"
"65_47_16_0","32_78_18_5"
"65_47_16_1","32_78_18_5 + 32_78_18_6"
"69_45_16","34_78_18_5"
"71_44_16","35_78_18_4"
"77_41_16","38_78_18_4"
"81_39_16","40_78_18_4"
"83_38_16","41_78_18_4"
"97_31_16","48_78_18_3"
"5_77_17_0","0"
"5_77_17_1","2_78_19_1"
"5_77_17_2","2_78_19_0 + 2_78_19_1"
"9_75_17","4_78_19_0"
"13_73_17_0","6_78_19_0"
"13_73_17_1","6_78_19_2"
"13_73_17_2","6_78_19_0 + 6_78_19_2 + 6_78_19_3"
"17_71_17","8_78_19_1"
"25_67_17_0","12_78_19_1"
"25_67_17_1","12_78_19_2"
"33_63_17","16_78_19_1"
"37_61_17","18_78_19_1"
"49_55_17","24_78_19_2"
"53_53_17","26_78_19_2"
"65_47_17_0","32_78_19_3"
"65_47_17_1","32_78_19_4"
"69_45_17","34_78_19_2"
"77_41_17","38_78_19_2"
"81_39_17_0","40_78_19_2"
"81_39_17_1","40_78_19_2 + 40_78_19_3"
"89_35_17","44_78_19_2"
"93_33_17","46_78_19_1"
"9_75_18_0","4_78_20_0"
"9_75_18_1","4_78_20_2"
"13_73_18","6_78_20_1"
"21_69_18_0","10_78_20_1"
"21_69_18_1","10_78_20_2"
"25_67_18","12_78_20_1"
"33_63_18_0","16_78_20_1"
"33_63_18_1","16_78_20_1 + 16_78_20_2"
"45_57_18","22_78_20_2"
"65_47_18_0","32_78_20_2"
"65_47_18_1","32_78_20_2 + 32_78_20_3"
"77_41_18","38_78_20_2"
"81_39_18","40_78_20_2"
"89_35_18","44_78_20_2"
"91_34_18","45_78_20_1"
"9_75_19","4_78_21_1"
"17_71_19_0","8_78_21_1"
"17_71_19_1","8_78_21_2"
"19_70_19_0","9_78_21_1"
"19_70_19_1","9_78_21_1"
"21_69_19","10_78_21_1"
"25_67_19","12_78_21_1"
"29_65_19","14_78_21_1"
"33_63_19","16_78_21_1"
"41_59_19","20_78_21_2"
"53_53_19","26_78_21_3"
"59_50_19","29_78_21_2"
"65_47_19","32_78_21_2"
"81_39_19","40_78_21_2"
"89_35_19","44_78_21_1"
"5_77_20_0","2_78_22_0 + 2_78_22_1"
"5_77_20_1","2_78_22_0"
"9_75_20_0","0"
"9_75_20_1","4_78_22_0"
"13_73_20_0","6_78_22_0"
"13_73_20_1","6_78_22_1"
"17_71_20_0","8_78_22_0"
"17_71_20_1","8_78_22_0 + 8_78_22_1"
"21_69_20","10_78_22_0"
"25_67_20","12_78_22"
"33_63_20","16_78_22_0"
"37_61_20","18_78_22_0"
"41_59_20","20_78_22_1"
"49_55_20","24_78_22_2"
"53_53_20","26_78_22_2"
"55_52_20","27_78_22_1"
"61_49_20","30_78_22_1"
"65_47_20","32_78_22_1"
"67_46_20","33_78_22_1"
"81_39_20","40_78_22"
"99_31_1","49_79_3_1"
"131_15_1","65_79_3_2"
"147_7_1","73_79_3_2"
"155_3_1","77_79_3_1"
"161_0_1","80_79_3_1"
"37_62_2","18_79_4"
"53_54_2","26_79_4"
"85_38_2","42_79_4"
"93_34_2","46_79_4"
"97_32_2","48_79_4"
"101_30_2","50_79_4"
"125_18_2","62_79_4"
"129_16_2","64_79_4"
"133_14_2","66_79_4"
"145_8_2","72_79_4_0"
"149_6_2","74_79_4"
"161_0_2","80_79_4"
"35_63_3","17_79_5_0"
"37_62_3","18_79_5_1"
"39_61_3","19_79_5"
"51_55_3","25_79_5"
"53_54_3","26_79_5"
"79_41_3","39_79_5_1"
"83_39_3","41_79_5_1"
"85_38_3","42_79_5_1"
"93_34_3","46_79_5_1"
"101_30_3","50_79_5_2"
"123_19_3","61_79_5_1"
"125_18_3","62_79_5_1"
"133_14_3","66_79_5_1"
"145_8_3","72_79_5_1"
"161_0_3","80_79_5_1"
"29_66_4","14_79_6_2"
"33_64_4_0","16_79_6_4"
"33_64_4_1","16_79_6_2 + 16_79_6_4"
"33_64_4_2","16_79_6_2 + 16_79_6_3"
"37_62_4_0","18_79_6_1"
"37_62_4_1","18_79_6_3"
"39_61_4_0","19_79_6_1"
"39_61_4_1","0"
"45_58_4","22_79_6_2"
"49_56_4_0","24_79_6_2"
"49_56_4_1","24_79_6_3"
"53_54_4","26_79_6_2"
"65_48_4","32_79_6_1"
"73_44_4","36_79_6_2"
"81_40_4_0","40_79_6_1 + 40_79_6_2"
"81_40_4_1","40_79_6_1"
"83_39_4","41_79_6_1"
"85_38_4_0","0"
"85_38_4_1","42_79_6_1"
"97_32_4","48_79_6_2"
"101_30_4","50_79_6_2"
"115_23_4","57_79_6_2"
"117_22_4","58_79_6_1"
"121_20_4","60_79_6_1"
"125_18_4_0","62_79_6_1"
"125_18_4_1","0"
"133_14_4","66_79_6_1"
"161_0_4","80_79_6_1"
"25_68_5","12_79_7_1"
"27_67_5_0","0"
"27_67_5_1","13_79_7_2"
"29_66_5","14_79_7_3"
"33_64_5_0","16_79_7_2"
"33_64_5_1","16_79_7_0"
"33_64_5_2","16_79_7_5"
"35_63_5","17_79_7_3"
"37_62_5_0","0"
"37_62_5_1","18_79_7_2"
"37_62_5_2","18_79_7_2 + 18_79_7_4"
"37_62_5_3","0"
"41_60_5","20_79_7_3"
"43_59_5","21_79_7_3"
"49_56_5","24_79_7_3"
"57_52_5","28_79_7_2"
"59_51_5","29_79_7_2"
"65_48_5","32_79_7_3"
"67_47_5","33_79_7_1"
"71_45_5_0","0"
"71_45_5_1","35_79_7_1"
"73_44_5","36_79_7_1"
"81_40_5_0","40_79_7_1 + 40_79_7_2"
"81_40_5_1","40_79_7_1"
"85_38_5","42_79_7_1"
"99_31_5_0","49_79_7_3"
"99_31_5_1","0"
"101_30_5","50_79_7_3"
"113_24_5","56_79_7_3"
"115_23_5","57_79_7_2"
"121_20_5","60_79_7_2"
"131_15_5_0","65_79_7_2"
"131_15_5_1","65_79_7_2"
"133_14_5","66_79_7_2"
"161_0_5","80_79_7_2"
"9_76_6","4_79_8"
"13_74_6_0","6_79_8_0"
"13_74_6_1","6_79_8_0 + 6_79_8_1"
"21_70_6","10_79_8_1"
"25_68_6_0","12_79_8_2"
"25_68_6_1","12_79_8_0"
"25_68_6_2","12_79_8_0 + 12_79_8_2 + 12_79_8_3"
"29_66_6_0","14_79_8_5"
"29_66_6_1","14_79_8_4"
"33_64_6_0","16_79_8_7"
"33_64_6_1","16_79_8_6 + 16_79_8_7"
"33_64_6_2","16_79_8_4 + 16_79_8_6 + 16_79_8_7"
"35_63_6_0","17_79_8_1"
"35_63_6_1","0"
"37_62_6_0","18_79_8_3"
"37_62_6_1","18_79_8_3 + 18_79_8_4 + 18_79_8_6"
"37_62_6_2","18_79_8_4"
"39_61_6_0","0"
"39_61_6_1","19_79_8_3"
"39_61_6_2","19_79_8_2"
"39_61_6_3","0"
"39_61_6_4","0"
"41_60_6_0","20_79_8_2"
"41_60_6_1","20_79_8_3"
"45_58_6_0","22_79_8_3"
"45_58_6_1","22_79_8_2 + 22_79_8_3"
"49_56_6","24_79_8_2"
"53_54_6","26_79_8_1"
"65_48_6","32_79_8_2"
"69_46_6","34_79_8_1"
"73_44_6","36_79_8_1"
"77_42_6","38_79_8_1"
"81_40_6_0","0"
"81_40_6_1","40_79_8_1"
"85_38_6_0","0"
"85_38_6_1","42_79_8_2"
"89_36_6","44_79_8_2"
"97_32_6","48_79_8_2"
"101_30_6","50_79_8_3"
"109_26_6","54_79_8_2"
"129_16_6","64_79_8_2"
"133_14_6","66_79_8_2"
"161_0_6","80_79_8_2"
"9_76_7_0","4_79_9_0"
"9_76_7_1","4_79_9_0 + 4_79_9_1"
"13_74_7_0","6_79_9_0"
"13_74_7_1","6_79_9_0 + 6_79_9_1"
"21_70_7_0","0"
"21_70_7_1","10_79_9_1"
"21_70_7_2","0"
"25_68_7_0","0"
"25_68_7_1","12_79_9_3 + 12_79_9_4"
"25_68_7_2","12_79_9_3"
"25_68_7_3","12_79_9_3 + 12_79_9_5"
"29_66_7_0","14_79_9_1"
"29_66_7_1","14_79_9_4"
"29_66_7_2","0"
"33_64_7_0","16_79_9_4 + 16_79_9_5"
"33_64_7_1","16_79_9_4"
"33_64_7_2","16_79_9_3"
"35_63_7_0","17_79_9_2"
"35_63_7_1","17_79_9_1 + 17_79_9_2"
"35_63_7_2","17_79_9_2 + 17_79_9_3"
"37_62_7_0","18_79_9_2"
"37_62_7_1","18_79_9_2 + 18_79_9_3"
"41_60_7","20_79_9_2"
"45_58_7_0","22_79_9_2"
"45_58_7_1","22_79_9_3"
"47_57_7","23_79_9_1"
"65_48_7_0","32_79_9_1 + 32_79_9_3"
"65_48_7_1","32_79_9_1"
"69_46_7","34_79_9_1"
"77_42_7","38_79_9_1"
"85_38_7","42_79_9_2"
"91_35_7","45_79_9_1"
"97_32_7","48_79_9_2"
"101_30_7","50_79_9_2"
"103_29_7","51_79_9_1"
"109_26_7","54_79_9_1"
"129_16_7","64_79_9_1"
"161_0_7","80_79_9_1"
"9_76_8_0","4_79_10_0"
"9_76_8_1","4_79_10_1"
"11_75_8_0","5_79_10"
"11_75_8_1","0"
"11_75_8_2","0"
"17_72_8_0","8_79_10_1"
"17_72_8_1","8_79_10_2"
"25_68_8_0","0"
"25_68_8_1","12_79_10_4"
"25_68_8_2","0"
"25_68_8_3","12_79_10_5"
"29_66_8_0","0"
"29_66_8_1","14_79_10_4"
"33_64_8_0","16_79_10_2"
"33_64_8_1","16_79_10_1 + 16_79_10_2 + 16_79_10_4 + 16_79_10_8"
"33_64_8_2","16_79_10_4 + 16_79_10_8"
"33_64_8_3","16_79_10_2 + 16_79_10_4"
"33_64_8_4","16_79_10_1 + 16_79_10_7"
"37_62_8_0","18_79_10_1 + 18_79_10_2"
"37_62_8_1","18_79_10_2"
"37_62_8_2","18_79_10_2 + 18_79_10_4 + 18_79_10_5"
"37_62_8_3","18_79_10_1 + 18_79_10_4"
"41_60_8","20_79_10_2"
"45_58_8_0","22_79_10_1"
"45_58_8_1","22_79_10_1 + 22_79_10_2"
"53_54_8","26_79_10_2"
"57_52_8","28_79_10_1"
"65_48_8","32_79_10_2"
"67_47_8_0","33_79_10_1"
"67_47_8_1","33_79_10_1 + 33_79_10_2"
"81_40_8","40_79_10_1"
"85_38_8","42_79_10_1"
"93_34_8","46_79_10_2"
"97_32_8","48_79_10_2"
"99_31_8_0","49_79_10_1"
"99_31_8_1","49_79_10_1"
"101_30_8","50_79_10_1"
"105_28_8","52_79_10_1"
"109_26_8","54_79_10_1"
"117_22_8","58_79_10_1"
"161_0_8","80_79_10_1"
"5_78_9","2_79_11"
"9_76_9_0","4_79_11_0"
"9_76_9_1","4_79_11_2"
"9_76_9_2","4_79_11_1"
"11_75_9_0","0"
"11_75_9_1","5_79_11"
"13_74_9","6_79_11"
"17_72_9_0","0"
"17_72_9_1","8_79_11_1"
"17_72_9_2","8_79_11_0"
"25_68_9_0","12_79_11_3 + 12_79_11_4 + 12_79_11_5"
"25_68_9_1","12_79_11_3 + 12_79_11_5"
"25_68_9_2","12_79_11_3"
"27_67_9_0","13_79_11_3"
"27_67_9_1","13_79_11_0"
"33_64_9","16_79_11_3"
"35_63_9_0","0"
"35_63_9_1","17_79_11_1"
"35_63_9_2","0"
"37_62_9_0","18_79_11_2"
"37_62_9_1","18_79_11_3"
"39_61_9_0","19_79_11_0"
"39_61_9_1","0"
"41_60_9_0","0"
"41_60_9_1","20_79_11_1"
"45_58_9","22_79_11_1"
"49_56_9","24_79_11_1"
"53_54_9","26_79_11_3"
"59_51_9","29_79_11_1"
"65_48_9_0","32_79_11_1"
"65_48_9_1","32_79_11_1"
"77_42_9","38_79_11_1"
"83_39_9","41_79_11_1"
"93_34_9","46_79_11_2"
"97_32_9","48_79_11_1"
"101_30_9","50_79_11_1"
"105_28_9","52_79_11_1"
"115_23_9_0","57_79_11_1"
"115_23_9_1","0"
"117_22_9","58_79_11_1"
"161_0_9","80_79_11_1"
"5_78_10","2_79_12"
"9_76_10_0","4_79_12_0"
"9_76_10_1","0"
"9_76_10_2","4_79_12_1"
"9_76_10_3","4_79_12_2"
"13_74_10_0","0"
"13_74_10_1","6_79_12_2"
"13_74_10_2","6_79_12_3"
"17_72_10_0","8_79_12_3 + 8_79_12_4"
"17_72_10_1","8_79_12_2 + 8_79_12_4"
"17_72_10_2","8_79_12_2"
"21_70_10_0","0"
"21_70_10_1","10_79_12_2"
"23_69_10_0","11_79_12_0"
"23_69_10_1","0"
"23_69_10_2","0"
"23_69_10_3","0"
"25_68_10_0","0"
"25_68_10_1","12_79_12_1 + 12_79_12_3"
"25_68_10_2","12_79_12_2 + 12_79_12_3"
"25_68_10_3","12_79_12_3"
"29_66_10_0","14_79_12_4"
"29_66_10_1","14_79_12_2"
"29_66_10_2","14_79_12_2 + 14_79_12_3 + 14_79_12_4"
"29_66_10_3","14_79_12_1"
"33_64_10_0","16_79_12_0"
"33_64_10_1","16_79_12_0 + 16_79_12_1"
"37_62_10_0","0"
"37_62_10_1","18_79_12_1"
"37_62_10_2","18_79_12_0"
"41_60_10","20_79_12_1"
"43_59_10","21_79_12_1"
"49_56_10_0","24_79_12_0"
"49_56_10_1","24_79_12_2"
"53_54_10_0","0"
"53_54_10_1","26_79_12_1"
"55_53_10","27_79_12"
"61_50_10","30_79_12"
"73_44_10","36_79_12"
"81_40_10","40_79_12_0"
"93_34_10","46_79_12"
"101_30_10","50_79_12"
"113_24_10","56_79_12_0"
"117_22_10","58_79_12"
"161_0_10","80_79_12"
"5_78_11","2_79_13"
"9_76_11","4_79_13_1"
"13_74_11","6_79_13_1"
"17_72_11_0","8_79_13_1"
"17_72_11_1","8_79_13_2"
"19_71_11_0","9_79_13_0"
"19_71_11_1","9_79_13_0 + 9_79_13_1"
"19_71_11_2","9_79_13_0 + 9_79_13_2"
"19_71_11_3","9_79_13_1 + 9_79_13_2"
"25_68_11_0","12_79_13_1 + 12_79_13_2"
"25_68_11_1","12_79_13_2"
"25_68_11_2","12_79_13_1 + 12_79_13_3"
"29_66_11_0","0"
"29_66_11_1","14_79_13_2"
"29_66_11_2","14_79_13_1 + 14_79_13_2"
"37_62_11_0","18_79_13_3"
"37_62_11_1","18_79_13_2 + 18_79_13_3"
"41_60_11_0","20_79_13_1"
"41_60_11_1","20_79_13_2"
"49_56_11","24_79_13_3"
"51_55_11","25_79_13_1"
"53_54_11_0","26_79_13_1"
"53_54_11_1","26_79_13_1 + 26_79_13_2"
"57_52_11","28_79_13_1"
"69_46_11","34_79_13_1"
"81_40_11","40_79_13_2"
"87_37_11","43_79_13_1"
"93_34_11","46_79_13_1"
"113_24_11","56_79_13_1"
"161_0_11","80_79_13_1"
"9_76_12_0","4_79_14_2"
"9_76_12_1","4_79_14_2"
"13_74_12_0","0"
"13_74_12_1","6_79_14_2"
"13_74_12_2","6_79_14_3"
"17_72_12_0","8_79_14_0"
"17_72_12_1","8_79_14_3"
"17_72_12_2","8_79_14_3 + 8_79_14_4"
"17_72_12_3","8_79_14_5"
"19_71_12_0","0"
"19_71_12_1","9_79_14_2"
"19_71_12_2","0"
"21_70_12_0","10_79_14_0"
"21_70_12_1","0"
"25_68_12_0","0"
"25_68_12_1","12_79_14_1"
"25_68_12_2","12_79_14_1 + 12_79_14_2"
"29_66_12_0","0"
"29_66_12_1","0"
"29_66_12_2","14_79_14_1"
"37_62_12_0","0"
"37_62_12_1","18_79_14_1"
"41_60_12_0","20_79_14_1"
"41_60_12_1","20_79_14_3"
"49_56_12","24_79_14_2"
"51_55_12","25_79_14_1"
"53_54_12_0","26_79_14_1"
"53_54_12_1","26_79_14_2"
"65_48_12","32_79_14_1"
"77_42_12","38_79_14_2"
"81_40_12","40_79_14_2"
"83_39_12","41_79_14_1"
"89_36_12","44_79_14_1"
"93_34_12","46_79_14_1"
"101_30_12","50_79_14_1"
"161_0_12","80_79_14_1"
"5_78_13_0","0"
"5_78_13_1","2_79_15"
"5_78_13_2","2_79_15"
"9_76_13","4_79_15_0"
"11_75_13_0","5_79_15_0"
"11_75_13_1","5_79_15_0"
"13_74_13_0","6_79_15_2"
"13_74_13_1","6_79_15_2 + 6_79_15_3"
"17_72_13_0","8_79_15_2"
"17_72_13_1","8_79_15_3"
"19_71_13_0","0"
"19_71_13_1","9_79_15_0"
"19_71_13_2","0"
"19_71_13_3","0"
"21_70_13","10_79_15_1"
"25_68_13_0","0"
"25_68_13_1","12_79_15_1 + 12_79_15_2 + 12_79_15_3"
"25_68_13_2","12_79_15_1 + 12_79_15_2"
"25_68_13_3","12_79_15_1"
"33_64_13","16_79_15_1"
"37_62_13_0","18_79_15_1"
"37_62_13_1","18_79_15_1 + 18_79_15_3"
"41_60_13","20_79_15_2"
"49_56_13_0","24_79_15_1"
"49_56_13_1","24_79_15_1 + 24_79_15_2"
"53_54_13","26_79_15_1"
"61_50_13","30_79_15_1"
"67_47_13_0","33_79_15_1"
"67_47_13_1","0"
"77_42_13","38_79_15_2"
"81_40_13","40_79_15_1"
"89_36_13","44_79_15_1"
"99_31_13_0","49_79_15_1"
"99_31_13_1","0"
"101_30_13","50_79_15_1"
"161_0_13","80_79_15_1"
"5_78_14_0","0"
"5_78_14_1","2_79_16"
"9_76_14_0","4_79_16_0"
"9_76_14_1","4_79_16_1"
"9_76_14_2","4_79_16_0 + 4_79_16_3"
"9_76_14_3","4_79_16_5"
"9_76_14_4","4_79_16_0 + 4_79_16_4"
"13_74_14_0","6_79_16_0 + 6_79_16_1"
"13_74_14_1","6_79_16_1"
"13_74_14_2","6_79_16_1 + 6_79_16_2"
"21_70_14_0","0"
"21_70_14_1","10_79_16_0"
"21_70_14_2","10_79_16_0 + 10_79_16_2"
"25_68_14_0","12_79_16_1 + 12_79_16_2"
"25_68_14_1","12_79_16_2"
"33_64_14_0","16_79_16_1"
"33_64_14_1","16_79_16_3 + 16_79_16_4"
"33_64_14_2","16_79_16_4"
"37_62_14","18_79_16_2"
"41_60_14","20_79_16_1"
"45_58_14","22_79_16_1"
"53_54_14","26_79_16_1"
"57_52_14","28_79_16_1"
"65_48_14","32_79_16_1"
"69_46_14","34_79_16_2"
"77_42_14","38_79_16_1"
"97_32_14","48_79_16_1"
"101_30_14","50_79_16_1"
"161_0_14","80_79_16_1"
"5_78_15_0","0"
"5_78_15_1","2_79_17"
"9_76_15_0","0"
"9_76_15_1","4_79_17_1"
"13_74_15_0","0"
"13_74_15_1","6_79_17_2"
"17_72_15","8_79_17_2"
"21_70_15","10_79_17_3"
"25_68_15_0","0"
"25_68_15_1","12_79_17_3"
"29_66_15","14_79_17_3"
"33_64_15_0","16_79_17_4 + 16_79_17_5"
"33_64_15_1","16_79_17_5"
"37_62_15_0","18_79_17_3"
"37_62_15_1","18_79_17_4"
"41_60_15","20_79_17_3"
"53_54_15_0","26_79_17_3"
"53_54_15_1","26_79_17_4"
"65_48_15","32_79_17_4"
"69_46_15","34_79_17_4"
"71_45_15","35_79_17_3"
"77_42_15","38_79_17_3"
"97_32_15","48_79_17_3"
"161_0_15","80_79_17_3"
"5_78_16_0","0"
"5_78_16_1","2_79_18_0"
"5_78_16_2","2_79_18_1"
"9_76_16_0","0"
"9_76_16_1","4_79_18_1"
"13_74_16_0","6_79_18_1"
"13_74_16_1","6_79_18_1 + 6_79_18_3"
"17_72_16","8_79_18_2"
"25_68_16_0","12_79_18_2"
"25_68_16_1","12_79_18_2 + 12_79_18_4"
"33_64_16_0","16_79_18_4"
"33_64_16_1","16_79_18_3"
"35_63_16","17_79_18_2"
"37_62_16_0","18_79_18_2"
"37_62_16_1","18_79_18_2 + 18_79_18_3"
"49_56_16","24_79_18_2"
"53_54_16","26_79_18_2"
"61_50_16","30_79_18_3"
"65_48_16","32_79_18_3"
"67_47_16_0","33_79_18_2"
"67_47_16_1","0"
"69_46_16","34_79_18_2"
"73_44_16","36_79_18_2"
"77_42_16","38_79_18_2"
"85_38_16","42_79_18_2"
"161_0_16","80_79_18_2"
"9_76_17_0","4_79_19_0"
"9_76_17_1","4_79_19_0 + 4_79_19_3"
"13_74_17","6_79_19_2"
"21_70_17_0","10_79_19_2"
"21_70_17_1","10_79_19_2 + 10_79_19_4"
"25_68_17","12_79_19_3"
"33_64_17_0","16_79_19_2"
"33_64_17_1","16_79_19_2 + 16_79_19_3"
"33_64_17_2","16_79_19_2 + 16_79_19_4"
"37_62_17","18_79_19_2"
"45_58_17","22_79_19_2"
"51_55_17","25_79_19_2"
"61_50_17","30_79_19_3"
"65_48_17","32_79_19_2"
"69_46_17","34_79_19_2"
"73_44_17","36_79_19_2"
"83_39_17_0","41_79_19_2"
"83_39_17_1","0"
"85_38_17","42_79_19_2"
"161_0_17","80_79_19_2"
"9_76_18","4_79_20_1"
"17_72_18_0","8_79_20_1"
"17_72_18_1","8_79_20_3"
"21_70_18","10_79_20_2"
"23_69_18_0","0"
"23_69_18_1","11_79_20_1"
"25_68_18","12_79_20_1"
"29_66_18_0","14_79_20_1"
"29_66_18_1","14_79_20_2"
"33_64_18","16_79_20_1"
"37_62_18","18_79_20_1"
"41_60_18","20_79_20_1"
"49_56_18","24_79_20_1"
"61_50_18","30_79_20_1"
"69_46_18","34_79_20_1"
"81_40_18","40_79_20_1"
"85_38_18","42_79_20_1"
"161_0_18","80_79_20_1"
"5_78_19_0","2_79_21_0 + 2_79_21_1"
"5_78_19_1","2_79_21_1"
"9_76_19_0","0"
"9_76_19_1","4_79_21_0"
"9_76_19_2","4_79_21_1"
"13_74_19_0","6_79_21_0"
"13_74_19_1","6_79_21_2"
"17_72_19_0","8_79_21_2"
"17_72_19_1","8_79_21_1"
"21_70_19_0","10_79_21_0"
"21_70_19_1","10_79_21_1"
"21_70_19_2","10_79_21_1 + 10_79_21_2"
"25_68_19","12_79_21"
"29_66_19","14_79_21"
"37_62_19_0","18_79_21_0"
"37_62_19_1","18_79_21_1"
"49_56_19","24_79_21_1"
"55_53_19","27_79_21"
"61_50_19","30_79_21"
"81_40_19","40_79_21"
"161_0_19","80_79_21"
"101_31_1","50_80_3"
"133_15_1","66_80_3"
"149_7_1","74_80_3"
"157_3_1","78_80_3"
"161_1_1","80_80_3"
"39_62_2","19_80_4"
"55_54_2","27_80_4"
"99_32_2","49_80_4_2"
"101_31_2","50_80_4_2"
"131_16_2","65_80_4_4"
"133_15_2","66_80_4_4"
"135_14_2","67_80_4_3"
"147_8_2","73_80_4_3"
"149_7_2","74_80_4_3"
"151_6_2","75_80_4_2"
"157_3_2","78_80_4_2"
"33_65_3_0","16_80_5_2"
"33_65_3_1","16_80_5_1 + 16_80_5_2"
"37_63_3","18_80_5"
"41_61_3","20_80_5"
"45_59_3","22_80_5_1"
"49_57_3","24_80_5_1"
"53_55_3","26_80_5"
"73_45_3","36_80_5_1"
"81_41_3","40_80_5_1"
"97_33_3","48_80_5_2"
"101_31_3_0","0"
"101_31_3_1","50_80_5_3"
"125_19_3","62_80_5_2"
"129_17_3","64_80_5_2"
"133_15_3","66_80_5_3"
"145_9_3","72_80_5_2"
"147_8_3","73_80_5_2"
"149_7_3","74_80_5_2"
"33_65_4_0","16_80_6_3 + 16_80_6_4"
"33_65_4_1","16_80_6_4"
"35_64_4_0","17_80_6_0"
"35_64_4_1","17_80_6_1"
"41_61_4_0","20_80_6_3"
"41_61_4_1","20_80_6_1 + 20_80_6_3"
"41_61_4_2","20_80_6_3 + 20_80_6_4"
"49_57_4","24_80_6_2"
"51_56_4","25_80_6_1"
"67_48_4","33_80_6_0"
"73_45_4","36_80_6_1"
"75_44_4","37_80_6_1"
"81_41_4","40_80_6_1"
"97_33_4","48_80_6_4"
"99_32_4","49_80_6_3"
"101_31_4","50_80_6_3"
"119_22_4","59_80_6_2"
"123_20_4","61_80_6_2"
"129_17_4","64_80_6_3"
"133_15_4","66_80_6_3"
"135_14_4","67_80_6_2"
"145_9_4","72_80_6_2"
"149_7_4","74_80_6_2"
"13_75_5","6_80_7"
"25_69_5","12_80_7_1"
"29_67_5_0","14_80_7_2 + 14_80_7_4"
"29_67_5_1","14_80_7_3 + 14_80_7_4"
"29_67_5_2","0"
"29_67_5_3","14_80_7_4"
"33_65_5_0","16_80_7_0"
"33_65_5_1","16_80_7_0 + 16_80_7_2"
"35_64_5_0","17_80_7_0"
"35_64_5_1","0"
"37_63_5","18_80_7_0"
"39_62_5_0","0"
"39_62_5_1","19_80_7_0"
"39_62_5_2","0"
"39_62_5_3","0"
"41_61_5_0","20_80_7_1 + 20_80_7_2"
"41_61_5_1","20_80_7_2"
"41_61_5_2","20_80_7_1 + 20_80_7_2 + 20_80_7_3"
"45_59_5","22_80_7_1"
"49_57_5","24_80_7"
"61_51_5","30_80_7_1"
"65_49_5","32_80_7_2"
"67_48_5","33_80_7_0"
"69_47_5","34_80_7_1"
"73_45_5_0","36_80_7_0"
"73_45_5_1","36_80_7_1"
"89_37_5","44_80_7_2"
"97_33_5","48_80_7_1"
"101_31_5_0","50_80_7_1"
"101_31_5_1","50_80_7_2"
"117_23_5","58_80_7_1"
"129_17_5","64_80_7_2"
"133_15_5_0","66_80_7_1"
"133_15_5_1","66_80_7_1 + 66_80_7_2"
"141_11_5","70_80_7_1"
"145_9_5","72_80_7_1"
"13_75_6","6_80_8"
"21_71_6_0","0"
"21_71_6_1","10_80_8_1"
"23_70_6_0","11_80_8_0"
"23_70_6_1","0"
"25_69_6_0","12_80_8_0"
"25_69_6_1","12_80_8_2"
"25_69_6_2","12_80_8_0 + 12_80_8_3"
"27_68_6_0","13_80_8_1"
"27_68_6_1","0"
"29_67_6_0","0"
"29_67_6_1","14_80_8_0 + 14_80_8_2 + 14_80_8_3"
"29_67_6_2","14_80_8_0"
"29_67_6_3","14_80_8_3"
"33_65_6_0","16_80_8_0"
"33_65_6_1","16_80_8_1"
"39_62_6_0","19_80_8_0"
"39_62_6_1","0"
"39_62_6_2","0"
"39_62_6_3","0"
"41_61_6_0","20_80_8_0"
"41_61_6_1","20_80_8_0 + 20_80_8_3 + 20_80_8_4"
"41_61_6_2","20_80_8_0 + 20_80_8_2 + 20_80_8_3 + 20_80_8_4"
"41_61_6_3","20_80_8_2 + 20_80_8_4"
"43_60_6","21_80_8_1"
"47_58_6","23_80_8"
"61_51_6","30_80_8_2"
"65_49_6","32_80_8_0"
"69_47_6","34_80_8_0"
"73_45_6","36_80_8_1"
"83_40_6_0","0"
"83_40_6_1","41_80_8_1"
"89_37_6","44_80_8_2"
"91_36_6","45_80_8_2"
"99_32_6","49_80_8_2"
"101_31_6","50_80_8_2"
"103_30_6","51_80_8_1"
"129_17_6","64_80_8_2"
"131_16_6","65_80_8_1"
"133_15_6","66_80_8_1"
"141_11_6","70_80_8_1"
"9_77_7","4_80_9"
"17_73_7_0","8_80_9_0"
"17_73_7_1","8_80_9_2"
"25_69_7_0","12_80_9_2"
"25_69_7_1","12_80_9_4 + 12_80_9_5"
"25_69_7_2","12_80_9_1 + 12_80_9_2"
"25_69_7_3","12_80_9_2 + 12_80_9_4"
"27_68_7_0","0"
"27_68_7_1","0"
"27_68_7_2","0"
"27_68_7_3","13_80_9_2"
"29_67_7_0","14_80_9_2"
"29_67_7_1","14_80_9_2 + 14_80_9_6"
"33_65_7_0","16_80_9_1"
"33_65_7_1","16_80_9_7"
"33_65_7_2","16_80_9_8 + 16_80_9_9"
"33_65_7_3","16_80_9_1 + 16_80_9_8"
"35_64_7_0","17_80_9_4"
"35_64_7_1","0"
"37_63_7_0","18_80_9_4"
"37_63_7_1","18_80_9_5"
"37_63_7_2","18_80_9_2"
"41_61_7_0","20_80_9_2"
"41_61_7_1","20_80_9_3 + 20_80_9_5"
"41_61_7_2","20_80_9_2 + 20_80_9_3 + 20_80_9_4"
"41_61_7_3","20_80_9_3"
"43_60_7","21_80_9_1"
"45_59_7","22_80_9_1"
"49_57_7_0","24_80_9_1"
"49_57_7_1","24_80_9_2"
"61_51_7","30_80_9_1"
"67_48_7_0","33_80_9_1"
"67_48_7_1","0"
"81_41_7","40_80_9_2"
"89_37_7_0","0"
"89_37_7_1","44_80_9_2"
"93_35_7","46_80_9_3"
"97_33_7","48_80_9_2"
"101_31_7","50_80_9_2"
"105_29_7","52_80_9_2"
"117_23_7","58_80_9_3"
"129_17_7","64_80_9_2"
"131_16_7","65_80_9_2"
"133_15_7","66_80_9_2"
"9_77_8","4_80_10"
"13_75_8_0","0"
"13_75_8_1","6_80_10"
"17_73_8","8_80_10_0"
"19_72_8_0","0"
"19_72_8_1","9_80_10_0"
"19_72_8_2","0"
"21_71_8_0","0"
"21_71_8_1","10_80_10_1"
"25_69_8_0","12_80_10_3 + 12_80_10_7 + 12_80_10_8"
"25_69_8_1","12_80_10_3"
"25_69_8_2","12_80_10_6"
"25_69_8_3","12_80_10_2"
"25_69_8_4","12_80_10_2 + 12_80_10_5 + 12_80_10_8"
"25_69_8_5","12_80_10_6 + 12_80_10_8"
"27_68_8_0","0"
"27_68_8_1","13_80_10_3"
"27_68_8_2","0"
"27_68_8_3","0"
"33_65_8_0","16_80_10_4"
"33_65_8_1","16_80_10_3 + 16_80_10_4"
"35_64_8_0","0"
"35_64_8_1","17_80_10_1"
"35_64_8_2","17_80_10_1"
"35_64_8_3","17_80_10_1 + 17_80_10_2"
"37_63_8_0","18_80_10_3"
"37_63_8_1","18_80_10_2 + 18_80_10_3"
"39_62_8_0","19_80_10_0 + 19_80_10_1"
"39_62_8_1","19_80_10_1"
"39_62_8_2","19_80_10_1"
"39_62_8_3","0"
"41_61_8_0","0"
"41_61_8_1","20_80_10"
"45_59_8","22_80_10_1"
"49_57_8_0","24_80_10_2"
"49_57_8_1","24_80_10_1"
"55_54_8","27_80_10"
"61_51_8","30_80_10"
"83_40_8","41_80_10_1"
"89_37_8_0","44_80_10_1"
"89_37_8_1","44_80_10_1 + 44_80_10_2"
"93_35_8","46_80_10_1"
"101_31_8_0","50_80_10_2"
"101_31_8_1","50_80_10_1"
"105_29_8","52_80_10_1"
"113_25_8","56_80_10_2"
"117_23_8","58_80_10_2"
"119_22_8","59_80_10_1"
"129_17_8","64_80_10_1"
"133_15_8","66_80_10_1"
"9_77_9_0","4_80_11_1"
"9_77_9_1","4_80_11_0 + 4_80_11_1"
"13_75_9_0","0"
"13_75_9_1","6_80_11_2"
"13_75_9_2","6_80_11_1 + 6_80_11_2"
"17_73_9_0","8_80_11_1"
"17_73_9_1","8_80_11_1 + 8_80_11_2"
"21_71_9_0","10_80_11_2"
"21_71_9_1","10_80_11_1 + 10_80_11_2"
"21_71_9_2","0"
"21_71_9_3","10_80_11_3"
"25_69_9_0","0"
"25_69_9_1","12_80_11_2"
"25_69_9_2","12_80_11_3 + 12_80_11_4"
"25_69_9_3","12_80_11_2 + 12_80_11_3 + 12_80_11_4 + 12_80_11_5"
"25_69_9_4","12_80_11_4"
"29_67_9_0","0"
"29_67_9_1","14_80_11_3"
"29_67_9_2","14_80_11_3 + 14_80_11_4"
"33_65_9_0","16_80_11_0 + 16_80_11_2"
"33_65_9_1","16_80_11_2"
"33_65_9_2","16_80_11_0 + 16_80_11_1"
"33_65_9_3","16_80_11_1 + 16_80_11_3"
"41_61_9_0","20_80_11_4"
"41_61_9_1","20_80_11_3 + 20_80_11_4"
"43_60_9_0","0"
"43_60_9_1","21_80_11_0"
"49_57_9_0","24_80_11_2"
"49_57_9_1","24_80_11_0"
"51_56_9","25_80_11"
"57_53_9","28_80_11"
"73_45_9","36_80_11"
"85_39_9","42_80_11"
"89_37_9","44_80_11"
"101_31_9_0","50_80_11_0"
"101_31_9_1","50_80_11_0 + 50_80_11_1"
"113_25_9","56_80_11_1"
"117_23_9_0","58_80_11_0"
"117_23_9_1","58_80_11_0 + 58_80_11_1"
"125_19_9","62_80_11"
"129_17_9","64_80_11"
"5_79_10","2_80_12"
"9_77_10","4_80_12_0"
"13_75_10_0","6_80_12_2"
"13_75_10_1","6_80_12_1 + 6_80_12_2"
"13_75_10_2","6_80_12_3"
"21_71_10_0","10_80_12_0"
"21_71_10_1","0"
"21_71_10_2","10_80_12_2"
"25_69_10_0","12_80_12_2"
"25_69_10_1","12_80_12_0"
"25_69_10_2","12_80_12_1 + 12_80_12_2"
"27_68_10_0","0"
"27_68_10_1","0"
"27_68_10_2","0"
"27_68_10_3","13_80_12_0"
"29_67_10","14_80_12_1"
"33_65_10_0","16_80_12_3"
"33_65_10_1","16_80_12_4"
"35_64_10_0","0"
"35_64_10_1","17_80_12_3"
"37_63_10","18_80_12_3"
"39_62_10_0","0"
"39_62_10_1","19_80_12_0 + 19_80_12_2"
"39_62_10_2","19_80_12_0"
"41_61_10_0","20_80_12_2"
"41_61_10_1","20_80_12_2 + 20_80_12_3"
"45_59_10","22_80_12_3"
"49_57_10","24_80_12_1"
"51_56_10_0","25_80_12_1"
"51_56_10_1","25_80_12_2"
"57_53_10","28_80_12_1"
"69_47_10","34_80_12_1"
"81_41_10","40_80_12_2"
"83_40_10","41_80_12_1"
"101_31_10_0","0"
"101_31_10_1","50_80_12_1"
"113_25_10","56_80_12_2"
"115_24_10","57_80_12_1"
"117_23_10","58_80_12_1"
"125_19_10","62_80_12_1"
"9_77_11_0","4_80_13_0"
"9_77_11_1","0"
"13_75_11_0","6_80_13_0"
"13_75_11_1","6_80_13_0 + 6_80_13_2"
"13_75_11_2","6_80_13_0 + 6_80_13_2 + 6_80_13_3 + 6_80_13_4"
"13_75_11_3","6_80_13_0 + 6_80_13_4"
"17_73_11","8_80_13_2"
"21_71_11_0","10_80_13_2"
"21_71_11_1","10_80_13_0"
"21_71_11_2","0"
"21_71_11_3","10_80_13_0 + 10_80_13_2 + 10_80_13_3"
"25_69_11_0","0"
"25_69_11_1","0"
"25_69_11_2","12_80_13_2"
"25_69_11_3","12_80_13_1"
"29_67_11_0","14_80_13_3"
"29_67_11_1","0"
"29_67_11_2","14_80_13_2"
"33_65_11_0","16_80_13_4"
"33_65_11_1","16_80_13_2 + 16_80_13_4"
"33_65_11_2","16_80_13_4 + 16_80_13_5"
"37_63_11_0","0"
"37_63_11_1","18_80_13_1"
"41_61_11_0","20_80_13_1"
"41_61_11_1","20_80_13_1 + 20_80_13_4 + 20_80_13_5"
"41_61_11_2","20_80_13_5"
"43_60_11_0","21_80_13_1"
"43_60_11_1","0"
"43_60_11_2","0"
"45_59_11","22_80_13_2"
"49_57_11","24_80_13_1"
"53_55_11","26_80_13_1"
"57_53_11","28_80_13_1"
"65_49_11","32_80_13_1"
"77_43_11","38_80_13_2"
"81_41_11","40_80_13_1"
"89_37_11","44_80_13_1"
"101_31_11","50_80_13_2"
"113_25_11","56_80_13_1"
"115_24_11","57_80_13_1"
"117_23_11","58_80_13_1"
"5_79_12_0","2_80_14"
"5_79_12_1","0"
"9_77_12_0","4_80_14_0"
"9_77_12_1","4_80_14_0 + 4_80_14_2"
"9_77_12_2","4_80_14_0 + 4_80_14_2 + 4_80_14_3"
"13_75_12","6_80_14_2"
"17_73_12","8_80_14_2"
"19_72_12_0","0"
"19_72_12_1","9_80_14_0"
"21_71_12_0","0"
"21_71_12_1","0"
"21_71_12_2","10_80_14_1"
"25_69_12_0","12_80_14_3"
"25_69_12_1","12_80_14_4"
"29_67_12","14_80_14_3"
"33_65_12_0","16_80_14_1"
"33_65_12_1","16_80_14_3"
"33_65_12_2","16_80_14_1 + 16_80_14_3 + 16_80_14_4"
"41_61_12","20_80_14_4"
"43_60_12_0","21_80_14_2"
"43_60_12_1","0"
"45_59_12","22_80_14_2"
"49_57_12","24_80_14_2"
"57_53_12","28_80_14_2"
"61_51_12","30_80_14_2"
"73_45_12","36_80_14_2"
"77_43_12","38_80_14_2"
"85_39_12","42_80_14_2"
"89_37_12","44_80_14_2"
"97_33_12","48_80_14_3"
"101_31_12","50_80_14_3"
"103_30_12","51_80_14_2"
"113_25_12","56_80_14_2"
"117_23_12","58_80_14_2"
"5_79_13","2_80_15_0"
"9_77_13_0","4_80_15_4"
"9_77_13_1","4_80_15_4 + 4_80_15_5"
"9_77_13_2","4_80_15_2 + 4_80_15_3"
"9_77_13_3","4_80_15_2 + 4_80_15_4"
"11_76_13_0","0"
"11_76_13_1","5_80_15_2"
"13_75_13_0","6_80_15_2 + 6_80_15_3"
"13_75_13_1","6_80_15_2"
"17_73_13","8_80_15_0"
"21_71_13_0","10_80_15_2 + 10_80_15_3"
"21_71_13_1","0"
"21_71_13_2","10_80_15_2"
"25_69_13_0","12_80_15_2"
"25_69_13_1","12_80_15_3"
"27_68_13_0","0"
"27_68_13_1","13_80_15_1"
"27_68_13_2","0"
"27_68_13_3","0"
"33_65_13_0","16_80_15_1"
"33_65_13_1","16_80_15_3"
"33_65_13_2","16_80_15_3 + 16_80_15_4"
"41_61_13","20_80_15_1"
"45_59_13","22_80_15_1"
"57_53_13_0","28_80_15_1"
"57_53_13_1","28_80_15_2"
"69_47_13_0","34_80_15_1"
"69_47_13_1","34_80_15_1 + 34_80_15_2"
"85_39_13","42_80_15_1"
"97_33_13","48_80_15_2"
"101_31_13_0","50_80_15_1"
"101_31_13_1","50_80_15_1 + 50_80_15_2"
"109_27_13","54_80_15_1"
"113_25_13","56_80_15_1"
"5_79_14_0","0"
"5_79_14_1","0"
"5_79_14_2","2_80_16"
"9_77_14_0","4_80_16_2"
"9_77_14_1","4_80_16_1 + 4_80_16_2"
"9_77_14_2","4_80_16_0"
"13_75_14_0","6_80_16_2"
"13_75_14_1","6_80_16_1 + 6_80_16_2"
"17_73_14","8_80_16_3"
"21_71_14_0","10_80_16_4"
"21_71_14_1","10_80_16_3"
"23_70_14_0","0"
"23_70_14_1","0"
"23_70_14_2","11_80_16_2"
"25_69_14","12_80_16_2"
"29_67_14_0","14_80_16_2"
"29_67_14_1","14_80_16_4"
"33_65_14_0","16_80_16_4"
"33_65_14_1","16_80_16_3 + 16_80_16_4"
"35_64_14_0","0"
"35_64_14_1","17_80_16_2"
"35_64_14_2","0"
"41_61_14","20_80_16_2"
"53_55_14","26_80_16_2"
"57_53_14","28_80_16_2"
"65_49_14","32_80_16_3"
"67_48_14","33_80_16_2"
"69_47_14","34_80_16_2"
"97_33_14","48_80_16_3"
"99_32_14","49_80_16_2"
"101_31_14","50_80_16_2"
"109_27_14","54_80_16_2"
"5_79_15_0","2_80_17_0"
"5_79_15_1","2_80_17_0 + 2_80_17_1"
"5_79_15_2","2_80_17_2"
"9_77_15_0","0"
"9_77_15_1","0"
"9_77_15_2","4_80_17_2"
"9_77_15_3","4_80_17_3"
"9_77_15_4","4_80_17_1 + 4_80_17_2"
"13_75_15_0","6_80_17_1 + 6_80_17_3"
"13_75_15_1","6_80_17_1"
"13_75_15_2","6_80_17_3 + 6_80_17_4"
"17_73_15_0","8_80_17_2"
"17_73_15_1","8_80_17_3"
"21_71_15_0","0"
"21_71_15_1","10_80_17_1"
"21_71_15_2","10_80_17_2"
"25_69_15","12_80_17_1"
"29_67_15_0","14_80_17_2"
"29_67_15_1","14_80_17_2 + 14_80_17_3"
"33_65_15","16_80_17_1"
"37_63_15","18_80_17_1"
"49_57_15","24_80_17_1"
"57_53_15","28_80_17_1"
"61_51_15","30_80_17_2"
"65_49_15","32_80_17_1"
"69_47_15","34_80_17_1"
"73_45_15","36_80_17_1"
"85_39_15","42_80_17_2"
"97_33_15","48_80_17_1"
"99_32_15","49_80_17_1"
"101_31_15","50_80_17_1"
"9_77_16_0","4_80_18_0"
"9_77_16_1","4_80_18_2"
"13_75_16","6_80_18_1"
"17_73_16","8_80_18_0"
"21_71_16","10_80_18_0"
"29_67_16_0","14_80_18_0"
"29_67_16_1","14_80_18_0 + 14_80_18_1"
"33_65_16","16_80_18"
"37_63_16_0","0"
"37_63_16_1","18_80_18"
"45_59_16","22_80_18"
"57_53_16_0","28_80_18_0"
"57_53_16_1","28_80_18_0 + 28_80_18_1"
"61_51_16","30_80_18"
"69_47_16_0","34_80_18_0"
"69_47_16_1","34_80_18_1"
"73_45_16","36_80_18"
"81_41_16","40_80_18_1"
"85_39_16","42_80_18_1"
"87_38_16","43_80_18"
"97_33_16","48_80_18_0"
"101_31_16","50_80_18"
"5_79_17_0","0"
"5_79_17_1","2_80_19"
"9_77_17_0","4_80_19_0"
"9_77_17_1","4_80_19_2"
"17_73_17_0","8_80_19_1"
"17_73_17_1","8_80_19_3"
"23_70_17_0","0"
"23_70_17_1","11_80_19_1"
"29_67_17_0","14_80_19_1"
"29_67_17_1","14_80_19_2"
"37_63_17","18_80_19_1"
"41_61_17","20_80_19_1"
"53_55_17","26_80_19_1"
"57_53_17","28_80_19_1"
"69_47_17_0","34_80_19_1"
"69_47_17_1","34_80_19_2"
"81_41_17","40_80_19_2"
"85_39_17_0","42_80_19_1"
"85_39_17_1","42_80_19_2"
"93_35_17","46_80_19_1"
"97_33_17","48_80_19_1"
"5_79_18_0","2_80_20_0"
"5_79_18_1","2_80_20_0 + 2_80_20_1 + 2_80_20_2"
"5_79_18_2","2_80_20_0 + 2_80_20_1"
"9_77_18_0","4_80_20_0"
"9_77_18_1","4_80_20_0 + 4_80_20_1"
"13_75_18_0","6_80_20_0"
"13_75_18_1","6_80_20_0 + 6_80_20_2 + 6_80_20_3"
"13_75_18_2","6_80_20_3"
"17_73_18_0","8_80_20_1 + 8_80_20_2"
"17_73_18_1","8_80_20_2"
"19_72_18_0","0"
"19_72_18_1","9_80_20"
"19_72_18_2","0"
"21_71_18","10_80_20_0"
"25_69_18_0","12_80_20_0"
"25_69_18_1","12_80_20_1"
"37_63_18_0","18_80_20_0"
"37_63_18_1","18_80_20_0 + 18_80_20_1"
"49_57_18","24_80_20_1"
"51_56_18","25_80_20"
"69_47_18_0","0"
"69_47_18_1","34_80_20"
"81_41_18","40_80_20_1"
"83_40_18","41_80_20"
"85_39_18","42_80_20"
"93_35_18","46_80_20"
"103_31_1","51_81_3_1"
"135_15_1","67_81_3_2"
"151_7_1","75_81_3_1"
"163_1_1","81_81_3_1"
"165_0_1","82_81_3_1"
"41_62_2","20_81_4"
"89_38_2","44_81_4_1"
"97_34_2","48_81_4_2"
"101_32_2","50_81_4_1"
"105_30_2","52_81_4_2"
"129_18_2","64_81_4_3"
"133_16_2","66_81_4_2"
"137_14_2","68_81_4_2"
"149_8_2","74_81_4_1"
"161_2_2","80_81_4_1"
"165_0_2","82_81_4_1"
"35_65_3_0","17_81_5_0"
"35_65_3_1","17_81_5_0 + 17_81_5_1"
"41_62_3","20_81_5_0"
"43_61_3","21_81_5"
"51_57_3","25_81_5"
"75_45_3","37_81_5"
"89_38_3","44_81_5_3"
"97_34_3","48_81_5_4"
"99_33_3","49_81_5_2"
"105_30_3","52_81_5_3"
"129_18_3","64_81_5_4"
"131_17_3","65_81_5_3"
"137_14_3","68_81_5_3"
"147_9_3","73_81_5_2"
"165_0_3","82_81_5_2"
"29_68_4_0","14_81_6_0"
"29_68_4_1","14_81_6_0 + 14_81_6_1"
"33_66_4","16_81_6"
"41_62_4_0","20_81_6_0"
"41_62_4_1","20_81_6_0 + 20_81_6_1"
"43_61_4_0","21_81_6_1"
"43_61_4_1","0"
"43_61_4_2","21_81_6_0"
"45_60_4","22_81_6"
"65_50_4","32_81_6_0"
"69_48_4","34_81_6"
"77_44_4","38_81_6"
"85_40_4_0","42_81_6_1"
"85_40_4_1","0"
"89_38_4_0","44_81_6_2"
"89_38_4_1","44_81_6_2 + 44_81_6_3"
"97_34_4","48_81_6_1"
"101_32_4","50_81_6_1"
"105_30_4","52_81_6_1"
"125_20_4","62_81_6_3"
"129_18_4_0","64_81_6_1 + 64_81_6_3"
"129_18_4_1","64_81_6_1"
"131_17_4","65_81_6_1"
"137_14_4","68_81_6_1"
"165_0_4","82_81_6_1"
"25_70_5","12_81_7_1"
"27_69_5","13_81_7_1"
"29_68_5_0","0"
"29_68_5_1","14_81_7_1"
"37_64_5_0","18_81_7_1"
"37_64_5_1","18_81_7_1 + 18_81_7_3"
"41_62_5_0","20_81_7_2"
"41_62_5_1","20_81_7_3 + 20_81_7_4"
"41_62_5_2","20_81_7_5"
"41_62_5_3","20_81_7_2 + 20_81_7_4"
"41_62_5_4","20_81_7_3 + 20_81_7_6"
"43_61_5_0","0"
"43_61_5_1","0"
"43_61_5_2","21_81_7_2"
"61_52_5","30_81_7_2"
"67_49_5","33_81_7_2"
"69_48_5","34_81_7_3"
"71_47_5","35_81_7_1"
"75_45_5_0","37_81_7_1"
"75_45_5_1","37_81_7_1 + 37_81_7_2"
"77_44_5","38_81_7_1"
"85_40_5_0","42_81_7_2"
"85_40_5_1","0"
"89_38_5","44_81_7_1"
"91_37_5","45_81_7_1"
"103_31_5_0","51_81_7_2"
"103_31_5_1","0"
"105_30_5","52_81_7_1"
"119_23_5","59_81_7_1"
"125_20_5","62_81_7_2"
"129_18_5","64_81_7_1"
"137_14_5","68_81_7_1"
"147_9_5","73_81_7_1"
"165_0_5","82_81_7_1"
"21_72_6_0","0"
"21_72_6_1","10_81_8_1"
"25_70_6_0","12_81_8_1 + 12_81_8_3"
"25_70_6_1","12_81_8_1"
"25_70_6_2","0"
"27_69_6_0","13_81_8_2"
"27_69_6_1","0"
"27_69_6_2","13_81_8_3"
"29_68_6_0","0"
"29_68_6_1","14_81_8_2"
"33_66_6_0","16_81_8_5"
"33_66_6_1","16_81_8_4 + 16_81_8_5"
"35_65_6","17_81_8_2"
"37_64_6_0","18_81_8_5"
"37_64_6_1","0"
"41_62_6_0","20_81_8_2"
"41_62_6_1","20_81_8_2 + 20_81_8_5"
"41_62_6_2","20_81_8_3"
"41_62_6_3","20_81_8_2 + 20_81_8_6"
"43_61_6_0","0"
"43_61_6_1","21_81_8_2"
"43_61_6_2","21_81_8_1"
"43_61_6_3","0"
"49_58_6_0","24_81_8_2"
"49_58_6_1","24_81_8_1 + 24_81_8_2"
"57_54_6","28_81_8_1"
"65_50_6","32_81_8_1"
"69_48_6","34_81_8_1"
"73_46_6","36_81_8_1"
"77_44_6","38_81_8_1"
"81_42_6","40_81_8_2"
"85_40_6_0","0"
"85_40_6_1","42_81_8_1"
"89_38_6_0","0"
"89_38_6_1","44_81_8_2"
"97_34_6","48_81_8_2"
"101_32_6","50_81_8_1"
"105_30_6","52_81_8_2"
"113_26_6","56_81_8_1"
"125_20_6","62_81_8_1"
"145_10_6","72_81_8_1"
"165_0_6","82_81_8_1"
"21_72_7_0","10_81_9_2"
"21_72_7_1","10_81_9_2"
"25_70_7_0","12_81_9_2"
"25_70_7_1","12_81_9_4"
"25_70_7_2","12_81_9_2 + 12_81_9_3"
"29_68_7_0","0"
"29_68_7_1","14_81_9_4"
"29_68_7_2","14_81_9_4 + 14_81_9_5"
"29_68_7_3","14_81_9_4 + 14_81_9_6"
"29_68_7_4","14_81_9_2 + 14_81_9_4 + 14_81_9_5"
"33_66_7_0","16_81_9_2"
"33_66_7_1","16_81_9_2 + 16_81_9_5 + 16_81_9_6"
"33_66_7_2","16_81_9_5"
"35_65_7_0","17_81_9_1"
"35_65_7_1","17_81_9_1"
"35_65_7_2","0"
"35_65_7_3","17_81_9_1 + 17_81_9_2"
"37_64_7_0","18_81_9_2"
"37_64_7_1","18_81_9_2 + 18_81_9_3"
"39_63_7_0","19_81_9_1"
"39_63_7_1","19_81_9_1"
"39_63_7_2","0"
"39_63_7_3","0"
"41_62_7_0","20_81_9_1"
"41_62_7_1","20_81_9_1 + 20_81_9_2"
"45_60_7","22_81_9_2"
"49_58_7_0","24_81_9_2"
"49_58_7_1","24_81_9_3"
"51_57_7","25_81_9_1"
"69_48_7_0","34_81_9_1 + 34_81_9_2"
"69_48_7_1","34_81_9_1"
"73_46_7","36_81_9_1"
"81_42_7","40_81_9_3"
"83_41_7","41_81_9_1"
"89_38_7","44_81_9_2"
"99_33_7","49_81_9_1"
"101_32_7","50_81_9_2"
"105_30_7","52_81_9_2"
"107_29_7","53_81_9_1"
"113_26_7","56_81_9_2"
"119_23_7","59_81_9_1"
"165_0_7","82_81_9_1"
"9_78_8","4_81_10"
"13_76_8_0","0"
"13_76_8_1","6_81_10_0"
"17_74_8","8_81_10_3"
"21_72_8_0","10_81_10_3"
"21_72_8_1","10_81_10_3 + 10_81_10_4 + 10_81_10_5"
"21_72_8_2","10_81_10_4"
"21_72_8_3","0"
"25_70_8_0","0"
"25_70_8_1","12_81_10_2"
"25_70_8_2","12_81_10_3"
"25_70_8_3","12_81_10_2 + 12_81_10_3 + 12_81_10_4"
"27_69_8_0","0"
"27_69_8_1","13_81_10_2"
"27_69_8_2","0"
"27_69_8_3","0"
"27_69_8_4","13_81_10_2 + 13_81_10_3"
"29_68_8_0","0"
"29_68_8_1","14_81_10_5"
"29_68_8_2","14_81_10_3"
"29_68_8_3","14_81_10_3 + 14_81_10_4"
"33_66_8_0","16_81_10_2"
"33_66_8_1","16_81_10_2 + 16_81_10_3"
"33_66_8_2","16_81_10_3 + 16_81_10_5"
"37_64_8_0","0"
"37_64_8_1","18_81_10_3"
"37_64_8_2","18_81_10_3"
"41_62_8_0","20_81_10_2"
"41_62_8_1","20_81_10_3"
"41_62_8_2","20_81_10_2 + 20_81_10_5"
"45_60_8","22_81_10_3"
"49_58_8_0","24_81_10_2"
"49_58_8_1","24_81_10_2 + 24_81_10_3"
"57_54_8","28_81_10_2"
"69_48_8","34_81_10_3"
"73_46_8","36_81_10_2"
"81_42_8","40_81_10_2"
"85_40_8","42_81_10_2"
"89_38_8","44_81_10_2"
"97_34_8","48_81_10_3"
"101_32_8","50_81_10_3"
"103_31_8_0","51_81_10_2"
"103_31_8_1","51_81_10_2"
"105_30_8","52_81_10_2"
"109_28_8","54_81_10_3"
"113_26_8","56_81_10_3"
"115_25_8","57_81_10_2"
"121_22_8","60_81_10_2"
"165_0_8","82_81_10_2"
"13_76_9_0","0"
"13_76_9_1","6_81_11_1 + 6_81_11_2"
"13_76_9_2","0"
"13_76_9_3","6_81_11_2"
"17_74_9","8_81_11_1"
"21_72_9_0","0"
"21_72_9_1","10_81_11_1 + 10_81_11_2"
"21_72_9_2","10_81_11_1"
"25_70_9_0","12_81_11_1"
"25_70_9_1","12_81_11_2"
"25_70_9_2","12_81_11_1 + 12_81_11_3 + 12_81_11_4"
"25_70_9_3","12_81_11_1 + 12_81_11_4"
"27_69_9_0","0"
"27_69_9_1","13_81_11_2"
"27_69_9_2","0"
"27_69_9_3","0"
"27_69_9_4","13_81_11_1"
"29_68_9_0","14_81_11_1 + 14_81_11_2"
"29_68_9_1","14_81_11_1"
"29_68_9_2","0"
"33_66_9","16_81_11_2"
"35_65_9_0","17_81_11_1"
"35_65_9_1","17_81_11_1"
"35_65_9_2","0"
"37_64_9","18_81_11_3"
"41_62_9","20_81_11_1"
"43_61_9_0","21_81_11_2"
"43_61_9_1","0"
"45_60_9_0","22_81_11_1"
"45_60_9_1","22_81_11_1 + 22_81_11_3"
"45_60_9_2","22_81_11_2"
"57_54_9","28_81_11_1"
"75_45_9","37_81_11_2"
"81_42_9","40_81_11_2"
"97_34_9","48_81_11_3"
"101_32_9","50_81_11_2"
"105_30_9","52_81_11_3"
"109_28_9","54_81_11_3"
"113_26_9","56_81_11_2"
"121_22_9","60_81_11_2"
"131_17_9","65_81_11_2"
"165_0_9","82_81_11_2"
"9_78_10_0","4_81_12"
"9_78_10_1","0"
"11_77_10","5_81_12"
"13_76_10_0","0"
"13_76_10_1","6_81_12_0"
"13_76_10_2","6_81_12_0 + 6_81_12_1"
"17_74_10","8_81_12"
"21_72_10_0","10_81_12_1"
"21_72_10_1","0"
"21_72_10_2","10_81_12_0"
"25_70_10_0","0"
"25_70_10_1","12_81_12"
"29_68_10_0","0"
"29_68_10_1","14_81_12_2 + 14_81_12_3"
"29_68_10_2","14_81_12_2"
"29_68_10_3","0"
"33_66_10_0","16_81_12_6"
"33_66_10_1","16_81_12_5 + 16_81_12_6"
"33_66_10_2","16_81_12_4"
"35_65_10_0","17_81_12_0"
"35_65_10_1","0"
"37_64_10_0","0"
"37_64_10_1","18_81_12_0"
"39_63_10","19_81_12_0"
"41_62_10_0","20_81_12_1"
"41_62_10_1","20_81_12_3"
"41_62_10_2","20_81_12_1 + 20_81_12_4"
"41_62_10_3","20_81_12_1 + 20_81_12_2"
"45_60_10_0","22_81_12_1"
"45_60_10_1","22_81_12_2"
"53_56_10_0","0"
"53_56_10_1","26_81_12_1"
"57_54_10_0","0"
"57_54_10_1","28_81_12_1"
"59_53_10","29_81_12_1"
"65_50_10","32_81_12_1"
"77_44_10","38_81_12_1"
"97_34_10","48_81_12_1"
"105_30_10","52_81_12_2"
"109_28_10","54_81_12_1"
"129_18_10","64_81_12_1"
"165_0_10","82_81_12_1"
"9_78_11_0","4_81_13_0 + 4_81_13_1"
"9_78_11_1","4_81_13_0"
"13_76_11_0","6_81_13_0"
"13_76_11_1","6_81_13_0 + 6_81_13_1"
"17_74_11_0","8_81_13_0"
"17_74_11_1","8_81_13_1"
"21_72_11","10_81_13"
"25_70_11","12_81_13_2"
"29_68_11_0","14_81_13_4 + 14_81_13_5"
"29_68_11_1","14_81_13_5"
"29_68_11_2","14_81_13_3"
"29_68_11_3","14_81_13_6"
"33_66_11_0","16_81_13_0"
"33_66_11_1","16_81_13_0 + 16_81_13_3"
"35_65_11_0","0"
"35_65_11_1","17_81_13_0"
"35_65_11_2","0"
"37_64_11","18_81_13_2"
"41_62_11_0","20_81_13_2"
"41_62_11_1","20_81_13_3"
"43_61_11_0","21_81_13_1"
"43_61_11_1","0"
"43_61_11_2","0"
"45_60_11_0","0"
"45_60_11_1","22_81_13_1"
"53_56_11","26_81_13_1"
"57_54_11_0","28_81_13_1"
"57_54_11_1","28_81_13_1 + 28_81_13_2"
"61_52_11","30_81_13_1"
"73_46_11","36_81_13_1"
"85_40_11","42_81_13_2"
"91_37_11","45_81_13_1"
"97_34_11","48_81_13_2"
"105_30_11","52_81_13_1"
"165_0_11","82_81_13_1"
"5_80_12","2_81_14"
"9_78_12_0","4_81_14_1"
"9_78_12_1","4_81_14_0"
"11_77_12_0","5_81_14_0"
"11_77_12_1","5_81_14_0 + 5_81_14_1"
"11_77_12_2","5_81_14_0 + 5_81_14_2"
"13_76_12","6_81_14"
"17_74_12_0","0"
"17_74_12_1","8_81_14_0"
"29_68_12_0","14_81_14_0"
"29_68_12_1","14_81_14_3"
"29_68_12_2","14_81_14_0 + 14_81_14_3 + 14_81_14_4"
"29_68_12_3","14_81_14_5"
"33_66_12_0","16_81_14_0 + 16_81_14_1"
"33_66_12_1","16_81_14_0"
"37_64_12","18_81_14"
"41_62_12_0","0"
"41_62_12_1","20_81_14_0"
"45_60_12_0","22_81_14_0"
"45_60_12_1","22_81_14_1"
"53_56_12","26_81_14_0"
"57_54_12_0","28_81_14_0"
"57_54_12_1","28_81_14_0 + 28_81_14_1"
"69_48_12","34_81_14"
"81_42_12","40_81_14_1"
"85_40_12","42_81_14_1"
"87_39_12","43_81_14"
"93_36_12","46_81_14_1"
"97_34_12","48_81_14_1"
"99_33_12","49_81_14"
"105_30_12","52_81_14"
"165_0_12","82_81_14"
"5_80_13_0","2_81_15_0"
"5_80_13_1","2_81_15_0 + 2_81_15_1"
"9_78_13_0","4_81_15_0"
"9_78_13_1","4_81_15_1 + 4_81_15_2"
"9_78_13_2","4_81_15_0 + 4_81_15_2"
"9_78_13_3","4_81_15_0"
"9_78_13_4","4_81_15_0 + 4_81_15_1 + 4_81_15_2 + 4_81_15_3"
"13_76_13_0","0"
"13_76_13_1","6_81_15_0"
"17_74_13_0","8_81_15_4"
"17_74_13_1","8_81_15_3"
"23_71_13_0","11_81_15_0 + 11_81_15_3"
"23_71_13_1","0"
"23_71_13_2","11_81_15_3"
"27_69_13_0","13_81_15_2"
"27_69_13_1","0"
"29_68_13_0","0"
"29_68_13_1","14_81_15_3"
"29_68_13_2","14_81_15_4"
"35_65_13_0","17_81_15_2"
"35_65_13_1","0"
"35_65_13_2","0"
"37_64_13","18_81_15_2"
"41_62_13_0","20_81_15_2"
"41_62_13_1","20_81_15_2 + 20_81_15_3"
"45_60_13","22_81_15_2"
"53_56_13_0","0"
"53_56_13_1","26_81_15_2"
"57_54_13","28_81_15_2"
"65_50_13","32_81_15_2"
"81_42_13","40_81_15_3"
"85_40_13","42_81_15_2"
"93_36_13","46_81_15_3"
"97_34_13","48_81_15_2"
"105_30_13","52_81_15_2"
"115_25_13","57_81_15_2"
"165_0_13","82_81_15_2"
"5_80_14_0","2_81_16_0"
"5_80_14_1","2_81_16_0 + 2_81_16_1"
"9_78_14_0","4_81_16_1 + 4_81_16_2 + 4_81_16_3"
"9_78_14_1","4_81_16_0 + 4_81_16_1"
"9_78_14_2","4_81_16_0"
"9_78_14_3","4_81_16_0 + 4_81_16_1 + 4_81_16_3"
"13_76_14_0","0"
"13_76_14_1","6_81_16_3 + 6_81_16_4"
"13_76_14_2","6_81_16_3"
"13_76_14_3","6_81_16_2 + 6_81_16_4"
"17_74_14_0","8_81_16_2"
"17_74_14_1","8_81_16_0 + 8_81_16_2"
"17_74_14_2","8_81_16_2 + 8_81_16_3"
"19_73_14_0","9_81_16"
"19_73_14_1","0"
"21_72_14","10_81_16_0"
"25_70_14_0","12_81_16_1"
"25_70_14_1","12_81_16_0"
"25_70_14_2","12_81_16_1 + 12_81_16_2 + 12_81_16_3"
"25_70_14_3","12_81_16_0 + 12_81_16_2"
"29_68_14_0","14_81_16_0"
"29_68_14_1","14_81_16_1"
"37_64_14_0","18_81_16_0"
"37_64_14_1","18_81_16_1"
"41_62_14","20_81_16_0"
"45_60_14","22_81_16_0"
"49_58_14","24_81_16"
"57_54_14","28_81_16_0"
"61_52_14","30_81_16"
"73_46_14","36_81_16_1"
"81_42_14","40_81_16_0"
"93_36_14","46_81_16"
"113_26_14","56_81_16"
"165_0_14","82_81_16"
"5_80_15_0","0"
"5_80_15_1","0"
"5_80_15_2","2_81_17"
"9_78_15_0","4_81_17_1 + 4_81_17_2"
"9_78_15_1","4_81_17_2"
"11_77_15_0","0"
"11_77_15_1","5_81_17_1"
"11_77_15_2","0"
"13_76_15_0","0"
"13_76_15_1","6_81_17_1"
"17_74_15","8_81_17_0"
"21_72_15","10_81_17"
"25_70_15","12_81_17"
"29_68_15_0","0"
"29_68_15_1","14_81_17_0"
"33_66_15","16_81_17"
"37_64_15","18_81_17"
"41_62_15_0","20_81_17_0"
"41_62_15_1","20_81_17_0 + 20_81_17_1"
"45_60_15","22_81_17"
"57_54_15_0","28_81_17_0"
"57_54_15_1","28_81_17_1"
"69_48_15","34_81_17_1"
"73_46_15","36_81_17_1"
"75_45_15","37_81_17"
"81_42_15","40_81_17_1"
"87_39_15","43_81_17"
"165_0_15","82_81_17"
"5_80_16","2_81_18"
"9_78_16_0","0"
"9_78_16_1","0"
"9_78_16_2","4_81_18_1"
"17_74_16","8_81_18_1"
"29_68_16_0","14_81_18_2"
"29_68_16_1","14_81_18_3"
"37_64_16","18_81_18_2"
"41_62_16_0","20_81_18_2"
"41_62_16_1","20_81_18_3"
"53_56_16","26_81_18_2"
"57_54_16","28_81_18_2"
"65_50_16","32_81_18_3"
"69_48_16","34_81_18_3"
"71_47_16_0","35_81_18_2"
"71_47_16_1","0"
"73_46_16","36_81_18_2"
"77_44_16","38_81_18_3"
"81_42_16","40_81_18_3"
"83_41_16","41_81_18_2"
"89_38_16","44_81_18_2"
"165_0_16","82_81_18_2"
"5_80_17_0","0"
"5_80_17_1","2_81_19_0"
"5_80_17_2","2_81_19_1"
"9_78_17","4_81_19_0"
"11_77_17_0","5_81_19_0"
"11_77_17_1","0"
"11_77_17_2","5_81_19_0"
"13_76_17_0","6_81_19_0"
"13_76_17_1","6_81_19_2"
"13_76_17_2","6_81_19_0 + 6_81_19_2 + 6_81_19_3"
"17_74_17","8_81_19_1"
"21_72_17","10_81_19_1"
"25_70_17_0","12_81_19_1"
"25_70_17_1","12_81_19_1 + 12_81_19_2 + 12_81_19_3"
"25_70_17_2","12_81_19_1 + 12_81_19_3"
"37_64_17_0","0"
"37_64_17_1","18_81_19_1"
"41_62_17","20_81_19_1"
"49_58_17","24_81_19_1"
"65_50_17","32_81_19_2"
"69_48_17","34_81_19_1"
"73_46_17","36_81_19_2"
"77_44_17","38_81_19_2"
"81_42_17","40_81_19_1"
"89_38_17","44_81_19_1"
"99_33_17","49_81_19_1"
"165_0_17","82_81_19_1"
"105_31_1","52_82_3"
"137_15_1","68_82_3"
"153_7_1","76_82_3"
"161_3_1","80_82_3_1"
"165_1_1","82_82_3"
"43_62_2","21_82_4"
"91_38_2","45_82_4_1"
"99_34_2","49_82_4_1"
"105_31_2","52_82_4_1"
"107_30_2","53_82_4_1"
"131_18_2","65_82_4_1"
"137_15_2","68_82_4_2"
"139_14_2","69_82_4_1"
"153_7_2","76_82_4_2"
"161_3_2","80_82_4_2"
"163_2_2","81_82_4_1"
"37_65_3","18_82_5"
"41_63_3","20_82_5"
"45_61_3","22_82_5"
"77_45_3","38_82_5"
"85_41_3","42_82_5"
"89_39_3","44_82_5_0"
"93_37_3","46_82_5"
"105_31_3_0","52_82_5_0"
"105_31_3_1","52_82_5_1"
"125_21_3","62_82_5_0"
"129_19_3","64_82_5"
"137_15_3","68_82_5"
"153_7_3","76_82_5_1"
"161_3_3","80_82_5"
"27_70_4","13_82_6_1"
"37_65_4","18_82_6_5"
"43_62_4_0","21_82_6_2"
"43_62_4_1","21_82_6_2"
"43_62_4_2","21_82_6_5"
"45_61_4_0","22_82_6_4"
"45_61_4_1","22_82_6_2 + 22_82_6_4"
"45_61_4_2","22_82_6_2 + 22_82_6_4 + 22_82_6_5"
"67_50_4","33_82_6_3"
"71_48_4","35_82_6_2"
"77_45_4","38_82_6_2"
"85_41_4","42_82_6_2"
"89_39_4","44_82_6_2"
"91_38_4_0","45_82_6_2"
"91_38_4_1","45_82_6_2"
"101_33_4","50_82_6_3"
"103_32_4","51_82_6_2"
"105_31_4","52_82_6_2"
"121_23_4","60_82_6_2"
"131_18_4_0","65_82_6_2"
"131_18_4_1","0"
"133_17_4","66_82_6_2"
"137_15_4","68_82_6_2"
"139_14_4","69_82_6_2"
"153_7_4","76_82_6_2"
"17_75_5","8_82_7_1"
"25_71_5_0","12_82_7_2"
"25_71_5_1","12_82_7_2"
"27_70_5","13_82_7_2"
"29_69_5","14_82_7_4"
"33_67_5_0","16_82_7_3 + 16_82_7_5"
"33_67_5_1","16_82_7_5 + 16_82_7_6"
"33_67_5_2","16_82_7_3"
"39_64_5_0","19_82_7_2"
"39_64_5_1","0"
"41_63_5","20_82_7_3"
"43_62_5_0","21_82_7_2"
"43_62_5_1","21_82_7_3 + 21_82_7_4"
"43_62_5_2","0"
"43_62_5_3","21_82_7_3"
"45_61_5_0","22_82_7_2 + 22_82_7_3"
"45_61_5_1","22_82_7_3"
"65_51_5","32_82_7_3"
"69_49_5","34_82_7_3"
"71_48_5","35_82_7_2"
"73_47_5","36_82_7_2"
"77_45_5_0","0"
"77_45_5_1","38_82_7_2"
"89_39_5","44_82_7_2"
"93_37_5","46_82_7_3"
"97_35_5","48_82_7_2"
"105_31_5_0","52_82_7_2"
"105_31_5_1","52_82_7_2 + 52_82_7_3"
"121_23_5","60_82_7_2"
"133_17_5","66_82_7_2"
"137_15_5_0","68_82_7_2"
"137_15_5_1","68_82_7_2 + 68_82_7_3"
"145_11_5","72_82_7_3"
"149_9_5","74_82_7_2"
"25_71_6_0","12_82_8_3"
"25_71_6_1","12_82_8_6 + 12_82_8_7"
"25_71_6_2","12_82_8_7"
"27_70_6_0","0"
"27_70_6_1","0"
"27_70_6_2","13_82_8_5"
"29_69_6_0","0"
"29_69_6_1","14_82_8_4 + 14_82_8_5 + 14_82_8_6"
"29_69_6_2","14_82_8_6"
"29_69_6_3","14_82_8_4"
"33_67_6_0","16_82_8_3"
"33_67_6_1","16_82_8_3 + 16_82_8_6"
"35_66_6_0","17_82_8_2"
"35_66_6_1","17_82_8_2 + 17_82_8_5"
"37_65_6","18_82_8_3"
"39_64_6_0","19_82_8_2"
"39_64_6_1","0"
"41_63_6_0","20_82_8_2"
"41_63_6_1","20_82_8_3"
"41_63_6_2","20_82_8_2 + 20_82_8_4"
"43_62_6_0","0"
"43_62_6_1","0"
"43_62_6_2","21_82_8_2"
"45_61_6_0","22_82_8_5"
"45_61_6_1","22_82_8_3"
"45_61_6_2","22_82_8_3 + 22_82_8_4 + 22_82_8_5"
"59_54_6","29_82_8_3"
"65_51_6","32_82_8_4"
"67_50_6","33_82_8_3"
"69_49_6","34_82_8_2"
"75_46_6","37_82_8_2"
"77_45_6","38_82_8_2"
"91_38_6_0","0"
"91_38_6_1","45_82_8_2"
"93_37_6","46_82_8_2"
"99_34_6","49_82_8_2"
"105_31_6","52_82_8_3"
"107_30_6","53_82_8_2"
"133_17_6","66_82_8_2"
"137_15_6","68_82_8_3"
"145_11_6","72_82_8_3"
"147_10_6","73_82_8_2"
"13_77_7_0","6_82_9_0"
"13_77_7_1","0"
"17_75_7","8_82_9_2"
"21_73_7_0","10_82_9_2"
"21_73_7_1","10_82_9_2 + 10_82_9_4"
"21_73_7_2","10_82_9_4 + 10_82_9_5"
"25_71_7_0","12_82_9_1"
"25_71_7_1","12_82_9_1 + 12_82_9_3"
"25_71_7_2","12_82_9_1 + 12_82_9_4"
"25_71_7_3","12_82_9_3 + 12_82_9_5"
"27_70_7_0","0"
"27_70_7_1","0"
"27_70_7_2","13_82_9_1"
"29_69_7_0","0"
"29_69_7_1","14_82_9_2"
"29_69_7_2","0"
"33_67_7_0","16_82_9_1"
"33_67_7_1","16_82_9_2"
"33_67_7_2","16_82_9_5"
"35_66_7_0","0"
"35_66_7_1","17_82_9_3 + 17_82_9_4"
"35_66_7_2","17_82_9_4"
"37_65_7_0","0"
"37_65_7_1","18_82_9_3"
"39_64_7_0","19_82_9_1"
"39_64_7_1","0"
"41_63_7_0","20_82_9_2 + 20_82_9_3"
"41_63_7_1","20_82_9_2 + 20_82_9_3 + 20_82_9_5"
"41_63_7_2","20_82_9_2"
"45_61_7_0","22_82_9_1"
"45_61_7_1","22_82_9_3"
"53_57_7","26_82_9_2"
"57_55_7","28_82_9_2"
"65_51_7","32_82_9_1"
"71_48_7_0","35_82_9_2"
"71_48_7_1","0"
"73_47_7","36_82_9_1"
"75_46_7","37_82_9_1"
"77_45_7","38_82_9_1"
"93_37_7_0","0"
"93_37_7_1","46_82_9_1"
"97_35_7","48_82_9_2"
"103_32_7","51_82_9_1"
"105_31_7","52_82_9_1"
"109_29_7","54_82_9_1"
"121_23_7","60_82_9_1"
"137_15_7","68_82_9_2"
"145_11_7","72_82_9_1"
"13_77_8_0","0"
"13_77_8_1","6_82_10"
"13_77_8_2","0"
"17_75_8_0","8_82_10_0"
"17_75_8_1","8_82_10_3"
"17_75_8_2","8_82_10_0 + 8_82_10_2 + 8_82_10_4"
"17_75_8_3","8_82_10_0 + 8_82_10_2"
"21_73_8_0","10_82_10_2"
"21_73_8_1","0"
"23_72_8_0","0"
"23_72_8_1","11_82_10_0"
"23_72_8_2","0"
"23_72_8_3","0"
"25_71_8_0","0"
"25_71_8_1","12_82_10_2"
"25_71_8_2","12_82_10_3"
"27_70_8_0","0"
"27_70_8_1","0"
"27_70_8_2","13_82_10_2"
"29_69_8_0","14_82_10_3"
"29_69_8_1","14_82_10_0"
"29_69_8_2","14_82_10_0 + 14_82_10_3 + 14_82_10_4"
"29_69_8_3","0"
"29_69_8_4","14_82_10_0 + 14_82_10_4 + 14_82_10_5"
"33_67_8_0","16_82_10_0"
"33_67_8_1","16_82_10_0 + 16_82_10_2"
"35_66_8_0","0"
"35_66_8_1","17_82_10_1"
"37_65_8_0","18_82_10_3"
"37_65_8_1","18_82_10_4"
"39_64_8_0","0"
"39_64_8_1","19_82_10_0"
"39_64_8_2","19_82_10_0"
"41_63_8","20_82_10_2"
"43_62_8_0","21_82_10_0"
"43_62_8_1","21_82_10_0 + 21_82_10_2"
"43_62_8_2","21_82_10_0 + 21_82_10_2"
"45_61_8_0","0"
"45_61_8_1","22_82_10_1"
"53_57_8_0","26_82_10_1"
"53_57_8_1","26_82_10_1 + 26_82_10_2"
"59_54_8","29_82_10_0"
"65_51_8","32_82_10_0"
"73_47_8_0","36_82_10_3"
"73_47_8_1","36_82_10_2"
"75_46_8","37_82_10_1"
"93_37_8_0","46_82_10_1"
"93_37_8_1","46_82_10_1 + 46_82_10_3"
"97_35_8","48_82_10_2"
"99_34_8","49_82_10_1"
"105_31_8_0","52_82_10_1"
"105_31_8_1","52_82_10_1 + 52_82_10_2"
"109_29_8","54_82_10_1"
"117_25_8","58_82_10_1"
"121_23_8","60_82_10_1"
"123_22_8","61_82_10_1"
"137_15_8","68_82_10_1"
"11_78_9_0","5_82_11_0"
"11_78_9_1","0"
"17_75_9_0","0"
"17_75_9_1","8_82_11_2"
"17_75_9_2","8_82_11_0"
"17_75_9_3","8_82_11_0 + 8_82_11_2 + 8_82_11_3"
"25_71_9_0","12_82_11_3"
"25_71_9_1","12_82_11_1"
"25_71_9_2","12_82_11_2 + 12_82_11_3"
"27_70_9_0","13_82_11_0"
"27_70_9_1","13_82_11_1"
"29_69_9_0","0"
"29_69_9_1","0"
"29_69_9_2","14_82_11_1"
"29_69_9_3","14_82_11_1 + 14_82_11_2"
"29_69_9_4","14_82_11_1"
"33_67_9_0","16_82_11_3"
"33_67_9_1","16_82_11_4"
"33_67_9_2","16_82_11_2 + 16_82_11_3"
"37_65_9_0","18_82_11_0"
"37_65_9_1","18_82_11_0"
"37_65_9_2","18_82_11_2"
"41_63_9_0","0"
"41_63_9_1","20_82_11_1"
"45_61_9_0","22_82_11_1"
"45_61_9_1","22_82_11_2"
"47_60_9_0","0"
"47_60_9_1","23_82_11"
"53_57_9_0","26_82_11_1"
"53_57_9_1","0"
"61_53_9","30_82_11_0"
"65_51_9","32_82_11_0"
"77_45_9","38_82_11_1"
"89_39_9","44_82_11_2"
"93_37_9","46_82_11_2"
"97_35_9","48_82_11_1"
"105_31_9_0","52_82_11_1"
"105_31_9_1","52_82_11_2"
"117_25_9","58_82_11_1"
"121_23_9_0","60_82_11_1"
"121_23_9_1","60_82_11_2"
"129_19_9","64_82_11_2"
"133_17_9","66_82_11_1"
"13_77_10_0","6_82_12_1"
"13_77_10_1","0"
"13_77_10_2","6_82_12_0 + 6_82_12_1"
"17_75_10_0","8_82_12_2"
"17_75_10_1","8_82_12_1"
"17_75_10_2","8_82_12_1 + 8_82_12_2 + 8_82_12_3"
"25_71_10_0","0"
"25_71_10_1","12_82_12_1"
"25_71_10_2","12_82_12_2 + 12_82_12_3"
"25_71_10_3","12_82_12_2"
"29_69_10_0","14_82_12_2 + 14_82_12_4"
"29_69_10_1","14_82_12_3"
"29_69_10_2","14_82_12_2"
"33_67_10","16_82_12_3"
"35_66_10_0","17_82_12_2"
"35_66_10_1","17_82_12_2"
"37_65_10_0","18_82_12_3"
"37_65_10_1","18_82_12_4"
"41_63_10","20_82_12_3"
"43_62_10_0","21_82_12_1 + 21_82_12_3"
"43_62_10_1","21_82_12_1"
"43_62_10_2","21_82_12_1 + 21_82_12_2"
"45_61_10_0","22_82_12_1 + 22_82_12_2"
"45_61_10_1","22_82_12_1"
"49_59_10","24_82_12_2"
"55_56_10_0","0"
"55_56_10_1","27_82_12_1"
"61_53_10","30_82_12_3"
"67_50_10","33_82_12_2"
"73_47_10","36_82_12_2"
"85_41_10","42_82_12_3"
"93_37_10","46_82_12_2"
"105_31_10_0","0"
"105_31_10_1","52_82_12_2"
"117_25_10","58_82_12_2"
"121_23_10","60_82_12_3"
"129_19_10","64_82_12_3"
"131_18_10","65_82_12_2"
"5_81_11","2_82_13"
"9_79_11_0","4_82_13_0"
"9_79_11_1","4_82_13_1"
"17_75_11_0","0"
"17_75_11_1","8_82_13_0"
"19_74_11_0","0"
"19_74_11_1","0"
"19_74_11_2","9_82_13_0"
"21_73_11","10_82_13_1"
"25_71_11","12_82_13_2"
"29_69_11_0","14_82_13_1"
"29_69_11_1","14_82_13_1 + 14_82_13_2"
"29_69_11_2","14_82_13_1 + 14_82_13_2 + 14_82_13_4"
"33_67_11_0","16_82_13_1 + 16_82_13_2"
"33_67_11_1","16_82_13_1"
"37_65_11_0","18_82_13_1"
"37_65_11_1","18_82_13_1"
"37_65_11_2","18_82_13_1 + 18_82_13_2"
"41_63_11_0","20_82_13_1"
"41_63_11_1","20_82_13_0"
"41_63_11_2","20_82_13_2"
"45_61_11_0","0"
"45_61_11_1","22_82_13_1"
"45_61_11_2","22_82_13_1 + 22_82_13_2"
"49_59_11","24_82_13_1"
"53_57_11","26_82_13_0"
"57_55_11","28_82_13_0"
"59_54_11_0","29_82_13"
"59_54_11_1","29_82_13"
"61_53_11","30_82_13"
"69_49_11","34_82_13"
"81_43_11","40_82_13_1"
"87_40_11","43_82_13"
"93_37_11","46_82_13"
"105_31_11","52_82_13"
"121_23_11","60_82_13_1"
"129_19_11","64_82_13"
"5_81_12","2_82_14"
"9_79_12_0","4_82_14"
"9_79_12_1","0"
"13_77_12_0","0"
"13_77_12_1","6_82_14_1"
"13_77_12_2","0"
"17_75_12_0","8_82_14_5"
"17_75_12_1","8_82_14_3"
"17_75_12_2","8_82_14_3 + 8_82_14_4 + 8_82_14_5"
"21_73_12","10_82_14_3"
"25_71_12_0","0"
"25_71_12_1","12_82_14_3"
"29_69_12","14_82_14_4"
"33_67_12","16_82_14_1"
"35_66_12_0","17_82_14_2"
"35_66_12_1","0"
"37_65_12_0","0"
"37_65_12_1","18_82_14_2"
"37_65_12_2","18_82_14_3"
"41_63_12","20_82_14_3"
"45_61_12","22_82_14_3"
"49_59_12","24_82_14_2"
"53_57_12","26_82_14_2"
"57_55_12","28_82_14_2"
"61_53_12","30_82_14_2"
"65_51_12","32_82_14_2"
"77_45_12","38_82_14_2"
"81_43_12","40_82_14_3"
"83_42_12","41_82_14_2"
"89_39_12","44_82_14_2"
"93_37_12","46_82_14_2"
"101_33_12","50_82_14_2"
"105_31_12","52_82_14_2"
"107_30_12","53_82_14_2"
"121_23_12","60_82_14_2"
"9_79_13_0","4_82_15_0"
"9_79_13_1","4_82_15_0 + 4_82_15_1"
"9_79_13_2","4_82_15_2"
"11_78_13_0","0"
"11_78_13_1","5_82_15_0"
"11_78_13_2","0"
"11_78_13_3","5_82_15_0"
"13_77_13_0","6_82_15_1 + 6_82_15_4"
"13_77_13_1","6_82_15_1 + 6_82_15_2 + 6_82_15_3"
"13_77_13_2","6_82_15_3"
"13_77_13_3","6_82_15_2 + 6_82_15_3"
"17_75_13_0","8_82_15_3"
"17_75_13_1","8_82_15_2 + 8_82_15_3"
"21_73_13","10_82_15_2"
"25_71_13_0","12_82_15_3"
"25_71_13_1","12_82_15_1"
"25_71_13_2","12_82_15_1 + 12_82_15_2"
"25_71_13_3","12_82_15_4"
"29_69_13","14_82_15"
"33_67_13","16_82_15_0"
"37_65_13_0","18_82_15_0"
"37_65_13_1","18_82_15_0 + 18_82_15_2"
"41_63_13","20_82_15_1"
"45_61_13","22_82_15_0"
"49_59_13","24_82_15"
"61_53_13_0","30_82_15_0"
"61_53_13_1","30_82_15_1"
"73_47_13_0","36_82_15_1"
"73_47_13_1","36_82_15_2"
"81_43_13","40_82_15"
"89_39_13","44_82_15"
"101_33_13","50_82_15"
"105_31_13_0","52_82_15_0"
"105_31_13_1","52_82_15_1"
"113_27_13","56_82_15_1"
"117_25_13","58_82_15"
"5_81_14_0","2_82_16_0"
"5_81_14_1","2_82_16_1"
"5_81_14_2","0"
"9_79_14_0","4_82_16_0"
"9_79_14_1","4_82_16_2 + 4_82_16_3"
"9_79_14_2","4_82_16_2"
"11_78_14_0","0"
"11_78_14_1","5_82_16_1"
"11_78_14_2","0"
"13_77_14_0","6_82_16_0 + 6_82_16_1"
"13_77_14_1","6_82_16_0"
"13_77_14_2","6_82_16_2"
"17_75_14","8_82_16_1"
"21_73_14","10_82_16_2"
"25_71_14_0","12_82_16_2"
"25_71_14_1","12_82_16_3"
"27_70_14_0","0"
"27_70_14_1","13_82_16_1"
"27_70_14_2","0"
"33_67_14_0","16_82_16_1"
"33_67_14_1","16_82_16_1 + 16_82_16_3 + 16_82_16_4"
"33_67_14_2","16_82_16_3"
"37_65_14","18_82_16_2"
"39_64_14_0","0"
"39_64_14_1","19_82_16_1"
"39_64_14_2","0"
"41_63_14","20_82_16_1"
"45_61_14","22_82_16_1"
"57_55_14","28_82_16_1"
"61_53_14","30_82_16_1"
"69_49_14","34_82_16_2"
"73_47_14","36_82_16_2"
"75_46_14","37_82_16_1"
"101_33_14","50_82_16_1"
"105_31_14","52_82_16_2"
"113_27_14","56_82_16_2"
"115_26_14","57_82_16_1"
"13_77_15_0","0"
"13_77_15_1","6_82_17_2"
"13_77_15_2","6_82_17_2"
"17_75_15_0","8_82_17_4"
"17_75_15_1","8_82_17_2"
"21_73_15","10_82_17_3"
"25_71_15_0","0"
"25_71_15_1","0"
"25_71_15_2","12_82_17_3"
"29_69_15","14_82_17_3"
"33_67_15_0","16_82_17_4"
"33_67_15_1","16_82_17_4 + 16_82_17_5"
"37_65_15","18_82_17_3"
"41_63_15_0","20_82_17_3"
"41_63_15_1","20_82_17_4"
"43_62_15_0","21_82_17_3"
"43_62_15_1","21_82_17_3"
"53_57_15","26_82_17_3"
"61_53_15","30_82_17_3"
"65_51_15","32_82_17_4"
"71_48_15","35_82_17_3"
"73_47_15","36_82_17_3"
"77_45_15","38_82_17_3"
"89_39_15","44_82_17_3"
"105_31_15","52_82_17_4"
"113_27_15","56_82_17_3"
"5_81_16_0","0"
"5_81_16_1","2_82_18"
"9_79_16_0","4_82_18_2"
"9_79_16_1","4_82_18_1 + 4_82_18_2"
"13_77_16_0","6_82_18_1"
"13_77_16_1","6_82_18_1 + 6_82_18_3"
"13_77_16_2","6_82_18_4"
"17_75_16","8_82_18_2"
"21_73_16_0","0"
"21_73_16_1","10_82_18_2"
"25_71_16_0","12_82_18_2"
"25_71_16_1","12_82_18_4"
"33_67_16","16_82_18_2"
"37_65_16","18_82_18_2"
"41_63_16_0","20_82_18_2"
"41_63_16_1","20_82_18_3"
"49_59_16","24_82_18_2"
"61_53_16_0","30_82_18_2"
"61_53_16_1","30_82_18_4"
"65_51_16","32_82_18_3"
"67_50_16","33_82_18_2"
"73_47_16_0","36_82_18_2"
"73_47_16_1","36_82_18_3"
"77_45_16","38_82_18_2"
"85_41_16","42_82_18_2"
"89_39_16","44_82_18_2"
"91_38_16","45_82_18_2"
"105_31_16","52_82_18_2"
"107_31_1","53_83_3"
"139_15_1","69_83_3"
"155_7_1","77_83_3"
"163_3_1","81_83_3"
"169_0_1","84_83_3"
"45_62_2","22_83_4"
"57_56_2","28_83_4"
"93_38_2","46_83_4"
"101_34_2","50_83_4"
"105_32_2","52_83_4"
"109_30_2","54_83_4"
"133_18_2","66_83_4"
"137_16_2","68_83_4"
"141_14_2","70_83_4"
"153_8_2","76_83_4_0"
"157_6_2","78_83_4"
"169_0_2","84_83_4"
"39_65_3","19_83_5_0"
"43_63_3","21_83_5_1"
"45_62_3","22_83_5_1"
"53_58_3","26_83_5_1"
"91_39_3","45_83_5_2"
"93_38_3","46_83_5_3"
"101_34_3","50_83_5_3"
"107_31_3_0","53_83_5_2"
"107_31_3_1","0"
"109_30_3","54_83_5_2"
"131_19_3","65_83_5_2"
"133_18_3","66_83_5_3"
"141_14_3","70_83_5_2"
"153_8_3","76_83_5_2"
"169_0_3","84_83_5_2"
"29_70_4","14_83_6_1"
"33_68_4_0","16_83_6_0"
"33_68_4_1","16_83_6_2"
"33_68_4_2","16_83_6_0 + 16_83_6_2 + 16_83_6_3"
"37_66_4","18_83_6_1"
"41_64_4","20_83_6_1"
"45_62_4_0","0"
"45_62_4_1","22_83_6_2"
"45_62_4_2","22_83_6_1"
"47_61_4_0","23_83_6"
"47_61_4_1","0"
"53_58_4","26_83_6"
"69_50_4","34_83_6_0"
"73_48_4","36_83_6"
"81_44_4","40_83_6_1"
"89_40_4_0","44_83_6_2"
"89_40_4_1","0"
"91_39_4","45_83_6_2"
"93_38_4_0","46_83_6_1"
"93_38_4_1","46_83_6_1 + 46_83_6_2"
"105_32_4","52_83_6_1"
"109_30_4","54_83_6_1"
"123_23_4","61_83_6_1"
"129_20_4","64_83_6_2"
"133_18_4_0","66_83_6_2"
"133_18_4_1","0"
"135_17_4","67_83_6_1"
"141_14_4","70_83_6_1"
"169_0_4","84_83_6_1"
"17_76_5_0","8_83_7_2 + 8_83_7_3"
"17_76_5_1","8_83_7_2"
"19_75_5","9_83_7_0"
"25_72_5_0","12_83_7_6"
"25_72_5_1","12_83_7_5 + 12_83_7_6"
"27_71_5_0","13_83_7_4"
"27_71_5_1","13_83_7_4"
"29_70_5","14_83_7_0"
"33_68_5","16_83_7_1"
"35_67_5_0","17_83_7_1"
"35_67_5_1","17_83_7_1 + 17_83_7_5"
"35_67_5_2","17_83_7_2"
"41_64_5_0","20_83_7_1"
"41_64_5_1","20_83_7_4"
"43_63_5","21_83_7_2"
"45_62_5_0","0"
"45_62_5_1","22_83_7_1"
"45_62_5_2","22_83_7_2"
"53_58_5","26_83_7_2"
"65_52_5","32_83_7_2"
"67_51_5","33_83_7_2"
"71_49_5","35_83_7_1"
"73_48_5","36_83_7_1"
"81_44_5","40_83_7_2"
"89_40_5_0","44_83_7_3"
"89_40_5_1","44_83_7_2"
"93_38_5","46_83_7_2"
"99_35_5","49_83_7_2"
"107_31_5_0","53_83_7_2"
"107_31_5_1","0"
"109_30_5","54_83_7_2"
"121_24_5","60_83_7_2"
"129_20_5","64_83_7_3"
"133_18_5","66_83_7_2"
"139_15_5_0","69_83_7_2"
"139_15_5_1","69_83_7_2"
"141_14_5","70_83_7_2"
"169_0_5","84_83_7_2"
"13_78_6","6_83_8_0"
"17_76_6_0","8_83_8_3"
"17_76_6_1","8_83_8_2 + 8_83_8_3"
"21_74_6_0","10_83_8_2"
"21_74_6_1","10_83_8_4"
"25_72_6_0","12_83_8_2"
"25_72_6_1","12_83_8_2 + 12_83_8_4"
"25_72_6_2","12_83_8_3"
"27_71_6_0","13_83_8_0"
"27_71_6_1","13_83_8_1"
"27_71_6_2","0"
"27_71_6_3","13_83_8_0"
"29_70_6_0","14_83_8_1"
"29_70_6_1","14_83_8_0"
"33_68_6_0","16_83_8_1"
"33_68_6_1","16_83_8_3"
"33_68_6_2","16_83_8_4"
"35_67_6_0","0"
"35_67_6_1","0"
"35_67_6_2","17_83_8_2"
"37_66_6","18_83_8_4"
"39_65_6","19_83_8_2"
"41_64_6_0","20_83_8_1 + 20_83_8_4"
"41_64_6_1","20_83_8_1"
"43_63_6","21_83_8_0"
"45_62_6_0","0"
"45_62_6_1","22_83_8_2"
"47_61_6_0","23_83_8_0"
"47_61_6_1","23_83_8_0"
"47_61_6_2","0"
"53_58_6","26_83_8_2"
"61_54_6","30_83_8_1"
"65_52_6","32_83_8_0"
"69_50_6","34_83_8"
"73_48_6","36_83_8"
"85_42_6","42_83_8"
"89_40_6_0","0"
"89_40_6_1","44_83_8"
"93_38_6_0","0"
"93_38_6_1","46_83_8_1"
"97_36_6","48_83_8_1"
"101_34_6","50_83_8"
"105_32_6","52_83_8"
"109_30_6","54_83_8"
"129_20_6","64_83_8"
"137_16_6","68_83_8_0"
"141_14_6","70_83_8"
"169_0_6","84_83_8"
"13_78_7_0","6_83_9_1"
"13_78_7_1","0"
"17_76_7_0","0"
"17_76_7_1","8_83_9_0"
"17_76_7_2","8_83_9_0 + 8_83_9_2 + 8_83_9_6 + 8_83_9_7"
"17_76_7_3","8_83_9_2"
"17_76_7_4","8_83_9_0 + 8_83_9_2 + 8_83_9_4 + 8_83_9_5 + 8_83_9_6"
"17_76_7_5","8_83_9_0 + 8_83_9_4 + 8_83_9_6"
"17_76_7_6","8_83_9_5 + 8_83_9_6"
"19_75_7_0","9_83_9_2"
"19_75_7_1","0"
"23_73_7_0","0"
"23_73_7_1","11_83_9_0"
"23_73_7_2","0"
"25_72_7_0","12_83_9_3"
"25_72_7_1","12_83_9_3"
"25_72_7_2","12_83_9_3 + 12_83_9_4"
"27_71_7_0","0"
"27_71_7_1","13_83_9_2"
"27_71_7_2","0"
"27_71_7_3","0"
"29_70_7_0","0"
"29_70_7_1","14_83_9_4"
"29_70_7_2","0"
"33_68_7_0","16_83_9_2"
"33_68_7_1","16_83_9_3 + 16_83_9_5 + 16_83_9_6 + 16_83_9_7"
"33_68_7_2","16_83_9_3 + 16_83_9_5 + 16_83_9_7"
"33_68_7_3","16_83_9_2 + 16_83_9_3"
"33_68_7_4","16_83_9_2 + 16_83_9_5"
"35_67_7_0","0"
"35_67_7_1","17_83_9_3"
"37_66_7_0","18_83_9_1"
"37_66_7_1","18_83_9_1 + 18_83_9_4"
"39_65_7_0","0"
"39_65_7_1","19_83_9_0"
"41_64_7_0","20_83_9_3"
"41_64_7_1","20_83_9_2"
"43_63_7_0","21_83_9_0"
"43_63_7_1","0"
"45_62_7","22_83_9_1"
"49_60_7","24_83_9_2"
"53_58_7","26_83_9_2"
"55_57_7","27_83_9_1"
"59_55_7","29_83_9"
"73_48_7_0","36_83_9_1"
"73_48_7_1","36_83_9_0"
"85_42_7","42_83_9"
"93_38_7","46_83_9_1"
"99_35_7","49_83_9"
"105_32_7","52_83_9"
"109_30_7","54_83_9"
"117_26_7","58_83_9_1"
"123_23_7","61_83_9"
"137_16_7","68_83_9"
"169_0_7","84_83_9"
"9_80_8","4_83_10_0"
"13_78_8_0","0"
"13_78_8_1","0"
"13_78_8_2","6_83_10_2"
"17_76_8_0","8_83_10_2"
"17_76_8_1","8_83_10_2 + 8_83_10_4"
"17_76_8_2","8_83_10_2 + 8_83_10_3 + 8_83_10_4"
"17_76_8_3","8_83_10_5"
"19_75_8_0","9_83_10_1"
"19_75_8_1","0"
"19_75_8_2","0"
"19_75_8_3","0"
"21_74_8_0","10_83_10_5"
"21_74_8_1","10_83_10_4"
"25_72_8_0","12_83_10_6"
"25_72_8_1","12_83_10_5"
"25_72_8_2","12_83_10_1"
"27_71_8_0","0"
"27_71_8_1","13_83_10_4"
"29_70_8_0","0"
"29_70_8_1","0"
"29_70_8_2","14_83_10_3"
"33_68_8_0","16_83_10_2"
"33_68_8_1","16_83_10_3 + 16_83_10_8"
"33_68_8_2","16_83_10_2 + 16_83_10_7"
"33_68_8_3","16_83_10_2 + 16_83_10_3"
"33_68_8_4","16_83_10_3 + 16_83_10_6 + 16_83_10_7"
"35_67_8_0","17_83_10_1"
"35_67_8_1","0"
"37_66_8_0","18_83_10_1"
"37_66_8_1","18_83_10_1 + 18_83_10_3"
"41_64_8_0","0"
"41_64_8_1","20_83_10_3"
"41_64_8_2","20_83_10_3"
"45_62_8_0","0"
"45_62_8_1","22_83_10_2"
"45_62_8_2","22_83_10_4"
"49_60_8","24_83_10_3"
"53_58_8","26_83_10_2"
"55_57_8_0","27_83_10_1"
"55_57_8_1","27_83_10_1"
"61_54_8","30_83_10_3"
"65_52_8","32_83_10_2"
"67_51_8","33_83_10_1"
"73_48_8","36_83_10_1"
"75_47_8_0","0"
"75_47_8_1","37_83_10_1"
"89_40_8","44_83_10_1"
"93_38_8","46_83_10_1"
"101_34_8","50_83_10_1"
"105_32_8","52_83_10_1"
"109_30_8","54_83_10_1"
"113_28_8","56_83_10_2"
"117_26_8","58_83_10_2"
"119_25_8","59_83_10_1"
"125_22_8","62_83_10_1"
"169_0_8","84_83_10_1"
"13_78_9_0","0"
"13_78_9_1","6_83_11_1"
"13_78_9_2","0"
"13_78_9_3","6_83_11_1"
"17_76_9_0","0"
"17_76_9_1","8_83_11_3 + 8_83_11_4"
"17_76_9_2","8_83_11_4"
"17_76_9_3","8_83_11_2"
"19_75_9_0","0"
"19_75_9_1","9_83_11_1"
"19_75_9_2","0"
"19_75_9_3","0"
"21_74_9","10_83_11_2"
"25_72_9_0","0"
"25_72_9_1","12_83_11_2 + 12_83_11_3"
"25_72_9_2","12_83_11_2"
"27_71_9_0","0"
"27_71_9_1","13_83_11_1"
"33_68_9_0","16_83_11_4 + 16_83_11_5 + 16_83_11_6"
"33_68_9_1","16_83_11_6"
"33_68_9_2","16_83_11_5"
"35_67_9_0","17_83_11_4"
"35_67_9_1","0"
"39_65_9_0","19_83_11_3"
"39_65_9_1","19_83_11_3"
"39_65_9_2","0"
"41_64_9_0","20_83_11_4"
"41_64_9_1","20_83_11_4 + 20_83_11_5"
"43_63_9_0","0"
"43_63_9_1","21_83_11_2"
"45_62_9","22_83_11_3"
"47_61_9","23_83_11_1"
"49_60_9_0","24_83_11_1"
"49_60_9_1","24_83_11_2"
"57_56_9","28_83_11_1"
"61_54_9","30_83_11_2"
"67_51_9","33_83_11_1"
"73_48_9_0","0"
"73_48_9_1","36_83_11_1"
"85_42_9","42_83_11_1"
"91_39_9","45_83_11_1"
"101_34_9","50_83_11_1"
"109_30_9","54_83_11_2"
"113_28_9","56_83_11_2"
"117_26_9","58_83_11_1"
"123_23_9_0","61_83_11_1"
"123_23_9_1","0"
"125_22_9","62_83_11_1"
"169_0_9","84_83_11_1"
"9_80_10_0","4_83_12_1"
"9_80_10_1","4_83_12_0"
"13_78_10_0","0"
"13_78_10_1","6_83_12_0 + 6_83_12_1"
"13_78_10_2","6_83_12_1"
"17_76_10_0","0"
"17_76_10_1","8_83_12_3"
"17_76_10_2","8_83_12_4"
"19_75_10_0","0"
"19_75_10_1","9_83_12_3"
"19_75_10_2","9_83_12_3"
"21_74_10_0","10_83_12_4"
"21_74_10_1","10_83_12_5"
"25_72_10_0","12_83_12_1 + 12_83_12_4"
"25_72_10_1","12_83_12_1"
"33_68_10_0","16_83_12_1"
"33_68_10_1","16_83_12_1 + 16_83_12_3 + 16_83_12_4"
"33_68_10_2","16_83_12_3"
"37_66_10_0","18_83_12_3"
"37_66_10_1","18_83_12_3 + 18_83_12_4"
"39_65_10_0","19_83_12_2"
"39_65_10_1","0"
"41_64_10_0","20_83_12_0"
"41_64_10_1","20_83_12_0 + 20_83_12_2"
"41_64_10_2","20_83_12_3"
"45_62_10_0","22_83_12_0"
"45_62_10_1","22_83_12_0 + 22_83_12_2"
"45_62_10_2","22_83_12_0 + 22_83_12_1 + 22_83_12_2"
"49_60_10","24_83_12_1"
"51_59_10","25_83_12_1"
"57_56_10_0","28_83_12_0"
"57_56_10_1","28_83_12_0 + 28_83_12_1"
"61_54_10_0","0"
"61_54_10_1","30_83_12"
"69_50_10","34_83_12"
"81_44_10","40_83_12"
"89_40_10","44_83_12"
"109_30_10","54_83_12_1"
"113_28_10","56_83_12"
"121_24_10","60_83_12_0"
"125_22_10","62_83_12"
"169_0_10","84_83_12"
"5_82_11_0","0"
"5_82_11_1","2_83_13"
"11_79_11_0","0"
"11_79_11_1","5_83_13_0"
"11_79_11_2","0"
"11_79_11_3","0"
"13_78_11_0","0"
"13_78_11_1","6_83_13_1"
"17_76_11_0","8_83_13_0"
"17_76_11_1","8_83_13_0 + 8_83_13_2"
"17_76_11_2","8_83_13_0 + 8_83_13_4"
"21_74_11_0","10_83_13_3"
"21_74_11_1","10_83_13_2"
"21_74_11_2","10_83_13_2"
"25_72_11","12_83_13_2"
"33_68_11_0","16_83_13_4 + 16_83_13_5"
"33_68_11_1","16_83_13_4 + 16_83_13_6"
"33_68_11_2","16_83_13_6"
"35_67_11_0","0"
"35_67_11_1","17_83_13_3"
"37_66_11_0","18_83_13_2"
"37_66_11_1","18_83_13_2 + 18_83_13_3"
"41_64_11","20_83_13_3"
"43_63_11_0","21_83_13_1"
"43_63_11_1","0"
"45_62_11_0","22_83_13_3"
"45_62_11_1","22_83_13_2 + 22_83_13_3"
"49_60_11_0","24_83_13_1"
"49_60_11_1","24_83_13_1 + 24_83_13_2"
"57_56_11","28_83_13_2"
"59_55_11","29_83_13_1"
"61_54_11_0","0"
"61_54_11_1","30_83_13_1"
"65_52_11","32_83_13_1"
"77_46_11","38_83_13_1"
"89_40_11","44_83_13_1"
"101_34_11","50_83_13_2"
"109_30_11","54_83_13_1"
"121_24_11","60_83_13_1"
"169_0_11","84_83_13_1"
"9_80_12_0","0"
"9_80_12_1","4_83_14_0"
"13_78_12_0","6_83_14_1"
"13_78_12_1","0"
"13_78_12_2","6_83_14_2"
"17_76_12_0","8_83_14_2"
"17_76_12_1","8_83_14_3"
"21_74_12_0","10_83_14_1"
"21_74_12_1","10_83_14_2"
"25_72_12_0","0"
"25_72_12_1","12_83_14_2"
"27_71_12_0","0"
"27_71_12_1","13_83_14_2"
"27_71_12_2","0"
"33_68_12_0","16_83_14_1"
"33_68_12_1","16_83_14_1 + 16_83_14_2"
"33_68_12_2","16_83_14_2 + 16_83_14_3"
"39_65_12_0","0"
"39_65_12_1","19_83_14_0"
"41_64_12","20_83_14_1"
"45_62_12_0","22_83_14_0"
"45_62_12_1","22_83_14_0 + 22_83_14_1"
"49_60_12_0","24_83_14_0"
"49_60_12_1","24_83_14_1"
"57_56_12","28_83_14_0"
"61_54_12_0","30_83_14_0"
"61_54_12_1","30_83_14_0 + 30_83_14_1"
"73_48_12","36_83_14"
"85_42_12","42_83_14"
"89_40_12","44_83_14"
"97_36_12","48_83_14_1"
"101_34_12","50_83_14_1"
"103_33_12","51_83_14"
"109_30_12","54_83_14"
"169_0_12","84_83_14"
"9_80_13_0","4_83_15_1"
"9_80_13_1","4_83_15_2"
"13_78_13_0","0"
"13_78_13_1","6_83_15_1 + 6_83_15_2"
"13_78_13_2","6_83_15_2"
"17_76_13","8_83_15_1"
"19_75_13_0","0"
"19_75_13_1","9_83_15_1"
"21_74_13_0","10_83_15_4"
"21_74_13_1","10_83_15_3"
"25_72_13","12_83_15_3"
"27_71_13_0","0"
"27_71_13_1","13_83_15_2"
"27_71_13_2","13_83_15_1 + 13_83_15_2"
"33_68_13_0","16_83_15_0"
"33_68_13_1","16_83_15_0 + 16_83_15_4"
"33_68_13_2","16_83_15_3"
"39_65_13_0","0"
"39_65_13_1","19_83_15_0"
"41_64_13","20_83_15_1"
"45_62_13_0","22_83_15_1"
"45_62_13_1","22_83_15_1 + 22_83_15_2"
"49_60_13","24_83_15_1"
"57_56_13_0","0"
"57_56_13_1","28_83_15_1"
"61_54_13","30_83_15_1"
"69_50_13","34_83_15_1"
"75_47_13_0","37_83_15_1"
"75_47_13_1","0"
"85_42_13","42_83_15_1"
"97_36_13","48_83_15_2"
"101_34_13","50_83_15_1"
"107_31_13_0","53_83_15_1"
"107_31_13_1","0"
"109_30_13","54_83_15_1"
"169_0_13","84_83_15_1"
"9_80_14_0","4_83_16_1"
"9_80_14_1","4_83_16_0"
"13_78_14_0","0"
"13_78_14_1","6_83_16_2"
"17_76_14_0","8_83_16_0"
"17_76_14_1","8_83_16_0 + 8_83_16_2 + 8_83_16_4 + 8_83_16_5"
"17_76_14_2","8_83_16_4"
"17_76_14_3","8_83_16_0 + 8_83_16_2"
"21_74_14_0","10_83_16_2"
"21_74_14_1","10_83_16_1 + 10_83_16_2"
"29_70_14_0","0"
"29_70_14_1","14_83_16_1"
"29_70_14_2","14_83_16_1 + 14_83_16_4"
"33_68_14_0","16_83_16_4"
"33_68_14_1","16_83_16_3"
"35_67_14_0","0"
"35_67_14_1","17_83_16_1"
"35_67_14_2","0"
"37_66_14","18_83_16_2"
"41_64_14_0","20_83_16_2"
"41_64_14_1","20_83_16_2 + 20_83_16_4"
"41_64_14_2","20_83_16_2 + 20_83_16_3"
"45_62_14","22_83_16_2"
"53_58_14","26_83_16_2"
"61_54_14","30_83_16_2"
"65_52_14","32_83_16_2"
"73_48_14","36_83_16_2"
"77_46_14","38_83_16_2"
"97_36_14","48_83_16_2"
"105_32_14","52_83_16_2"
"109_30_14","54_83_16_2"
"169_0_14","84_83_16_2"
"5_82_15_0","2_83_17_0"
"5_82_15_1","2_83_17_1"
"9_80_15_0","0"
"9_80_15_1","4_83_17_1"
"13_78_15","6_83_17_3"
"17_76_15_0","8_83_17_1"
"17_76_15_1","8_83_17_1 + 8_83_17_3"
"19_75_15_0","0"
"19_75_15_1","9_83_17_1"
"19_75_15_2","0"
"21_74_15_0","0"
"21_74_15_1","10_83_17_2"
"25_72_15_0","12_83_17_2"
"25_72_15_1","12_83_17_4"
"29_70_15_0","14_83_17_3"
"29_70_15_1","14_83_17_4"
"33_68_15","16_83_17_2"
"37_66_15_0","18_83_17_2"
"37_66_15_1","18_83_17_3"
"41_64_15","20_83_17_2"
"45_62_15_0","0"
"45_62_15_1","22_83_17_2"
"49_60_15","24_83_17_2"
"61_54_15_0","30_83_17_2"
"61_54_15_1","30_83_17_2 + 30_83_17_3"
"73_48_15","36_83_17_2"
"77_46_15","38_83_17_2"
"85_42_15","42_83_17_3"
"91_39_15","45_83_17_2"
"105_32_15","52_83_17_2"
"169_0_15","84_83_17_2"
"109_31_1","54_84_3"
"141_15_1","70_84_3"
"157_7_1","78_84_3"
"165_3_1","82_84_3"
"169_1_1","84_84_3"
"103_34_2","51_84_4_3"
"107_32_2","53_84_4_3"
"109_31_2","54_84_4_3"
"135_18_2","67_84_4_3"
"139_16_2","69_84_4_3"
"141_15_2","70_84_4_3"
"143_14_2","71_84_4_2"
"155_8_2","77_84_4_2"
"157_7_2","78_84_4_2"
"165_3_2","82_84_4_2"
"33_69_3","16_84_5"
"37_67_3","18_84_5"
"41_65_3","20_84_5"
"49_61_3","24_84_5_1"
"53_59_3","26_84_5_1"
"57_57_3","28_84_5_1"
"81_45_3","40_84_5_1"
"89_41_3","44_84_5_1"
"97_37_3","48_84_5_1"
"105_33_3","52_84_5_1"
"109_31_3_0","0"
"109_31_3_1","54_84_5_2"
"129_21_3","64_84_5_1"
"133_19_3","66_84_5_1"
"137_17_3","68_84_5_1"
"141_15_3","70_84_5_1"
"155_8_3","77_84_5_1"
"157_7_3","78_84_5_1"
"33_69_4","16_84_6_2"
"35_68_4_0","17_84_6_0"
"35_68_4_1","17_84_6_1"
"35_68_4_2","17_84_6_0 + 17_84_6_1 + 17_84_6_2"
"41_65_4","20_84_6_1"
"49_61_4_0","24_84_6_1"
"49_61_4_1","24_84_6_1 + 24_84_6_2"
"53_59_4","26_84_6_1"
"71_50_4","35_84_6_1"
"83_44_4","41_84_6_2"
"89_41_4","44_84_6_3"
"93_39_4","46_84_6_2"
"105_33_4","52_84_6_4"
"107_32_4","53_84_6_2"
"109_31_4","54_84_6_3"
"125_23_4","62_84_6_2"
"131_20_4","65_84_6_3"
"135_18_4_0","67_84_6_2"
"135_18_4_1","0"
"137_17_4","68_84_6_2"
"141_15_4","70_84_6_2"
"153_9_4","76_84_6_2"
"157_7_4","78_84_6_2"
"17_77_5_0","8_84_7_0"
"17_77_5_1","8_84_7_1"
"19_76_5_0","9_84_7_0"
"19_76_5_1","9_84_7_0 + 9_84_7_1"
"21_75_5_0","10_84_7_0"
"21_75_5_1","10_84_7_1"
"25_73_5","12_84_7_0"
"27_72_5_0","0"
"27_72_5_1","13_84_7"
"33_69_5_0","16_84_7_3"
"33_69_5_1","16_84_7_0"
"33_69_5_2","16_84_7_2"
"33_69_5_3","16_84_7_3 + 16_84_7_4"
"37_67_5_0","18_84_7_1 + 18_84_7_3"
"37_67_5_1","18_84_7_4"
"37_67_5_2","18_84_7_1"
"47_62_5_0","0"
"47_62_5_1","23_84_7_1"
"47_62_5_2","0"
"49_61_5","24_84_7_2"
"65_53_5","32_84_7_1"
"67_52_5","33_84_7_1"
"69_51_5","34_84_7_1"
"73_49_5","36_84_7_1"
"77_47_5","38_84_7_1"
"81_45_5_0","0"
"81_45_5_1","40_84_7_2"
"91_40_5_0","0"
"91_40_5_1","45_84_7_1"
"97_37_5","48_84_7_4"
"101_35_5","50_84_7_3"
"105_33_5","52_84_7_2"
"109_31_5_0","0"
"109_31_5_1","54_84_7_2"
"123_24_5","61_84_7_1"
"125_23_5","62_84_7_2"
"129_21_5","64_84_7_1"
"137_17_5","68_84_7_1"
"141_15_5_0","0"
"141_15_5_1","70_84_7_1"
"149_11_5","74_84_7_1"
"153_9_5","76_84_7_1"
"13_79_6_0","6_84_8_1"
"13_79_6_1","6_84_8_2"
"17_77_6_0","8_84_8_1 + 8_84_8_2"
"17_77_6_1","8_84_8_2"
"17_77_6_2","8_84_8_1 + 8_84_8_2 + 8_84_8_3"
"17_77_6_3","8_84_8_2 + 8_84_8_3 + 8_84_8_5"
"17_77_6_4","8_84_8_1 + 8_84_8_3 + 8_84_8_4"
"19_76_6_0","0"
"19_76_6_1","9_84_8_1"
"19_76_6_2","0"
"25_73_6","12_84_8_3"
"27_72_6_0","0"
"27_72_6_1","0"
"27_72_6_2","13_84_8_3"
"27_72_6_3","0"
"29_71_6_0","0"
"29_71_6_1","14_84_8_5 + 14_84_8_6"
"29_71_6_2","14_84_8_5 + 14_84_8_7"
"29_71_6_3","14_84_8_6"
"33_69_6_0","16_84_8_6"
"33_69_6_1","16_84_8_6 + 16_84_8_8"
"33_69_6_2","16_84_8_5 + 16_84_8_7 + 16_84_8_8"
"33_69_6_3","16_84_8_5 + 16_84_8_6"
"35_68_6_0","17_84_8_4 + 17_84_8_5"
"35_68_6_1","17_84_8_5"
"35_68_6_2","0"
"37_67_6_0","18_84_8_3"
"37_67_6_1","18_84_8_4"
"39_66_6","19_84_8_1"
"41_65_6","20_84_8_1"
"49_61_6_0","24_84_8_4"
"49_61_6_1","24_84_8_3"
"49_61_6_2","24_84_8_3 + 24_84_8_5"
"55_58_6","27_84_8_2"
"67_52_6","33_84_8_1"
"69_51_6","34_84_8_2"
"71_50_6","35_84_8_1"
"81_45_6","40_84_8_3"
"87_42_6","43_84_8_1"
"91_40_6_0","0"
"91_40_6_1","45_84_8_2"
"97_37_6","48_84_8_3"
"99_36_6","49_84_8_3"
"103_34_6","51_84_8_2"
"107_32_6","53_84_8_2"
"109_31_6","54_84_8_2"
"111_30_6","55_84_8_1"
"125_23_6","62_84_8_1"
"137_17_6","68_84_8_1"
"141_15_6","70_84_8_1"
"149_11_6","74_84_8_1"
"13_79_7_0","6_84_9_1 + 6_84_9_2"
"13_79_7_1","6_84_9_2 + 6_84_9_3"
"13_79_7_2","6_84_9_3"
"13_79_7_3","6_84_9_3"
"17_77_7_0","8_84_9_3"
"17_77_7_1","8_84_9_1"
"17_77_7_2","8_84_9_4"
"19_76_7_0","0"
"19_76_7_1","0"
"19_76_7_2","0"
"19_76_7_3","0"
"19_76_7_4","0"
"19_76_7_5","9_84_9_2"
"19_76_7_6","0"
"21_75_7_0","10_84_9_4"
"21_75_7_1","10_84_9_4 + 10_84_9_5"
"25_73_7_0","0"
"25_73_7_1","12_84_9_2 + 12_84_9_5 + 12_84_9_6"
"25_73_7_2","12_84_9_2"
"25_73_7_3","12_84_9_2 + 12_84_9_6"
"29_71_7_0","14_84_9_1"
"29_71_7_1","0"
"29_71_7_2","14_84_9_4"
"33_69_7_0","16_84_9_3"
"33_69_7_1","16_84_9_2 + 16_84_9_3"
"33_69_7_2","16_84_9_2 + 16_84_9_3 + 16_84_9_5 + 16_84_9_6"
"33_69_7_3","16_84_9_2 + 16_84_9_5"
"35_68_7_0","17_84_9_1"
"35_68_7_1","17_84_9_1"
"35_68_7_2","0"
"35_68_7_3","0"
"37_67_7_0","18_84_9_2"
"37_67_7_1","18_84_9_3"
"37_67_7_2","18_84_9_2 + 18_84_9_3 + 18_84_9_5"
"39_66_7_0","0"
"39_66_7_1","19_84_9_2"
"41_65_7_0","0"
"41_65_7_1","20_84_9_2"
"41_65_7_2","20_84_9_3"
"45_63_7_0","22_84_9_1"
"45_63_7_1","22_84_9_1 + 22_84_9_4"
"49_61_7_0","24_84_9_1"
"49_61_7_1","24_84_9_1 + 24_84_9_4"
"49_61_7_2","24_84_9_1 + 24_84_9_5"
"51_60_7_0","25_84_9_1"
"51_60_7_1","0"
"57_57_7","28_84_9_2"
"65_53_7","32_84_9_1"
"89_41_7","44_84_9_3"
"97_37_7_0","48_84_9_2"
"97_37_7_1","48_84_9_2 + 48_84_9_3"
"101_35_7","50_84_9_3"
"105_33_7","52_84_9_2"
"107_32_7","53_84_9_1"
"109_31_7","54_84_9_1"
"113_29_7","56_84_9_2"
"119_26_7","59_84_9_1"
"125_23_7","62_84_9_1"
"139_16_7","69_84_9_1"
"141_15_7","70_84_9_1"
"13_79_8_0","6_84_10_4"
"13_79_8_1","0"
"13_79_8_2","6_84_10_2 + 6_84_10_4"
"13_79_8_3","6_84_10_3"
"17_77_8_0","8_84_10_1"
"17_77_8_1","8_84_10_2 + 8_84_10_3 + 8_84_10_5"
"17_77_8_2","8_84_10_2 + 8_84_10_3"
"17_77_8_3","8_84_10_1 + 8_84_10_3"
"19_76_8_0","9_84_10_0"
"19_76_8_1","9_84_10_0"
"19_76_8_2","0"
"19_76_8_3","0"
"21_75_8_0","0"
"21_75_8_1","10_84_10_3"
"21_75_8_2","10_84_10_5"
"21_75_8_3","10_84_10_4"
"25_73_8","12_84_10_3"
"27_72_8_0","0"
"27_72_8_1","13_84_10_1"
"27_72_8_2","13_84_10_3"
"33_69_8_0","16_84_10_4 + 16_84_10_6 + 16_84_10_7"
"33_69_8_1","16_84_10_4"
"33_69_8_2","16_84_10_4 + 16_84_10_6 + 16_84_10_7 + 16_84_10_8"
"33_69_8_3","16_84_10_4 + 16_84_10_7 + 16_84_10_8"
"35_68_8_0","0"
"35_68_8_1","17_84_10_5"
"35_68_8_2","0"
"35_68_8_3","17_84_10_4"
"37_67_8","18_84_10_2"
"41_65_8_0","20_84_10_4"
"41_65_8_1","20_84_10_4 + 20_84_10_5"
"43_64_8_0","0"
"43_64_8_1","21_84_10_2"
"43_64_8_2","21_84_10_2"
"43_64_8_3","0"
"45_63_8","22_84_10_3"
"47_62_8_0","0"
"47_62_8_1","23_84_10_0"
"47_62_8_2","23_84_10_0"
"49_61_8","24_84_10_1"
"57_57_8_0","28_84_10_1"
"57_57_8_1","28_84_10_2"
"69_51_8","34_84_10_1"
"91_40_8","45_84_10_2"
"97_37_8_0","48_84_10_2"
"97_37_8_1","48_84_10_2 + 48_84_10_3"
"101_35_8","50_84_10_2"
"103_34_8","51_84_10_1"
"109_31_8_0","54_84_10_2"
"109_31_8_1","54_84_10_2 + 54_84_10_3"
"113_29_8","56_84_10_2"
"115_28_8","57_84_10_1"
"121_25_8","60_84_10_1"
"125_23_8","62_84_10_1"
"137_17_8","68_84_10_1"
"141_15_8","70_84_10_1"
"9_81_9_0","4_84_11_0 + 4_84_11_1"
"9_81_9_1","4_84_11_0"
"13_79_9_0","0"
"13_79_9_1","0"
"13_79_9_2","6_84_11_1"
"13_79_9_3","6_84_11_2"
"17_77_9_0","0"
"17_77_9_1","8_84_11_4 + 8_84_11_6 + 8_84_11_7"
"17_77_9_2","8_84_11_5"
"17_77_9_3","8_84_11_4 + 8_84_11_7"
"17_77_9_4","8_84_11_6 + 8_84_11_7"
"19_76_9_0","0"
"19_76_9_1","9_84_11_1"
"19_76_9_2","0"
"21_75_9_0","0"
"21_75_9_1","10_84_11_5"
"21_75_9_2","10_84_11_3"
"25_73_9_0","12_84_11_1"
"25_73_9_1","12_84_11_1 + 12_84_11_4"
"29_71_9_0","14_84_11_4"
"29_71_9_1","0"
"33_69_9_0","16_84_11_1"
"33_69_9_1","16_84_11_1 + 16_84_11_4"
"33_69_9_2","16_84_11_1 + 16_84_11_4 + 16_84_11_5"
"33_69_9_3","16_84_11_3"
"37_67_9_0","18_84_11_1"
"37_67_9_1","18_84_11_3"
"41_65_9_0","0"
"41_65_9_1","20_84_11_0"
"41_65_9_2","20_84_11_2"
"45_63_9_0","22_84_11_0"
"45_63_9_1","0"
"49_61_9","24_84_11_1"
"51_60_9_0","0"
"51_60_9_1","25_84_11"
"57_57_9_0","28_84_11"
"57_57_9_1","0"
"65_53_9","32_84_11_0"
"81_45_9","40_84_11_1"
"93_39_9","46_84_11_1"
"97_37_9","48_84_11_1"
"101_35_9","50_84_11"
"109_31_9_0","54_84_11_1 + 54_84_11_2"
"109_31_9_1","54_84_11_2"
"113_29_9","56_84_11"
"121_25_9","60_84_11"
"125_23_9_0","0"
"125_23_9_1","62_84_11"
"133_19_9","66_84_11"
"137_17_9","68_84_11"
"9_81_10_0","0"
"9_81_10_1","4_84_12_1"
"9_81_10_2","0"
"13_79_10_0","0"
"13_79_10_1","6_84_12_2"
"13_79_10_2","0"
"13_79_10_3","6_84_12_4"
"13_79_10_4","6_84_12_3 + 6_84_12_4"
"17_77_10_0","8_84_12_2 + 8_84_12_3"
"17_77_10_1","8_84_12_3"
"19_76_10_0","0"
"19_76_10_1","9_84_12_1"
"19_76_10_2","0"
"21_75_10_0","10_84_12_2"
"21_75_10_1","10_84_12_3"
"21_75_10_2","0"
"21_75_10_3","10_84_12_2 + 10_84_12_3 + 10_84_12_4"
"25_73_10","12_84_12_2"
"29_71_10","14_84_12_1"
"33_69_10_0","16_84_12_2"
"33_69_10_1","16_84_12_2 + 16_84_12_3"
"35_68_10_0","17_84_12_0"
"35_68_10_1","0"
"35_68_10_2","0"
"37_67_10","18_84_12_2"
"39_66_10_0","19_84_12_0 + 19_84_12_1"
"39_66_10_1","19_84_12_1"
"41_65_10_0","20_84_12_0"
"41_65_10_1","20_84_12_1"
"43_64_10_0","0"
"43_64_10_1","21_84_12"
"43_64_10_2","0"
"45_63_10","22_84_12"
"49_61_10","24_84_12_0"
"53_59_10","26_84_12_1"
"59_56_10_0","29_84_12_0"
"59_56_10_1","29_84_12_0 + 29_84_12_1"
"65_53_10","32_84_12_1"
"77_47_10","38_84_12_1"
"89_41_10","44_84_12_2"
"91_40_10","45_84_12_1"
"97_37_10","48_84_12_0"
"109_31_10_0","54_84_12_0"
"109_31_10_1","54_84_12_1"
"121_25_10","60_84_12"
"125_23_10","62_84_12"
"133_19_10","66_84_12"
"13_79_11_0","6_84_13_2 + 6_84_13_3"
"13_79_11_1","6_84_13_2"
"13_79_11_2","6_84_13_3"
"13_79_11_3","0"
"17_77_11_0","8_84_13_0 + 8_84_13_1"
"17_77_11_1","8_84_13_0"
"17_77_11_2","8_84_13_3"
"17_77_11_3","8_84_13_0 + 8_84_13_1 + 8_84_13_4"
"17_77_11_4","8_84_13_0 + 8_84_13_3 + 8_84_13_5"
"21_75_11_0","10_84_13_1"
"21_75_11_1","10_84_13_2"
"21_75_11_2","10_84_13_3"
"25_73_11","12_84_13_1"
"29_71_11_0","14_84_13_2"
"29_71_11_1","14_84_13_2 + 14_84_13_3"
"33_69_11_0","16_84_13_1"
"33_69_11_1","16_84_13_0"
"37_67_11_0","18_84_13_1"
"37_67_11_1","18_84_13_0"
"37_67_11_2","18_84_13_1 + 18_84_13_2"
"41_65_11_0","20_84_13_2"
"41_65_11_1","20_84_13_0 + 20_84_13_2"
"49_61_11_0","24_84_13_0"
"49_61_11_1","24_84_13_1"
"53_59_11","26_84_13"
"61_55_11","30_84_13_0"
"65_53_11","32_84_13_1"
"73_49_11","36_84_13_1"
"85_43_11","42_84_13_2"
"89_41_11","44_84_13_1"
"91_40_11","45_84_13"
"97_37_11","48_84_13_1"
"103_34_11","51_84_13"
"109_31_11","54_84_13"
"123_24_11","61_84_13"
"125_23_11","62_84_13"
"17_77_12_0","8_84_14_1"
"17_77_12_1","8_84_14_2 + 8_84_14_3"
"17_77_12_2","8_84_14_2"
"19_76_12_0","0"
"19_76_12_1","9_84_14_1"
"21_75_12","10_84_14_2"
"29_71_12_0","14_84_14_1"
"29_71_12_1","0"
"37_67_12_0","18_84_14_2"
"37_67_12_1","18_84_14_2 + 18_84_14_3"
"41_65_12_0","0"
"41_65_12_1","20_84_14_1"
"45_63_12","22_84_14_2"
"49_61_12","24_84_14_2"
"51_60_12_0","25_84_14_1"
"51_60_12_1","0"
"57_57_12","28_84_14_1"
"65_53_12","32_84_14_2"
"69_51_12","34_84_14_2"
"81_45_12","40_84_14_2"
"85_43_12","42_84_14_2"
"87_42_12","43_84_14_1"
"93_39_12","46_84_14_2"
"97_37_12","48_84_14_2"
"99_36_12","49_84_14_1"
"105_33_12","52_84_14_1"
"109_31_12","54_84_14_1"
"121_25_12","60_84_14_1"
"125_23_12","62_84_14_1"
"17_77_13_0","8_84_15_3 + 8_84_15_5"
"17_77_13_1","8_84_15_4 + 8_84_15_5"
"17_77_13_2","8_84_15_2"
"17_77_13_3","8_84_15_2 + 8_84_15_4"
"21_75_13_0","10_84_15_2"
"21_75_13_1","0"
"23_74_13","11_84_15_1"
"29_71_13_0","14_84_15_2"
"29_71_13_1","0"
"29_71_13_2","14_84_15_3"
"33_69_13","16_84_15_2"
"37_67_13","18_84_15_2"
"41_65_13_0","20_84_15_2"
"41_65_13_1","20_84_15_3"
"45_63_13","22_84_15_2"
"53_59_13","26_84_15_2"
"65_53_13_0","32_84_15_3"
"65_53_13_1","32_84_15_4"
"77_47_13_0","38_84_15_3"
"77_47_13_1","38_84_15_4"
"85_43_13","42_84_15_2"
"93_39_13","46_84_15_3"
"97_37_13","48_84_15_2"
"105_33_13","52_84_15_2"
"109_31_13_0","0"
"109_31_13_1","54_84_15_2"
"117_27_13","58_84_15_2"
"121_25_13","60_84_15_2"
"5_83_14","2_84_16"
"9_81_14","4_84_16_0"
"11_80_14_0","0"
"11_80_14_1","0"
"11_80_14_2","5_84_16_0"
"13_79_14","6_84_16_2"
"17_77_14_0","8_84_16_2 + 8_84_16_3"
"17_77_14_1","0"
"17_77_14_2","8_84_16_2"
"19_76_14_0","9_84_16_0"
"19_76_14_1","9_84_16_0 + 9_84_16_1"
"19_76_14_2","0"
"21_75_14_0","10_84_16_0"
"21_75_14_1","10_84_16_0 + 10_84_16_1"
"25_73_14_0","12_84_16_1 + 12_84_16_2"
"25_73_14_1","12_84_16_1"
"29_71_14_0","14_84_16_1 + 14_84_16_2"
"29_71_14_1","14_84_16_1"
"29_71_14_2","14_84_16_3"
"37_67_14_0","18_84_16_1"
"37_67_14_1","18_84_16_1 + 18_84_16_2"
"41_65_14","20_84_16_1"
"45_63_14","22_84_16_1"
"49_61_14","24_84_16_1"
"61_55_14","30_84_16_2"
"65_53_14","32_84_16_2"
"73_49_14","36_84_16_3"
"75_48_14","37_84_16_2"
"77_47_14","38_84_16_2"
"79_46_14","39_84_16_1"
"93_39_14","46_84_16_1"
"105_33_14","52_84_16_1"
"109_31_14","54_84_16_1"
"117_27_14","58_84_16_1"
"111_31_1","55_85_3_1"
"143_15_1","71_85_3_1"
"167_3_1","83_85_3_1"
"171_1_1","85_85_3_1"
"173_0_1","86_85_3_1"
"49_62_2","24_85_4_1"
"57_58_2","28_85_4_1"
"97_38_2","48_85_4_2"
"105_34_2","52_85_4_2"
"109_32_2","54_85_4_1"
"113_30_2","56_85_4_2"
"137_18_2","68_85_4_2"
"141_16_2","70_85_4_1"
"145_14_2","72_85_4_1"
"161_6_2","80_85_4_1"
"169_2_2","84_85_4_1"
"173_0_2","86_85_4_1"
"35_69_3","17_85_5_0"
"49_62_3","24_85_5_2"
"51_61_3","25_85_5_2"
"57_58_3","28_85_5_2"
"97_38_3","48_85_5_6"
"99_37_3","49_85_5_4"
"105_34_3","52_85_5_6"
"107_33_3","53_85_5_3"
"113_30_3","56_85_5_5"
"131_21_3","65_85_5_4"
"135_19_3","67_85_5_4"
"137_18_3","68_85_5_4"
"139_17_3","69_85_5_3"
"157_8_3","78_85_5_3"
"173_0_3","86_85_5_3"
"17_78_4","8_85_6"
"25_74_4","12_85_6"
"29_72_4","14_85_6"
"33_70_4_0","16_85_6_0"
"33_70_4_1","16_85_6_0 + 16_85_6_1"
"33_70_4_2","16_85_6_2"
"37_68_4_0","18_85_6_0"
"37_68_4_1","18_85_6_0 + 18_85_6_1"
"37_68_4_2","18_85_6_0 + 18_85_6_1 + 18_85_6_2"
"45_64_4_0","0"
"45_64_4_1","22_85_6_1"
"49_62_4_0","24_85_6_3"
"49_62_4_1","24_85_6_2"
"51_61_4_0","25_85_6_2"
"51_61_4_1","0"
"57_58_4","28_85_6_2"
"85_44_4","42_85_6_4"
"93_40_4_0","46_85_6_5"
"93_40_4_1","0"
"97_38_4_0","48_85_6_5"
"97_38_4_1","48_85_6_6"
"105_34_4","52_85_6_2"
"109_32_4","54_85_6_3"
"113_30_4","56_85_6_4"
"129_22_4","64_85_6_3"
"133_20_4","66_85_6_3"
"137_18_4_0","68_85_6_3"
"137_18_4_1","68_85_6_2"
"145_14_4","72_85_6_3"
"155_9_4","77_85_6_2"
"173_0_4","86_85_6_2"
"13_80_5","6_85_7_0"
"19_77_5","9_85_7_0"
"21_76_5_0","10_85_7_0 + 10_85_7_2"
"21_76_5_1","10_85_7_2"
"21_76_5_2","10_85_7_0 + 10_85_7_2 + 10_85_7_3"
"27_73_5_0","13_85_7_2"
"27_73_5_1","13_85_7_2"
"29_72_5_0","14_85_7_3"
"29_72_5_1","14_85_7_4"
"33_70_5_0","16_85_7_4"
"33_70_5_1","16_85_7_4 + 16_85_7_5"
"35_69_5_0","0"
"35_69_5_1","17_85_7_3"
"35_69_5_2","17_85_7_4"
"37_68_5_0","18_85_7_1"
"37_68_5_1","18_85_7_4"
"39_67_5_0","19_85_7_1"
"39_67_5_1","19_85_7_2"
"45_64_5_0","0"
"45_64_5_1","22_85_7_1"
"49_62_5_0","24_85_7_1"
"49_62_5_1","24_85_7_2"
"49_62_5_2","24_85_7_3"
"53_60_5","26_85_7_2"
"67_53_5","33_85_7_1"
"69_52_5","34_85_7_1"
"77_48_5","38_85_7_2"
"83_45_5_0","0"
"83_45_5_1","41_85_7_3"
"85_44_5","42_85_7_3"
"93_40_5_0","46_85_7_3"
"93_40_5_1","0"
"97_38_5","48_85_7_1"
"99_37_5","49_85_7_2"
"103_35_5","51_85_7_1"
"113_30_5","56_85_7_1"
"131_21_5","65_85_7_1"
"133_20_5","66_85_7_1"
"145_14_5","72_85_7_2"
"151_11_5","75_85_7_1"
"155_9_5","77_85_7_1"
"173_0_5","86_85_7_1"
"9_82_6","4_85_8"
"13_80_6_0","0"
"13_80_6_1","6_85_8_1"
"17_78_6_0","8_85_8_3"
"17_78_6_1","8_85_8_1"
"17_78_6_2","8_85_8_2"
"19_77_6_0","9_85_8_1"
"19_77_6_1","9_85_8_1"
"19_77_6_2","0"
"19_77_6_3","9_85_8_2"
"21_76_6_0","10_85_8_1 + 10_85_8_2"
"21_76_6_1","10_85_8_1 + 10_85_8_2 + 10_85_8_3"
"21_76_6_2","10_85_8_1"
"25_74_6_0","0"
"25_74_6_1","12_85_8_1"
"25_74_6_2","12_85_8_1 + 12_85_8_4"
"29_72_6_0","0"
"29_72_6_1","14_85_8_1 + 14_85_8_4 + 14_85_8_5"
"29_72_6_2","14_85_8_4 + 14_85_8_5"
"29_72_6_3","14_85_8_1 + 14_85_8_5"
"33_70_6_0","16_85_8_3 + 16_85_8_4"
"33_70_6_1","16_85_8_3"
"33_70_6_2","16_85_8_4 + 16_85_8_5"
"35_69_6_0","17_85_8_4"
"35_69_6_1","0"
"35_69_6_2","17_85_8_3"
"35_69_6_3","17_85_8_3"
"37_68_6_0","18_85_8_2"
"37_68_6_1","18_85_8_3 + 18_85_8_4"
"37_68_6_2","18_85_8_2 + 18_85_8_3"
"41_66_6","20_85_8_3"
"43_65_6_0","21_85_8_1"
"43_65_6_1","0"
"45_64_6_0","22_85_8_3"
"45_64_6_1","0"
"49_62_6_0","24_85_8_2"
"49_62_6_1","24_85_8_2 + 24_85_8_5"
"49_62_6_2","24_85_8_4"
"51_61_6_0","25_85_8_1 + 25_85_8_2"
"51_61_6_1","25_85_8_1"
"51_61_6_2","0"
"53_60_6","26_85_8_1"
"57_58_6","28_85_8_1"
"65_54_6","32_85_8_1"
"77_48_6","38_85_8_2"
"81_46_6","40_85_8_3"
"85_44_6","42_85_8_3"
"89_42_6","44_85_8_4"
"93_40_6_0","0"
"93_40_6_1","46_85_8_1"
"97_38_6_0","48_85_8_1"
"97_38_6_1","48_85_8_1 + 48_85_8_4"
"101_36_6","50_85_8_2"
"109_32_6","54_85_8_1"
"113_30_6","56_85_8_1"
"145_14_6","72_85_8_1"
"153_10_6","76_85_8_1"
"173_0_6","86_85_8_1"
"9_82_7_0","0"
"9_82_7_1","4_85_9_1"
"13_80_7_0","6_85_9_4"
"13_80_7_1","6_85_9_3"
"17_78_7_0","8_85_9_3 + 8_85_9_5"
"17_78_7_1","8_85_9_3"
"17_78_7_2","8_85_9_4"
"17_78_7_3","8_85_9_3 + 8_85_9_6"
"17_78_7_4","8_85_9_3 + 8_85_9_4 + 8_85_9_7"
"19_77_7_0","9_85_9_1"
"19_77_7_1","9_85_9_3 + 9_85_9_4"
"19_77_7_2","9_85_9_4"
"21_76_7_0","0"
"21_76_7_1","10_85_9_0"
"21_76_7_2","10_85_9_3 + 10_85_9_5"
"21_76_7_3","0"
"21_76_7_4","10_85_9_5"
"21_76_7_5","10_85_9_0 + 10_85_9_3 + 10_85_9_4"
"25_74_7","12_85_9_1"
"27_73_7_0","0"
"27_73_7_1","0"
"27_73_7_2","13_85_9_2"
"33_70_7_0","16_85_9_3"
"33_70_7_1","16_85_9_3 + 16_85_9_5"
"33_70_7_2","16_85_9_3 + 16_85_9_4"
"35_69_7_0","17_85_9_1"
"35_69_7_1","17_85_9_1"
"35_69_7_2","17_85_9_3"
"37_68_7_0","18_85_9_0"
"37_68_7_1","18_85_9_0 + 18_85_9_3"
"37_68_7_2","18_85_9_0 + 18_85_9_4"
"41_66_7_0","20_85_9_0"
"41_66_7_1","20_85_9_2"
"45_64_7_0","22_85_9_1 + 22_85_9_2 + 22_85_9_3"
"45_64_7_1","22_85_9_1 + 22_85_9_3"
"45_64_7_2","22_85_9_1 + 22_85_9_2"
"47_63_7_0","23_85_9"
"47_63_7_1","0"
"49_62_7","24_85_9_0"
"53_60_7","26_85_9_1"
"57_58_7","28_85_9_1"
"59_57_7","29_85_9"
"77_48_7_0","38_85_9_2"
"77_48_7_1","0"
"81_46_7","40_85_9_2"
"89_42_7","44_85_9_4"
"91_41_7","45_85_9_0"
"97_38_7","48_85_9_3"
"99_37_7_0","49_85_9_2"
"99_37_7_1","0"
"103_35_7","51_85_9_1"
"109_32_7","54_85_9_1"
"113_30_7","56_85_9_1"
"121_26_7","60_85_9_1"
"141_16_7","70_85_9_1"
"173_0_7","86_85_9_1"
"9_82_8_0","0"
"9_82_8_1","4_85_10_0"
"9_82_8_2","4_85_10_1"
"13_80_8_0","6_85_10_2"
"13_80_8_1","6_85_10_1"
"13_80_8_2","0"
"17_78_8_0","0"
"17_78_8_1","8_85_10_3"
"17_78_8_2","8_85_10_5 + 8_85_10_6 + 8_85_10_7 + 8_85_10_8 + 8_85_10_9"
"17_78_8_3","8_85_10_1"
"17_78_8_4","8_85_10_1 + 8_85_10_8 + 8_85_10_9"
"17_78_8_5","8_85_10_3 + 8_85_10_5 + 8_85_10_6 + 8_85_10_9"
"17_78_8_6","8_85_10_1 + 8_85_10_3 + 8_85_10_6 + 8_85_10_7 + 8_85_10_9"
"17_78_8_7","8_85_10_3 + 8_85_10_5 + 8_85_10_6 + 8_85_10_7 + 8_85_10_9"
"19_77_8_0","9_85_10_1"
"19_77_8_1","9_85_10_1"
"19_77_8_2","9_85_10_3"
"19_77_8_3","0"
"21_76_8_0","0"
"21_76_8_1","10_85_10_4"
"21_76_8_2","10_85_10_1"
"25_74_8_0","12_85_10_5"
"25_74_8_1","12_85_10_3"
"29_72_8_0","14_85_10_5 + 14_85_10_6"
"29_72_8_1","14_85_10_6"
"29_72_8_2","14_85_10_4 + 14_85_10_6"
"33_70_8_0","16_85_10_1"
"33_70_8_1","16_85_10_1 + 16_85_10_2"
"33_70_8_2","16_85_10_1 + 16_85_10_4"
"33_70_8_3","16_85_10_4 + 16_85_10_5"
"35_69_8_0","17_85_10_0"
"35_69_8_1","17_85_10_2"
"35_69_8_2","0"
"37_68_8_0","18_85_10_0"
"37_68_8_1","18_85_10_0 + 18_85_10_1 + 18_85_10_2 + 18_85_10_3"
"37_68_8_2","18_85_10_0 + 18_85_10_1"
"37_68_8_3","18_85_10_1 + 18_85_10_2"
"45_64_8_0","0"
"45_64_8_1","22_85_10_1"
"45_64_8_2","22_85_10_1"
"45_64_8_3","22_85_10_2"
"49_62_8_0","24_85_10_0"
"49_62_8_1","24_85_10_0 + 24_85_10_1"
"49_62_8_2","24_85_10_0 + 24_85_10_1 + 24_85_10_2"
"53_60_8","26_85_10"
"65_54_8","32_85_10_2"
"77_48_8","38_85_10_3"
"81_46_8","40_85_10_2"
"89_42_8","44_85_10_1"
"93_40_8","46_85_10_2"
"97_38_8","48_85_10_2"
"99_37_8_0","49_85_10_1"
"99_37_8_1","49_85_10_1"
"105_34_8","52_85_10_1"
"109_32_8","54_85_10_1"
"113_30_8","56_85_10_1"
"117_28_8","58_85_10_1"
"121_26_8","60_85_10_1"
"129_22_8","64_85_10_2"
"139_17_8","69_85_10_1"
"173_0_8","86_85_10_1"
"9_82_9_0","4_85_11_0"
"9_82_9_1","0"
"9_82_9_2","4_85_11_0 + 4_85_11_2"
"9_82_9_3","4_85_11_2 + 4_85_11_3"
"13_80_9_0","0"
"13_80_9_1","0"
"13_80_9_2","6_85_11_3 + 6_85_11_4 + 6_85_11_5"
"13_80_9_3","6_85_11_5"
"13_80_9_4","6_85_11_3 + 6_85_11_5 + 6_85_11_6"
"13_80_9_5","6_85_11_3 + 6_85_11_5 + 6_85_11_6 + 6_85_11_7"
"13_80_9_6","6_85_11_6"
"17_78_9_0","8_85_11_4"
"17_78_9_1","8_85_11_1"
"17_78_9_2","8_85_11_3 + 8_85_11_4"
"17_78_9_3","8_85_11_1 + 8_85_11_4 + 8_85_11_5"
"19_77_9_0","0"
"19_77_9_1","0"
"19_77_9_2","9_85_11_3"
"19_77_9_3","9_85_11_2"
"21_76_9_0","0"
"21_76_9_1","10_85_11_3"
"21_76_9_2","0"
"21_76_9_3","10_85_11_3 + 10_85_11_4"
"25_74_9_0","12_85_11_3 + 12_85_11_4"
"25_74_9_1","12_85_11_3"
"25_74_9_2","12_85_11_4 + 12_85_11_5"
"29_72_9_0","14_85_11_2"
"29_72_9_1","14_85_11_2 + 14_85_11_3"
"33_70_9","16_85_11_2"
"35_69_9_0","0"
"35_69_9_1","17_85_11_2"
"35_69_9_2","0"
"37_68_9_0","18_85_11_2 + 18_85_11_3"
"37_68_9_1","18_85_11_3"
"39_67_9_0","19_85_11_1"
"39_67_9_1","0"
"45_64_9_0","22_85_11_2"
"45_64_9_1","22_85_11_1"
"51_61_9","25_85_11_1"
"53_60_9_0","0"
"53_60_9_1","26_85_11_3"
"61_56_9","30_85_11_1"
"65_54_9","32_85_11_3"
"67_53_9","33_85_11_2"
"83_45_9","41_85_11_3"
"89_42_9","44_85_11_3"
"97_38_9","48_85_11_2"
"105_34_9","52_85_11_2"
"113_30_9","56_85_11_2"
"117_28_9","58_85_11_2"
"129_22_9","64_85_11_3"
"135_19_9","67_85_11_2"
"139_17_9","69_85_11_2"
"173_0_9","86_85_11_2"
"9_82_10_0","4_85_12_1 + 4_85_12_2"
"9_82_10_1","4_85_12_2"
"13_80_10_0","6_85_12_2"
"13_80_10_1","6_85_12_2"
"13_80_10_2","6_85_12_3"
"13_80_10_3","6_85_12_4"
"17_78_10_0","8_85_12_1"
"17_78_10_1","8_85_12_5"
"17_78_10_2","8_85_12_1 + 8_85_12_2 + 8_85_12_3"
"17_78_10_3","8_85_12_3"
"17_78_10_4","8_85_12_1 + 8_85_12_2 + 8_85_12_3 + 8_85_12_4 + 8_85_12_6"
"17_78_10_5","8_85_12_4"
"19_77_10_0","9_85_12_1"
"19_77_10_1","0"
"21_76_10_0","0"
"21_76_10_1","10_85_12_2"
"21_76_10_2","10_85_12_1"
"25_74_10_0","12_85_12_1 + 12_85_12_2"
"25_74_10_1","12_85_12_1"
"29_72_10_0","14_85_12_1"
"29_72_10_1","14_85_12_2"
"33_70_10_0","16_85_12_0"
"33_70_10_1","16_85_12_1"
"37_68_10_0","0"
"37_68_10_1","18_85_12_0"
"37_68_10_2","18_85_12_0 + 18_85_12_1"
"41_66_10_0","20_85_12_1"
"41_66_10_1","20_85_12_2"
"43_65_10","21_85_12"
"49_62_10_0","24_85_12_0"
"49_62_10_1","24_85_12_0 + 24_85_12_3"
"49_62_10_2","24_85_12_2 + 24_85_12_3"
"53_60_10","26_85_12_1"
"55_59_10","27_85_12_0"
"61_56_10_0","0"
"61_56_10_1","30_85_12_2"
"65_54_10_0","32_85_12_0"
"65_54_10_1","32_85_12_2"
"67_53_10","33_85_12_1"
"73_50_10","36_85_12_1"
"85_44_10","42_85_12_1"
"91_41_10","45_85_12"
"113_30_10","56_85_12"
"129_22_10","64_85_12"
"137_18_10","68_85_12"
"173_0_10","86_85_12"
"5_84_11","2_85_13"
"13_80_11_0","0"
"13_80_11_1","6_85_13_1"
"13_80_11_2","0"
"17_78_11_0","8_85_13_1"
"17_78_11_1","8_85_13_1 + 8_85_13_3"
"17_78_11_2","8_85_13_1 + 8_85_13_2"
"19_77_11_0","9_85_13_0"
"19_77_11_1","0"
"19_77_11_2","9_85_13_1"
"21_76_11","10_85_13"
"25_74_11","12_85_13_0"
"27_73_11","13_85_13"
"29_72_11","14_85_13"
"37_68_11_0","18_85_13_2 + 18_85_13_4"
"37_68_11_1","18_85_13_4"
"37_68_11_2","18_85_13_2 + 18_85_13_3 + 18_85_13_4"
"39_67_11_0","0"
"39_67_11_1","19_85_13_1"
"39_67_11_2","0"
"41_66_11_0","0"
"41_66_11_1","20_85_13_1"
"49_62_11_0","24_85_13_3 + 24_85_13_4"
"49_62_11_1","24_85_13_4"
"51_61_11_0","25_85_13_1"
"51_61_11_1","0"
"53_60_11_0","26_85_13_1"
"53_60_11_1","26_85_13_1 + 26_85_13_2"
"61_56_11","30_85_13_2"
"65_54_11_0","32_85_13_2"
"65_54_11_1","32_85_13_2 + 32_85_13_3"
"69_52_11","34_85_13_2"
"81_46_11","40_85_13_2"
"87_43_11","43_85_13_1"
"93_40_11","46_85_13_1"
"105_34_11","52_85_13_1"
"125_24_11","62_85_13_1"
"173_0_11","86_85_13_1"
"5_84_12_0","0"
"5_84_12_1","2_85_14"
"9_82_12","4_85_14_0"
"13_80_12_0","6_85_14_1"
"13_80_12_1","0"
"17_78_12_0","8_85_14_0"
"17_78_12_1","8_85_14_0 + 8_85_14_3 + 8_85_14_4 + 8_85_14_5"
"17_78_12_2","8_85_14_4"
"17_78_12_3","8_85_14_3"
"19_77_12_0","9_85_14_2"
"19_77_12_1","0"
"19_77_12_2","0"
"19_77_12_3","0"
"21_76_12_0","10_85_14_2"
"21_76_12_1","0"
"21_76_12_2","10_85_14_2"
"25_74_12_0","0"
"25_74_12_1","12_85_14_2"
"33_70_12","16_85_14_1"
"37_68_12_0","0"
"37_68_12_1","18_85_14_3"
"37_68_12_2","18_85_14_3 + 18_85_14_4"
"41_66_12_0","20_85_14_2"
"41_66_12_1","0"
"49_62_12_0","24_85_14_2"
"49_62_12_1","24_85_14_2 + 24_85_14_3"
"53_60_12_0","26_85_14_2"
"53_60_12_1","26_85_14_4"
"61_56_12","30_85_14_3"
"65_54_12_0","32_85_14_3"
"65_54_12_1","32_85_14_3 + 32_85_14_4"
"77_48_12","38_85_14_3"
"83_45_12","41_85_14_2"
"89_42_12","44_85_14_2"
"93_40_12","46_85_14_2"
"101_36_12","50_85_14_2"
"105_34_12","52_85_14_2"
"113_30_12","56_85_14_3"
"123_25_12","61_85_14_2"
"173_0_12","86_85_14_2"
"9_82_13_0","4_85_15_0"
"9_82_13_1","4_85_15_1"
"13_80_13_0","6_85_15_2"
"13_80_13_1","6_85_15_2 + 6_85_15_3"
"17_78_13_0","8_85_15_0"
"17_78_13_1","0"
"21_76_13","10_85_15_2"
"25_74_13_0","12_85_15_3"
"25_74_13_1","12_85_15_2 + 12_85_15_3"
"29_72_13_0","0"
"29_72_13_1","14_85_15_3"
"33_70_13","16_85_15_3"
"35_69_13","17_85_15_3"
"37_68_13_0","18_85_15_2"
"37_68_13_1","18_85_15_2 + 18_85_15_5"
"43_65_13_0","21_85_15_2 + 21_85_15_3"
"43_65_13_1","21_85_15_3"
"49_62_13_0","24_85_15_2"
"49_62_13_1","24_85_15_2 + 24_85_15_4"
"53_60_13","26_85_15_3"
"61_56_13_0","0"
"61_56_13_1","30_85_15_3"
"65_54_13","32_85_15_3"
"73_50_13","36_85_15_3"
"79_47_13_0","0"
"79_47_13_1","39_85_15_2"
"89_42_13","44_85_15_2"
"101_36_13","50_85_15_2"
"113_30_13","56_85_15_3"
"119_27_13","59_85_15_2"
"123_25_13","61_85_15_2"
"173_0_13","86_85_15_2"
"113_31_1","56_86_3"
"145_15_1","72_86_3"
"161_7_1","80_86_3_1"
"169_3_1","84_86_3_1"
"173_1_1","86_86_3"
"51_62_2","25_86_4_1"
"59_58_2","29_86_4_1"
"99_38_2","49_86_4_3"
"107_34_2","53_86_4_1"
"113_31_2","56_86_4_2"
"115_30_2","57_86_4_2"
"139_18_2","69_86_4_1"
"145_15_2","72_86_4_1"
"161_7_2","80_86_4_3"
"163_6_2","81_86_4_2"
"169_3_2","84_86_4_2"
"171_2_2","85_86_4_1"
"37_69_3","18_86_5"
"45_65_3","22_86_5"
"49_63_3_0","24_86_5_0"
"49_63_3_1","24_86_5_1"
"53_61_3","26_86_5"
"57_59_3","28_86_5"
"85_45_3","42_86_5_2"
"93_41_3","46_86_5_2"
"97_39_3","48_86_5_2"
"101_37_3","50_86_5_2"
"113_31_3_0","56_86_5_2"
"113_31_3_1","56_86_5_2 + 56_86_5_3"
"133_21_3","66_86_5_2"
"137_19_3","68_86_5_1"
"145_15_3","72_86_5_2"
"161_7_3","80_86_5_2"
"169_3_3","84_86_5_1"
"35_70_4_0","17_86_6_3"
"35_70_4_1","17_86_6_2"
"37_69_4","18_86_6_2"
"39_68_4_0","0"
"39_68_4_1","19_86_6_1"
"45_65_4_0","22_86_6_1"
"45_65_4_1","22_86_6_1 + 22_86_6_2"
"53_61_4_0","26_86_6_1"
"53_61_4_1","26_86_6_2"
"53_61_4_2","26_86_6_3"
"85_45_4","42_86_6_2"
"87_44_4","43_86_6_2"
"93_41_4","46_86_6_3"
"97_39_4","48_86_6_3"
"99_38_4_0","49_86_6_3"
"99_38_4_1","49_86_6_3"
"109_33_4","54_86_6_3"
"111_32_4","55_86_6_2"
"113_31_4","56_86_6_2"
"129_23_4","64_86_6_3"
"131_22_4","65_86_6_2"
"135_20_4","67_86_6_2"
"141_17_4","70_86_6_3"
"145_15_4","72_86_6_3"
"147_14_4","73_86_6_3"
"161_7_4","80_86_6_2"
"17_79_5_0","8_86_7_2"
"17_79_5_1","8_86_7_1 + 8_86_7_2"
"21_77_5_0","10_86_7_0"
"21_77_5_1","10_86_7_0 + 10_86_7_2"
"23_76_5_0","11_86_7_0"
"23_76_5_1","0"
"25_75_5","12_86_7_1"
"29_73_5_0","14_86_7_1"
"29_73_5_1","14_86_7_1"
"33_71_5_0","16_86_7_2"
"33_71_5_1","16_86_7_0 + 16_86_7_2"
"33_71_5_2","16_86_7_3 + 16_86_7_4"
"33_71_5_3","16_86_7_0 + 16_86_7_2 + 16_86_7_4"
"35_70_5","17_86_7_1"
"37_69_5_0","18_86_7_3 + 18_86_7_4"
"37_69_5_1","18_86_7_3"
"37_69_5_2","18_86_7_1 + 18_86_7_3 + 18_86_7_4"
"41_67_5_0","20_86_7_2 + 20_86_7_3"
"41_67_5_1","20_86_7_2"
"45_65_5_0","0"
"45_65_5_1","22_86_7_2"
"49_63_5","24_86_7_2"
"51_62_5_0","25_86_7_1"
"51_62_5_1","25_86_7_1 + 25_86_7_2"
"51_62_5_2","0"
"53_61_5","26_86_7_1"
"73_51_5","36_86_7_2"
"77_49_5","38_86_7_3"
"81_47_5","40_86_7_3"
"85_45_5_0","0"
"85_45_5_1","42_86_7_3"
"97_39_5","48_86_7_3"
"101_37_5","50_86_7_3"
"105_35_5","52_86_7_2"
"113_31_5_0","56_86_7_2"
"113_31_5_1","56_86_7_3"
"129_23_5","64_86_7_3"
"133_21_5","66_86_7_2"
"141_17_5","70_86_7_3"
"145_15_5_0","72_86_7_3"
"145_15_5_1","72_86_7_4"
"153_11_5","76_86_7_3"
"157_9_5","78_86_7_2"
"9_83_6","4_86_8_0"
"11_82_6","5_86_8_0"
"13_81_6","6_86_8_1"
"17_79_6_0","8_86_8_2"
"17_79_6_1","8_86_8_0 + 8_86_8_2"
"17_79_6_2","8_86_8_2 + 8_86_8_3"
"19_78_6","9_86_8_0"
"21_77_6_0","0"
"21_77_6_1","0"
"21_77_6_2","10_86_8_0"
"23_76_6_0","0"
"23_76_6_1","11_86_8_0"
"25_75_6_0","0"
"25_75_6_1","12_86_8_1"
"25_75_6_2","12_86_8_1 + 12_86_8_3"
"27_74_6_0","0"
"27_74_6_1","13_86_8_0"
"33_71_6_0","16_86_8_2"
"33_71_6_1","16_86_8_6"
"33_71_6_2","16_86_8_2 + 16_86_8_6 + 16_86_8_8"
"33_71_6_3","16_86_8_6 + 16_86_8_7"
"33_71_6_4","16_86_8_5 + 16_86_8_6 + 16_86_8_7 + 16_86_8_8"
"35_70_6_0","0"
"35_70_6_1","17_86_8_3"
"37_69_6_0","18_86_8_0"
"37_69_6_1","18_86_8_3"
"37_69_6_2","0"
"41_67_6_0","0"
"41_67_6_1","20_86_8_2"
"43_66_6_0","21_86_8_0"
"43_66_6_1","0"
"45_65_6_0","0"
"45_65_6_1","22_86_8_1 + 22_86_8_2"
"45_65_6_2","22_86_8_1"
"47_64_6_0","23_86_8_0"
"47_64_6_1","0"
"49_63_6","24_86_8_0"
"51_62_6_0","25_86_8_0"
"51_62_6_1","0"
"53_61_6_0","26_86_8_2"
"53_61_6_1","26_86_8_3"
"53_61_6_2","26_86_8_1"
"59_58_6","29_86_8"
"67_54_6","33_86_8"
"73_51_6","36_86_8_1"
"83_46_6","41_86_8_2"
"85_45_6","42_86_8_2"
"99_38_6_0","0"
"99_38_6_1","49_86_8_2"
"101_37_6","50_86_8_2"
"103_36_6","51_86_8_1"
"113_31_6","56_86_8_2"
"115_30_6","57_86_8_1"
"129_23_6","64_86_8_1"
"141_17_6","70_86_8_2"
"145_15_6","72_86_8_2"
"153_11_6","76_86_8_2"
"155_10_6","77_86_8_1"
"9_83_7_0","0"
"9_83_7_1","4_86_9_0 + 4_86_9_1"
"9_83_7_2","4_86_9_0 + 4_86_9_2"
"9_83_7_3","4_86_9_2"
"13_81_7_0","0"
"13_81_7_1","6_86_9_1"
"17_79_7_0","8_86_9_5 + 8_86_9_6"
"17_79_7_1","8_86_9_4 + 8_86_9_6 + 8_86_9_7 + 8_86_9_8"
"17_79_7_2","8_86_9_5 + 8_86_9_7 + 8_86_9_8"
"17_79_7_3","8_86_9_4 + 8_86_9_8"
"17_79_7_4","8_86_9_4 + 8_86_9_7 + 8_86_9_8"
"19_78_7_0","0"
"19_78_7_1","0"
"19_78_7_2","9_86_9_3"
"19_78_7_3","0"
"19_78_7_4","9_86_9_1"
"21_77_7_0","10_86_9_2 + 10_86_9_5"
"21_77_7_1","10_86_9_0"
"21_77_7_2","10_86_9_0 + 10_86_9_2"
"21_77_7_3","10_86_9_2 + 10_86_9_4"
"25_75_7_0","12_86_9_3"
"25_75_7_1","0"
"29_73_7_0","14_86_9_3"
"29_73_7_1","14_86_9_3 + 14_86_9_6 + 14_86_9_7"
"29_73_7_2","14_86_9_4"
"29_73_7_3","14_86_9_3 + 14_86_9_6"
"33_71_7_0","16_86_9_1"
"33_71_7_1","16_86_9_1 + 16_86_9_3"
"33_71_7_2","16_86_9_1 + 16_86_9_3 + 16_86_9_4 + 16_86_9_5"
"33_71_7_3","16_86_9_3 + 16_86_9_4"
"35_70_7_0","17_86_9_0"
"35_70_7_1","0"
"35_70_7_2","0"
"37_69_7_0","0"
"37_69_7_1","18_86_9_1"
"39_68_7_0","0"
"39_68_7_1","19_86_9"
"39_68_7_2","0"
"43_66_7_0","0"
"43_66_7_1","21_86_9_0"
"45_65_7_0","0"
"45_65_7_1","22_86_9_1"
"45_65_7_2","22_86_9_1 + 22_86_9_2"
"49_63_7_0","24_86_9_1"
"49_63_7_1","24_86_9_1 + 24_86_9_4"
"49_63_7_2","24_86_9_3"
"53_61_7_0","26_86_9_0"
"53_61_7_1","26_86_9_2 + 26_86_9_3"
"53_61_7_2","26_86_9_0 + 26_86_9_2"
"55_60_7","27_86_9"
"61_57_7","30_86_9_1"
"65_55_7","32_86_9_1"
"81_47_7","40_86_9_2"
"83_46_7","41_86_9_2"
"85_45_7","42_86_9_2"
"97_39_7","48_86_9_1"
"101_37_7_0","0"
"101_37_7_1","50_86_9_1"
"105_35_7","52_86_9_1"
"113_31_7","56_86_9_1"
"117_29_7","58_86_9_2"
"123_26_7","61_86_9_1"
"129_23_7","64_86_9_2"
"145_15_7","72_86_9_2"
"153_11_7","76_86_9_1"
"5_85_8","2_86_10"
"9_83_8_0","4_86_10_1"
"9_83_8_1","4_86_10_1 + 4_86_10_2 + 4_86_10_3"
"9_83_8_2","0"
"9_83_8_3","4_86_10_2"
"13_81_8_0","0"
"13_81_8_1","6_86_10_3 + 6_86_10_4 + 6_86_10_5"
"13_81_8_2","6_86_10_3 + 6_86_10_4"
"13_81_8_3","6_86_10_3 + 6_86_10_5"
"17_79_8_0","8_86_10_7"
"17_79_8_1","8_86_10_1"
"17_79_8_2","8_86_10_2"
"17_79_8_3","8_86_10_1 + 8_86_10_2 + 8_86_10_4 + 8_86_10_8"
"17_79_8_4","8_86_10_4"
"17_79_8_5","8_86_10_1 + 8_86_10_2 + 8_86_10_4 + 8_86_10_7 + 8_86_10_9"
"17_79_8_6","8_86_10_2 + 8_86_10_6 + 8_86_10_7"
"19_78_8_0","0"
"19_78_8_1","9_86_10_0"
"19_78_8_2","0"
"19_78_8_3","0"
"19_78_8_4","0"
"21_77_8_0","10_86_10_1"
"21_77_8_1","10_86_10_1 + 10_86_10_2"
"21_77_8_2","0"
"25_75_8_0","12_86_10_1 + 12_86_10_2"
"25_75_8_1","12_86_10_4"
"25_75_8_2","12_86_10_1"
"25_75_8_3","12_86_10_3"
"25_75_8_4","12_86_10_1 + 12_86_10_2 + 12_86_10_4 + 12_86_10_5"
"27_74_8","13_86_10_0"
"29_73_8_0","14_86_10_1 + 14_86_10_2"
"29_73_8_1","14_86_10_1 + 14_86_10_3"
"29_73_8_2","14_86_10_3"
"35_70_8_0","0"
"35_70_8_1","17_86_10_1"
"37_69_8_0","18_86_10_3"
"37_69_8_1","0"
"37_69_8_2","18_86_10_2"
"39_68_8_0","0"
"39_68_8_1","19_86_10_1"
"39_68_8_2","0"
"45_65_8_0","22_86_10_2"
"45_65_8_1","22_86_10_3"
"47_64_8_0","0"
"47_64_8_1","23_86_10_0"
"47_64_8_2","23_86_10_0"
"47_64_8_3","0"
"49_63_8_0","24_86_10_2 + 24_86_10_3"
"49_63_8_1","24_86_10_2"
"51_62_8_0","25_86_10_1"
"51_62_8_1","25_86_10_1 + 25_86_10_2"
"51_62_8_2","25_86_10_1 + 25_86_10_2"
"53_61_8","26_86_10_0"
"61_57_8_0","30_86_10_2"
"61_57_8_1","30_86_10_3"
"81_47_8_0","40_86_10_3 + 40_86_10_4"
"81_47_8_1","40_86_10_3"
"83_46_8","41_86_10_2"
"101_37_8_0","50_86_10_2"
"101_37_8_1","50_86_10_2 + 50_86_10_3"
"105_35_8","52_86_10_2"
"113_31_8_0","56_86_10_3 + 56_86_10_4"
"113_31_8_1","56_86_10_3"
"117_29_8","58_86_10_3"
"119_28_8","59_86_10_2"
"125_25_8","62_86_10_3"
"129_23_8","64_86_10_3"
"131_22_8","65_86_10_3"
"145_15_8","72_86_10_2"
"5_85_9_0","0"
"5_85_9_1","2_86_11"
"5_85_9_2","2_86_11"
"9_83_9_0","4_86_11_0 + 4_86_11_2 + 4_86_11_3"
"9_83_9_1","4_86_11_2 + 4_86_11_3"
"9_83_9_2","4_86_11_0 + 4_86_11_2"
"11_82_9_0","5_86_11_1"
"11_82_9_1","0"
"11_82_9_2","0"
"11_82_9_3","0"
"13_81_9_0","6_86_11_2"
"13_81_9_1","6_86_11_1 + 6_86_11_2"
"13_81_9_2","6_86_11_2 + 6_86_11_3"
"13_81_9_3","6_86_11_0"
"17_79_9_0","0"
"17_79_9_1","8_86_11_3"
"17_79_9_2","8_86_11_2 + 8_86_11_3"
"17_79_9_3","8_86_11_4 + 8_86_11_5"
"17_79_9_4","8_86_11_4"
"19_78_9_0","9_86_11_2"
"19_78_9_1","0"
"19_78_9_2","0"
"21_77_9_0","0"
"21_77_9_1","10_86_11_2 + 10_86_11_4"
"21_77_9_2","10_86_11_2 + 10_86_11_3 + 10_86_11_4"
"21_77_9_3","10_86_11_4"
"25_75_9_0","0"
"25_75_9_1","12_86_11_3"
"25_75_9_2","12_86_11_4"
"25_75_9_3","12_86_11_3 + 12_86_11_4 + 12_86_11_5"
"27_74_9_0","0"
"27_74_9_1","13_86_11_3"
"27_74_9_2","13_86_11_3"
"29_73_9_0","0"
"29_73_9_1","14_86_11_3"
"33_71_9_0","16_86_11_3 + 16_86_11_5"
"33_71_9_1","16_86_11_3"
"33_71_9_2","16_86_11_3 + 16_86_11_4 + 16_86_11_5"
"37_69_9_0","0"
"37_69_9_1","18_86_11_2"
"41_67_9_0","20_86_11_3"
"41_67_9_1","20_86_11_5"
"41_67_9_2","20_86_11_3 + 20_86_11_4 + 20_86_11_5"
"45_65_9_0","0"
"45_65_9_1","22_86_11_1"
"49_63_9_0","24_86_11_1"
"49_63_9_1","24_86_11_1 + 24_86_11_2"
"49_63_9_2","24_86_11_1 + 24_86_11_4"
"53_61_9","26_86_11_3"
"55_60_9_0","0"
"55_60_9_1","27_86_11_2"
"61_57_9_0","30_86_11_2"
"61_57_9_1","0"
"73_51_9","36_86_11_2"
"85_45_9","42_86_11_2"
"97_39_9","48_86_11_2"
"101_37_9","50_86_11_2"
"113_31_9_0","56_86_11_3"
"113_31_9_1","56_86_11_3 + 56_86_11_4"
"117_29_9","58_86_11_2"
"125_25_9","62_86_11_3"
"129_23_9_0","64_86_11_3"
"129_23_9_1","64_86_11_3 + 64_86_11_4"
"137_19_9","68_86_11_3"
"141_17_9","70_86_11_2"
"5_85_10","2_86_12_0"
"9_83_10_0","0"
"9_83_10_1","0"
"9_83_10_2","4_86_12_1"
"9_83_10_3","4_86_12_1 + 4_86_12_2"
"9_83_10_4","0"
"13_81_10_0","0"
"13_81_10_1","6_86_12_3 + 6_86_12_4 + 6_86_12_5"
"13_81_10_2","6_86_12_5"
"13_81_10_3","6_86_12_3 + 6_86_12_5"
"13_81_10_4","0"
"17_79_10_0","8_86_12_1"
"17_79_10_1","8_86_12_5"
"17_79_10_2","8_86_12_1 + 8_86_12_3 + 8_86_12_5"
"17_79_10_3","8_86_12_1 + 8_86_12_3 + 8_86_12_5 + 8_86_12_6"
"19_78_10_0","0"
"19_78_10_1","9_86_12_2"
"19_78_10_2","9_86_12_3"
"25_75_10_0","12_86_12_3"
"25_75_10_1","12_86_12_3 + 12_86_12_4"
"25_75_10_2","12_86_12_2"
"27_74_10_0","0"
"27_74_10_1","13_86_12_2"
"27_74_10_2","0"
"27_74_10_3","0"
"29_73_10","14_86_12_2"
"33_71_10","16_86_12_1"
"35_70_10","17_86_12_0"
"37_69_10","18_86_12_1"
"41_67_10_0","20_86_12_2"
"41_67_10_1","20_86_12_3"
"43_66_10_0","21_86_12_0"
"43_66_10_1","0"
"45_65_10","22_86_12_2"
"49_63_10_0","24_86_12_3 + 24_86_12_4"
"49_63_10_1","24_86_12_4"
"51_62_10_0","25_86_12_3"
"51_62_10_1","25_86_12_1"
"51_62_10_2","0"
"53_61_10","26_86_12_2"
"57_59_10","28_86_12_2"
"67_54_10_0","0"
"67_54_10_1","33_86_12_2"
"69_53_10","34_86_12_3"
"75_50_10","37_86_12_2"
"81_47_10","40_86_12_2"
"93_41_10","46_86_12_2"
"113_31_10_0","56_86_12_2"
"113_31_10_1","56_86_12_2 + 56_86_12_3"
"125_25_10","62_86_12_3"
"129_23_10","64_86_12_3"
"137_19_10","68_86_12_3"
"139_18_10","69_86_12_2"
"9_83_11_0","4_86_13_1"
"9_83_11_1","0"
"9_83_11_2","4_86_13_2"
"13_81_11_0","0"
"13_81_11_1","6_86_13_3"
"13_81_11_2","6_86_13_1"
"17_79_11_0","8_86_13_3"
"17_79_11_1","8_86_13_1 + 8_86_13_3"
"17_79_11_2","8_86_13_2"
"17_79_11_3","8_86_13_3 + 8_86_13_4"
"21_77_11_0","10_86_13_0"
"21_77_11_1","10_86_13_0 + 10_86_13_1"
"21_77_11_2","10_86_13_0 + 10_86_13_3"
"21_77_11_3","10_86_13_0 + 10_86_13_1 + 10_86_13_2 + 10_86_13_3"
"25_75_11_0","0"
"25_75_11_1","12_86_13_2"
"25_75_11_2","12_86_13_1"
"25_75_11_3","12_86_13_0"
"33_71_11_0","16_86_13_2"
"33_71_11_1","16_86_13_2 + 16_86_13_3"
"37_69_11_0","18_86_13_0"
"37_69_11_1","18_86_13_2"
"39_68_11_0","19_86_13_0"
"39_68_11_1","19_86_13_0"
"39_68_11_2","0"
"41_67_11_0","20_86_13_1"
"41_67_11_1","0"
"41_67_11_2","20_86_13_2"
"45_65_11_0","22_86_13_2"
"45_65_11_1","22_86_13_2"
"49_63_11_0","24_86_13_2"
"49_63_11_1","24_86_13_0"
"49_63_11_2","24_86_13_0 + 24_86_13_3"
"53_61_11_0","0"
"53_61_11_1","26_86_13_1"
"57_59_11","28_86_13_1"
"65_55_11","32_86_13_1"
"67_54_11_0","33_86_13_1"
"67_54_11_1","33_86_13_1"
"69_53_11","34_86_13_1"
"77_49_11","38_86_13_1"
"89_43_11","44_86_13_1"
"101_37_11","50_86_13_2"
"107_34_11","53_86_13_1"
"113_31_11","56_86_13_2"
"129_23_11","64_86_13_2"
"137_19_11","68_86_13_1"
"9_83_12_0","4_86_14_0 + 4_86_14_1 + 4_86_14_2 + 4_86_14_3"
"9_83_12_1","4_86_14_1 + 4_86_14_2 + 4_86_14_3"
"9_83_12_2","4_86_14_2 + 4_86_14_3"
"9_83_12_3","4_86_14_4"
"9_83_12_4","4_86_14_0 + 4_86_14_1 + 4_86_14_3"
"13_81_12_0","6_86_14_1"
"13_81_12_1","6_86_14_1 + 6_86_14_2"
"21_77_12_0","0"
"21_77_12_1","10_86_14_1 + 10_86_14_4"
"21_77_12_2","10_86_14_1"
"25_75_12","12_86_14_4"
"29_73_12","14_86_14_4"
"33_71_12_0","16_86_14_3"
"33_71_12_1","16_86_14_4"
"33_71_12_2","16_86_14_5"
"35_70_12_0","17_86_14_1"
"35_70_12_1","0"
"41_67_12","20_86_14_2"
"43_66_12_0","21_86_14_2"
"43_66_12_1","0"
"43_66_12_2","0"
"45_65_12_0","22_86_14_2"
"45_65_12_1","22_86_14_2"
"49_63_12","24_86_14_2"
"53_61_12","26_86_14_2"
"61_57_12","30_86_14_2"
"65_55_12","32_86_14_2"
"69_53_12","34_86_14_2"
"73_51_12","36_86_14_2"
"85_45_12","42_86_14_2"
"89_43_12","44_86_14_2"
"97_39_12","48_86_14_3"
"101_37_12","50_86_14_3"
"103_36_12","51_86_14_2"
"109_33_12","54_86_14_3"
"113_31_12","56_86_14_3"
"115_30_12","57_86_14_3"
"129_23_12","64_86_14_2"
"115_31_1","57_87_3"
"147_15_1","73_87_3"
"163_7_1","81_87_3_1"
"171_3_1","85_87_3"
"177_0_1","88_87_3"
"53_62_2","26_87_4"
"101_38_2","50_87_4"
"109_34_2","54_87_4"
"113_32_2","56_87_4"
"117_30_2","58_87_4"
"141_18_2","70_87_4"
"145_16_2","72_87_4"
"149_14_2","74_87_4"
"161_8_2","80_87_4_0"
"165_6_2","82_87_4"
"177_0_2","88_87_4"
"39_69_3","19_87_5"
"51_63_3","25_87_5_1"
"53_62_3","26_87_5_2"
"55_61_3","27_87_5_1"
"99_39_3","49_87_5_3"
"101_38_3","50_87_5_4"
"103_37_3","51_87_5_1"
"109_34_3","54_87_5_3"
"115_31_3_0","57_87_5_2"
"115_31_3_1","0"
"117_30_3","58_87_5_2"
"135_21_3","67_87_5_1"
"141_18_3","70_87_5_1"
"149_14_3","74_87_5_1"
"161_8_3","80_87_5_1"
"177_0_3","88_87_5_1"
"17_80_4","8_87_6"
"33_72_4_0","16_87_6_3"
"33_72_4_1","16_87_6_2"
"37_70_4_0","18_87_6_0"
"37_70_4_1","18_87_6_1"
"41_68_4","20_87_6_0"
"49_64_4_0","24_87_6_1"
"49_64_4_1","24_87_6_0"
"49_64_4_2","24_87_6_2"
"53_62_4","26_87_6_1"
"55_61_4_0","27_87_6"
"55_61_4_1","0"
"89_44_4","44_87_6_4"
"97_40_4_0","48_87_6_2 + 48_87_6_5"
"97_40_4_1","48_87_6_2"
"99_39_4","49_87_6_4"
"101_38_4_0","50_87_6_2"
"101_38_4_1","50_87_6_2 + 50_87_6_4"
"111_33_4","55_87_6_2"
"113_32_4","56_87_6_2"
"117_30_4","58_87_6_2"
"131_23_4","65_87_6_2"
"133_22_4","66_87_6_1"
"137_20_4","68_87_6_1"
"141_18_4_0","70_87_6_1"
"141_18_4_1","0"
"149_14_4","74_87_6_1"
"177_0_4","88_87_6_1"
"17_80_5","8_87_7_0"
"19_79_5","9_87_7_0"
"25_76_5_0","12_87_7_1 + 12_87_7_3"
"25_76_5_1","12_87_7_3"
"33_72_5_0","16_87_7_4"
"33_72_5_1","16_87_7_5"
"35_71_5_0","17_87_7_1"
"35_71_5_1","17_87_7_0 + 17_87_7_1"
"35_71_5_2","17_87_7_1 + 17_87_7_4"
"41_68_5_0","20_87_7_0"
"41_68_5_1","20_87_7_0 + 20_87_7_4"
"43_67_5_0","21_87_7_0"
"43_67_5_1","21_87_7_3"
"45_66_5_0","22_87_7_1 + 22_87_7_3"
"45_66_5_1","22_87_7_3"
"49_64_5_0","24_87_7_1"
"49_64_5_1","24_87_7_1 + 24_87_7_3"
"53_62_5_0","0"
"53_62_5_1","26_87_7_1"
"53_62_5_2","26_87_7_2"
"75_51_5","37_87_7_1"
"81_48_5","40_87_7_3"
"87_45_5_0","0"
"87_45_5_1","43_87_7_2"
"89_44_5","44_87_7_3"
"97_40_5_0","48_87_7_4"
"97_40_5_1","48_87_7_3"
"99_39_5","49_87_7_2"
"101_38_5","50_87_7_2"
"103_37_5","51_87_7_1"
"115_31_5_0","57_87_7_2"
"115_31_5_1","0"
"117_30_5","58_87_7_2"
"129_24_5","64_87_7_2"
"131_23_5","65_87_7_1"
"137_20_5","68_87_7_1"
"147_15_5_0","73_87_7_1"
"147_15_5_1","73_87_7_1"
"149_14_5","74_87_7_1"
"177_0_5","88_87_7_1"
"9_84_6","4_87_8"
"13_82_6_0","6_87_8_2"
"13_82_6_1","6_87_8_1 + 6_87_8_2"
"17_80_6_0","8_87_8_0"
"17_80_6_1","8_87_8_3"
"17_80_6_2","8_87_8_0 + 8_87_8_1 + 8_87_8_3"
"19_79_6_0","0"
"19_79_6_1","9_87_8_1"
"19_79_6_2","0"
"21_78_6_0","10_87_8_1"
"21_78_6_1","10_87_8_2"
"25_76_6_0","12_87_8_2 + 12_87_8_3"
"25_76_6_1","12_87_8_4"
"25_76_6_2","12_87_8_3"
"27_75_6_0","0"
"27_75_6_1","13_87_8_2"
"29_74_6_0","14_87_8_2"
"29_74_6_1","14_87_8_2 + 14_87_8_5"
"29_74_6_2","14_87_8_2 + 14_87_8_4"
"33_72_6_0","16_87_8_1"
"33_72_6_1","16_87_8_2 + 16_87_8_3"
"33_72_6_2","16_87_8_3"
"35_71_6_0","0"
"35_71_6_1","17_87_8"
"35_71_6_2","0"
"37_70_6_0","18_87_8_0"
"37_70_6_1","0"
"39_69_6_0","0"
"39_69_6_1","0"
"39_69_6_2","19_87_8_0"
"41_68_6_0","20_87_8_0"
"41_68_6_1","20_87_8_1"
"45_66_6","22_87_8_2"
"49_64_6_0","24_87_8_4"
"49_64_6_1","24_87_8_3"
"51_63_6","25_87_8_0"
"53_62_6_0","26_87_8_1"
"53_62_6_1","26_87_8_3"
"55_61_6_0","27_87_8_1"
"55_61_6_1","27_87_8_0"
"61_58_6","30_87_8"
"81_48_6","40_87_8_2"
"85_46_6","42_87_8_1"
"89_44_6","44_87_8_1"
"93_42_6","46_87_8_1"
"97_40_6_0","48_87_8_0"
"97_40_6_1","48_87_8_0 + 48_87_8_1"
"101_38_6_0","0"
"101_38_6_1","50_87_8"
"105_36_6","52_87_8"
"113_32_6","56_87_8_0"
"117_30_6","58_87_8_1"
"125_26_6","62_87_8"
"145_16_6","72_87_8_0"
"149_14_6","74_87_8"
"177_0_6","88_87_8"
"9_84_7_0","4_87_9_1"
"9_84_7_1","4_87_9_0"
"11_83_7_0","0"
"11_83_7_1","5_87_9_0"
"11_83_7_2","0"
"11_83_7_3","0"
"11_83_7_4","0"
"13_82_7_0","0"
"13_82_7_1","6_87_9_1 + 6_87_9_3"
"13_82_7_2","6_87_9_2"
"13_82_7_3","6_87_9_3"
"13_82_7_4","6_87_9_2 + 6_87_9_3 + 6_87_9_4"
"17_80_7_0","8_87_9_0"
"17_80_7_1","8_87_9_0 + 8_87_9_4"
"17_80_7_2","8_87_9_4 + 8_87_9_5"
"19_79_7_0","0"
"19_79_7_1","9_87_9_0"
"19_79_7_2","0"
"19_79_7_3","0"
"21_78_7_0","10_87_9_3"
"21_78_7_1","0"
"21_78_7_2","0"
"21_78_7_3","10_87_9_2 + 10_87_9_3"
"25_76_7_0","12_87_9_1"
"25_76_7_1","0"
"25_76_7_2","12_87_9_1 + 12_87_9_5 + 12_87_9_6"
"25_76_7_3","12_87_9_1 + 12_87_9_2"
"25_76_7_4","12_87_9_5"
"25_76_7_5","12_87_9_1 + 12_87_9_4 + 12_87_9_5"
"27_75_7_0","13_87_9_2"
"27_75_7_1","13_87_9_1"
"37_70_7_0","0"
"37_70_7_1","18_87_9_1"
"37_70_7_2","18_87_9_1 + 18_87_9_2"
"41_68_7_0","0"
"41_68_7_1","20_87_9_4"
"41_68_7_2","20_87_9_4 + 20_87_9_5"
"45_66_7_0","22_87_9_2"
"45_66_7_1","22_87_9_2 + 22_87_9_5"
"47_65_7_0","0"
"47_65_7_1","23_87_9_1"
"47_65_7_2","0"
"49_64_7_0","24_87_9_3 + 24_87_9_5"
"49_64_7_1","24_87_9_4 + 24_87_9_5"
"49_64_7_2","24_87_9_4"
"51_63_7_0","25_87_9_2"
"51_63_7_1","25_87_9_1 + 25_87_9_2"
"53_62_7","26_87_9_1"
"57_60_7","28_87_9_1"
"61_58_7","30_87_9_1"
"81_48_7_0","40_87_9_4"
"81_48_7_1","40_87_9_1"
"85_46_7","42_87_9_2"
"93_42_7","46_87_9_2"
"99_39_7","49_87_9_1"
"101_38_7","50_87_9_2"
"107_35_7","53_87_9_1"
"113_32_7","56_87_9_2"
"117_30_7","58_87_9_2"
"119_29_7","59_87_9_1"
"125_26_7","62_87_9_1"
"145_16_7","72_87_9_1"
"177_0_7","88_87_9_1"
"5_86_8_0","0"
"5_86_8_1","2_87_10"
"9_84_8_0","4_87_10_0"
"9_84_8_1","4_87_10_2 + 4_87_10_3"
"9_84_8_2","4_87_10_0 + 4_87_10_2"
"9_84_8_3","4_87_10_1"
"13_82_8_0","6_87_10_0"
"13_82_8_1","0"
"13_82_8_2","6_87_10_1"
"13_82_8_3","0"
"13_82_8_4","6_87_10_0 + 6_87_10_1 + 6_87_10_3"
"13_82_8_5","6_87_10_2 + 6_87_10_3"
"17_80_8_0","8_87_10_1"
"17_80_8_1","8_87_10_0 + 8_87_10_1"
"17_80_8_2","8_87_10_1 + 8_87_10_2"
"19_79_8_0","0"
"19_79_8_1","0"
"19_79_8_2","0"
"19_79_8_3","9_87_10_0"
"19_79_8_4","9_87_10_0"
"21_78_8_0","0"
"21_78_8_1","0"
"21_78_8_2","10_87_10_0 + 10_87_10_4 + 10_87_10_5"
"21_78_8_3","10_87_10_0 + 10_87_10_4"
"21_78_8_4","10_87_10_0"
"23_77_8_0","11_87_10_0"
"23_77_8_1","11_87_10_0"
"23_77_8_2","0"
"23_77_8_3","0"
"25_76_8_0","12_87_10_0 + 12_87_10_2"
"25_76_8_1","12_87_10_0 + 12_87_10_2 + 12_87_10_3"
"25_76_8_2","12_87_10_0"
"25_76_8_3","12_87_10_2 + 12_87_10_4"
"29_74_8_0","14_87_10_5"
"29_74_8_1","14_87_10_4"
"33_72_8_0","16_87_10_6"
"33_72_8_1","16_87_10_4 + 16_87_10_5"
"33_72_8_2","16_87_10_5"
"33_72_8_3","16_87_10_5 + 16_87_10_6 + 16_87_10_7"
"35_71_8","17_87_10_1"
"39_69_8_0","19_87_10_0"
"39_69_8_1","0"
"41_68_8_0","20_87_10_1"
"41_68_8_1","20_87_10_1 + 20_87_10_4"
"41_68_8_2","20_87_10_1 + 20_87_10_5"
"49_64_8_0","24_87_10_2"
"49_64_8_1","24_87_10_2 + 24_87_10_5"
"49_64_8_2","24_87_10_1 + 24_87_10_5"
"49_64_8_3","24_87_10_2 + 24_87_10_4"
"53_62_8_0","26_87_10_1"
"53_62_8_1","26_87_10_1"
"53_62_8_2","26_87_10_1 + 26_87_10_2"
"57_60_8","28_87_10_1"
"69_54_8","34_87_10_3"
"73_52_8","36_87_10_2"
"81_48_8","40_87_10_3"
"83_47_8_0","41_87_10_2"
"83_47_8_1","41_87_10_3"
"85_46_8","42_87_10_1"
"97_40_8","48_87_10_1"
"101_38_8","50_87_10_1"
"109_34_8","54_87_10_2"
"113_32_8","56_87_10_2"
"115_31_8_0","57_87_10_1"
"115_31_8_1","57_87_10_1"
"117_30_8","58_87_10_1"
"121_28_8","60_87_10_1"
"125_26_8","62_87_10_1"
"133_22_8","66_87_10_1"
"177_0_8","88_87_10_1"
"5_86_9","2_87_11"
"9_84_9_0","0"
"9_84_9_1","4_87_11_0 + 4_87_11_1"
"9_84_9_2","4_87_11_0 + 4_87_11_2"
"9_84_9_3","4_87_11_2 + 4_87_11_3"
"9_84_9_4","4_87_11_0"
"13_82_9_0","0"
"13_82_9_1","6_87_11_5"
"13_82_9_2","6_87_11_4"
"17_80_9_0","8_87_11_1"
"17_80_9_1","8_87_11_4 + 8_87_11_5 + 8_87_11_7 + 8_87_11_8"
"17_80_9_2","8_87_11_4 + 8_87_11_5 + 8_87_11_7 + 8_87_11_9"
"17_80_9_3","8_87_11_4 + 8_87_11_5 + 8_87_11_7 + 8_87_11_8 + 8_87_11_9"
"17_80_9_4","8_87_11_4"
"17_80_9_5","8_87_11_4 + 8_87_11_5"
"19_79_9_0","0"
"19_79_9_1","9_87_11_1"
"21_78_9_0","10_87_11_2"
"21_78_9_1","0"
"25_76_9_0","0"
"25_76_9_1","12_87_11_5"
"25_76_9_2","12_87_11_4 + 12_87_11_5"
"27_75_9_0","0"
"27_75_9_1","13_87_11_2"
"27_75_9_2","0"
"27_75_9_3","13_87_11_4"
"29_74_9_0","14_87_11_3 + 14_87_11_4 + 14_87_11_5"
"29_74_9_1","14_87_11_3 + 14_87_11_5"
"29_74_9_2","14_87_11_3"
"33_72_9_0","16_87_11_1"
"33_72_9_1","16_87_11_2"
"35_71_9_0","17_87_11_0"
"35_71_9_1","17_87_11_0 + 17_87_11_1"
"41_68_9_0","20_87_11_1"
"41_68_9_1","20_87_11_2"
"43_67_9_0","21_87_11_1"
"43_67_9_1","21_87_11_0"
"43_67_9_2","0"
"49_64_9_0","24_87_11_2"
"49_64_9_1","24_87_11_1"
"53_62_9","26_87_11_1"
"57_60_9_0","0"
"57_60_9_1","28_87_11_2"
"65_56_9","32_87_11_2"
"69_54_9","34_87_11_4"
"75_51_9","37_87_11_2"
"81_48_9_0","40_87_11_1 + 40_87_11_2"
"81_48_9_1","40_87_11_2"
"93_42_9","46_87_11_1"
"99_39_9","49_87_11_1"
"109_34_9","54_87_11_2"
"113_32_9","56_87_11_1"
"117_30_9","58_87_11_1"
"121_28_9","60_87_11_1"
"131_23_9_0","65_87_11_1"
"131_23_9_1","0"
"133_22_9","66_87_11_1"
"177_0_9","88_87_11_1"
"5_86_10_0","0"
"5_86_10_1","2_87_12_0 + 2_87_12_1"
"5_86_10_2","2_87_12_1"
"9_84_10_0","0"
"9_84_10_1","4_87_12_0 + 4_87_12_4"
"9_84_10_2","4_87_12_0 + 4_87_12_3 + 4_87_12_4"
"9_84_10_3","4_87_12_0"
"11_83_10_0","0"
"11_83_10_1","0"
"11_83_10_2","5_87_12_2"
"11_83_10_3","0"
"11_83_10_4","0"
"13_82_10_0","6_87_12_4"
"13_82_10_1","6_87_12_2"
"13_82_10_2","6_87_12_2 + 6_87_12_3 + 6_87_12_4 + 6_87_12_5"
"13_82_10_3","6_87_12_2 + 6_87_12_3"
"17_80_10_0","8_87_12_0 + 8_87_12_5"
"17_80_10_1","8_87_12_5"
"17_80_10_2","8_87_12_3 + 8_87_12_5"
"17_80_10_3","8_87_12_0 + 8_87_12_4"
"21_78_10_0","10_87_12_1"
"21_78_10_1","0"
"21_78_10_2","10_87_12_1 + 10_87_12_2"
"25_76_10_0","12_87_12_0"
"25_76_10_1","12_87_12_1"
"25_76_10_2","12_87_12_1 + 12_87_12_3"
"25_76_10_3","12_87_12_1 + 12_87_12_3 + 12_87_12_4"
"29_74_10_0","14_87_12_2"
"29_74_10_1","14_87_12_0"
"33_72_10_0","16_87_12_1 + 16_87_12_2"
"33_72_10_1","16_87_12_1"
"39_69_10","19_87_12"
"41_68_10_0","0"
"41_68_10_1","20_87_12_0"
"41_68_10_2","20_87_12_1"
"45_66_10_0","22_87_12_2"
"45_66_10_1","22_87_12_1 + 22_87_12_2"
"45_66_10_2","22_87_12_2 + 22_87_12_3"
"49_64_10_0","0"
"49_64_10_1","24_87_12_1"
"49_64_10_2","24_87_12_1 + 24_87_12_2"
"53_62_10_0","0"
"53_62_10_1","26_87_12_1 + 26_87_12_2"
"53_62_10_2","26_87_12_1"
"57_60_10","28_87_12_2"
"59_59_10","29_87_12_2"
"65_56_10_0","32_87_12_1"
"65_56_10_1","32_87_12_3"
"69_54_10_0","0"
"69_54_10_1","34_87_12_2"
"71_53_10","35_87_12_1"
"77_50_10","38_87_12_1"
"89_44_10","44_87_12_1"
"97_40_10","48_87_12_1"
"109_34_10","54_87_12_1"
"117_30_10","58_87_12_1"
"129_24_10","64_87_12_1"
"133_22_10","66_87_12_1"
"177_0_10","88_87_12_1"
"9_84_11_0","4_87_13_0 + 4_87_13_2 + 4_87_13_3"
"9_84_11_1","4_87_13_0"
"9_84_11_2","4_87_13_0 + 4_87_13_1 + 4_87_13_2 + 4_87_13_3 + 4_87_13_5"
"9_84_11_3","4_87_13_3 + 4_87_13_5"
"9_84_11_4","4_87_13_2 + 4_87_13_4"
"9_84_11_5","4_87_13_1 + 4_87_13_4 + 4_87_13_5"
"13_82_11_0","0"
"13_82_11_1","6_87_13_0"
"13_82_11_2","6_87_13_0"
"17_80_11","8_87_13_1"
"19_79_11_0","0"
"19_79_11_1","9_87_13_1"
"21_78_11_0","0"
"21_78_11_1","10_87_13_2"
"25_76_11","12_87_13_3"
"29_74_11_0","14_87_13_3"
"29_74_11_1","14_87_13_3 + 14_87_13_4"
"33_72_11_0","16_87_13_3"
"33_72_11_1","16_87_13_4"
"35_71_11_0","17_87_13_2"
"35_71_11_1","0"
"37_70_11","18_87_13_2"
"41_68_11_0","20_87_13_2"
"41_68_11_1","20_87_13_2 + 20_87_13_3"
"45_66_11_0","0"
"45_66_11_1","22_87_13_2 + 22_87_13_3"
"45_66_11_2","22_87_13_2"
"53_62_11_0","26_87_13_3"
"53_62_11_1","26_87_13_4"
"57_60_11_0","28_87_13_2"
"57_60_11_1","28_87_13_3"
"65_56_11","32_87_13_4"
"67_55_11","33_87_13_2"
"69_54_11_0","34_87_13_2"
"69_54_11_1","34_87_13_2 + 34_87_13_3"
"73_52_11","36_87_13_2"
"85_46_11","42_87_13_2"
"97_40_11","48_87_13_3"
"103_37_11","51_87_13_2"
"109_34_11","54_87_13_2"
"129_24_11","64_87_13_2"
"177_0_11","88_87_13_2"
"117_31_1","58_88_3"
"149_15_1","74_88_3"
"165_7_1","82_88_3"
"173_3_1","86_88_3"
"177_1_1","88_88_3"
"55_62_2","27_88_4"
"103_38_2","51_88_4_0"
"115_32_2","57_88_4_1"
"117_31_2","58_88_4_1"
"119_30_2","59_88_4"
"147_16_2","73_88_4_1"
"149_15_2","74_88_4_1"
"163_8_2","81_88_4_1"
"165_7_2","82_88_4_1"
"167_6_2","83_88_4"
"173_3_2","86_88_4"
"49_65_3_0","24_88_5_1 + 24_88_5_2"
"49_65_3_1","24_88_5_2"
"53_63_3","26_88_5"
"57_61_3","28_88_5"
"89_45_3","44_88_5_2"
"97_41_3","48_88_5_2"
"101_39_3","50_88_5_0"
"113_33_3","56_88_5_1"
"117_31_3_0","58_88_5_0"
"117_31_3_1","58_88_5_1"
"145_17_3","72_88_5_0"
"149_15_3","74_88_5_1"
"161_9_3","80_88_5_0"
"163_8_3","81_88_5"
"165_7_3","82_88_5"
"19_80_4","9_88_6"
"35_72_4_0","17_88_6_0"
"35_72_4_1","17_88_6_2"
"41_69_4","20_88_6_2"
"43_68_4","21_88_6_0"
"49_65_4_0","24_88_6_2"
"49_65_4_1","24_88_6_3"
"51_64_4_0","25_88_6_0"
"51_64_4_1","25_88_6_1"
"57_61_4","28_88_6"
"89_45_4","44_88_6_2"
"91_44_4","45_88_6_3"
"97_41_4","48_88_6_3"
"99_40_4_0","49_88_6_2"
"99_40_4_1","49_88_6_0"
"103_38_4_0","51_88_6"
"103_38_4_1","51_88_6"
"113_33_4","56_88_6_1"
"115_32_4","57_88_6"
"117_31_4","58_88_6"
"139_20_4","69_88_6"
"145_17_4","72_88_6_1"
"149_15_4","74_88_6_1"
"151_14_4","75_88_6"
"161_9_4","80_88_6_0"
"165_7_4","82_88_6"
"17_81_5_0","8_88_7_0"
"17_81_5_1","8_88_7_0 + 8_88_7_1"
"25_77_5_0","12_88_7_0"
"25_77_5_1","12_88_7_2"
"27_76_5_0","13_88_7_2"
"27_76_5_1","13_88_7_1"
"29_75_5_0","14_88_7_2"
"29_75_5_1","14_88_7_1"
"33_73_5","16_88_7"
"37_71_5_0","0"
"37_71_5_1","18_88_7_0"
"41_69_5_0","20_88_7_2"
"41_69_5_1","20_88_7_1"
"45_67_5_0","22_88_7_3"
"45_67_5_1","22_88_7_2"
"49_65_5_0","24_88_7_0"
"49_65_5_1","24_88_7_0 + 24_88_7_2 + 24_88_7_3"
"49_65_5_2","24_88_7_2"
"51_64_5_0","25_88_7_0"
"51_64_5_1","0"
"55_62_5_0","0"
"55_62_5_1","27_88_7"
"55_62_5_2","0"
"77_51_5","38_88_7_2"
"81_49_5","40_88_7_3"
"83_48_5","41_88_7_1"
"85_47_5","42_88_7_2"
"89_45_5_0","44_88_7_1"
"89_45_5_1","44_88_7_2"
"97_41_5","48_88_7"
"105_37_5","52_88_7_1"
"113_33_5","56_88_7_0"
"117_31_5_0","58_88_7_0"
"117_31_5_1","58_88_7_1"
"133_23_5","66_88_7"
"145_17_5","72_88_7_1"
"149_15_5_0","74_88_7_0"
"149_15_5_1","74_88_7_1"
"157_11_5","78_88_7"
"161_9_5","80_88_7"
"11_84_6","5_88_8"
"13_83_6_0","6_88_8_0"
"13_83_6_1","6_88_8_0 + 6_88_8_1"
"13_83_6_2","6_88_8_1 + 6_88_8_2"
"19_80_6_0","9_88_8_0"
"19_80_6_1","9_88_8_0 + 9_88_8_2"
"19_80_6_2","9_88_8_0 + 9_88_8_2"
"21_79_6_0","10_88_8_0"
"21_79_6_1","10_88_8_3"
"21_79_6_2","10_88_8_0 + 10_88_8_2 + 10_88_8_3"
"23_78_6","11_88_8_0"
"25_77_6_0","12_88_8_2"
"25_77_6_1","12_88_8_0 + 12_88_8_2"
"25_77_6_2","12_88_8_1 + 12_88_8_2"
"27_76_6_0","0"
"27_76_6_1","13_88_8_1"
"27_76_6_2","13_88_8_0"
"37_71_6_0","0"
"37_71_6_1","18_88_8_4"
"37_71_6_2","18_88_8_5"
"39_70_6_0","19_88_8_2"
"39_70_6_1","0"
"41_69_6_0","20_88_8_3"
"41_69_6_1","20_88_8_4"
"41_69_6_2","20_88_8_5"
"43_68_6_0","21_88_8_2"
"43_68_6_1","0"
"45_67_6_0","0"
"45_67_6_1","22_88_8_3"
"45_67_6_2","22_88_8_4"
"49_65_6_0","24_88_8_2"
"49_65_6_1","24_88_8_3"
"55_62_6_0","27_88_8_2"
"55_62_6_1","0"
"57_61_6_0","28_88_8_2"
"57_61_6_1","28_88_8_3"
"77_51_6","38_88_8_5"
"81_49_6","40_88_8_3"
"85_47_6","42_88_8_3"
"89_45_6","44_88_8_4"
"99_40_6_0","0"
"99_40_6_1","49_88_8_4"
"103_38_6_0","0"
"103_38_6_1","51_88_8_3"
"105_37_6","52_88_8_3"
"107_36_6","53_88_8_3"
"115_32_6","57_88_8_3"
"117_31_6","58_88_8_3"
"119_30_6","59_88_8_2"
"145_17_6","72_88_8_3"
"147_16_6","73_88_8_2"
"149_15_6","74_88_8_2"
"157_11_6","78_88_8_2"
"9_85_7_0","4_88_9_0"
"9_85_7_1","4_88_9_1 + 4_88_9_2"
"9_85_7_2","4_88_9_0 + 4_88_9_1"
"13_83_7_0","6_88_9_0"
"13_83_7_1","6_88_9_0 + 6_88_9_1 + 6_88_9_2"
"13_83_7_2","6_88_9_0 + 6_88_9_1 + 6_88_9_2"
"13_83_7_3","0"
"13_83_7_4","6_88_9_0 + 6_88_9_1"
"17_81_7_0","0"
"17_81_7_1","8_88_9_0"
"17_81_7_2","8_88_9_2"
"19_80_7_0","9_88_9_1"
"19_80_7_1","9_88_9_1"
"21_79_7_0","10_88_9_4 + 10_88_9_5"
"21_79_7_1","10_88_9_3"
"21_79_7_2","10_88_9_3 + 10_88_9_4 + 10_88_9_5 + 10_88_9_6"
"21_79_7_3","10_88_9_3 + 10_88_9_4"
"25_77_7_0","12_88_9_3 + 12_88_9_5"
"25_77_7_1","12_88_9_3"
"25_77_7_2","12_88_9_1"
"25_77_7_3","12_88_9_1 + 12_88_9_3 + 12_88_9_6"
"27_76_7_0","13_88_9_1"
"27_76_7_1","0"
"27_76_7_2","0"
"27_76_7_3","0"
"27_76_7_4","13_88_9_3"
"29_75_7_0","14_88_9_3 + 14_88_9_4"
"29_75_7_1","14_88_9_2 + 14_88_9_3 + 14_88_9_4"
"29_75_7_2","14_88_9_3"
"33_73_7_0","16_88_9_1"
"33_73_7_1","16_88_9_1 + 16_88_9_3 + 16_88_9_4"
"33_73_7_2","16_88_9_3"
"41_69_7","20_88_9_1"
"45_67_7_0","22_88_9_2"
"45_67_7_1","22_88_9_2 + 22_88_9_3"
"49_65_7_0","24_88_9_1"
"49_65_7_1","24_88_9_1 + 24_88_9_4"
"51_64_7_0","25_88_9_1"
"51_64_7_1","0"
"53_63_7_0","26_88_9_1"
"53_63_7_1","26_88_9_2"
"57_61_7_0","0"
"57_61_7_1","28_88_9_2"
"65_57_7","32_88_9_3"
"77_51_7","38_88_9_3"
"83_48_7_0","41_88_9_3"
"83_48_7_1","0"
"97_41_7","48_88_9_3"
"101_39_7","50_88_9_2"
"105_37_7_0","0"
"105_37_7_1","52_88_9_2"
"109_35_7","54_88_9_3"
"113_33_7","56_88_9_2"
"117_31_7","58_88_9_2"
"121_29_7","60_88_9_2"
"133_23_7","66_88_9_3"
"145_17_7","72_88_9_2"
"147_16_7","73_88_9_2"
"149_15_7","74_88_9_2"
"9_85_8_0","4_88_10_0 + 4_88_10_1"
"9_85_8_1","4_88_10_0"
"9_85_8_2","4_88_10_1 + 4_88_10_2"
"11_84_8_0","0"
"11_84_8_1","5_88_10_1"
"11_84_8_2","5_88_10_0"
"11_84_8_3","0"
"13_83_8_0","0"
"13_83_8_1","6_88_10_1 + 6_88_10_2"
"13_83_8_2","6_88_10_2"
"17_81_8_0","8_88_10_0"
"17_81_8_1","8_88_10_0 + 8_88_10_4 + 8_88_10_5 + 8_88_10_6"
"17_81_8_2","8_88_10_0 + 8_88_10_1"
"17_81_8_3","8_88_10_0 + 8_88_10_4"
"17_81_8_4","8_88_10_1 + 8_88_10_6"
"17_81_8_5","8_88_10_4 + 8_88_10_6 + 8_88_10_7"
"19_80_8_0","9_88_10_0"
"19_80_8_1","9_88_10_0"
"19_80_8_2","9_88_10_0"
"21_79_8_0","10_88_10_2"
"21_79_8_1","0"
"25_77_8_0","12_88_10_0"
"25_77_8_1","12_88_10_0 + 12_88_10_3"
"25_77_8_2","12_88_10_2"
"27_76_8_0","0"
"27_76_8_1","0"
"27_76_8_2","0"
"27_76_8_3","13_88_10_1"
"29_75_8_0","14_88_10_0"
"29_75_8_1","14_88_10_0 + 14_88_10_3"
"29_75_8_2","14_88_10_1"
"29_75_8_3","14_88_10_0 + 14_88_10_1 + 14_88_10_4"
"33_73_8_0","16_88_10_1 + 16_88_10_2"
"33_73_8_1","16_88_10_2"
"35_72_8_0","0"
"35_72_8_1","17_88_10"
"35_72_8_2","0"
"41_69_8_0","20_88_10_0 + 20_88_10_1"
"41_69_8_1","20_88_10_0"
"43_68_8_0","0"
"43_68_8_1","21_88_10"
"43_68_8_2","0"
"45_67_8_0","0"
"45_67_8_1","22_88_10"
"49_65_8","24_88_10_0"
"53_63_8_0","26_88_10_1"
"53_63_8_1","26_88_10_2"
"55_62_8_0","27_88_10_0"
"55_62_8_1","27_88_10_0"
"55_62_8_2","27_88_10_0"
"65_57_8_0","32_88_10_3"
"65_57_8_1","32_88_10_3 + 32_88_10_4"
"71_54_8","35_88_10_2"
"77_51_8","38_88_10_2"
"87_46_8","43_88_10_1"
"99_40_8","49_88_10_1"
"105_37_8_0","52_88_10_1"
"105_37_8_1","52_88_10_1 + 52_88_10_2"
"109_35_8","54_88_10_1"
"117_31_8_0","58_88_10_1"
"117_31_8_1","58_88_10_1 + 58_88_10_2"
"121_29_8","60_88_10_1"
"129_25_8","64_88_10_2"
"133_23_8","66_88_10_2"
"135_22_8","67_88_10_1"
"145_17_8","72_88_10_1"
"149_15_8","74_88_10_1"
"5_87_9_0","2_88_11_0"
"5_87_9_1","2_88_11_0 + 2_88_11_1"
"9_85_9_0","0"
"9_85_9_1","0"
"9_85_9_2","4_88_11_0"
"9_85_9_3","4_88_11_1"
"9_85_9_4","4_88_11_3"
"9_85_9_5","4_88_11_2"
"11_84_9_0","0"
"11_84_9_1","0"
"11_84_9_2","0"
"11_84_9_3","5_88_11_0"
"11_84_9_4","0"
"13_83_9_0","6_88_11_0"
"13_83_9_1","6_88_11_0 + 6_88_11_3"
"13_83_9_2","6_88_11_2 + 6_88_11_3"
"13_83_9_3","6_88_11_2 + 6_88_11_3"
"13_83_9_4","6_88_11_0 + 6_88_11_2 + 6_88_11_3 + 6_88_11_4"
"17_81_9_0","8_88_11_0 + 8_88_11_2"
"17_81_9_1","8_88_11_0"
"17_81_9_2","8_88_11_3"
"17_81_9_3","8_88_11_2 + 8_88_11_4"
"19_80_9_0","9_88_11_0"
"19_80_9_1","0"
"19_80_9_2","0"
"19_80_9_3","0"
"21_79_9_0","0"
"21_79_9_1","10_88_11_2"
"25_77_9_0","0"
"25_77_9_1","12_88_11_0"
"25_77_9_2","12_88_11_3"
"25_77_9_3","12_88_11_4"
"27_76_9_0","0"
"27_76_9_1","13_88_11_0"
"27_76_9_2","13_88_11_2"
"29_75_9_0","0"
"29_75_9_1","14_88_11_1 + 14_88_11_2"
"29_75_9_2","14_88_11_1"
"33_73_9_0","16_88_11_0"
"33_73_9_1","16_88_11_0 + 16_88_11_1"
"37_71_9_0","18_88_11"
"37_71_9_1","0"
"41_69_9_0","0"
"41_69_9_1","20_88_11"
"45_67_9_0","0"
"45_67_9_1","22_88_11_1 + 22_88_11_2"
"45_67_9_2","22_88_11_1"
"49_65_9_0","24_88_11_0"
"49_65_9_1","24_88_11_0"
"53_63_9_0","0"
"53_63_9_1","0"
"53_63_9_2","26_88_11_2"
"57_61_9","28_88_11_4"
"59_60_9_0","0"
"59_60_9_1","29_88_11_0"
"65_57_9_0","32_88_11_3"
"65_57_9_1","32_88_11_1"
"67_56_9","33_88_11_1"
"73_53_9","36_88_11_1"
"89_45_9","44_88_11_1"
"101_39_9","50_88_11_1"
"105_37_9","52_88_11_1"
"117_31_9_0","58_88_11_1"
"117_31_9_1","58_88_11_1 + 58_88_11_2"
"129_25_9","64_88_11_2"
"133_23_9_0","66_88_11_1"
"133_23_9_1","66_88_11_1 + 66_88_11_2"
"141_19_9","70_88_11_1"
"145_17_9","72_88_11_1"
"9_85_10_0","0"
"9_85_10_1","4_88_12_0 + 4_88_12_1"
"9_85_10_2","4_88_12_2"
"9_85_10_3","4_88_12_0 + 4_88_12_1 + 4_88_12_4"
"9_85_10_4","4_88_12_0 + 4_88_12_3 + 4_88_12_4"
"9_85_10_5","4_88_12_0"
"11_84_10_0","5_88_12_0 + 5_88_12_1"
"11_84_10_1","0"
"11_84_10_2","5_88_12_0"
"13_83_10_0","0"
"13_83_10_1","0"
"13_83_10_2","0"
"13_83_10_3","6_88_12_1"
"13_83_10_4","6_88_12_0"
"17_81_10_0","0"
"17_81_10_1","8_88_12_3"
"17_81_10_2","8_88_12_3 + 8_88_12_4"
"19_80_10_0","0"
"19_80_10_1","9_88_12_1"
"21_79_10_0","0"
"21_79_10_1","10_88_12_2"
"23_78_10_0","11_88_12_0"
"23_78_10_1","0"
"23_78_10_2","11_88_12_0"
"25_77_10_0","12_88_12_1"
"25_77_10_1","12_88_12_2"
"29_75_10_0","14_88_12_3 + 14_88_12_4 + 14_88_12_5"
"29_75_10_1","14_88_12_3 + 14_88_12_4"
"29_75_10_2","14_88_12_3 + 14_88_12_5"
"33_73_10","16_88_12_3"
"37_71_10_0","18_88_12_1"
"37_71_10_1","18_88_12_1 + 18_88_12_3"
"41_69_10","20_88_12_2"
"45_67_10","22_88_12_3"
"49_65_10","24_88_12_5"
"51_64_10_0","0"
"51_64_10_1","25_88_12_5"
"53_63_10_0","26_88_12_5 + 26_88_12_6"
"53_63_10_1","26_88_12_5"
"55_62_10_0","0"
"55_62_10_1","27_88_12_4"
"55_62_10_2","0"
"57_61_10","28_88_12_5"
"61_59_10","30_88_12_6"
"65_57_10","32_88_12_4"
"67_56_10_0","33_88_12_4"
"67_56_10_1","33_88_12_5"
"71_54_10_0","0"
"71_54_10_1","35_88_12_3"
"73_53_10","36_88_12_3"
"85_47_10","42_88_12_3"
"97_41_10","48_88_12_4"
"99_40_10","49_88_12_3"
"117_31_10_0","0"
"117_31_10_1","58_88_12_3"
"129_25_10","64_88_12_4"
"131_24_10","65_88_12_3"
"133_23_10","66_88_12_3"
"141_19_10","70_88_12_3"
"119_31_1","59_89_3"
"151_15_1","75_89_3"
"167_7_1","83_89_3"
"179_1_1","89_89_3"
"181_0_1","90_89_3"
"57_62_2","28_89_4"
"61_60_2","30_89_4"
"105_38_2","52_89_4"
"113_34_2","56_89_4_1"
"117_32_2","58_89_4"
"121_30_2","60_89_4"
"145_18_2","72_89_4_2"
"149_16_2","74_89_4_0"
"153_14_2","76_89_4_1"
"165_8_2","82_89_4"
"177_2_2","88_89_4"
"181_0_2","90_89_4"
"51_65_3_0","25_89_5_0"
"51_65_3_1","25_89_5_1"
"57_62_3","28_89_5_0"
"59_61_3","29_89_5"
"91_45_3","45_89_5_0"
"99_41_3","49_89_5"
"105_38_3","52_89_5_1"
"113_34_3","56_89_5_1"
"115_33_3","57_89_5"
"121_30_3","60_89_5"
"145_18_3","72_89_5_2"
"147_17_3","73_89_5_0"
"153_14_3","76_89_5_1"
"163_9_3","81_89_5"
"181_0_3","90_89_5"
"25_78_4","12_89_6"
"37_72_4","18_89_6"
"41_70_4_0","20_89_6_0"
"41_70_4_1","20_89_6_0 + 20_89_6_1"
"43_69_4","21_89_6"
"45_68_4","22_89_6_0"
"49_66_4_0","24_89_6_0"
"49_66_4_1","24_89_6_1"
"57_62_4_0","28_89_6_1"
"57_62_4_1","28_89_6_0"
"59_61_4_0","29_89_6"
"59_61_4_1","0"
"81_50_4","40_89_6_0"
"85_48_4","42_89_6"
"93_44_4","46_89_6"
"101_40_4_0","50_89_6_0"
"101_40_4_1","0"
"105_38_4_0","52_89_6_1"
"105_38_4_1","52_89_6_1 + 52_89_6_2"
"113_34_4","56_89_6_0"
"117_32_4","58_89_6"
"121_30_4","60_89_6"
"141_20_4","70_89_6_2"
"145_18_4_0","72_89_6_0 + 72_89_6_2"
"145_18_4_1","72_89_6_0"
"147_17_4","73_89_6"
"153_14_4","76_89_6"
"181_0_4","90_89_6"
"21_80_5","10_89_7_2"
"27_77_5","13_89_7_0"
"29_76_5_0","14_89_7_1"
"29_76_5_1","14_89_7_0 + 14_89_7_1"
"37_72_5","18_89_7_3"
"39_71_5_0","0"
"39_71_5_1","19_89_7_1"
"41_70_5","20_89_7_2"
"43_69_5_0","0"
"43_69_5_1","21_89_7_2"
"45_68_5_0","22_89_7_0"
"45_68_5_1","22_89_7_2"
"47_67_5_0","23_89_7_0"
"47_67_5_1","23_89_7_0"
"47_67_5_2","0"
"51_65_5_0","0"
"51_65_5_1","25_89_7_1"
"53_64_5_0","26_89_7_0"
"53_64_5_1","26_89_7_2"
"57_62_5_0","28_89_7_1"
"57_62_5_1","28_89_7_1 + 28_89_7_2"
"57_62_5_2","28_89_7_2 + 28_89_7_3"
"77_52_5","38_89_7_2"
"83_49_5","41_89_7_2"
"85_48_5","42_89_7_3"
"91_45_5_0","45_89_7_2"
"91_45_5_1","45_89_7_3"
"93_44_5","46_89_7_2"
"101_40_5_0","50_89_7_3"
"101_40_5_1","0"
"105_38_5","52_89_7_2"
"107_37_5","53_89_7_2"
"119_31_5_0","59_89_7_2"
"119_31_5_1","0"
"121_30_5","60_89_7_1"
"135_23_5","67_89_7_1"
"141_20_5","70_89_7_2"
"145_18_5","72_89_7_1"
"153_14_5","76_89_7_1"
"163_9_5","81_89_7_1"
"181_0_5","90_89_7_1"
"13_84_6","6_89_8"
"17_82_6_0","8_89_8_2"
"17_82_6_1","8_89_8_2 + 8_89_8_5 + 8_89_8_6"
"17_82_6_2","8_89_8_4 + 8_89_8_5"
"17_82_6_3","8_89_8_3 + 8_89_8_4 + 8_89_8_5 + 8_89_8_6"
"17_82_6_4","8_89_8_2 + 8_89_8_4 + 8_89_8_5 + 8_89_8_6"
"21_80_6_0","10_89_8_0"
"21_80_6_1","10_89_8_0 + 10_89_8_3"
"25_78_6","12_89_8_2"
"27_77_6_0","13_89_8_2"
"27_77_6_1","13_89_8_0 + 13_89_8_2"
"27_77_6_2","13_89_8_2 + 13_89_8_3"
"29_76_6_0","14_89_8_2"
"29_76_6_1","14_89_8_4"
"29_76_6_2","14_89_8_3"
"33_74_6_0","16_89_8_0"
"33_74_6_1","16_89_8_0 + 16_89_8_1"
"39_71_6_0","0"
"39_71_6_1","0"
"39_71_6_2","0"
"39_71_6_3","19_89_8_0"
"41_70_6_0","20_89_8_1"
"41_70_6_1","20_89_8_2"
"43_69_6_0","21_89_8_1"
"43_69_6_1","0"
"43_69_6_2","0"
"45_68_6_0","0"
"45_68_6_1","22_89_8_1"
"49_66_6_0","24_89_8_4"
"49_66_6_1","24_89_8_1"
"51_65_6","25_89_8_1"
"53_64_6","26_89_8_3"
"57_62_6_0","28_89_8_1"
"57_62_6_1","28_89_8_3"
"59_61_6_0","29_89_8_1"
"59_61_6_1","29_89_8_0"
"65_58_6","32_89_8_2"
"73_54_6","36_89_8_2"
"81_50_6","40_89_8_2"
"85_48_6","42_89_8_2"
"89_46_6","44_89_8_2"
"93_44_6","46_89_8_2"
"97_42_6","48_89_8_3"
"101_40_6_0","0"
"101_40_6_1","50_89_8_2"
"105_38_6_0","0"
"105_38_6_1","52_89_8_2"
"113_34_6","56_89_8_2"
"117_32_6","58_89_8_1"
"121_30_6","60_89_8_2"
"129_26_6","64_89_8_1"
"141_20_6","70_89_8_1"
"161_10_6","80_89_8_1"
"181_0_6","90_89_8_1"
"9_86_7_0","4_89_9_0"
"9_86_7_1","4_89_9_0 + 4_89_9_1"
"11_85_7_0","5_89_9"
"11_85_7_1","5_89_9"
"13_84_7","6_89_9_0"
"17_82_7_0","0"
"17_82_7_1","8_89_9_2 + 8_89_9_3"
"17_82_7_2","8_89_9_2"
"17_82_7_3","8_89_9_2 + 8_89_9_3 + 8_89_9_4"
"19_81_7_0","0"
"19_81_7_1","9_89_9_3"
"19_81_7_2","0"
"19_81_7_3","9_89_9_2"
"19_81_7_4","0"
"21_80_7","10_89_9_3"
"23_79_7_0","11_89_9_0"
"23_79_7_1","0"
"23_79_7_2","0"
"25_78_7_0","12_89_9_2 + 12_89_9_5"
"25_78_7_1","12_89_9_0"
"25_78_7_2","12_89_9_0 + 12_89_9_2"
"25_78_7_3","12_89_9_0 + 12_89_9_4"
"27_77_7_0","0"
"27_77_7_1","13_89_9_2 + 13_89_9_3"
"27_77_7_2","13_89_9_2"
"29_76_7_0","0"
"29_76_7_1","14_89_9_0"
"29_76_7_2","14_89_9_0 + 14_89_9_1 + 14_89_9_2 + 14_89_9_3"
"29_76_7_3","14_89_9_2"
"29_76_7_4","14_89_9_1 + 14_89_9_2"
"37_72_7","18_89_9_2"
"41_70_7_0","20_89_9_2"
"41_70_7_1","0"
"45_68_7_0","0"
"45_68_7_1","22_89_9_4"
"45_68_7_2","22_89_9_2"
"45_68_7_3","22_89_9_4 + 22_89_9_5"
"49_66_7_0","24_89_9_2"
"49_66_7_1","24_89_9_4"
"51_65_7_0","25_89_9_0"
"51_65_7_1","25_89_9_0"
"53_64_7_0","26_89_9_2 + 26_89_9_3"
"53_64_7_1","26_89_9_3"
"55_63_7_0","27_89_9_0 + 27_89_9_1"
"55_63_7_1","27_89_9_1"
"55_63_7_2","27_89_9_1"
"57_62_7","28_89_9_1"
"61_60_7","30_89_9_3"
"65_58_7","32_89_9_3"
"67_57_7","33_89_9_2"
"85_48_7_0","42_89_9_2 + 42_89_9_3"
"85_48_7_1","42_89_9_2"
"89_46_7","44_89_9_2"
"97_42_7","48_89_9_3"
"99_41_7","49_89_9_2"
"105_38_7","52_89_9_2"
"115_33_7","57_89_9_1"
"117_32_7","58_89_9_2"
"121_30_7","60_89_9_2"
"123_29_7","61_89_9_1"
"129_26_7","64_89_9_2"
"135_23_7","67_89_9_1"
"181_0_7","90_89_9_1"
"5_88_8","2_89_10"
"9_86_8_0","0"
"9_86_8_1","4_89_10_0"
"9_86_8_2","4_89_10_0 + 4_89_10_1"
"9_86_8_3","4_89_10_2"
"11_85_8_0","0"
"11_85_8_1","0"
"11_85_8_2","0"
"11_85_8_3","5_89_10_0"
"13_84_8_0","0"
"13_84_8_1","6_89_10_2"
"13_84_8_2","0"
"13_84_8_3","6_89_10_3"
"13_84_8_4","0"
"13_84_8_5","6_89_10_2 + 6_89_10_4"
"17_82_8_0","8_89_10_0"
"17_82_8_1","8_89_10_0 + 8_89_10_1 + 8_89_10_2"
"17_82_8_2","8_89_10_1"
"17_82_8_3","8_89_10_0 + 8_89_10_1 + 8_89_10_5"
"17_82_8_4","8_89_10_2 + 8_89_10_3"
"17_82_8_5","8_89_10_3 + 8_89_10_4"
"19_81_8_0","0"
"19_81_8_1","0"
"19_81_8_2","0"
"19_81_8_3","0"
"19_81_8_4","9_89_10_0"
"21_80_8_0","10_89_10_2"
"21_80_8_1","10_89_10_3"
"25_78_8_0","0"
"25_78_8_1","12_89_10_2 + 12_89_10_3"
"25_78_8_2","12_89_10_3 + 12_89_10_5"
"25_78_8_3","12_89_10_2"
"25_78_8_4","12_89_10_4"
"27_77_8_0","13_89_10_1"
"27_77_8_1","13_89_10_1"
"27_77_8_2","13_89_10_0"
"27_77_8_3","13_89_10_0"
"29_76_8_0","0"
"29_76_8_1","14_89_10_2"
"29_76_8_2","0"
"33_74_8","16_89_10_3"
"37_72_8_0","18_89_10_3"
"37_72_8_1","0"
"37_72_8_2","0"
"41_70_8_0","20_89_10_2"
"41_70_8_1","20_89_10_3"
"43_69_8_0","0"
"43_69_8_1","21_89_10_2"
"45_68_8_0","22_89_10_1"
"45_68_8_1","22_89_10_3"
"45_68_8_2","22_89_10_4"
"49_66_8","24_89_10_1"
"53_64_8_0","0"
"53_64_8_1","26_89_10_3"
"53_64_8_2","26_89_10_0 + 26_89_10_3"
"57_62_8_0","28_89_10_0"
"57_62_8_1","28_89_10_0 + 28_89_10_2"
"57_62_8_2","28_89_10_0 + 28_89_10_2 + 28_89_10_4"
"61_60_8","30_89_10_2"
"65_58_8","32_89_10_1"
"73_54_8","36_89_10_1"
"85_48_8","42_89_10_2"
"89_46_8","44_89_10_1"
"97_42_8","48_89_10_1"
"101_40_8","50_89_10_1"
"105_38_8","52_89_10_1"
"113_34_8","56_89_10_2"
"117_32_8","58_89_10_2"
"119_31_8_0","59_89_10_1"
"119_31_8_1","59_89_10_1"
"121_30_8","60_89_10_1"
"125_28_8","62_89_10_2"
"129_26_8","64_89_10_2"
"131_25_8","65_89_10_1"
"137_22_8","68_89_10_1"
"181_0_8","90_89_10_1"
"9_86_9_0","4_89_11_0 + 4_89_11_1 + 4_89_11_2"
"9_86_9_1","4_89_11_0 + 4_89_11_1 + 4_89_11_2 + 4_89_11_5"
"9_86_9_2","4_89_11_0"
"9_86_9_3","4_89_11_0 + 4_89_11_2 + 4_89_11_4"
"9_86_9_4","4_89_11_0 + 4_89_11_1 + 4_89_11_2 + 4_89_11_4 + 4_89_11_5"
"9_86_9_5","4_89_11_2 + 4_89_11_3 + 4_89_11_5"
"13_84_9_0","0"
"13_84_9_1","0"
"13_84_9_2","6_89_11_0"
"13_84_9_3","6_89_11_2"
"17_82_9_0","8_89_11_2"
"17_82_9_1","8_89_11_1 + 8_89_11_2"
"17_82_9_2","8_89_11_2 + 8_89_11_4"
"17_82_9_3","8_89_11_2 + 8_89_11_4 + 8_89_11_5"
"17_82_9_4","8_89_11_1 + 8_89_11_2 + 8_89_11_4 + 8_89_11_6"
"21_80_9_0","10_89_11_0"
"21_80_9_1","10_89_11_0 + 10_89_11_3"
"23_79_9_0","0"
"23_79_9_1","11_89_11_0"
"25_78_9_0","12_89_11_1"
"25_78_9_1","0"
"27_77_9_0","0"
"27_77_9_1","13_89_11_1"
"27_77_9_2","0"
"29_76_9_0","0"
"29_76_9_1","14_89_11_2 + 14_89_11_3"
"29_76_9_2","14_89_11_3"
"33_74_9","16_89_11_2"
"37_72_9_0","0"
"37_72_9_1","18_89_11_2"
"41_70_9_0","20_89_11_2"
"41_70_9_1","20_89_11_2 + 20_89_11_3"
"43_69_9_0","0"
"43_69_9_1","21_89_11_2"
"45_68_9","22_89_11_2"
"47_67_9_0","0"
"47_67_9_1","23_89_11_0"
"51_65_9_0","25_89_11_1"
"51_65_9_1","25_89_11_1"
"53_64_9","26_89_11_3"
"57_62_9","28_89_11_1"
"59_61_9","29_89_11_2"
"61_60_9_0","30_89_11_1"
"61_60_9_1","30_89_11_3"
"73_54_9","36_89_11_2"
"75_53_9","37_89_11_1"
"91_45_9","45_89_11_1"
"97_42_9","48_89_11_1"
"113_34_9","56_89_11_2"
"117_32_9","58_89_11_1"
"121_30_9","60_89_11_2"
"125_28_9","62_89_11_2"
"129_26_9","64_89_11_1"
"137_22_9","68_89_11_1"
"147_17_9","73_89_11_1"
"181_0_9","90_89_11_1"
"121_31_1","60_90_3"
"153_15_1","76_90_3"
"169_7_1","84_90_3"
"177_3_1","88_90_3_1"
"181_1_1","90_90_3"
"59_62_2","29_90_4"
"107_38_2","53_90_4"
"115_34_2","57_90_4"
"121_31_2","60_90_4_0"
"123_30_2","61_90_4"
"147_18_2","73_90_4_0"
"153_15_2","76_90_4_1"
"155_14_2","77_90_4"
"169_7_2","84_90_4_1"
"177_3_2","88_90_4_1"
"179_2_2","89_90_4"
"41_71_3","20_90_5"
"53_65_3","26_90_5"
"57_63_3_0","28_90_5_0"
"57_63_3_1","28_90_5_0 + 28_90_5_1"
"61_61_3","30_90_5"
"93_45_3","46_90_5"
"101_41_3","50_90_5"
"105_39_3","52_90_5_0"
"109_37_3","54_90_5"
"121_31_3_0","60_90_5_0"
"121_31_3_1","60_90_5_0 + 60_90_5_1"
"141_21_3","70_90_5_0"
"145_19_3","72_90_5"
"153_15_3","76_90_5"
"169_7_3","84_90_5_1"
"177_3_3","88_90_5"
"37_73_4","18_90_6_2"
"39_72_4","19_90_6_0"
"43_70_4","21_90_6_1"
"45_69_4","22_90_6_1"
"47_68_4","23_90_6"
"51_66_4","25_90_6_0"
"53_65_4","26_90_6_1"
"57_63_4","28_90_6_1"
"61_61_4","30_90_6"
"83_50_4","41_90_6_0"
"93_45_4","46_90_6_0"
"101_41_4","50_90_6_1"
"103_40_4_0","51_90_6_0"
"103_40_4_1","0"
"105_39_4","52_90_6_0"
"107_38_4_0","53_90_6"
"107_38_4_1","53_90_6"
"117_33_4","58_90_6_1"
"119_32_4","59_90_6"
"121_31_4","60_90_6"
"137_23_4","68_90_6"
"147_18_4_0","73_90_6"
"147_18_4_1","0"
"149_17_4","74_90_6"
"153_15_4","76_90_6_0"
"155_14_4","77_90_6"
"169_7_4","84_90_6"
"17_83_5_0","8_90_7_0"
"17_83_5_1","8_90_7_0 + 8_90_7_1"
"21_81_5","10_90_7"
"25_79_5","12_90_7_0"
"33_75_5_0","16_90_7_2"
"33_75_5_1","16_90_7_0"
"33_75_5_2","16_90_7_0 + 16_90_7_2 + 16_90_7_3"
"37_73_5","18_90_7_1"
"41_71_5_0","20_90_7_0"
"41_71_5_1","20_90_7_2"
"43_70_5","21_90_7_1"
"45_69_5_0","22_90_7_2"
"45_69_5_1","22_90_7_0"
"49_67_5_0","24_90_7_1 + 24_90_7_3"
"49_67_5_1","24_90_7_1 + 24_90_7_3 + 24_90_7_5"
"49_67_5_2","24_90_7_1"
"49_67_5_3","24_90_7_1 + 24_90_7_4"
"55_64_5_0","27_90_7_0"
"55_64_5_1","0"
"57_63_5","28_90_7_1"
"59_62_5_0","29_90_7_0"
"59_62_5_1","29_90_7_1"
"59_62_5_2","0"
"81_51_5","40_90_7_1"
"85_49_5","42_90_7_1"
"87_48_5","43_90_7"
"89_47_5","44_90_7"
"93_45_5_0","0"
"93_45_5_1","46_90_7"
"105_39_5","52_90_7"
"109_37_5","54_90_7_1"
"113_35_5","56_90_7_0"
"121_31_5_0","60_90_7_0"
"121_31_5_1","60_90_7_0 + 60_90_7_1"
"137_23_5","68_90_7"
"149_17_5","74_90_7"
"153_15_5_0","76_90_7_0"
"153_15_5_1","76_90_7_1"
"161_11_5","80_90_7_1"
"165_9_5","82_90_7"
"17_83_6","8_90_8_1"
"19_82_6_0","0"
"19_82_6_1","9_90_8_1"
"19_82_6_2","9_90_8_2 + 9_90_8_3"
"19_82_6_3","9_90_8_1 + 9_90_8_4"
"19_82_6_4","9_90_8_3"
"21_81_6_0","10_90_8_3 + 10_90_8_4"
"21_81_6_1","10_90_8_4"
"25_79_6_0","12_90_8_0"
"25_79_6_1","12_90_8_0 + 12_90_8_4"
"29_77_6_0","0"
"29_77_6_1","14_90_8_0"
"33_75_6_0","16_90_8_0"
"33_75_6_1","16_90_8_0 + 16_90_8_5"
"35_74_6_0","17_90_8_0"
"35_74_6_1","17_90_8_1"
"35_74_6_2","17_90_8_1"
"37_73_6","18_90_8_4"
"39_72_6","19_90_8_2"
"41_71_6_0","20_90_8_3"
"41_71_6_1","20_90_8_5"
"43_70_6_0","0"
"43_70_6_1","21_90_8_4"
"45_69_6_0","22_90_8_1"
"45_69_6_1","22_90_8_5"
"45_69_6_2","0"
"49_67_6_0","24_90_8_2"
"49_67_6_1","24_90_8_6"
"49_67_6_2","24_90_8_2 + 24_90_8_5"
"51_66_6","25_90_8_0"
"53_65_6","26_90_8_2"
"55_64_6_0","27_90_8_1"
"55_64_6_1","0"
"57_63_6_0","28_90_8_1"
"57_63_6_1","28_90_8_1 + 28_90_8_2"
"59_62_6_0","29_90_8"
"59_62_6_1","0"
"61_61_6_0","30_90_8_0"
"61_61_6_1","30_90_8_1"
"75_54_6","37_90_8"
"81_51_6","40_90_8_1"
"83_50_6","41_90_8"
"91_46_6","45_90_8"
"93_45_6","46_90_8"
"107_38_6_0","0"
"107_38_6_1","53_90_8"
"109_37_6","54_90_8_0"
"115_34_6","57_90_8_0"
"121_31_6","60_90_8_1"
"123_30_6","61_90_8"
"149_17_6","74_90_8"
"153_15_6","76_90_8_1"
"161_11_6","80_90_8_1"
"163_10_6","81_90_8"
"9_87_7_0","4_90_9_0"
"9_87_7_1","4_90_9_1"
"13_85_7_0","6_90_9_0 + 6_90_9_2"
"13_85_7_1","6_90_9_0"
"13_85_7_2","6_90_9_0 + 6_90_9_2 + 6_90_9_3"
"13_85_7_3","0"
"17_83_7_0","8_90_9_2"
"17_83_7_1","8_90_9_0"
"17_83_7_2","8_90_9_1"
"17_83_7_3","8_90_9_0 + 8_90_9_1 + 8_90_9_2 + 8_90_9_3"
"17_83_7_4","8_90_9_1 + 8_90_9_2 + 8_90_9_6 + 8_90_9_7"
"17_83_7_5","8_90_9_0 + 8_90_9_1 + 8_90_9_3 + 8_90_9_5"
"17_83_7_6","8_90_9_0 + 8_90_9_3 + 8_90_9_5 + 8_90_9_7"
"21_81_7_0","0"
"21_81_7_1","10_90_9_2"
"21_81_7_2","10_90_9_1 + 10_90_9_2"
"25_79_7_0","12_90_9_3"
"25_79_7_1","12_90_9_3 + 12_90_9_4"
"25_79_7_2","12_90_9_1 + 12_90_9_3 + 12_90_9_4"
"27_78_7_0","0"
"27_78_7_1","13_90_9_0"
"27_78_7_2","0"
"27_78_7_3","13_90_9_0"
"29_77_7_0","14_90_9_3"
"29_77_7_1","0"
"29_77_7_2","0"
"29_77_7_3","14_90_9_2"
"33_75_7_0","16_90_9_6"
"33_75_7_1","16_90_9_5"
"33_75_7_2","16_90_9_4 + 16_90_9_5"
"37_73_7_0","18_90_9_2 + 18_90_9_4"
"37_73_7_1","18_90_9_2 + 18_90_9_5"
"37_73_7_2","18_90_9_2"
"41_71_7_0","20_90_9_2"
"41_71_7_1","20_90_9_2 + 20_90_9_3"
"41_71_7_2","20_90_9_3 + 20_90_9_5"
"47_68_7_0","0"
"47_68_7_1","23_90_9_1"
"47_68_7_2","0"
"49_67_7_0","24_90_9_1"
"49_67_7_1","24_90_9_3"
"51_66_7_0","0"
"51_66_7_1","25_90_9_2"
"51_66_7_2","0"
"53_65_7_0","26_90_9_0"
"53_65_7_1","26_90_9_2"
"55_64_7_0","27_90_9_0"
"55_64_7_1","0"
"55_64_7_2","0"
"57_63_7_0","28_90_9_0"
"57_63_7_1","28_90_9_1"
"57_63_7_2","28_90_9_1 + 28_90_9_2"
"61_61_7_0","0"
"61_61_7_1","30_90_9"
"69_57_7","34_90_9_0"
"73_55_7","36_90_9"
"87_48_7_0","43_90_9_1"
"87_48_7_1","0"
"89_47_7","44_90_9_0"
"91_46_7","45_90_9_0"
"93_45_7","46_90_9"
"109_37_7_0","0"
"109_37_7_1","54_90_9_0"
"113_35_7","56_90_9_1"
"119_32_7","59_90_9"
"121_31_7","60_90_9"
"125_29_7","62_90_9"
"137_23_7","68_90_9"
"153_15_7","76_90_9_1"
"161_11_7","80_90_9"
"5_89_8","2_90_10"
"9_87_8_0","0"
"9_87_8_1","4_90_10_0"
"11_86_8_0","0"
"11_86_8_1","5_90_10_0"
"11_86_8_2","0"
"11_86_8_3","0"
"13_85_8_0","6_90_10_0 + 6_90_10_1"
"13_85_8_1","6_90_10_0 + 6_90_10_1 + 6_90_10_2 + 6_90_10_3"
"13_85_8_2","6_90_10_1 + 6_90_10_2 + 6_90_10_3"
"13_85_8_3","6_90_10_2"
"17_83_8_0","8_90_10_3 + 8_90_10_4"
"17_83_8_1","8_90_10_5"
"17_83_8_2","8_90_10_3 + 8_90_10_5 + 8_90_10_6 + 8_90_10_7"
"17_83_8_3","8_90_10_5 + 8_90_10_7"
"17_83_8_4","8_90_10_3 + 8_90_10_5 + 8_90_10_7"
"21_81_8_0","10_90_10_1"
"21_81_8_1","10_90_10_3"
"21_81_8_2","10_90_10_3 + 10_90_10_4"
"23_80_8","11_90_10_0"
"25_79_8_0","12_90_10_2"
"25_79_8_1","0"
"29_77_8_0","0"
"29_77_8_1","14_90_10_4"
"29_77_8_2","14_90_10_3 + 14_90_10_4"
"33_75_8_0","16_90_10_3"
"33_75_8_1","16_90_10_2 + 16_90_10_4"
"33_75_8_2","16_90_10_2"
"35_74_8","17_90_10_1"
"37_73_8_0","18_90_10_2"
"37_73_8_1","0"
"41_71_8","20_90_10_3"
"43_70_8_0","21_90_10_0"
"43_70_8_1","0"
"45_69_8_0","22_90_10_0 + 22_90_10_3"
"45_69_8_1","22_90_10_0"
"49_67_8","24_90_10_0"
"53_65_8","26_90_10_2"
"57_63_8_0","28_90_10_2"
"57_63_8_1","28_90_10_2 + 28_90_10_3"
"59_62_8_0","29_90_10_1"
"59_62_8_1","29_90_10_1 + 29_90_10_2"
"59_62_8_2","29_90_10_1 + 29_90_10_2"
"69_57_8_0","34_90_10_1"
"69_57_8_1","34_90_10_1 + 34_90_10_2"
"81_51_8","40_90_10_1"
"89_47_8_0","44_90_10_3"
"89_47_8_1","44_90_10_2"
"91_46_8","45_90_10_1"
"109_37_8_0","54_90_10_1"
"109_37_8_1","54_90_10_1 + 54_90_10_3"
"113_35_8","56_90_10_2"
"115_34_8","57_90_10_1"
"121_31_8_0","60_90_10_1"
"121_31_8_1","60_90_10_1 + 60_90_10_2"
"125_29_8","62_90_10_1"
"133_25_8","66_90_10_1"
"137_23_8","68_90_10_1"
"139_22_8","69_90_10_1"
"153_15_8","76_90_10_1"
"123_31_1","61_91_3"
"155_15_1","77_91_3"
"171_7_1","85_91_3"
"179_3_1","89_91_3"
"185_0_1","92_91_3"
"61_62_2","30_91_4"
"109_38_2","54_91_4"
"117_34_2","58_91_4"
"121_32_2","60_91_4"
"125_30_2","62_91_4"
"149_18_2","74_91_4"
"153_16_2","76_91_4"
"157_14_2","78_91_4"
"169_8_2","84_91_4_0"
"173_6_2","86_91_4"
"185_0_2","92_91_4"
"59_63_3","29_91_5"
"61_62_3","30_91_5"
"103_41_3","51_91_5_0"
"107_39_3","53_91_5_1"
"109_38_3","54_91_5_1"
"117_34_3","58_91_5_1"
"123_31_3_0","61_91_5"
"123_31_3_1","0"
"125_30_3","62_91_5"
"147_19_3","73_91_5_0"
"149_18_3","74_91_5_1"
"157_14_3","78_91_5"
"169_8_3","84_91_5"
"185_0_3","92_91_5"
"21_82_4","10_91_6"
"25_80_4","12_91_6"
"33_76_4","16_91_6_1"
"37_74_4","18_91_6_2"
"41_72_4_0","20_91_6_2 + 20_91_6_3"
"41_72_4_1","20_91_6_3"
"45_70_4","22_91_6_1"
"49_68_4_0","24_91_6_1"
"49_68_4_1","24_91_6_1 + 24_91_6_2"
"53_66_4","26_91_6_1"
"57_64_4_0","28_91_6_1"
"57_64_4_1","28_91_6_1 + 28_91_6_2"
"61_62_4","30_91_6_1"
"85_50_4","42_91_6_1"
"89_48_4","44_91_6_1"
"97_44_4","48_91_6_2"
"105_40_4_0","52_91_6_3"
"105_40_4_1","0"
"107_39_4","53_91_6_3"
"109_38_4_0","54_91_6_2"
"109_38_4_1","54_91_6_2 + 54_91_6_3"
"119_33_4","59_91_6_1"
"121_32_4","60_91_6_1"
"125_30_4","62_91_6_1"
"139_23_4","69_91_6_1"
"145_20_4","72_91_6_2"
"149_18_4_0","74_91_6_2"
"149_18_4_1","0"
"151_17_4","75_91_6_1"
"157_14_4","78_91_6_1"
"185_0_4","92_91_6_1"
"19_83_5_0","9_91_7_0"
"19_83_5_1","9_91_7_0 + 9_91_7_1"
"25_80_5","12_91_7_1"
"33_76_5_0","16_91_7_3 + 16_91_7_4"
"33_76_5_1","16_91_7_4"
"35_75_5_0","17_91_7_0"
"35_75_5_1","17_91_7_1"
"35_75_5_2","17_91_7_3"
"37_74_5","18_91_7_3"
"41_72_5","20_91_7_1"
"49_68_5_0","24_91_7_1"
"49_68_5_1","24_91_7_3"
"51_67_5_0","25_91_7_0"
"51_67_5_1","25_91_7_3"
"51_67_5_2","25_91_7_0 + 25_91_7_2 + 25_91_7_3"
"57_64_5_0","28_91_7_0"
"57_64_5_1","28_91_7_1"
"61_62_5_0","0"
"61_62_5_1","0"
"61_62_5_2","30_91_7"
"81_52_5","40_91_7_0"
"83_51_5","41_91_7"
"89_48_5","44_91_7_1"
"97_44_5","48_91_7_2"
"105_40_5_0","52_91_7_3"
"105_40_5_1","52_91_7_2"
"107_39_5","53_91_7_1"
"109_38_5","54_91_7_1"
"111_37_5","55_91_7_0"
"115_35_5","57_91_7_0"
"123_31_5_0","61_91_7_0"
"123_31_5_1","0"
"125_30_5","62_91_7"
"137_24_5","68_91_7"
"145_20_5","72_91_7_1"
"149_18_5","74_91_7"
"155_15_5_0","77_91_7"
"155_15_5_1","77_91_7"
"157_14_5","78_91_7"
"185_0_5","92_91_7"
"9_88_6","4_91_8"
"13_86_6","6_91_8_0"
"17_84_6_0","0"
"17_84_6_1","8_91_8_0"
"17_84_6_2","8_91_8_0 + 8_91_8_2"
"17_84_6_3","8_91_8_0 + 8_91_8_3"
"21_82_6_0","10_91_8_1"
"21_82_6_1","10_91_8_5"
"21_82_6_2","0"
"21_82_6_3","10_91_8_1 + 10_91_8_4 + 10_91_8_5"
"21_82_6_4","10_91_8_1 + 10_91_8_2 + 10_91_8_3 + 10_91_8_4 + 10_91_8_5"
"21_82_6_5","10_91_8_2 + 10_91_8_4 + 10_91_8_5"
"25_80_6_0","12_91_8_0"
"25_80_6_1","12_91_8_0 + 12_91_8_2"
"29_78_6_0","14_91_8_2"
"29_78_6_1","14_91_8_1"
"33_76_6_0","16_91_8_2 + 16_91_8_4 + 16_91_8_6"
"33_76_6_1","16_91_8_4 + 16_91_8_6 + 16_91_8_7"
"33_76_6_2","16_91_8_2 + 16_91_8_4 + 16_91_8_6 + 16_91_8_7"
"33_76_6_3","16_91_8_2 + 16_91_8_6"
"33_76_6_4","16_91_8_2 + 16_91_8_5 + 16_91_8_6 + 16_91_8_7"
"35_75_6_0","0"
"35_75_6_1","0"
"35_75_6_2","17_91_8_1"
"37_74_6_0","18_91_8_2"
"37_74_6_1","18_91_8_2 + 18_91_8_3"
"41_72_6","20_91_8_2"
"43_71_6_0","0"
"43_71_6_1","21_91_8_1"
"45_70_6_0","22_91_8_2"
"45_70_6_1","22_91_8_1"
"47_69_6_0","23_91_8_0"
"47_69_6_1","0"
"47_69_6_2","0"
"49_68_6_0","24_91_8_1"
"49_68_6_1","24_91_8_2"
"49_68_6_2","24_91_8_1 + 24_91_8_3"
"53_66_6_0","26_91_8_3"
"53_66_6_1","26_91_8_2"
"55_65_6","27_91_8_1"
"57_64_6_0","28_91_8_1"
"57_64_6_1","28_91_8_1 + 28_91_8_2"
"61_62_6_0","0"
"61_62_6_1","30_91_8_1"
"69_58_6","34_91_8_3"
"77_54_6","38_91_8_2"
"85_50_6","42_91_8_2"
"89_48_6","44_91_8_3"
"97_44_6","48_91_8_2"
"101_42_6","50_91_8_2"
"105_40_6_0","52_91_8_1"
"105_40_6_1","52_91_8_1 + 52_91_8_2"
"109_38_6_0","0"
"109_38_6_1","54_91_8_2"
"113_36_6","56_91_8_2"
"117_34_6","58_91_8_1"
"121_32_6","60_91_8_1"
"125_30_6","62_91_8_1"
"145_20_6","72_91_8_1"
"153_16_6","76_91_8_1"
"157_14_6","78_91_8_1"
"185_0_6","92_91_8_1"
"11_87_7_0","5_91_9_0 + 5_91_9_1"
"11_87_7_1","5_91_9_0"
"11_87_7_2","0"
"13_86_7_0","6_91_9_2 + 6_91_9_3"
"13_86_7_1","6_91_9_1"
"13_86_7_2","6_91_9_2"
"17_84_7_0","8_91_9_1 + 8_91_9_3"
"17_84_7_1","8_91_9_1 + 8_91_9_2"
"17_84_7_2","8_91_9_1 + 8_91_9_2 + 8_91_9_3"
"19_83_7_0","9_91_9_1"
"19_83_7_1","9_91_9_1 + 9_91_9_2"
"19_83_7_2","9_91_9_3"
"19_83_7_3","0"
"21_82_7_0","0"
"21_82_7_1","10_91_9_2 + 10_91_9_3 + 10_91_9_4"
"21_82_7_2","10_91_9_5"
"21_82_7_3","10_91_9_3 + 10_91_9_5"
"21_82_7_4","10_91_9_4 + 10_91_9_5"
"23_81_7_0","0"
"23_81_7_1","11_91_9_1"
"29_78_7_0","14_91_9_4 + 14_91_9_5"
"29_78_7_1","14_91_9_5"
"29_78_7_2","14_91_9_3 + 14_91_9_4"
"33_76_7_0","16_91_9_0"
"33_76_7_1","16_91_9_0 + 16_91_9_2 + 16_91_9_5"
"33_76_7_2","16_91_9_0 + 16_91_9_2"
"33_76_7_3","16_91_9_0 + 16_91_9_2 + 16_91_9_6"
"35_75_7_0","17_91_9_3"
"35_75_7_1","0"
"35_75_7_2","0"
"35_75_7_3","0"
"39_73_7_0","0"
"39_73_7_1","19_91_9_1"
"41_72_7","20_91_9_2"
"45_70_7_0","0"
"45_70_7_1","22_91_9_2"
"45_70_7_2","22_91_9_2 + 22_91_9_4"
"49_68_7_0","24_91_9_2"
"49_68_7_1","24_91_9_3"
"53_66_7_0","26_91_9_0"
"53_66_7_1","26_91_9_0 + 26_91_9_3 + 26_91_9_4"
"53_66_7_2","26_91_9_3"
"57_64_7_0","28_91_9_3"
"57_64_7_1","28_91_9_2"
"61_62_7","30_91_9_3"
"65_60_7","32_91_9_4"
"69_58_7","34_91_9_4"
"71_57_7","35_91_9_3"
"75_55_7","37_91_9_2"
"89_48_7_0","44_91_9_3 + 44_91_9_4"
"89_48_7_1","44_91_9_3"
"93_46_7","46_91_9_2"
"101_42_7","50_91_9_2"
"109_38_7","54_91_9_3"
"115_35_7","57_91_9_2"
"121_32_7","60_91_9_2"
"125_30_7","62_91_9_2"
"133_26_7","66_91_9_3"
"139_23_7","69_91_9_2"
"153_16_7","76_91_9_2"
"185_0_7","92_91_9_2"
"125_31_1","62_92_3"
"157_15_1","78_92_3"
"173_7_1","86_92_3"
"181_3_1","90_92_3"
"185_1_1","92_92_3"
"111_38_2","55_92_4_1"
"119_34_2","59_92_4_1"
"123_32_2","61_92_4_1"
"125_31_2","62_92_4_1"
"151_18_2","75_92_4_1"
"155_16_2","77_92_4_1"
"157_15_2","78_92_4_1"
"171_8_2","85_92_4_1"
"173_7_2","86_92_4_1"
"181_3_2","90_92_4_1"
"41_73_3","20_92_5"
"53_67_3","26_92_5_1"
"57_65_3","28_92_5_1"
"97_45_3","48_92_5_2"
"105_41_3","52_92_5_2"
"109_39_3","54_92_5_1"
"113_37_3","56_92_5_1"
"121_33_3","60_92_5_1"
"125_31_3_0","0"
"125_31_3_1","62_92_5_1"
"149_19_3","74_92_5_1"
"153_17_3","76_92_5_1"
"157_15_3","78_92_5_1"
"171_8_3","85_92_5_1"
"173_7_3","86_92_5_1"
"27_80_4","13_92_6"
"35_76_4","17_92_6_0"
"41_73_4","20_92_6_1"
"43_72_4","21_92_6"
"49_69_4","24_92_6_2"
"51_68_4_0","25_92_6_0"
"51_68_4_1","25_92_6_2"
"57_65_4","28_92_6_1"
"61_63_4","30_92_6_1"
"65_61_4","32_92_6_1"
"87_50_4","43_92_6_2"
"99_44_4","49_92_6_4"
"105_41_4","52_92_6_5"
"107_40_4_0","53_92_6_3"
"107_40_4_1","0"
"109_39_4","54_92_6_3"
"111_38_4_0","55_92_6_2"
"111_38_4_1","55_92_6_2"
"121_33_4","60_92_6_2"
"123_32_4","61_92_6_1"
"125_31_4","62_92_6_1"
"147_20_4","73_92_6_2"
"151_18_4_0","75_92_6_1"
"151_18_4_1","0"
"153_17_4","76_92_6_1"
"157_15_4","78_92_6_1"
"169_9_4","84_92_6_1"
"173_7_4","86_92_6_1"
"17_85_5_0","8_92_7_0"
"17_85_5_1","8_92_7_0 + 8_92_7_1"
"21_83_5_0","10_92_7_1 + 10_92_7_2"
"21_83_5_1","10_92_7_1"
"25_81_5","12_92_7_1"
"33_77_5_0","16_92_7_1"
"33_77_5_1","16_92_7_2"
"35_76_5_0","17_92_7_1"
"35_76_5_1","0"
"37_75_5_0","18_92_7_2"
"37_75_5_1","18_92_7_1"
"37_75_5_2","0"
"41_73_5","20_92_7_1"
"49_69_5_0","24_92_7_1 + 24_92_7_4"
"49_69_5_1","24_92_7_1"
"49_69_5_2","24_92_7_3 + 24_92_7_4"
"53_67_5_0","26_92_7_2"
"53_67_5_1","26_92_7_3"
"53_67_5_2","26_92_7_3 + 26_92_7_4"
"61_63_5","30_92_7_2"
"81_53_5","40_92_7_3"
"83_52_5","41_92_7_3"
"85_51_5","42_92_7_5"
"89_49_5","44_92_7_5"
"93_47_5","46_92_7_5"
"97_45_5_0","48_92_7_4"
"97_45_5_1","48_92_7_4 + 48_92_7_6"
"105_41_5","52_92_7_3"
"107_40_5_0","0"
"107_40_5_1","53_92_7_3"
"113_37_5","56_92_7_4"
"117_35_5","58_92_7_3"
"121_33_5","60_92_7_2"
"125_31_5_0","0"
"125_31_5_1","62_92_7_2"
"141_23_5","70_92_7_3"
"145_21_5","72_92_7_2"
"153_17_5","76_92_7_2"
"157_15_5_0","0"
"157_15_5_1","78_92_7_2"
"165_11_5","82_92_7_2"
"169_9_5","84_92_7_2"
"13_87_6","6_92_8"
"17_85_6","8_92_8_0"
"19_84_6","9_92_8_0"
"21_83_6_0","10_92_8_0"
"21_83_6_1","10_92_8_0 + 10_92_8_3"
"23_82_6_0","0"
"23_82_6_1","11_92_8_0"
"23_82_6_2","11_92_8_0 + 11_92_8_1"
"29_79_6_0","0"
"29_79_6_1","14_92_8_2"
"33_77_6","16_92_8_2"
"35_76_6_0","17_92_8_3 + 17_92_8_4"
"35_76_6_1","17_92_8_2 + 17_92_8_4"
"35_76_6_2","17_92_8_2"
"35_76_6_3","17_92_8_2"
"37_75_6_0","18_92_8_0"
"37_75_6_1","18_92_8_0 + 18_92_8_4 + 18_92_8_5 + 18_92_8_6"
"37_75_6_2","18_92_8_5 + 18_92_8_6"
"37_75_6_3","18_92_8_0 + 18_92_8_4 + 18_92_8_5"
"39_74_6","19_92_8_0"
"41_73_6","20_92_8_2"
"45_71_6_0","0"
"45_71_6_1","22_92_8_3"
"49_69_6_0","24_92_8_3"
"49_69_6_1","24_92_8_4"
"51_68_6_0","25_92_8_0"
"51_68_6_1","25_92_8_3"
"53_67_6_0","26_92_8_1"
"53_67_6_1","26_92_8_2"
"61_63_6_0","0"
"61_63_6_1","30_92_8_3"
"65_61_6_0","32_92_8_5 + 32_92_8_6"
"65_61_6_1","32_92_8_6"
"71_58_6","35_92_8_3"
"85_51_6","42_92_8_5"
"87_50_6","43_92_8_4"
"93_47_6","46_92_8_3"
"97_45_6","48_92_8_4"
"103_42_6","51_92_8_3"
"107_40_6_0","0"
"107_40_6_1","53_92_8_3"
"111_38_6_0","0"
"111_38_6_1","55_92_8_1"
"113_37_6","56_92_8_3"
"115_36_6","57_92_8_3"
"119_34_6","59_92_8_2"
"123_32_6","61_92_8_2"
"125_31_6","62_92_8_2"
"141_23_6","70_92_8_2"
"153_17_6","76_92_8_2"
"157_15_6","78_92_8_2"
"165_11_6","82_92_8_2"
"159_15_1","79_93_3_1"
"175_7_1","87_93_3_1"
"183_3_1","91_93_3_1"
"187_1_1","93_93_3_1"
"189_0_1","94_93_3_1"
"65_62_2","32_93_4_1"
"113_38_2","56_93_4_1"
"121_34_2","60_93_4_1"
"129_30_2","64_93_4_2"
"153_18_2","76_93_4_3"
"157_16_2","78_93_4_1"
"161_14_2","80_93_4_2"
"173_8_2","86_93_4_1"
"177_6_2","88_93_4_1"
"185_2_2","92_93_4_1"
"189_0_2","94_93_4_1"
"43_73_3","21_93_5"
"65_62_3","32_93_5_2"
"107_41_3","53_93_5_2"
"113_38_3","56_93_5_4"
"115_37_3","57_93_5_3"
"121_34_3","60_93_5_3"
"129_30_3","64_93_5_3"
"151_19_3","75_93_5_4"
"153_18_3","76_93_5_4"
"155_17_3","77_93_5_2"
"161_14_3","80_93_5_2"
"173_8_3","86_93_5_2"
"189_0_3","94_93_5_2"
"37_76_4","18_93_6"
"41_74_4","20_93_6"
"49_70_4","24_93_6_0"
"51_69_4","25_93_6"
"53_68_4_0","26_93_6_0"
"53_68_4_1","26_93_6_0 + 26_93_6_1"
"65_62_4","32_93_6_2"
"67_61_4","33_93_6_2"
"89_50_4","44_93_6_1"
"93_48_4","46_93_6_1"
"101_44_4","50_93_6_2"
"109_40_4_0","54_93_6_2"
"109_40_4_1","0"
"113_38_4_0","56_93_6_2"
"113_38_4_1","56_93_6_3"
"129_30_4","64_93_6_3"
"145_22_4","72_93_6_2"
"149_20_4","74_93_6_3"
"153_18_4_0","76_93_6_1 + 76_93_6_3"
"153_18_4_1","76_93_6_1"
"155_17_4","77_93_6_1"
"161_14_4","80_93_6_2"
"171_9_4","85_93_6_1"
"189_0_4","94_93_6_1"
"19_85_5","9_93_7_0"
"23_83_5","11_93_7"
"35_77_5","17_93_7_1"
"37_76_5_0","18_93_7_2"
"37_76_5_1","18_93_7_1 + 18_93_7_2"
"37_76_5_2","18_93_7_1 + 18_93_7_5"
"39_75_5_0","19_93_7_0"
"39_75_5_1","19_93_7_0 + 19_93_7_1"
"49_70_5_0","24_93_7_1"
"49_70_5_1","24_93_7_1 + 24_93_7_2"
"51_69_5_0","0"
"51_69_5_1","25_93_7_1"
"53_68_5","26_93_7_0"
"55_67_5_0","0"
"55_67_5_1","27_93_7"
"65_62_5_0","32_93_7_2"
"65_62_5_1","32_93_7_3"
"65_62_5_2","32_93_7_4"
"83_53_5","41_93_7_2"
"85_52_5","42_93_7_2"
"93_48_5","46_93_7_4"
"99_45_5_0","49_93_7_2"
"99_45_5_1","49_93_7_4"
"101_44_5","50_93_7_3"
"109_40_5_0","54_93_7_3"
"109_40_5_1","0"
"115_37_5","57_93_7_3"
"119_35_5","59_93_7_1"
"129_30_5","64_93_7_1"
"147_21_5","73_93_7_2"
"149_20_5","74_93_7_2"
"153_18_5","76_93_7_1"
"161_14_5","80_93_7_2"
"167_11_5","83_93_7_1"
"171_9_5","85_93_7_1"
"189_0_5","94_93_7_1"
"65_63_1","32_94_3"
"129_31_1","64_94_3_1"
"161_15_1","80_94_3_1"
"177_7_1","88_94_3_1"
"185_3_1","92_94_3_1"
"189_1_1","94_94_3"
"65_63_2","32_94_4_1"
"67_62_2","33_94_4_1"
"115_38_2","57_94_4_2"
"129_31_2","64_94_4_3"
"131_30_2","65_94_4_3"
"155_18_2","77_94_4_1"
"161_15_2","80_94_4_3"
"163_14_2","81_94_4_2"
"177_7_2","88_94_4_3"
"179_6_2","89_94_4_2"
"185_3_2","92_94_4_2"
"187_2_2","93_94_4_1"
"61_65_3_0","30_94_5"
"61_65_3_1","0"
"65_63_3_0","32_94_5_0"
"65_63_3_1","32_94_5_1"
"101_45_3","50_94_5"
"109_41_3","54_94_5"
"113_39_3","56_94_5_0"
"117_37_3","58_94_5"
"129_31_3_0","64_94_5_1"
"129_31_3_1","64_94_5_1 + 64_94_5_3"
"149_21_3","74_94_5_2"
"153_19_3","76_94_5_1"
"161_15_3","80_94_5_1"
"177_7_3","88_94_5_1"
"185_3_3","92_94_5"
"51_70_4","25_94_6_1"
"53_69_4","26_94_6_1"
"61_65_4","30_94_6_2"
"65_63_4","32_94_6_3"
"69_61_4","34_94_6_2"
"101_45_4","50_94_6_3"
"103_44_4","51_94_6_3"
"109_41_4","54_94_6_3"
"111_40_4_0","55_94_6_2"
"111_40_4_1","0"
"113_39_4","56_94_6_2"
"115_38_4_0","57_94_6_2"
"115_38_4_1","57_94_6_2"
"125_33_4","62_94_6_3"
"129_31_4","64_94_6_3"
"145_23_4","72_94_6_4"
"147_22_4","73_94_6_3"
"151_20_4","75_94_6_3"
"157_17_4","78_94_6_3"
"161_15_4","80_94_6_3"
"163_14_4","81_94_6_3"
"177_7_4","88_94_6_2"
"67_63_1","33_95_3"
"131_31_1","65_95_3_1"
"163_15_1","81_95_3_1"
"179_7_1","89_95_3_1"
"187_3_1","93_95_3"
"193_0_1","96_95_3"
"61_66_2","30_95_4"
"65_64_2_0","32_95_4_0"
"65_64_2_1","32_95_4_1"
"69_62_2","34_95_4"
"117_38_2","58_95_4"
"125_34_2","62_95_4"
"129_32_2","64_95_4"
"133_30_2","66_95_4"
"157_18_2","78_95_4"
"161_16_2","80_95_4"
"165_14_2","82_95_4"
"177_8_2","88_95_4_0"
"181_6_2","90_95_4"
"193_0_2","96_95_4"
"61_66_3_0","30_95_5_2"
"61_66_3_1","30_95_5_2 + 30_95_5_3"
"67_63_3_0","33_95_5_2"
"67_63_3_1","0"
"69_62_3","34_95_5_2"
"111_41_3","55_95_5_3"
"115_39_3","57_95_5_3"
"117_38_3","58_95_5_3"
"125_34_3","62_95_5_3"
"131_31_3_0","65_95_5_2"
"131_31_3_1","0"
"133_30_3","66_95_5_3"
"155_19_3","77_95_5_2"
"157_18_3","78_95_5_2"
"165_14_3","82_95_5_2"
"177_8_3","88_95_5_2"
"193_0_3","96_95_5_2"
"69_63_1","34_96_3"
"133_31_1","66_96_3"
"165_15_1","82_96_3"
"181_7_1","90_96_3"
"189_3_1","94_96_3"
"193_1_1","96_96_3"
"67_64_2","33_96_4_0"
"69_63_2","34_96_4_1"
"71_62_2","35_96_4"
"131_32_2","65_96_4_2"
"133_31_2","66_96_4_2"
"135_30_2","67_96_4_0"
"163_16_2","81_96_4_2"
"165_15_2","82_96_4_2"
"167_14_2","83_96_4_1"
"179_8_2","89_96_4_1"
"181_7_2","90_96_4_1"
"183_6_2","91_96_4"
"189_3_2","94_96_4"
"71_63_1","35_97_3"
"135_31_1","67_97_3_1"
"167_15_1","83_97_3_1"
"183_7_1","91_97_3"
"195_1_1","97_97_3"
"197_0_1","98_97_3"
